{
  "hasZ" : true,
  "hasM" : true,
  "type" : "FeatureCollection",
  "features" : [
    {
      "type" : "Feature",
      "id" : 0,
      "geometry" : {
        "type" : "Polygon",
        "coordinates" : [
          [
            [
              95.308191483000087,
              5.5353657580000686,
              0,
              null
            ],
            [
              95.308149903000071,
              5.5354070960000286,
              0,
              null
            ],
            [
              95.308059157000059,
              5.5354836680000403,
              0,
              null
            ],
            [
              95.308019681000076,
              5.5355143200000612,
              0,
              null
            ],
            [
              95.307978859000059,
              5.5355419130000314,
              0,
              null
            ],
            [
              95.307930809000084,
              5.5355738730000326,
              0,
              null
            ],
            [
              95.307895239000061,
              5.5355998460000251,
              0,
              null
            ],
            [
              95.307873254000071,
              5.5356206850000262,
              0,
              null
            ],
            [
              95.307850380000048,
              5.5356473320000532,
              0,
              null
            ],
            [
              95.307848804000059,
              5.535649731000035,
              0,
              null
            ],
            [
              95.307830515000035,
              5.5356775910000238,
              0,
              null
            ],
            [
              95.307815033000054,
              5.5357120460000715,
              0,
              null
            ],
            [
              95.30780283100006,
              5.5357504010000298,
              0,
              null
            ],
            [
              95.307795809000083,
              5.5357959860000392,
              0,
              null
            ],
            [
              95.307793834000051,
              5.535833326000045,
              0,
              null
            ],
            [
              95.307795467000062,
              5.5358682020000742,
              0,
              null
            ],
            [
              95.307799644000056,
              5.5358961800000657,
              0,
              null
            ],
            [
              95.307810668000059,
              5.5359308660000579,
              0,
              null
            ],
            [
              95.307831323000073,
              5.5359755460000315,
              0,
              null
            ],
            [
              95.307837244000041,
              5.5359883520000608,
              0,
              null
            ],
            [
              95.307837506000055,
              5.5359889200000225,
              0,
              null
            ],
            [
              95.30784281800004,
              5.5360011590000227,
              0,
              null
            ],
            [
              95.307859443000041,
              5.5360394630000656,
              0,
              null
            ],
            [
              95.307878187000085,
              5.5360969880000539,
              0,
              null
            ],
            [
              95.307898596000086,
              5.5361906810000505,
              0,
              null
            ],
            [
              95.307900720000077,
              5.5362019960000453,
              0,
              null
            ],
            [
              95.307914514000061,
              5.5362755060000381,
              0,
              null
            ],
            [
              95.307923025000036,
              5.5363103510000542,
              0,
              null
            ],
            [
              95.307924919000072,
              5.5363181040000313,
              0,
              null
            ],
            [
              95.307926702000032,
              5.5363234030000399,
              0,
              null
            ],
            [
              95.307931042000064,
              5.5363362990000269,
              0,
              null
            ],
            [
              95.307946878000052,
              5.5363833630000272,
              0,
              null
            ],
            [
              95.307970224000087,
              5.5364388270000404,
              0,
              null
            ],
            [
              95.307987451000031,
              5.5364844260000723,
              0,
              null
            ],
            [
              95.307998518000034,
              5.5365257190000534,
              0,
              null
            ],
            [
              95.308059422000042,
              5.5367438000000675,
              0,
              null
            ],
            [
              95.308060581000063,
              5.5367479500000627,
              0,
              null
            ],
            [
              95.308083424000074,
              5.5368291930000737,
              0,
              null
            ],
            [
              95.308098535000056,
              5.5368829390000656,
              0,
              null
            ],
            [
              95.308127393000063,
              5.5369830030000458,
              0,
              null
            ],
            [
              95.308156884000084,
              5.5370852630000513,
              0,
              null
            ],
            [
              95.308162677000041,
              5.5371053530000722,
              0,
              null
            ],
            [
              95.308167182000034,
              5.5371209720000252,
              0,
              null
            ],
            [
              95.308168686000045,
              5.5371257770000284,
              0,
              null
            ],
            [
              95.308253970000067,
              5.5373981920000688,
              0,
              null
            ],
            [
              95.308258886000033,
              5.5374145930000509,
              0,
              null
            ],
            [
              95.308298024000067,
              5.5375451610000255,
              0,
              null
            ],
            [
              95.308301644000039,
              5.5375581980000561,
              0,
              null
            ],
            [
              95.30834146400008,
              5.5377015960000335,
              0,
              null
            ],
            [
              95.308388648000061,
              5.5378600860000233,
              0,
              null
            ],
            [
              95.308427394000034,
              5.5379923870000312,
              0,
              null
            ],
            [
              95.308444805000079,
              5.5380466930000694,
              0,
              null
            ],
            [
              95.30846043400004,
              5.5380954410000527,
              0,
              null
            ],
            [
              95.308490100000085,
              5.5381893060000493,
              0,
              null
            ],
            [
              95.308497705000036,
              5.5382126450000442,
              0,
              null
            ],
            [
              95.308514039000045,
              5.5382627740000316,
              0,
              null
            ],
            [
              95.308523796000031,
              5.5383012070000746,
              0,
              null
            ],
            [
              95.30852980700007,
              5.53834845800003,
              0,
              null
            ],
            [
              95.30853301500008,
              5.5384450030000494,
              0,
              null
            ],
            [
              95.308536769000057,
              5.5386010230000693,
              0,
              null
            ],
            [
              95.308537235000074,
              5.5386389780000513,
              0,
              null
            ],
            [
              95.308537959000034,
              5.5386980280000557,
              0,
              null
            ],
            [
              95.308538369000075,
              5.5387313870000412,
              0,
              null
            ],
            [
              95.308539014000075,
              5.5387839460000237,
              0,
              null
            ],
            [
              95.308539652000036,
              5.5388359240000682,
              0,
              null
            ],
            [
              95.308539864000068,
              5.5388531260000491,
              0,
              null
            ],
            [
              95.308485155000085,
              5.5387957750000396,
              0,
              null
            ],
            [
              95.308434268000042,
              5.5387433730000453,
              0,
              null
            ],
            [
              95.30820299800007,
              5.5385056900000222,
              0,
              null
            ],
            [
              95.307748794000076,
              5.5380388780000658,
              0,
              null
            ],
            [
              95.307621851000079,
              5.5379088550000688,
              0,
              null
            ],
            [
              95.307494255000051,
              5.5377772740000637,
              0,
              null
            ],
            [
              95.307008735000068,
              5.5372755820000634,
              0,
              null
            ],
            [
              95.306928784000036,
              5.5371991210000715,
              0,
              null
            ],
            [
              95.306711907000079,
              5.536969991000035,
              0,
              null
            ],
            [
              95.306463869000083,
              5.5367140950000362,
              0,
              null
            ],
            [
              95.306270483000048,
              5.5365175380000551,
              0,
              null
            ],
            [
              95.306074203000037,
              5.5363131000000294,
              0,
              null
            ],
            [
              95.305892291000077,
              5.5361208040000633,
              0,
              null
            ],
            [
              95.305728384000076,
              5.5359549840000568,
              0,
              null
            ],
            [
              95.305550819000075,
              5.5357755850000672,
              0,
              null
            ],
            [
              95.30529271000006,
              5.5355075300000749,
              0,
              null
            ],
            [
              95.305115123000064,
              5.5353223910000224,
              0,
              null
            ],
            [
              95.30481388700008,
              5.5350121720000516,
              0,
              null
            ],
            [
              95.304563690000066,
              5.534752696000055,
              0,
              null
            ],
            [
              95.304369893000057,
              5.5345513940000615,
              0,
              null
            ],
            [
              95.304332521000049,
              5.5345128590000741,
              0,
              null
            ],
            [
              95.304264507000084,
              5.5344595000000254,
              0,
              null
            ],
            [
              95.304254018000051,
              5.534403411000028,
              0,
              null
            ],
            [
              95.304242420000037,
              5.5343413900000655,
              0,
              null
            ],
            [
              95.304232388000059,
              5.5342877420000605,
              0,
              null
            ],
            [
              95.304266147000078,
              5.5342308290000233,
              0,
              null
            ],
            [
              95.30426000600005,
              5.5341997740000579,
              0,
              null
            ],
            [
              95.304253720000077,
              5.5341679850000673,
              0,
              null
            ],
            [
              95.304232267000032,
              5.5340471470000239,
              0,
              null
            ],
            [
              95.304191435000064,
              5.5338171510000507,
              0,
              null
            ],
            [
              95.304189356000052,
              5.5338054370000691,
              0,
              null
            ],
            [
              95.304185307000068,
              5.5337850510000521,
              0,
              null
            ],
            [
              95.304176622000057,
              5.5337412340000469,
              0,
              null
            ],
            [
              95.304148733000034,
              5.5336005300000579,
              0,
              null
            ],
            [
              95.304120516000069,
              5.5334727350000321,
              0,
              null
            ],
            [
              95.304099501000053,
              5.5333644360000562,
              0,
              null
            ],
            [
              95.304097255000045,
              5.5333494080000492,
              0,
              null
            ],
            [
              95.304087669000069,
              5.5332852560000561,
              0,
              null
            ],
            [
              95.304067003000057,
              5.5331469420000303,
              0,
              null
            ],
            [
              95.304038052000067,
              5.5329531540000403,
              0,
              null
            ],
            [
              95.304028514000038,
              5.5328893210000274,
              0,
              null
            ],
            [
              95.304021674000069,
              5.5328435370000761,
              0,
              null
            ],
            [
              95.303999478000037,
              5.5326949810000201,
              0,
              null
            ],
            [
              95.303999117000046,
              5.5326925680000727,
              0,
              null
            ],
            [
              95.30399034900006,
              5.5326368490000277,
              0,
              null
            ],
            [
              95.303981082000064,
              5.532577940000067,
              0,
              null
            ],
            [
              95.303951019000067,
              5.5323869110000601,
              0,
              null
            ],
            [
              95.303942684000049,
              5.5323339470000406,
              0,
              null
            ],
            [
              95.303875377000054,
              5.5319062560000702,
              0,
              null
            ],
            [
              95.303873575000068,
              5.5318944650000503,
              0,
              null
            ],
            [
              95.303867536000041,
              5.5318549550000284,
              0,
              null
            ],
            [
              95.30382508100007,
              5.5315772160000733,
              0,
              null
            ],
            [
              95.303823432000058,
              5.5315664330000232,
              0,
              null
            ],
            [
              95.303809242000057,
              5.5314735950000227,
              0,
              null
            ],
            [
              95.30380649600005,
              5.5314556370000219,
              0,
              null
            ],
            [
              95.303799771000058,
              5.5314122870000233,
              0,
              null
            ],
            [
              95.303793317000043,
              5.5313706830000342,
              0,
              null
            ],
            [
              95.303775817000087,
              5.5312578800000551,
              0,
              null
            ],
            [
              95.303748495000036,
              5.5310817620000421,
              0,
              null
            ],
            [
              95.303744299000073,
              5.53105471300006,
              0,
              null
            ],
            [
              95.303714927000044,
              5.5308653820000586,
              0,
              null
            ],
            [
              95.303699727000037,
              5.5307674060000522,
              0,
              null
            ],
            [
              95.303698366000049,
              5.5307577310000511,
              0,
              null
            ],
            [
              95.303687900000057,
              5.530683305000025,
              0,
              null
            ],
            [
              95.303601666000077,
              5.5300702730000353,
              0,
              null
            ],
            [
              95.303649500000063,
              5.5300697960000207,
              0,
              null
            ],
            [
              95.303726198000049,
              5.5300684200000205,
              0,
              null
            ],
            [
              95.303755134000085,
              5.530069835000063,
              0,
              null
            ],
            [
              95.303777618000083,
              5.5300728750000303,
              0,
              null
            ],
            [
              95.303798548000032,
              5.5300776930000666,
              0,
              null
            ],
            [
              95.303831586000058,
              5.5300883930000282,
              0,
              null
            ],
            [
              95.30383886900006,
              5.5300907520000351,
              0,
              null
            ],
            [
              95.303876407000075,
              5.530104662000042,
              0,
              null
            ],
            [
              95.303903222000031,
              5.5301150350000512,
              0,
              null
            ],
            [
              95.303926758000046,
              5.5301266760000658,
              0,
              null
            ],
            [
              95.303959795000083,
              5.5301455390000456,
              0,
              null
            ],
            [
              95.303995028000031,
              5.5301654690000532,
              0,
              null
            ],
            [
              95.30400990000004,
              5.5301735740000595,
              0,
              null
            ],
            [
              95.304020490000084,
              5.5301779890000375,
              0,
              null
            ],
            [
              95.304028146000064,
              5.5301795960000391,
              0,
              null
            ],
            [
              95.304055315000085,
              5.5301934010000764,
              0,
              null
            ],
            [
              95.304092578000052,
              5.5302004310000257,
              0,
              null
            ],
            [
              95.304149873000085,
              5.5302030780000564,
              0,
              null
            ],
            [
              95.304268689000082,
              5.5301897020000297,
              0,
              null
            ],
            [
              95.304489714000056,
              5.530157157000076,
              0,
              null
            ],
            [
              95.304528514000083,
              5.5301429950000625,
              0,
              null
            ],
            [
              95.304564215000084,
              5.5301301470000226,
              0,
              null
            ],
            [
              95.304588891000037,
              5.5301261640000234,
              0,
              null
            ],
            [
              95.304644450000069,
              5.5301231370000323,
              0,
              null
            ],
            [
              95.304833680000058,
              5.5301345600000218,
              0,
              null
            ],
            [
              95.304896109000083,
              5.5301373990000684,
              0,
              null
            ],
            [
              95.304929946000073,
              5.5301463070000523,
              0,
              null
            ],
            [
              95.304954371000065,
              5.5301590840000472,
              0,
              null
            ],
            [
              95.304974844000071,
              5.5301834010000448,
              0,
              null
            ],
            [
              95.304995902000087,
              5.5302188070000398,
              0,
              null
            ],
            [
              95.305010030000062,
              5.5302493320000394,
              0,
              null
            ],
            [
              95.305013469000073,
              5.5302586840000458,
              0,
              null
            ],
            [
              95.305033541000057,
              5.5302544840000678,
              0,
              null
            ],
            [
              95.305101448000073,
              5.5302390700000501,
              0,
              null
            ],
            [
              95.305116084000076,
              5.5302376750000235,
              0,
              null
            ],
            [
              95.305272183000056,
              5.530237009000075,
              0,
              null
            ],
            [
              95.305305979000082,
              5.5302368650000631,
              0,
              null
            ],
            [
              95.305446890000042,
              5.5302353490000655,
              0,
              null
            ],
            [
              95.305460427000071,
              5.5302347670000245,
              0,
              null
            ],
            [
              95.305460169000071,
              5.5302317860000585,
              0,
              null
            ],
            [
              95.305448392000073,
              5.5301190860000702,
              0,
              null
            ],
            [
              95.305444153000053,
              5.5301004810000336,
              0,
              null
            ],
            [
              95.305439685000067,
              5.5300884040000255,
              0,
              null
            ],
            [
              95.305430889000036,
              5.5300713350000592,
              0,
              null
            ],
            [
              95.305425590000084,
              5.530061053000054,
              0,
              null
            ],
            [
              95.305412280000041,
              5.5300352250000628,
              0,
              null
            ],
            [
              95.305407803000037,
              5.5300182750000317,
              0,
              null
            ],
            [
              95.305406752000067,
              5.5300052630000209,
              0,
              null
            ],
            [
              95.305407524000032,
              5.5299856270000305,
              0,
              null
            ],
            [
              95.305411144000061,
              5.529925755000022,
              0,
              null
            ],
            [
              95.305413030000068,
              5.5298908170000232,
              0,
              null
            ],
            [
              95.305414327000051,
              5.5298667790000309,
              0,
              null
            ],
            [
              95.305415201000073,
              5.5298505960000739,
              0,
              null
            ],
            [
              95.305417610000063,
              5.5298250960000246,
              0,
              null
            ],
            [
              95.305422499000031,
              5.5297805040000299,
              0,
              null
            ],
            [
              95.305425774000071,
              5.5297457450000707,
              0,
              null
            ],
            [
              95.305426906000037,
              5.5297236490000614,
              0,
              null
            ],
            [
              95.305427183000063,
              5.5296878520000519,
              0,
              null
            ],
            [
              95.305427261000034,
              5.5296777820000216,
              0,
              null
            ],
            [
              95.305426659000034,
              5.5296179090000237,
              0,
              null
            ],
            [
              95.305427202000033,
              5.5296066160000237,
              0,
              null
            ],
            [
              95.30545113900007,
              5.529607545000033,
              0,
              null
            ],
            [
              95.305467852000049,
              5.5296076200000357,
              0,
              null
            ],
            [
              95.30547920500004,
              5.5296076710000648,
              0,
              null
            ],
            [
              95.305503126000076,
              5.529606900000033,
              0,
              null
            ],
            [
              95.30551874300005,
              5.5296048780000433,
              0,
              null
            ],
            [
              95.305529048000039,
              5.5295985550000637,
              0,
              null
            ],
            [
              95.305535181000039,
              5.5295888780000269,
              0,
              null
            ],
            [
              95.305538222000052,
              5.5295703530000537,
              0,
              null
            ],
            [
              95.305543703000069,
              5.5294855530000291,
              0,
              null
            ],
            [
              95.305546170000071,
              5.5294657110000571,
              0,
              null
            ],
            [
              95.305549297000084,
              5.5294577540000205,
              0,
              null
            ],
            [
              95.305553940000038,
              5.5294499710000764,
              0,
              null
            ],
            [
              95.305561436000062,
              5.5294451870000216,
              0,
              null
            ],
            [
              95.305575164000061,
              5.5294422410000266,
              0,
              null
            ],
            [
              95.305593049000038,
              5.5294413310000436,
              0,
              null
            ],
            [
              95.305689700000073,
              5.52944293500002,
              0,
              null
            ],
            [
              95.305734759000075,
              5.5294446580000454,
              0,
              null
            ],
            [
              95.305762421000054,
              5.5294455890000336,
              0,
              null
            ],
            [
              95.305800027000032,
              5.5294468540000707,
              0,
              null
            ],
            [
              95.305829577000054,
              5.529448258000059,
              0,
              null
            ],
            [
              95.305860043000052,
              5.5294507150000527,
              0,
              null
            ],
            [
              95.305901376000065,
              5.5294547310000439,
              0,
              null
            ],
            [
              95.305937732000075,
              5.52945954300003,
              0,
              null
            ],
            [
              95.305942748000064,
              5.529460388000075,
              0,
              null
            ],
            [
              95.306057116000034,
              5.5294796430000588,
              0,
              null
            ],
            [
              95.306102084000031,
              5.5294858950000503,
              0,
              null
            ],
            [
              95.306175409000048,
              5.5294953720000422,
              0,
              null
            ],
            [
              95.306210662000069,
              5.5294998270000519,
              0,
              null
            ],
            [
              95.306260350000059,
              5.5295061060000421,
              0,
              null
            ],
            [
              95.306338616000062,
              5.5295171460000461,
              0,
              null
            ],
            [
              95.306363168000075,
              5.5295209100000307,
              0,
              null
            ],
            [
              95.306374961000074,
              5.5295236390000468,
              0,
              null
            ],
            [
              95.30638723900006,
              5.5295282210000209,
              0,
              null
            ],
            [
              95.30640072500006,
              5.529532750000044,
              0,
              null
            ],
            [
              95.306400471000075,
              5.5295569330000376,
              0,
              null
            ],
            [
              95.306399988000067,
              5.5296031240000616,
              0,
              null
            ],
            [
              95.306400310000072,
              5.5296401620000211,
              0,
              null
            ],
            [
              95.306400460000077,
              5.5296573760000456,
              0,
              null
            ],
            [
              95.306400852000081,
              5.5296865800000319,
              0,
              null
            ],
            [
              95.306402509000065,
              5.5297347440000522,
              0,
              null
            ],
            [
              95.30640539400008,
              5.5297738270000423,
              0,
              null
            ],
            [
              95.306407742000033,
              5.5297931260000723,
              0,
              null
            ],
            [
              95.306411576000073,
              5.5298069860000396,
              0,
              null
            ],
            [
              95.30641642900008,
              5.5298162780000553,
              0,
              null
            ],
            [
              95.306424025000069,
              5.5298256850000485,
              0,
              null
            ],
            [
              95.306435972000031,
              5.5298402280000687,
              0,
              null
            ],
            [
              95.306455870000036,
              5.5298417870000662,
              0,
              null
            ],
            [
              95.306512353000073,
              5.5298468460000549,
              0,
              null
            ],
            [
              95.306584976000067,
              5.5298502600000461,
              0,
              null
            ],
            [
              95.306611822000036,
              5.5298515210000687,
              0,
              null
            ],
            [
              95.306711550000045,
              5.5298556710000639,
              0,
              null
            ],
            [
              95.306768293000061,
              5.5298604570000407,
              0,
              null
            ],
            [
              95.306835108000087,
              5.5298674380000534,
              0,
              null
            ],
            [
              95.306958059000067,
              5.5298802830000682,
              0,
              null
            ],
            [
              95.306959144000075,
              5.5298803970000563,
              0,
              null
            ],
            [
              95.307033145000048,
              5.5298897180000495,
              0,
              null
            ],
            [
              95.307128896000052,
              5.5298980340000412,
              0,
              null
            ],
            [
              95.307149198000047,
              5.5298997970000414,
              0,
              null
            ],
            [
              95.307263019000061,
              5.5299091710000425,
              0,
              null
            ],
            [
              95.307336854000084,
              5.5299140910000233,
              0,
              null
            ],
            [
              95.307359381000083,
              5.5299154670000235,
              0,
              null
            ],
            [
              95.30735930600008,
              5.5299194000000398,
              0,
              null
            ],
            [
              95.307350797000083,
              5.5303307360000531,
              0,
              null
            ],
            [
              95.307791160000079,
              5.530350062000025,
              0,
              null
            ],
            [
              95.307789441000068,
              5.5304576110000312,
              0,
              null
            ],
            [
              95.307788584000036,
              5.5306134860000498,
              0,
              null
            ],
            [
              95.307788347000042,
              5.530705140000066,
              0,
              null
            ],
            [
              95.307788014000039,
              5.5308341360000668,
              0,
              null
            ],
            [
              95.307788023000057,
              5.5308429160000401,
              0,
              null
            ],
            [
              95.307788153000047,
              5.530976982000027,
              0,
              null
            ],
            [
              95.307785367000065,
              5.5310136720000287,
              0,
              null
            ],
            [
              95.30778493400004,
              5.5310193710000704,
              0,
              null
            ],
            [
              95.307776081000043,
              5.5310814590000632,
              0,
              null
            ],
            [
              95.307762145000083,
              5.5311632460000624,
              0,
              null
            ],
            [
              95.307746276000046,
              5.5312445070000535,
              0,
              null
            ],
            [
              95.307736181000053,
              5.5312910980000538,
              0,
              null
            ],
            [
              95.307727680000085,
              5.5313299370000664,
              0,
              null
            ],
            [
              95.307721128000082,
              5.5313712450000594,
              0,
              null
            ],
            [
              95.307720334000066,
              5.5313846020000597,
              0,
              null
            ],
            [
              95.307716784000036,
              5.5314442980000535,
              0,
              null
            ],
            [
              95.30771119800005,
              5.5315104490000522,
              0,
              null
            ],
            [
              95.307707802000039,
              5.5315506560000358,
              0,
              null
            ],
            [
              95.307707106000066,
              5.5315588990000606,
              0,
              null
            ],
            [
              95.307699852000042,
              5.5317354540000565,
              0,
              null
            ],
            [
              95.307692232000079,
              5.531833984000059,
              0,
              null
            ],
            [
              95.307670037000037,
              5.5319892740000682,
              0,
              null
            ],
            [
              95.307667855000034,
              5.532004445000041,
              0,
              null
            ],
            [
              95.307664612000053,
              5.5320269980000489,
              0,
              null
            ],
            [
              95.30764842800005,
              5.5321395270000266,
              0,
              null
            ],
            [
              95.307642368000074,
              5.5321736920000717,
              0,
              null
            ],
            [
              95.30763625700007,
              5.5322081400000229,
              0,
              null
            ],
            [
              95.307627892000085,
              5.5322553020000669,
              0,
              null
            ],
            [
              95.307622384000069,
              5.5322863530000745,
              0,
              null
            ],
            [
              95.307611130000055,
              5.5323459970000499,
              0,
              null
            ],
            [
              95.307603706000066,
              5.5323853420000546,
              0,
              null
            ],
            [
              95.307603317000087,
              5.532387404000076,
              0,
              null
            ],
            [
              95.307599995000032,
              5.5324030340000263,
              0,
              null
            ],
            [
              95.307596237000041,
              5.5324207180000258,
              0,
              null
            ],
            [
              95.307587015000081,
              5.5324641110000243,
              0,
              null
            ],
            [
              95.307572282000081,
              5.5325266750000424,
              0,
              null
            ],
            [
              95.307570188000057,
              5.5325381540000649,
              0,
              null
            ],
            [
              95.307562247000078,
              5.5325816810000674,
              0,
              null
            ],
            [
              95.307554424000045,
              5.532655562000059,
              0,
              null
            ],
            [
              95.307545019000031,
              5.5327434380000682,
              0,
              null
            ],
            [
              95.307542514000033,
              5.532766845000026,
              0,
              null
            ],
            [
              95.307530610000072,
              5.5328608360000544,
              0,
              null
            ],
            [
              95.307520283000031,
              5.5329519810000534,
              0,
              null
            ],
            [
              95.30751525800008,
              5.5329963310000494,
              0,
              null
            ],
            [
              95.307505864000063,
              5.5330654900000695,
              0,
              null
            ],
            [
              95.307494260000055,
              5.5331252210000343,
              0,
              null
            ],
            [
              95.307474536000086,
              5.5331861650000747,
              0,
              null
            ],
            [
              95.307471064000083,
              5.5331968930000244,
              0,
              null
            ],
            [
              95.307438445000059,
              5.5332811480000714,
              0,
              null
            ],
            [
              95.307415242000047,
              5.5333462220000342,
              0,
              null
            ],
            [
              95.307413060000044,
              5.5333539450000444,
              0,
              null
            ],
            [
              95.30739925000006,
              5.5334028150000449,
              0,
              null
            ],
            [
              95.307384199000069,
              5.5334716620000677,
              0,
              null
            ],
            [
              95.307372609000083,
              5.5335398720000626,
              0,
              null
            ],
            [
              95.307361952000065,
              5.5336018050000462,
              0,
              null
            ],
            [
              95.307357701000058,
              5.5336422260000404,
              0,
              null
            ],
            [
              95.307356001000073,
              5.5336583870000595,
              0,
              null
            ],
            [
              95.307348489000049,
              5.5337545840000644,
              0,
              null
            ],
            [
              95.307346701000085,
              5.5337881540000353,
              0,
              null
            ],
            [
              95.307343166000067,
              5.5338545520000366,
              0,
              null
            ],
            [
              95.307339417000037,
              5.533920571000067,
              0,
              null
            ],
            [
              95.307337231000076,
              5.5339897290000408,
              0,
              null
            ],
            [
              95.307339867000053,
              5.5340405020000389,
              0,
              null
            ],
            [
              95.307340380000085,
              5.5340503970000441,
              0,
              null
            ],
            [
              95.307350740000061,
              5.5341047730000241,
              0,
              null
            ],
            [
              95.307373032000044,
              5.5341839870000626,
              0,
              null
            ],
            [
              95.307393675000071,
              5.5342485050000505,
              0,
              null
            ],
            [
              95.30740159700008,
              5.5342732650000244,
              0,
              null
            ],
            [
              95.307460205000041,
              5.534474747000047,
              0,
              null
            ],
            [
              95.307486144000052,
              5.5345521930000245,
              0,
              null
            ],
            [
              95.307511264000084,
              5.534608998000067,
              0,
              null
            ],
            [
              95.307518938000044,
              5.5346257540000465,
              0,
              null
            ],
            [
              95.307531732000086,
              5.5346536910000736,
              0,
              null
            ],
            [
              95.307548967000059,
              5.5346913250000398,
              0,
              null
            ],
            [
              95.307597435000048,
              5.5347765020000566,
              0,
              null
            ],
            [
              95.307625457000086,
              5.5348164910000719,
              0,
              null
            ],
            [
              95.307667993000052,
              5.5348628860000417,
              0,
              null
            ],
            [
              95.307725293000033,
              5.5349131830000715,
              0,
              null
            ],
            [
              95.307786875000033,
              5.5349627590000523,
              0,
              null
            ],
            [
              95.307835195000052,
              5.5350074410000616,
              0,
              null
            ],
            [
              95.307846535000067,
              5.5350179020000496,
              0,
              null
            ],
            [
              95.307911156000046,
              5.535077516000058,
              0,
              null
            ],
            [
              95.307930680000084,
              5.535097052000026,
              0,
              null
            ],
            [
              95.307992547000083,
              5.5351589580000677,
              0,
              null
            ],
            [
              95.308042090000072,
              5.5352108140000382,
              0,
              null
            ],
            [
              95.308059648000039,
              5.5352291920000312,
              0,
              null
            ],
            [
              95.308079544000066,
              5.5352500160000204,
              0,
              null
            ],
            [
              95.308122667000077,
              5.5352951520000602,
              0,
              null
            ],
            [
              95.30817385000006,
              5.5353476510000519,
              0,
              null
            ],
            [
              95.308191483000087,
              5.5353657580000686,
              0,
              null
            ]
          ]
        ]
      },
      "properties" : {
        "FID" : 0,
        "OBJECTID" : 5317,
        "KDPPUM" : "11",
        "NAMOBJ" : "Geuceu Kayee Jato",
        "REMARK" : " ",
        "KDPBPS" : " ",
        "FCODE" : "BA03070040",
        "LUASWH" : 0,
        "UUPP" : "RBI",
        "SRS_ID" : "SRGI 2013",
        "METADATA" : "TASWIL1000020200326DATA_BATAS_DESA_KELURAHAN",
        "KDEBPS" : " ",
        "KDEPUM" : "11.71.07.2004",
        "KDCBPS" : " ",
        "KDCPUM" : "11.71.07",
        "KDBBPS" : " ",
        "WADMKD" : "Geuceu Kayee Jato",
        "WIADKD" : "0",
        "WADMKC" : "Banda Raya",
        "WIADKC" : " ",
        "WADMKK" : "Kota Banda Aceh",
        "WIADKK" : " ",
        "WADMPR" : "Aceh",
        "WIADPR" : " ",
        "TIPADM" : 9,
        "KDPKAB" : "11.71",
        "SHAPE_Leng" : 0.025521902861785999,
        "SHAPE_Area" : 2.3965709744e-05
      }
    }
  ]
}