{
  "hasZ" : true,
  "hasM" : true,
  "type" : "FeatureCollection",
  "features" : [
    {
      "type" : "Feature",
      "id" : 0,
      "geometry" : {
        "type" : "Polygon",
        "coordinates" : [
          [
            [
              95.338317118000077,
              5.5616648420000274,
              0,
              null
            ],
            [
              95.338246810000044,
              5.5617334970000343,
              0,
              null
            ],
            [
              95.338168143000075,
              5.5618137410000372,
              0,
              null
            ],
            [
              95.338176188000034,
              5.5618216580000421,
              0,
              null
            ],
            [
              95.33818978000005,
              5.5618305750000445,
              0,
              null
            ],
            [
              95.338048087000061,
              5.5620103020000329,
              0,
              null
            ],
            [
              95.338070311000081,
              5.5622583640000585,
              0,
              null
            ],
            [
              95.337754243000063,
              5.5625000620000264,
              0,
              null
            ],
            [
              95.337719079000067,
              5.562530271000071,
              0,
              null
            ],
            [
              95.337600702000032,
              5.5625345660000676,
              0,
              null
            ],
            [
              95.33749461900004,
              5.5626362730000665,
              0,
              null
            ],
            [
              95.337160045000076,
              5.5629858460000605,
              0,
              null
            ],
            [
              95.337089529000082,
              5.5629862560000447,
              0,
              null
            ],
            [
              95.337071218000062,
              5.5630108940000582,
              0,
              null
            ],
            [
              95.336985043000084,
              5.5631079470000486,
              0,
              null
            ],
            [
              95.336948547000077,
              5.5631490500000496,
              0,
              null
            ],
            [
              95.336932039000033,
              5.5631676410000637,
              0,
              null
            ],
            [
              95.336843332000058,
              5.5632634830000711,
              0,
              null
            ],
            [
              95.33684297700006,
              5.563263867000046,
              0,
              null
            ],
            [
              95.336816704000057,
              5.5632937360000483,
              0,
              null
            ],
            [
              95.33677904700005,
              5.5633365470000626,
              0,
              null
            ],
            [
              95.33675431000006,
              5.5633636680000222,
              0,
              null
            ],
            [
              95.336736556000062,
              5.5633831330000589,
              0,
              null
            ],
            [
              95.336665200000084,
              5.5634459170000241,
              0,
              null
            ],
            [
              95.336602935000087,
              5.563503752000031,
              0,
              null
            ],
            [
              95.336596015000055,
              5.5635098390000621,
              0,
              null
            ],
            [
              95.336571738000032,
              5.5635311940000634,
              0,
              null
            ],
            [
              95.336502334000045,
              5.5635922450000521,
              0,
              null
            ],
            [
              95.336455126000033,
              5.5636339640000756,
              0,
              null
            ],
            [
              95.336416492000069,
              5.5636735730000737,
              0,
              null
            ],
            [
              95.336406279000073,
              5.5636842200000274,
              0,
              null
            ],
            [
              95.336389472000064,
              5.5637017400000559,
              0,
              null
            ],
            [
              95.336359691000041,
              5.5637327860000596,
              0,
              null
            ],
            [
              95.336258461000057,
              5.5638388190000683,
              0,
              null
            ],
            [
              95.336255114000039,
              5.563842305000037,
              0,
              null
            ],
            [
              95.336239523000074,
              5.5638585430000376,
              0,
              null
            ],
            [
              95.336181058000079,
              5.5639194340000699,
              0,
              null
            ],
            [
              95.336172496000074,
              5.5639288980000288,
              0,
              null
            ],
            [
              95.336153017000072,
              5.563950736000038,
              0,
              null
            ],
            [
              95.336137735000079,
              5.563969104000023,
              0,
              null
            ],
            [
              95.336112030000038,
              5.5639993340000728,
              0,
              null
            ],
            [
              95.336110526000084,
              5.5640010820000612,
              0,
              null
            ],
            [
              95.336078308000083,
              5.5640385370000445,
              0,
              null
            ],
            [
              95.336061341000061,
              5.5640588720000324,
              0,
              null
            ],
            [
              95.336054715000046,
              5.5640668150000465,
              0,
              null
            ],
            [
              95.336028806000058,
              5.5640959450000764,
              0,
              null
            ],
            [
              95.336009596000054,
              5.5641150480000761,
              0,
              null
            ],
            [
              95.335991744000069,
              5.5641286660000446,
              0,
              null
            ],
            [
              95.335924797000075,
              5.5641815440000642,
              0,
              null
            ],
            [
              95.335897436000039,
              5.56420552000003,
              0,
              null
            ],
            [
              95.335883540000054,
              5.5642187730000501,
              0,
              null
            ],
            [
              95.335467780000045,
              5.5638217590000636,
              0,
              null
            ],
            [
              95.334939724000037,
              5.5633225740000398,
              0,
              null
            ],
            [
              95.334472025000082,
              5.562875765000058,
              0,
              null
            ],
            [
              95.334073406000073,
              5.5625000130000331,
              0,
              null
            ],
            [
              95.333333328000037,
              5.5618013770000516,
              0,
              null
            ],
            [
              95.333076317000064,
              5.5615552860000435,
              0,
              null
            ],
            [
              95.332788088000086,
              5.561281632000032,
              0,
              null
            ],
            [
              95.332559524000033,
              5.5610665750000408,
              0,
              null
            ],
            [
              95.332260531000031,
              5.5607872250000696,
              0,
              null
            ],
            [
              95.331974456000069,
              5.5605149970000411,
              0,
              null
            ],
            [
              95.33190131300006,
              5.5604405120000706,
              0,
              null
            ],
            [
              95.331820933000074,
              5.5603664000000208,
              0,
              null
            ],
            [
              95.331561873000055,
              5.5601220160000366,
              0,
              null
            ],
            [
              95.331311025000048,
              5.5598848050000242,
              0,
              null
            ],
            [
              95.330665320000037,
              5.5592700860000264,
              0,
              null
            ],
            [
              95.330465662000051,
              5.5590817900000502,
              0,
              null
            ],
            [
              95.330259038000065,
              5.5588823590000516,
              0,
              null
            ],
            [
              95.330234636000057,
              5.5588554990000603,
              0,
              null
            ],
            [
              95.330160860000035,
              5.5587990240000522,
              0,
              null
            ],
            [
              95.330094931000076,
              5.5587485560000687,
              0,
              null
            ],
            [
              95.330135369000061,
              5.5586168140000609,
              0,
              null
            ],
            [
              95.330157863000068,
              5.5584566410000207,
              0,
              null
            ],
            [
              95.330218594000087,
              5.5579882310000244,
              0,
              null
            ],
            [
              95.330258740000033,
              5.5577001170000244,
              0,
              null
            ],
            [
              95.330289996000033,
              5.5574538990000519,
              0,
              null
            ],
            [
              95.330323422000049,
              5.5572134120000669,
              0,
              null
            ],
            [
              95.330350360000068,
              5.5570243810000761,
              0,
              null
            ],
            [
              95.330358152000031,
              5.5569991970000387,
              0,
              null
            ],
            [
              95.330370212000048,
              5.5569109850000586,
              0,
              null
            ],
            [
              95.330385290000038,
              5.5568006950000495,
              0,
              null
            ],
            [
              95.330390744000056,
              5.5567719490000513,
              0,
              null
            ],
            [
              95.330422335000037,
              5.556520894000073,
              0,
              null
            ],
            [
              95.33051798200006,
              5.5559066750000738,
              0,
              null
            ],
            [
              95.330590630000074,
              5.5553819710000312,
              0,
              null
            ],
            [
              95.330623632000083,
              5.5551247460000468,
              0,
              null
            ],
            [
              95.33065797200004,
              5.5549082110000541,
              0,
              null
            ],
            [
              95.330664247000072,
              5.5548776890000227,
              0,
              null
            ],
            [
              95.330671812000048,
              5.5548120090000452,
              0,
              null
            ],
            [
              95.330676783000058,
              5.5547830000000431,
              0,
              null
            ],
            [
              95.330689071000052,
              5.5546180070000446,
              0,
              null
            ],
            [
              95.330699894000077,
              5.5544870250000713,
              0,
              null
            ],
            [
              95.330696759000034,
              5.5542673420000597,
              0,
              null
            ],
            [
              95.330690492000031,
              5.5541419040000619,
              0,
              null
            ],
            [
              95.330689481000036,
              5.5541080100000499,
              0,
              null
            ],
            [
              95.330679261000057,
              5.5539357650000625,
              0,
              null
            ],
            [
              95.330668167000056,
              5.5537735390000762,
              0,
              null
            ],
            [
              95.330653591000043,
              5.5535790020000491,
              0,
              null
            ],
            [
              95.330687414000067,
              5.5535781210000437,
              0,
              null
            ],
            [
              95.330702761000055,
              5.5535777210000674,
              0,
              null
            ],
            [
              95.330722538000032,
              5.5535772050000674,
              0,
              null
            ],
            [
              95.330741918000058,
              5.5535767010000541,
              0,
              null
            ],
            [
              95.330770477000044,
              5.5535759560000315,
              0,
              null
            ],
            [
              95.330780812000057,
              5.5535756860000447,
              0,
              null
            ],
            [
              95.330813371000033,
              5.5535748380000314,
              0,
              null
            ],
            [
              95.330822832000081,
              5.5535745910000287,
              0,
              null
            ],
            [
              95.330865220000078,
              5.5535683720000293,
              0,
              null
            ],
            [
              95.331180886000084,
              5.5535220530000515,
              0,
              null
            ],
            [
              95.331267060000073,
              5.553489695000053,
              0,
              null
            ],
            [
              95.331674452000073,
              5.5533367200000612,
              0,
              null
            ],
            [
              95.331764658000054,
              5.5532952980000232,
              0,
              null
            ],
            [
              95.331963091000034,
              5.5532041760000652,
              0,
              null
            ],
            [
              95.332180039000036,
              5.5531045530000256,
              0,
              null
            ],
            [
              95.332447897000065,
              5.5529865350000591,
              0,
              null
            ],
            [
              95.332624631000044,
              5.5529086660000644,
              0,
              null
            ],
            [
              95.33275576300008,
              5.5528400680000232,
              0,
              null
            ],
            [
              95.332846949000043,
              5.5527923670000519,
              0,
              null
            ],
            [
              95.33292023000007,
              5.5527540320000526,
              0,
              null
            ],
            [
              95.33303956900005,
              5.5526916040000742,
              0,
              null
            ],
            [
              95.333333295000045,
              5.5525192980000497,
              0,
              null
            ],
            [
              95.333555209000053,
              5.5523543710000354,
              0,
              null
            ],
            [
              95.333664997000085,
              5.5522610400000758,
              0,
              null
            ],
            [
              95.333762441000033,
              5.5521782040000289,
              0,
              null
            ],
            [
              95.333827408000047,
              5.5521214710000208,
              0,
              null
            ],
            [
              95.333912763000058,
              5.5520469330000424,
              0,
              null
            ],
            [
              95.333939426000086,
              5.5520222820000527,
              0,
              null
            ],
            [
              95.334114811000063,
              5.5518601300000228,
              0,
              null
            ],
            [
              95.334283212000059,
              5.5516975310000589,
              0,
              null
            ],
            [
              95.334420816000033,
              5.5515640390000272,
              0,
              null
            ],
            [
              95.334502348000058,
              5.5514957720000666,
              0,
              null
            ],
            [
              95.334680629000047,
              5.5513464960000647,
              0,
              null
            ],
            [
              95.335004943000058,
              5.5511101940000458,
              0,
              null
            ],
            [
              95.335242581000045,
              5.5509718970000677,
              0,
              null
            ],
            [
              95.335483257000078,
              5.5508403730000282,
              0,
              null
            ],
            [
              95.335720748000085,
              5.551358796000045,
              0,
              null
            ],
            [
              95.335730292000051,
              5.5513762840000709,
              0,
              null
            ],
            [
              95.335752193000076,
              5.551421891000075,
              0,
              null
            ],
            [
              95.335760472000061,
              5.5514391300000625,
              0,
              null
            ],
            [
              95.335836616000051,
              5.5516003650000698,
              0,
              null
            ],
            [
              95.335904362000065,
              5.5517317960000696,
              0,
              null
            ],
            [
              95.33591182300006,
              5.551770852000061,
              0,
              null
            ],
            [
              95.335912499000074,
              5.5518143360000636,
              0,
              null
            ],
            [
              95.33591363000005,
              5.5518815000000359,
              0,
              null
            ],
            [
              95.335910415000058,
              5.55197908100007,
              0,
              null
            ],
            [
              95.335907626000051,
              5.5520338140000263,
              0,
              null
            ],
            [
              95.335891444000083,
              5.5522073370000271,
              0,
              null
            ],
            [
              95.335881996000069,
              5.5523155080000492,
              0,
              null
            ],
            [
              95.335875736000048,
              5.5523929450000651,
              0,
              null
            ],
            [
              95.335867570000062,
              5.5524939690000679,
              0,
              null
            ],
            [
              95.335868873000038,
              5.55253151200003,
              0,
              null
            ],
            [
              95.335864417000039,
              5.5525559560000488,
              0,
              null
            ],
            [
              95.335840886000085,
              5.5527138520000676,
              0,
              null
            ],
            [
              95.335850103000041,
              5.5528341040000555,
              0,
              null
            ],
            [
              95.335874444000069,
              5.5528544670000315,
              0,
              null
            ],
            [
              95.335906730000033,
              5.5528814790000638,
              0,
              null
            ],
            [
              95.335921434000056,
              5.5530167630000733,
              0,
              null
            ],
            [
              95.335925596000038,
              5.5530393930000628,
              0,
              null
            ],
            [
              95.335930955000038,
              5.5530943200000706,
              0,
              null
            ],
            [
              95.335938132000081,
              5.5531942270000627,
              0,
              null
            ],
            [
              95.335945522000031,
              5.5533593710000559,
              0,
              null
            ],
            [
              95.335945750000064,
              5.5533954640000616,
              0,
              null
            ],
            [
              95.336055176000059,
              5.5533989140000699,
              0,
              null
            ],
            [
              95.336055177000048,
              5.553399033000062,
              0,
              null
            ],
            [
              95.336055284000054,
              5.5534352350000518,
              0,
              null
            ],
            [
              95.336055284000054,
              5.5534354490000624,
              0,
              null
            ],
            [
              95.336054817000047,
              5.5534815090000507,
              0,
              null
            ],
            [
              95.336056931000087,
              5.5535121610000715,
              0,
              null
            ],
            [
              95.336060416000066,
              5.5535469560000479,
              0,
              null
            ],
            [
              95.336064754000063,
              5.5535879220000766,
              0,
              null
            ],
            [
              95.336075362000031,
              5.5536264500000243,
              0,
              null
            ],
            [
              95.336080868000067,
              5.5536548650000555,
              0,
              null
            ],
            [
              95.336086888000068,
              5.5537425470000699,
              0,
              null
            ],
            [
              95.336089507000054,
              5.5538232100000755,
              0,
              null
            ],
            [
              95.336090013000046,
              5.5538738620000458,
              0,
              null
            ],
            [
              95.336090088000049,
              5.5539500520000615,
              0,
              null
            ],
            [
              95.336092080000071,
              5.5540161380000654,
              0,
              null
            ],
            [
              95.336093095000081,
              5.5541156260000548,
              0,
              null
            ],
            [
              95.336095517000047,
              5.5541694710000229,
              0,
              null
            ],
            [
              95.336096098000041,
              5.5542022620000466,
              0,
              null
            ],
            [
              95.336095658000033,
              5.5542158140000311,
              0,
              null
            ],
            [
              95.336199478000083,
              5.5542216040000767,
              0,
              null
            ],
            [
              95.336229851000041,
              5.5542254520000256,
              0,
              null
            ],
            [
              95.336263287000065,
              5.5542376130000548,
              0,
              null
            ],
            [
              95.33629518500004,
              5.5542556100000411,
              0,
              null
            ],
            [
              95.336304820000066,
              5.5542625200000657,
              0,
              null
            ],
            [
              95.336314048000077,
              5.5542691390000414,
              0,
              null
            ],
            [
              95.336359754000057,
              5.5542972860000646,
              0,
              null
            ],
            [
              95.336366428000076,
              5.5542998690000331,
              0,
              null
            ],
            [
              95.336361468000064,
              5.5543124830000465,
              0,
              null
            ],
            [
              95.336353264000081,
              5.5543468370000255,
              0,
              null
            ],
            [
              95.336348262000058,
              5.5544189880000658,
              0,
              null
            ],
            [
              95.336346153000079,
              5.554478998000036,
              0,
              null
            ],
            [
              95.336345857000083,
              5.5545023950000427,
              0,
              null
            ],
            [
              95.336344846000031,
              5.5545823280000377,
              0,
              null
            ],
            [
              95.336343821000071,
              5.5546563890000584,
              0,
              null
            ],
            [
              95.336342069000068,
              5.5547269090000668,
              0,
              null
            ],
            [
              95.336339233000047,
              5.5547902750000731,
              0,
              null
            ],
            [
              95.336334955000041,
              5.5548698540000601,
              0,
              null
            ],
            [
              95.336329866000085,
              5.5550321940000345,
              0,
              null
            ],
            [
              95.336329265000074,
              5.5550513260000685,
              0,
              null
            ],
            [
              95.336328693000041,
              5.5550708670000404,
              0,
              null
            ],
            [
              95.336327611000058,
              5.5551077990000408,
              0,
              null
            ],
            [
              95.336328310000056,
              5.5551960460000487,
              0,
              null
            ],
            [
              95.336328474000084,
              5.5552167610000538,
              0,
              null
            ],
            [
              95.336328628000047,
              5.5552786690000744,
              0,
              null
            ],
            [
              95.336329871000032,
              5.5553354110000441,
              0,
              null
            ],
            [
              95.336333622000041,
              5.55544029400005,
              0,
              null
            ],
            [
              95.336335577000057,
              5.5555151660000206,
              0,
              null
            ],
            [
              95.336336610000046,
              5.5555630980000501,
              0,
              null
            ],
            [
              95.336337179000054,
              5.5555894970000281,
              0,
              null
            ],
            [
              95.336337685000046,
              5.5556617160000314,
              0,
              null
            ],
            [
              95.336337858000036,
              5.555686311000045,
              0,
              null
            ],
            [
              95.33633889500004,
              5.5557135350000522,
              0,
              null
            ],
            [
              95.336339468000062,
              5.5557285530000513,
              0,
              null
            ],
            [
              95.336341986000036,
              5.5557746960000713,
              0,
              null
            ],
            [
              95.336342469000044,
              5.5558005400000638,
              0,
              null
            ],
            [
              95.336342604000038,
              5.5558077770000409,
              0,
              null
            ],
            [
              95.336343497000087,
              5.5558352430000468,
              0,
              null
            ],
            [
              95.336345556000083,
              5.5558770310000227,
              0,
              null
            ],
            [
              95.336350963000086,
              5.5559326900000201,
              0,
              null
            ],
            [
              95.336353576000079,
              5.5559662330000492,
              0,
              null
            ],
            [
              95.336355277000052,
              5.5560087460000318,
              0,
              null
            ],
            [
              95.336354353000047,
              5.5560441910000691,
              0,
              null
            ],
            [
              95.336352892000036,
              5.5560717480000221,
              0,
              null
            ],
            [
              95.336352766000061,
              5.5560736380000435,
              0,
              null
            ],
            [
              95.336349477000056,
              5.5561233150000362,
              0,
              null
            ],
            [
              95.336348702000066,
              5.5561350110000376,
              0,
              null
            ],
            [
              95.336346501000037,
              5.5561994150000373,
              0,
              null
            ],
            [
              95.336344674000031,
              5.5562528510000675,
              0,
              null
            ],
            [
              95.336347266000075,
              5.5563382410000486,
              0,
              null
            ],
            [
              95.336351221000086,
              5.5563962560000277,
              0,
              null
            ],
            [
              95.336352981000061,
              5.5564070890000608,
              0,
              null
            ],
            [
              95.336355306000087,
              5.5564213950000294,
              0,
              null
            ],
            [
              95.336354378000067,
              5.5564349220000508,
              0,
              null
            ],
            [
              95.336427163000053,
              5.5564396320000355,
              0,
              null
            ],
            [
              95.336557508000055,
              5.5564496990000407,
              0,
              null
            ],
            [
              95.336626288000048,
              5.5564558960000454,
              0,
              null
            ],
            [
              95.33668487500006,
              5.5564611730000593,
              0,
              null
            ],
            [
              95.336722170000087,
              5.5564645330000531,
              0,
              null
            ],
            [
              95.336751287000084,
              5.5564671560000534,
              0,
              null
            ],
            [
              95.336897132000047,
              5.5564748770000278,
              0,
              null
            ],
            [
              95.336948547000077,
              5.5564766270000518,
              0,
              null
            ],
            [
              95.336973668000041,
              5.556477482000048,
              0,
              null
            ],
            [
              95.337045113000045,
              5.5564799130000324,
              0,
              null
            ],
            [
              95.337182043000041,
              5.556487488000073,
              0,
              null
            ],
            [
              95.337310191000086,
              5.5564915180000298,
              0,
              null
            ],
            [
              95.337341693000042,
              5.5564931310000247,
              0,
              null
            ],
            [
              95.337424751000071,
              5.5564973830000213,
              0,
              null
            ],
            [
              95.33743142700007,
              5.5564978440000345,
              0,
              null
            ],
            [
              95.337523870000041,
              5.5565042310000763,
              0,
              null
            ],
            [
              95.337628369000072,
              5.5565051270000367,
              0,
              null
            ],
            [
              95.337680200000079,
              5.5565058620000514,
              0,
              null
            ],
            [
              95.337714039000048,
              5.5565148120000458,
              0,
              null
            ],
            [
              95.33773556500006,
              5.5565240460000496,
              0,
              null
            ],
            [
              95.337754812000071,
              5.5565365340000312,
              0,
              null
            ],
            [
              95.337792041000057,
              5.5565725880000514,
              0,
              null
            ],
            [
              95.337802727000053,
              5.5565780460000269,
              0,
              null
            ],
            [
              95.337796754000067,
              5.5565902140000389,
              0,
              null
            ],
            [
              95.337764741000058,
              5.5566479630000458,
              0,
              null
            ],
            [
              95.337752837000039,
              5.5566856850000477,
              0,
              null
            ],
            [
              95.337741000000051,
              5.5567335580000758,
              0,
              null
            ],
            [
              95.337730270000066,
              5.5568034630000511,
              0,
              null
            ],
            [
              95.337729835000061,
              5.5568092760000241,
              0,
              null
            ],
            [
              95.337727228000062,
              5.5568441950000533,
              0,
              null
            ],
            [
              95.337727030000053,
              5.5568717470000593,
              0,
              null
            ],
            [
              95.337727426000072,
              5.5569080100000292,
              0,
              null
            ],
            [
              95.337729367000065,
              5.5569821890000526,
              0,
              null
            ],
            [
              95.337731038000072,
              5.5570460490000642,
              0,
              null
            ],
            [
              95.337726789000044,
              5.5570712850000632,
              0,
              null
            ],
            [
              95.337718407000068,
              5.5570846870000423,
              0,
              null
            ],
            [
              95.337705946000085,
              5.5570910630000299,
              0,
              null
            ],
            [
              95.337690268000074,
              5.5570938010000646,
              0,
              null
            ],
            [
              95.337515840000037,
              5.5570943290000514,
              0,
              null
            ],
            [
              95.337508816000081,
              5.5574952920000555,
              0,
              null
            ],
            [
              95.337510196000039,
              5.5575386740000567,
              0,
              null
            ],
            [
              95.337512110000034,
              5.5575801820000379,
              0,
              null
            ],
            [
              95.337511327000072,
              5.5576080350000439,
              0,
              null
            ],
            [
              95.337508272000036,
              5.5576274080000303,
              0,
              null
            ],
            [
              95.337503196000057,
              5.5576394320000304,
              0,
              null
            ],
            [
              95.337489767000079,
              5.5576542460000269,
              0,
              null
            ],
            [
              95.337475189000031,
              5.5576613450000423,
              0,
              null
            ],
            [
              95.337459577000061,
              5.5576623740000741,
              0,
              null
            ],
            [
              95.337433293000061,
              5.5576612310000542,
              0,
              null
            ],
            [
              95.337415815000043,
              5.5576604780000594,
              0,
              null
            ],
            [
              95.337402474000044,
              5.5576607840000634,
              0,
              null
            ],
            [
              95.337386586000036,
              5.5576627000000371,
              0,
              null
            ],
            [
              95.337375719000079,
              5.5576660690000494,
              0,
              null
            ],
            [
              95.337363244000073,
              5.5576757180000413,
              0,
              null
            ],
            [
              95.337356930000055,
              5.5576848260000702,
              0,
              null
            ],
            [
              95.337350477000086,
              5.5576941340000303,
              0,
              null
            ],
            [
              95.337357415000042,
              5.5576982030000295,
              0,
              null
            ],
            [
              95.33736517300008,
              5.5577096790000269,
              0,
              null
            ],
            [
              95.337367031000042,
              5.5577254810000341,
              0,
              null
            ],
            [
              95.337366774000031,
              5.5578015940000682,
              0,
              null
            ],
            [
              95.337366698000039,
              5.5578239900000312,
              0,
              null
            ],
            [
              95.337363089000064,
              5.5579358170000432,
              0,
              null
            ],
            [
              95.337362991000077,
              5.5579448420000404,
              0,
              null
            ],
            [
              95.337362598000084,
              5.5579811170000539,
              0,
              null
            ],
            [
              95.337362229000064,
              5.5580151920000276,
              0,
              null
            ],
            [
              95.337367011000083,
              5.5581525660000466,
              0,
              null
            ],
            [
              95.337373165000031,
              5.5582464030000551,
              0,
              null
            ],
            [
              95.337374815000032,
              5.5582715700000449,
              0,
              null
            ],
            [
              95.337381251000068,
              5.5583021960000565,
              0,
              null
            ],
            [
              95.337400124000055,
              5.5583227570000417,
              0,
              null
            ],
            [
              95.337419458000056,
              5.5583320090000257,
              0,
              null
            ],
            [
              95.337445977000073,
              5.5583401740000227,
              0,
              null
            ],
            [
              95.337476111000058,
              5.558349971000041,
              0,
              null
            ],
            [
              95.337492183000052,
              5.5583603470000753,
              0,
              null
            ],
            [
              95.337505269000076,
              5.5583797470000604,
              0,
              null
            ],
            [
              95.337513277000085,
              5.5583971970000334,
              0,
              null
            ],
            [
              95.337518479000039,
              5.558432903000039,
              0,
              null
            ],
            [
              95.337522568000054,
              5.5584609670000305,
              0,
              null
            ],
            [
              95.337527412000043,
              5.5585270320000291,
              0,
              null
            ],
            [
              95.337534402000074,
              5.5586205040000323,
              0,
              null
            ],
            [
              95.337537705000045,
              5.55865710300003,
              0,
              null
            ],
            [
              95.337541176000059,
              5.558695564000061,
              0,
              null
            ],
            [
              95.337551930000075,
              5.5588145020000752,
              0,
              null
            ],
            [
              95.337560649000068,
              5.5589047590000291,
              0,
              null
            ],
            [
              95.337570146000076,
              5.5589750270000309,
              0,
              null
            ],
            [
              95.337577931000055,
              5.5590274400000226,
              0,
              null
            ],
            [
              95.337582814000086,
              5.5590517590000559,
              0,
              null
            ],
            [
              95.337583941000048,
              5.5590573750000658,
              0,
              null
            ],
            [
              95.337587414000041,
              5.5590751270000283,
              0,
              null
            ],
            [
              95.33760084100004,
              5.5590719750000517,
              0,
              null
            ],
            [
              95.337650900000085,
              5.5590623940000228,
              0,
              null
            ],
            [
              95.337731916000052,
              5.5590471950000619,
              0,
              null
            ],
            [
              95.337767929000051,
              5.5590414410000335,
              0,
              null
            ],
            [
              95.337769475000073,
              5.5590595000000462,
              0,
              null
            ],
            [
              95.337770664000061,
              5.5590834890000451,
              0,
              null
            ],
            [
              95.337770393000085,
              5.5590970030000335,
              0,
              null
            ],
            [
              95.337762784000063,
              5.5591464130000645,
              0,
              null
            ],
            [
              95.33775176100005,
              5.5591993440000351,
              0,
              null
            ],
            [
              95.337747303000071,
              5.5592470520000461,
              0,
              null
            ],
            [
              95.337752356000067,
              5.5592815160000555,
              0,
              null
            ],
            [
              95.337764095000068,
              5.559309282000072,
              0,
              null
            ],
            [
              95.337774034000063,
              5.5593246360000421,
              0,
              null
            ],
            [
              95.337787226000046,
              5.5593549730000404,
              0,
              null
            ],
            [
              95.337801924000075,
              5.5594309600000429,
              0,
              null
            ],
            [
              95.337802122000085,
              5.5596022310000421,
              0,
              null
            ],
            [
              95.337802503000034,
              5.5598152520000212,
              0,
              null
            ],
            [
              95.337803841000039,
              5.5598472650000303,
              0,
              null
            ],
            [
              95.337738895000086,
              5.5598456310000302,
              0,
              null
            ],
            [
              95.337616022000077,
              5.5598388960000307,
              0,
              null
            ],
            [
              95.337605824000036,
              5.5598425520000205,
              0,
              null
            ],
            [
              95.337599082000054,
              5.559850913000048,
              0,
              null
            ],
            [
              95.337598847000038,
              5.5598702620000608,
              0,
              null
            ],
            [
              95.337598756000034,
              5.559923814000058,
              0,
              null
            ],
            [
              95.337601428000085,
              5.5600461190000487,
              0,
              null
            ],
            [
              95.337601729000085,
              5.5600599580000676,
              0,
              null
            ],
            [
              95.33760293000006,
              5.5601149450000662,
              0,
              null
            ],
            [
              95.337602204000063,
              5.5601491130000227,
              0,
              null
            ],
            [
              95.337600947000055,
              5.560208312000043,
              0,
              null
            ],
            [
              95.337598289000084,
              5.5603334190000737,
              0,
              null
            ],
            [
              95.337592956000037,
              5.5603558750000275,
              0,
              null
            ],
            [
              95.337552218000042,
              5.560512104000054,
              0,
              null
            ],
            [
              95.337551887000075,
              5.5605355710000595,
              0,
              null
            ],
            [
              95.337549274000082,
              5.5606918480000331,
              0,
              null
            ],
            [
              95.337548662000074,
              5.5607082470000364,
              0,
              null
            ],
            [
              95.33754375400008,
              5.5607126500000277,
              0,
              null
            ],
            [
              95.337531509000087,
              5.5608675190000554,
              0,
              null
            ],
            [
              95.337517954000077,
              5.560873033000064,
              0,
              null
            ],
            [
              95.337504636000062,
              5.5608885870000222,
              0,
              null
            ],
            [
              95.337499948000072,
              5.5609144670000319,
              0,
              null
            ],
            [
              95.337501746000044,
              5.5609653580000327,
              0,
              null
            ],
            [
              95.337503534000064,
              5.5610229120000554,
              0,
              null
            ],
            [
              95.337504043000081,
              5.5610925280000743,
              0,
              null
            ],
            [
              95.337503324000068,
              5.5611041700000214,
              0,
              null
            ],
            [
              95.337499922000063,
              5.5611592440000663,
              0,
              null
            ],
            [
              95.337499404000084,
              5.5611675340000488,
              0,
              null
            ],
            [
              95.337497513000073,
              5.5611750710000365,
              0,
              null
            ],
            [
              95.337494625000033,
              5.5611772070000711,
              0,
              null
            ],
            [
              95.337491267000075,
              5.5612028870000358,
              0,
              null
            ],
            [
              95.337494165000066,
              5.561211485000058,
              0,
              null
            ],
            [
              95.337585609000087,
              5.5613079480000351,
              0,
              null
            ],
            [
              95.337978532000079,
              5.5616163490000758,
              0,
              null
            ],
            [
              95.338317118000077,
              5.5616648420000274,
              0,
              null
            ]
          ]
        ]
      },
      "properties" : {
        "FID" : 0,
        "OBJECTID" : 2743,
        "KDPPUM" : "11",
        "NAMOBJ" : "Beurawe",
        "REMARK" : " ",
        "KDPBPS" : " ",
        "FCODE" : "BA03070040",
        "LUASWH" : 0,
        "UUPP" : "RBI",
        "SRS_ID" : "SRGI 2013",
        "METADATA" : "TASWIL1000020200326DATA_BATAS_DESA_KELURAHAN",
        "KDEBPS" : " ",
        "KDEPUM" : "11.71.02.2006",
        "KDCBPS" : " ",
        "KDCPUM" : "11.71.02",
        "KDBBPS" : " ",
        "WADMKD" : "Beurawe",
        "WIADKD" : "0",
        "WADMKC" : "Kuta Alam",
        "WIADKC" : " ",
        "WADMKK" : "Kota Banda Aceh",
        "WIADKK" : " ",
        "WADMPR" : "Aceh",
        "WIADPR" : " ",
        "TIPADM" : 9,
        "KDPKAB" : "11.71",
        "SHAPE_Leng" : 0.036542161100549003,
        "SHAPE_Area" : 6.3515421215000004e-05
      }
    }
  ]
}