{
  "hasZ" : true,
  "hasM" : true,
  "type" : "FeatureCollection",
  "features" : [
    {
      "type" : "Feature",
      "id" : 0,
      "geometry" : {
        "type" : "Polygon",
        "coordinates" : [
          [
            [
              95.321502879000036,
              5.5322078130000705,
              0,
              null
            ],
            [
              95.321478425000066,
              5.5322200840000733,
              0,
              null
            ],
            [
              95.321458661000065,
              5.5322227200000498,
              0,
              null
            ],
            [
              95.321433035000041,
              5.5322212110000351,
              0,
              null
            ],
            [
              95.321327331000077,
              5.5322021730000301,
              0,
              null
            ],
            [
              95.321316356000068,
              5.5321997320000378,
              0,
              null
            ],
            [
              95.320974612000043,
              5.5321237200000724,
              0,
              null
            ],
            [
              95.320540245000075,
              5.5320182530000466,
              0,
              null
            ],
            [
              95.320272799000065,
              5.5319596140000726,
              0,
              null
            ],
            [
              95.320091141000034,
              5.5319368320000422,
              0,
              null
            ],
            [
              95.319809784000086,
              5.5318990380000628,
              0,
              null
            ],
            [
              95.319692882000084,
              5.5318814710000765,
              0,
              null
            ],
            [
              95.319678838000073,
              5.5318749460000731,
              0,
              null
            ],
            [
              95.319671644000039,
              5.5318648230000349,
              0,
              null
            ],
            [
              95.319667336000066,
              5.5318541010000217,
              0,
              null
            ],
            [
              95.319666527000038,
              5.5318388100000675,
              0,
              null
            ],
            [
              95.319667990000085,
              5.5318113250000351,
              0,
              null
            ],
            [
              95.319673814000055,
              5.5317748300000744,
              0,
              null
            ],
            [
              95.319673029000057,
              5.5317571970000472,
              0,
              null
            ],
            [
              95.319671615000061,
              5.5317414200000599,
              0,
              null
            ],
            [
              95.319663348000063,
              5.5317267190000621,
              0,
              null
            ],
            [
              95.319648470000061,
              5.5317145380000738,
              0,
              null
            ],
            [
              95.319633220000071,
              5.5317088490000401,
              0,
              null
            ],
            [
              95.319614466000075,
              5.5317045100000541,
              0,
              null
            ],
            [
              95.319543366000062,
              5.5316943760000754,
              0,
              null
            ],
            [
              95.319510459000071,
              5.531685656000036,
              0,
              null
            ],
            [
              95.319488972000045,
              5.5316768270000694,
              0,
              null
            ],
            [
              95.319466172000034,
              5.5316574100000366,
              0,
              null
            ],
            [
              95.319444718000057,
              5.5316292010000438,
              0,
              null
            ],
            [
              95.319428172000073,
              5.5316056920000278,
              0,
              null
            ],
            [
              95.319416730000057,
              5.5315918910000619,
              0,
              null
            ],
            [
              95.319393994000052,
              5.5315695150000579,
              0,
              null
            ],
            [
              95.319373944000063,
              5.5315591360000553,
              0,
              null
            ],
            [
              95.319210184000042,
              5.5315179340000213,
              0,
              null
            ],
            [
              95.318970441000033,
              5.5314703320000262,
              0,
              null
            ],
            [
              95.318956324000055,
              5.5314681760000326,
              0,
              null
            ],
            [
              95.318885850000072,
              5.5314574160000234,
              0,
              null
            ],
            [
              95.318678301000034,
              5.531427137000037,
              0,
              null
            ],
            [
              95.318430554000031,
              5.5313745580000386,
              0,
              null
            ],
            [
              95.318408447000081,
              5.531373234000057,
              0,
              null
            ],
            [
              95.318406713000059,
              5.5313618110000675,
              0,
              null
            ],
            [
              95.318478293000055,
              5.5309455810000259,
              0,
              null
            ],
            [
              95.318419046000031,
              5.5309467620000419,
              0,
              null
            ],
            [
              95.318284205000054,
              5.5309418290000281,
              0,
              null
            ],
            [
              95.318261561000043,
              5.5309393600000476,
              0,
              null
            ],
            [
              95.318234960000041,
              5.5309260500000619,
              0,
              null
            ],
            [
              95.318210923000038,
              5.530910886000072,
              0,
              null
            ],
            [
              95.318185308000068,
              5.5308984300000361,
              0,
              null
            ],
            [
              95.318141040000057,
              5.5308843670000556,
              0,
              null
            ],
            [
              95.318027493000045,
              5.5308549910000693,
              0,
              null
            ],
            [
              95.317956592000087,
              5.5308437180000283,
              0,
              null
            ],
            [
              95.318086296000047,
              5.5305457150000734,
              0,
              null
            ],
            [
              95.318027844000085,
              5.5305330350000759,
              0,
              null
            ],
            [
              95.318003599000065,
              5.5305277760000422,
              0,
              null
            ],
            [
              95.31792508500007,
              5.5305107430000362,
              0,
              null
            ],
            [
              95.317753093000078,
              5.5304755420000333,
              0,
              null
            ],
            [
              95.317609674000039,
              5.5304222900000468,
              0,
              null
            ],
            [
              95.317462068000054,
              5.5303720620000263,
              0,
              null
            ],
            [
              95.317300713000066,
              5.5303099120000638,
              0,
              null
            ],
            [
              95.317175970000051,
              5.5302474020000432,
              0,
              null
            ],
            [
              95.317081693000034,
              5.5299968680000688,
              0,
              null
            ],
            [
              95.317058818000078,
              5.5297959540000647,
              0,
              null
            ],
            [
              95.317101587000082,
              5.529787261000024,
              0,
              null
            ],
            [
              95.317120743000032,
              5.5297811480000405,
              0,
              null
            ],
            [
              95.317132404000063,
              5.5297757870000623,
              0,
              null
            ],
            [
              95.317138687000067,
              5.5297698870000431,
              0,
              null
            ],
            [
              95.317141421000031,
              5.5297631420000357,
              0,
              null
            ],
            [
              95.31714033600008,
              5.5297537130000478,
              0,
              null
            ],
            [
              95.317138462000059,
              5.529737419000071,
              0,
              null
            ],
            [
              95.317129941000076,
              5.5296598240000208,
              0,
              null
            ],
            [
              95.317120590000059,
              5.529567987000064,
              0,
              null
            ],
            [
              95.31711748500004,
              5.5295137460000205,
              0,
              null
            ],
            [
              95.317115615000034,
              5.5294810860000325,
              0,
              null
            ],
            [
              95.317112741000074,
              5.5294101300000307,
              0,
              null
            ],
            [
              95.317110704000072,
              5.5293526580000503,
              0,
              null
            ],
            [
              95.317106520000038,
              5.5292975360000582,
              0,
              null
            ],
            [
              95.317104513000061,
              5.5292820670000538,
              0,
              null
            ],
            [
              95.317101674000071,
              5.529260187000034,
              0,
              null
            ],
            [
              95.317100455000059,
              5.5292492150000498,
              0,
              null
            ],
            [
              95.317096580000054,
              5.5292143280000232,
              0,
              null
            ],
            [
              95.317101599000068,
              5.5292083510000225,
              0,
              null
            ],
            [
              95.317126457000086,
              5.5289643820000265,
              0,
              null
            ],
            [
              95.317140973000051,
              5.5288219110000227,
              0,
              null
            ],
            [
              95.317141290000052,
              5.5288187940000739,
              0,
              null
            ],
            [
              95.317142119000039,
              5.5288106600000333,
              0,
              null
            ],
            [
              95.317210387000046,
              5.5288147050000589,
              0,
              null
            ],
            [
              95.317252933000077,
              5.528815393000059,
              0,
              null
            ],
            [
              95.317264401000045,
              5.5288155780000352,
              0,
              null
            ],
            [
              95.317257803000075,
              5.5287764160000279,
              0,
              null
            ],
            [
              95.317225896000082,
              5.5285870150000278,
              0,
              null
            ],
            [
              95.317218705000073,
              5.5285443280000663,
              0,
              null
            ],
            [
              95.317217851000066,
              5.5285404110000513,
              0,
              null
            ],
            [
              95.317199275000064,
              5.5284550850000755,
              0,
              null
            ],
            [
              95.317172903000085,
              5.5283339500000466,
              0,
              null
            ],
            [
              95.317162807000045,
              5.5282875730000569,
              0,
              null
            ],
            [
              95.317162863000078,
              5.5282765450000397,
              0,
              null
            ],
            [
              95.317177076000064,
              5.5282127630000559,
              0,
              null
            ],
            [
              95.317189638000059,
              5.5281387900000709,
              0,
              null
            ],
            [
              95.317191751000053,
              5.5281263460000218,
              0,
              null
            ],
            [
              95.317195367000068,
              5.5280726210000353,
              0,
              null
            ],
            [
              95.317195954000056,
              5.528013862000023,
              0,
              null
            ],
            [
              95.317196048000085,
              5.5280043640000258,
              0,
              null
            ],
            [
              95.317194361000077,
              5.52789986800002,
              0,
              null
            ],
            [
              95.317182306000063,
              5.527829582000038,
              0,
              null
            ],
            [
              95.317170672000032,
              5.5277854630000434,
              0,
              null
            ],
            [
              95.317166612000051,
              5.5277700660000733,
              0,
              null
            ],
            [
              95.317162954000082,
              5.5277363820000573,
              0,
              null
            ],
            [
              95.317162946000053,
              5.5277269970000589,
              0,
              null
            ],
            [
              95.31716281100006,
              5.527567495000028,
              0,
              null
            ],
            [
              95.31717408600008,
              5.5275651840000251,
              0,
              null
            ],
            [
              95.31728008500005,
              5.5275434510000423,
              0,
              null
            ],
            [
              95.317448992000038,
              5.5275087660000395,
              0,
              null
            ],
            [
              95.31767850500006,
              5.5274607350000338,
              0,
              null
            ],
            [
              95.317690040000059,
              5.5274459830000637,
              0,
              null
            ],
            [
              95.317695662000062,
              5.5274256590000732,
              0,
              null
            ],
            [
              95.317705512000032,
              5.5273615250000603,
              0,
              null
            ],
            [
              95.317706367000085,
              5.5273559520000504,
              0,
              null
            ],
            [
              95.317736708000041,
              5.5271583820000387,
              0,
              null
            ],
            [
              95.317747460000078,
              5.5270907270000293,
              0,
              null
            ],
            [
              95.317753276000076,
              5.5270655670000224,
              0,
              null
            ],
            [
              95.317763381000077,
              5.5270218600000476,
              0,
              null
            ],
            [
              95.317786383000055,
              5.5269223560000569,
              0,
              null
            ],
            [
              95.317809208000085,
              5.5268236140000226,
              0,
              null
            ],
            [
              95.317820403000042,
              5.5267678890000411,
              0,
              null
            ],
            [
              95.317824692000045,
              5.5267319050000765,
              0,
              null
            ],
            [
              95.317826558000036,
              5.5266758550000645,
              0,
              null
            ],
            [
              95.317828131000056,
              5.5265660200000752,
              0,
              null
            ],
            [
              95.317828374000044,
              5.5265490200000613,
              0,
              null
            ],
            [
              95.317827475000058,
              5.5265251090000334,
              0,
              null
            ],
            [
              95.317822091000039,
              5.5263819730000705,
              0,
              null
            ],
            [
              95.317821643000059,
              5.5263700430000426,
              0,
              null
            ],
            [
              95.317804872000067,
              5.5262076660000616,
              0,
              null
            ],
            [
              95.317805528000065,
              5.5261989140000765,
              0,
              null
            ],
            [
              95.317806184000062,
              5.526190161000045,
              0,
              null
            ],
            [
              95.317829693000078,
              5.5260936090000428,
              0,
              null
            ],
            [
              95.317839474000039,
              5.5260534360000406,
              0,
              null
            ],
            [
              95.317844259000083,
              5.5260337890000528,
              0,
              null
            ],
            [
              95.317882834000045,
              5.5258373120000215,
              0,
              null
            ],
            [
              95.317913893000082,
              5.525679119000074,
              0,
              null
            ],
            [
              95.31791626200004,
              5.5256656740000381,
              0,
              null
            ],
            [
              95.317926886000066,
              5.5256053840000732,
              0,
              null
            ],
            [
              95.317941544000064,
              5.5255221950000646,
              0,
              null
            ],
            [
              95.317967368000041,
              5.5253756340000564,
              0,
              null
            ],
            [
              95.317970709000065,
              5.5253566770000475,
              0,
              null
            ],
            [
              95.317979862000072,
              5.5253047330000413,
              0,
              null
            ],
            [
              95.317987385000038,
              5.5252620350000257,
              0,
              null
            ],
            [
              95.317991026000072,
              5.5252413740000748,
              0,
              null
            ],
            [
              95.31824941800005,
              5.5253143870000372,
              0,
              null
            ],
            [
              95.318313318000037,
              5.5253323770000407,
              0,
              null
            ],
            [
              95.318318131000069,
              5.5253130760000317,
              0,
              null
            ],
            [
              95.318323311000086,
              5.525290468000037,
              0,
              null
            ],
            [
              95.318363718000057,
              5.5251146170000425,
              0,
              null
            ],
            [
              95.318368059000079,
              5.5250957280000534,
              0,
              null
            ],
            [
              95.318375093000043,
              5.525065120000022,
              0,
              null
            ],
            [
              95.318379853000067,
              5.5250446120000447,
              0,
              null
            ],
            [
              95.318380036000065,
              5.5250438000000486,
              0,
              null
            ],
            [
              95.318380223000077,
              5.5250427820000709,
              0,
              null
            ],
            [
              95.318380493000063,
              5.5250416180000457,
              0,
              null
            ],
            [
              95.318382013000075,
              5.525038041000073,
              0,
              null
            ],
            [
              95.318386445000044,
              5.5250316150000458,
              0,
              null
            ],
            [
              95.318395401000032,
              5.5250220350000632,
              0,
              null
            ],
            [
              95.318398589000083,
              5.5250204400000484,
              0,
              null
            ],
            [
              95.318403131000082,
              5.525018904000035,
              0,
              null
            ],
            [
              95.318474685000069,
              5.5250297170000522,
              0,
              null
            ],
            [
              95.318530366000061,
              5.5250381310000307,
              0,
              null
            ],
            [
              95.318534936000049,
              5.5250372900000571,
              0,
              null
            ],
            [
              95.318539185000077,
              5.5250349230000211,
              0,
              null
            ],
            [
              95.318542660000048,
              5.5250308510000536,
              0,
              null
            ],
            [
              95.318554284000072,
              5.5249466310000344,
              0,
              null
            ],
            [
              95.318560612000056,
              5.5249007720000236,
              0,
              null
            ],
            [
              95.318564779000042,
              5.5248705820000623,
              0,
              null
            ],
            [
              95.318573251000032,
              5.5247821040000531,
              0,
              null
            ],
            [
              95.318575502000044,
              5.5247585900000331,
              0,
              null
            ],
            [
              95.318580523000037,
              5.5247258270000543,
              0,
              null
            ],
            [
              95.318596177000074,
              5.5246236910000448,
              0,
              null
            ],
            [
              95.318627814000081,
              5.5244427060000589,
              0,
              null
            ],
            [
              95.318630620000079,
              5.5244266560000597,
              0,
              null
            ],
            [
              95.318645899000046,
              5.5243393260000744,
              0,
              null
            ],
            [
              95.31864820800007,
              5.5243261320000556,
              0,
              null
            ],
            [
              95.318678499000043,
              5.5241530020000482,
              0,
              null
            ],
            [
              95.318682314000057,
              5.524116700000036,
              0,
              null
            ],
            [
              95.318692826000074,
              5.5241104940000696,
              0,
              null
            ],
            [
              95.318788979000033,
              5.5241196270000614,
              0,
              null
            ],
            [
              95.318799926000054,
              5.5241229250000288,
              0,
              null
            ],
            [
              95.318893596000066,
              5.5241511410000612,
              0,
              null
            ],
            [
              95.31902834300007,
              5.5241917290000515,
              0,
              null
            ],
            [
              95.319066929000087,
              5.5242033520000291,
              0,
              null
            ],
            [
              95.319195165000053,
              5.5242169300000228,
              0,
              null
            ],
            [
              95.319337176000033,
              5.5242591510000238,
              0,
              null
            ],
            [
              95.319348977000061,
              5.5242626590000441,
              0,
              null
            ],
            [
              95.319354937000071,
              5.5242538730000206,
              0,
              null
            ],
            [
              95.319362348000084,
              5.5242456270000275,
              0,
              null
            ],
            [
              95.31936995500007,
              5.5242371640000556,
              0,
              null
            ],
            [
              95.319381555000064,
              5.5242181990000745,
              0,
              null
            ],
            [
              95.31938651300004,
              5.5241988000000219,
              0,
              null
            ],
            [
              95.319389223000087,
              5.5241811000000212,
              0,
              null
            ],
            [
              95.319388573000083,
              5.5239632590000269,
              0,
              null
            ],
            [
              95.319388236000066,
              5.523947220000025,
              0,
              null
            ],
            [
              95.319385190000048,
              5.5238026750000699,
              0,
              null
            ],
            [
              95.31938324500004,
              5.5237103230000457,
              0,
              null
            ],
            [
              95.319371587000035,
              5.5237072480000506,
              0,
              null
            ],
            [
              95.319295060000059,
              5.5236870630000681,
              0,
              null
            ],
            [
              95.319179156000075,
              5.5236566650000327,
              0,
              null
            ],
            [
              95.319185063000077,
              5.5236284760000558,
              0,
              null
            ],
            [
              95.319243325000059,
              5.5234158720000437,
              0,
              null
            ],
            [
              95.319252688000063,
              5.5233817070000555,
              0,
              null
            ],
            [
              95.318938464000041,
              5.5232803280000553,
              0,
              null
            ],
            [
              95.318924327000047,
              5.5232754110000428,
              0,
              null
            ],
            [
              95.318922905000079,
              5.5232669650000616,
              0,
              null
            ],
            [
              95.318933571000059,
              5.5232444610000471,
              0,
              null
            ],
            [
              95.318944213000066,
              5.5232183510000255,
              0,
              null
            ],
            [
              95.318943894000085,
              5.5232104520000576,
              0,
              null
            ],
            [
              95.31890343200007,
              5.5231958400000281,
              0,
              null
            ],
            [
              95.318792802000075,
              5.5231461320000221,
              0,
              null
            ],
            [
              95.318783604000032,
              5.5231331600000431,
              0,
              null
            ],
            [
              95.318783511000049,
              5.5231161130000714,
              0,
              null
            ],
            [
              95.318848500000058,
              5.5229077510000479,
              0,
              null
            ],
            [
              95.318897213000071,
              5.5227334300000734,
              0,
              null
            ],
            [
              95.318929681000043,
              5.5226248790000341,
              0,
              null
            ],
            [
              95.319012006000037,
              5.522348384000054,
              0,
              null
            ],
            [
              95.319060524000065,
              5.5221890330000747,
              0,
              null
            ],
            [
              95.319102414000042,
              5.522058118000075,
              0,
              null
            ],
            [
              95.319196303000069,
              5.5218256540000539,
              0,
              null
            ],
            [
              95.319300544000043,
              5.5215713550000487,
              0,
              null
            ],
            [
              95.319311455000047,
              5.5215238210000734,
              0,
              null
            ],
            [
              95.319326143000069,
              5.5214314460000651,
              0,
              null
            ],
            [
              95.319333091000033,
              5.5213740210000424,
              0,
              null
            ],
            [
              95.319341497000039,
              5.5213408950000371,
              0,
              null
            ],
            [
              95.319468683000082,
              5.521078535000072,
              0,
              null
            ],
            [
              95.319478901000082,
              5.5210753400000385,
              0,
              null
            ],
            [
              95.320526710000081,
              5.5211580690000233,
              0,
              null
            ],
            [
              95.320588537000049,
              5.5211574020000285,
              0,
              null
            ],
            [
              95.320694257000071,
              5.5211605040000222,
              0,
              null
            ],
            [
              95.320691680000039,
              5.5211169020000739,
              0,
              null
            ],
            [
              95.320677760000081,
              5.5209545950000347,
              0,
              null
            ],
            [
              95.320676142000082,
              5.5208656240000664,
              0,
              null
            ],
            [
              95.320675556000083,
              5.5208334200000309,
              0,
              null
            ],
            [
              95.320668930000068,
              5.5206354430000601,
              0,
              null
            ],
            [
              95.320719813000039,
              5.5206239310000456,
              0,
              null
            ],
            [
              95.320779917000038,
              5.5206103320000466,
              0,
              null
            ],
            [
              95.32079376300004,
              5.5205686070000297,
              0,
              null
            ],
            [
              95.32078845400008,
              5.5204143660000682,
              0,
              null
            ],
            [
              95.320820655000034,
              5.5202151660000709,
              0,
              null
            ],
            [
              95.320849324000051,
              5.5200378100000762,
              0,
              null
            ],
            [
              95.320881685000074,
              5.5200429720000557,
              0,
              null
            ],
            [
              95.320899355000051,
              5.5199459010000282,
              0,
              null
            ],
            [
              95.320908083000063,
              5.5198979550000331,
              0,
              null
            ],
            [
              95.320920387000058,
              5.5198303620000502,
              0,
              null
            ],
            [
              95.320923762000064,
              5.5198118210000757,
              0,
              null
            ],
            [
              95.321250741000085,
              5.5198261130000219,
              0,
              null
            ],
            [
              95.321318814000051,
              5.5198290880000513,
              0,
              null
            ],
            [
              95.321332737000034,
              5.5198320450000438,
              0,
              null
            ],
            [
              95.321328081000047,
              5.5198745350000422,
              0,
              null
            ],
            [
              95.321300112000074,
              5.5201298130000396,
              0,
              null
            ],
            [
              95.321303485000044,
              5.520141117000037,
              0,
              null
            ],
            [
              95.321315365000032,
              5.5201480490000563,
              0,
              null
            ],
            [
              95.321332204000043,
              5.5201541840000345,
              0,
              null
            ],
            [
              95.321350220000056,
              5.5201589310000259,
              0,
              null
            ],
            [
              95.321491974000082,
              5.5201723070000526,
              0,
              null
            ],
            [
              95.321521670000038,
              5.5201720910000631,
              0,
              null
            ],
            [
              95.321542261000047,
              5.5201756440000622,
              0,
              null
            ],
            [
              95.321547997000039,
              5.5201799970000707,
              0,
              null
            ],
            [
              95.321553757000061,
              5.5201926930000695,
              0,
              null
            ],
            [
              95.321556349000048,
              5.520219068000074,
              0,
              null
            ],
            [
              95.321559725000043,
              5.5202381090000472,
              0,
              null
            ],
            [
              95.321568247000073,
              5.5202490130000683,
              0,
              null
            ],
            [
              95.321677753000074,
              5.5202862130000767,
              0,
              null
            ],
            [
              95.321686462000059,
              5.5202870040000676,
              0,
              null
            ],
            [
              95.321692992000067,
              5.5202820430000656,
              0,
              null
            ],
            [
              95.321699705000071,
              5.5202568420000375,
              0,
              null
            ],
            [
              95.321697477000043,
              5.5201919770000245,
              0,
              null
            ],
            [
              95.32214736800006,
              5.5201724650000301,
              0,
              null
            ],
            [
              95.322312709000073,
              5.520220542000061,
              0,
              null
            ],
            [
              95.322351303000062,
              5.5202317640000729,
              0,
              null
            ],
            [
              95.322388329000034,
              5.5202425300000755,
              0,
              null
            ],
            [
              95.322444758000074,
              5.5202640140000767,
              0,
              null
            ],
            [
              95.322493485000052,
              5.5201323040000716,
              0,
              null
            ],
            [
              95.322592978000046,
              5.5198788980000586,
              0,
              null
            ],
            [
              95.322714912000038,
              5.5195639250000568,
              0,
              null
            ],
            [
              95.322775159000059,
              5.5194171210000604,
              0,
              null
            ],
            [
              95.322850147000054,
              5.5193089130000317,
              0,
              null
            ],
            [
              95.322863842000061,
              5.5192721400000551,
              0,
              null
            ],
            [
              95.322956132000058,
              5.5190535120000277,
              0,
              null
            ],
            [
              95.323001149000049,
              5.5189403830000288,
              0,
              null
            ],
            [
              95.323011519000033,
              5.5189121580000347,
              0,
              null
            ],
            [
              95.323049759000071,
              5.5188080890000606,
              0,
              null
            ],
            [
              95.323057794000079,
              5.5187862200000382,
              0,
              null
            ],
            [
              95.323082229000079,
              5.5187954980000313,
              0,
              null
            ],
            [
              95.323090179000076,
              5.5187985830000343,
              0,
              null
            ],
            [
              95.323100476000036,
              5.5188029420000362,
              0,
              null
            ],
            [
              95.323112490000085,
              5.5188080290000698,
              0,
              null
            ],
            [
              95.323130461000062,
              5.5188165160000722,
              0,
              null
            ],
            [
              95.323134330000073,
              5.5188181530000406,
              0,
              null
            ],
            [
              95.323148013000036,
              5.5188246150000282,
              0,
              null
            ],
            [
              95.323170246000075,
              5.5188328570000635,
              0,
              null
            ],
            [
              95.323180063000052,
              5.5188393090000432,
              0,
              null
            ],
            [
              95.323192413000072,
              5.5188474280000719,
              0,
              null
            ],
            [
              95.323205835000067,
              5.5188540010000224,
              0,
              null
            ],
            [
              95.323219961000063,
              5.51886309300005,
              0,
              null
            ],
            [
              95.323240515000066,
              5.5188790940000558,
              0,
              null
            ],
            [
              95.323255342000039,
              5.5188921110000706,
              0,
              null
            ],
            [
              95.323261222000042,
              5.5188999470000226,
              0,
              null
            ],
            [
              95.323271582000075,
              5.518911269000057,
              0,
              null
            ],
            [
              95.323279981000042,
              5.5189252690000217,
              0,
              null
            ],
            [
              95.323285510000062,
              5.5189342460000717,
              0,
              null
            ],
            [
              95.323295454000061,
              5.51895819300006,
              0,
              null
            ],
            [
              95.323304358000087,
              5.5189826040000298,
              0,
              null
            ],
            [
              95.323320059000082,
              5.5190394570000763,
              0,
              null
            ],
            [
              95.323328165000078,
              5.5190736240000433,
              0,
              null
            ],
            [
              95.323334684000031,
              5.5191011000000572,
              0,
              null
            ],
            [
              95.323338705000083,
              5.5191180480000526,
              0,
              null
            ],
            [
              95.323358762000055,
              5.5192034750000403,
              0,
              null
            ],
            [
              95.323377699000048,
              5.5192913300000441,
              0,
              null
            ],
            [
              95.323397467000063,
              5.5193649890000529,
              0,
              null
            ],
            [
              95.323406413000043,
              5.5194002430000637,
              0,
              null
            ],
            [
              95.323411584000041,
              5.5194153070000311,
              0,
              null
            ],
            [
              95.323416054000063,
              5.5194286170000737,
              0,
              null
            ],
            [
              95.323418452000055,
              5.5194357540000283,
              0,
              null
            ],
            [
              95.323440098000049,
              5.519498818000045,
              0,
              null
            ],
            [
              95.323464752000064,
              5.5195725590000393,
              0,
              null
            ],
            [
              95.323474436000083,
              5.5196015250000414,
              0,
              null
            ],
            [
              95.323479752000082,
              5.519617424000046,
              0,
              null
            ],
            [
              95.323521854000035,
              5.5197485120000351,
              0,
              null
            ],
            [
              95.323565849000033,
              5.5198734140000738,
              0,
              null
            ],
            [
              95.323645806000059,
              5.520094646000075,
              0,
              null
            ],
            [
              95.323672339000041,
              5.5201662440000518,
              0,
              null
            ],
            [
              95.323700863000056,
              5.520243214000061,
              0,
              null
            ],
            [
              95.323744009000052,
              5.5203585970000404,
              0,
              null
            ],
            [
              95.323777660000076,
              5.5204645080000319,
              0,
              null
            ],
            [
              95.323785641000086,
              5.5204846700000303,
              0,
              null
            ],
            [
              95.323799773000076,
              5.5205173180000315,
              0,
              null
            ],
            [
              95.323809297000082,
              5.5205377640000393,
              0,
              null
            ],
            [
              95.32382098800008,
              5.5205572520000601,
              0,
              null
            ],
            [
              95.323830644000054,
              5.5205732090000765,
              0,
              null
            ],
            [
              95.323875555000086,
              5.5206360180000615,
              0,
              null
            ],
            [
              95.323902400000065,
              5.5206735600000343,
              0,
              null
            ],
            [
              95.323984134000057,
              5.5207912960000272,
              0,
              null
            ],
            [
              95.324009126000078,
              5.5208334240000454,
              0,
              null
            ],
            [
              95.324015500000087,
              5.5208481630000392,
              0,
              null
            ],
            [
              95.324028986000087,
              5.5208735150000621,
              0,
              null
            ],
            [
              95.324043250000045,
              5.5209009120000587,
              0,
              null
            ],
            [
              95.324047845000052,
              5.520909740000036,
              0,
              null
            ],
            [
              95.324055259000033,
              5.5209239810000668,
              0,
              null
            ],
            [
              95.324064585000087,
              5.5209418940000319,
              0,
              null
            ],
            [
              95.324075318000041,
              5.5209625110000502,
              0,
              null
            ],
            [
              95.324090033000061,
              5.520990776000076,
              0,
              null
            ],
            [
              95.324106408000034,
              5.521020252000028,
              0,
              null
            ],
            [
              95.324122776000081,
              5.5210433330000228,
              0,
              null
            ],
            [
              95.324137257000075,
              5.5210623090000581,
              0,
              null
            ],
            [
              95.324146485000085,
              5.521071738000046,
              0,
              null
            ],
            [
              95.324165105000077,
              5.5210893180000653,
              0,
              null
            ],
            [
              95.324173454000061,
              5.5210955840000224,
              0,
              null
            ],
            [
              95.32419053600006,
              5.5211084010000491,
              0,
              null
            ],
            [
              95.32421220100008,
              5.5211228530000653,
              0,
              null
            ],
            [
              95.324236319000079,
              5.5211346660000231,
              0,
              null
            ],
            [
              95.324257869000064,
              5.5211460210000496,
              0,
              null
            ],
            [
              95.324279799000067,
              5.5211577820000457,
              0,
              null
            ],
            [
              95.324296378000042,
              5.5211666000000719,
              0,
              null
            ],
            [
              95.324320963000048,
              5.5211790780000456,
              0,
              null
            ],
            [
              95.324343687000066,
              5.5211914250000405,
              0,
              null
            ],
            [
              95.324367519000077,
              5.5212012280000522,
              0,
              null
            ],
            [
              95.324398569000039,
              5.521215115000075,
              0,
              null
            ],
            [
              95.324424650000083,
              5.5212276640000368,
              0,
              null
            ],
            [
              95.32445453400004,
              5.521240725000041,
              0,
              null
            ],
            [
              95.324480587000039,
              5.5212515520000238,
              0,
              null
            ],
            [
              95.32451522100007,
              5.5212659570000255,
              0,
              null
            ],
            [
              95.324552038000036,
              5.5212769800000387,
              0,
              null
            ],
            [
              95.324583985000061,
              5.5212869280000518,
              0,
              null
            ],
            [
              95.324599478000039,
              5.5212923310000406,
              0,
              null
            ],
            [
              95.32462358500004,
              5.5213007370000469,
              0,
              null
            ],
            [
              95.324658613000054,
              5.5213091180000333,
              0,
              null
            ],
            [
              95.324686449000069,
              5.5213140750000207,
              0,
              null
            ],
            [
              95.324716308000063,
              5.5213206940000532,
              0,
              null
            ],
            [
              95.324738389000061,
              5.5213248560000352,
              0,
              null
            ],
            [
              95.324750513000083,
              5.5213271410000289,
              0,
              null
            ],
            [
              95.324778380000055,
              5.5213330870000732,
              0,
              null
            ],
            [
              95.324817572000086,
              5.5213467490000312,
              0,
              null
            ],
            [
              95.324849102000087,
              5.5213547920000678,
              0,
              null
            ],
            [
              95.324877767000032,
              5.5213624630000595,
              0,
              null
            ],
            [
              95.324909785000045,
              5.521374187000049,
              0,
              null
            ],
            [
              95.324937097000031,
              5.5213842830000317,
              0,
              null
            ],
            [
              95.324967804000039,
              5.5213978330000373,
              0,
              null
            ],
            [
              95.324999068000068,
              5.5214280410000356,
              0,
              null
            ],
            [
              95.325031986000056,
              5.5214670730000535,
              0,
              null
            ],
            [
              95.325067001000036,
              5.5215053350000289,
              0,
              null
            ],
            [
              95.325100993000035,
              5.5215488880000407,
              0,
              null
            ],
            [
              95.325141767000048,
              5.5216062620000343,
              0,
              null
            ],
            [
              95.325177698000061,
              5.5216573210000206,
              0,
              null
            ],
            [
              95.325210993000042,
              5.5217067560000714,
              0,
              null
            ],
            [
              95.325232285000084,
              5.5217396110000436,
              0,
              null
            ],
            [
              95.325257171000032,
              5.5217751310000267,
              0,
              null
            ],
            [
              95.325276030000055,
              5.5218058150000502,
              0,
              null
            ],
            [
              95.325287443000036,
              5.5218269640000699,
              0,
              null
            ],
            [
              95.325294756000062,
              5.5218419550000704,
              0,
              null
            ],
            [
              95.32530416700007,
              5.5218603520000329,
              0,
              null
            ],
            [
              95.325313941000047,
              5.5218806830000631,
              0,
              null
            ],
            [
              95.325327090000087,
              5.5219140120000247,
              0,
              null
            ],
            [
              95.325336291000042,
              5.5219421400000215,
              0,
              null
            ],
            [
              95.325345687000038,
              5.5219723570000383,
              0,
              null
            ],
            [
              95.325355677000061,
              5.5220064770000477,
              0,
              null
            ],
            [
              95.325364979000085,
              5.522041100000024,
              0,
              null
            ],
            [
              95.325373933000037,
              5.522080350000067,
              0,
              null
            ],
            [
              95.325379047000069,
              5.5221014050000576,
              0,
              null
            ],
            [
              95.325383041000066,
              5.5221178490000398,
              0,
              null
            ],
            [
              95.325385958000084,
              5.5221270590000699,
              0,
              null
            ],
            [
              95.325390636000066,
              5.5221418350000704,
              0,
              null
            ],
            [
              95.325399564000065,
              5.5221712890000276,
              0,
              null
            ],
            [
              95.325416781000058,
              5.5222338950000562,
              0,
              null
            ],
            [
              95.325425383000038,
              5.5222653860000719,
              0,
              null
            ],
            [
              95.325435580000033,
              5.5223032820000526,
              0,
              null
            ],
            [
              95.325445036000076,
              5.5223340950000761,
              0,
              null
            ],
            [
              95.325455781000073,
              5.5223709480000593,
              0,
              null
            ],
            [
              95.32545649900004,
              5.5223735030000398,
              0,
              null
            ],
            [
              95.32546582100008,
              5.5224066600000583,
              0,
              null
            ],
            [
              95.325473853000062,
              5.5224335480000377,
              0,
              null
            ],
            [
              95.325478158000067,
              5.5224479560000646,
              0,
              null
            ],
            [
              95.325489449000031,
              5.5224728470000741,
              0,
              null
            ],
            [
              95.325500046000059,
              5.5225077810000585,
              0,
              null
            ],
            [
              95.325504624000075,
              5.522529306000024,
              0,
              null
            ],
            [
              95.325508873000047,
              5.5225466470000697,
              0,
              null
            ],
            [
              95.325511726000059,
              5.5225601380000739,
              0,
              null
            ],
            [
              95.325519685000074,
              5.5225849660000677,
              0,
              null
            ],
            [
              95.325528160000033,
              5.5226084430000242,
              0,
              null
            ],
            [
              95.325539042000059,
              5.5226433390000693,
              0,
              null
            ],
            [
              95.325548330000061,
              5.5226711570000475,
              0,
              null
            ],
            [
              95.325561255000082,
              5.5227197330000308,
              0,
              null
            ],
            [
              95.325570686000049,
              5.5227552680000258,
              0,
              null
            ],
            [
              95.325581236000062,
              5.5227933510000753,
              0,
              null
            ],
            [
              95.325594616000046,
              5.5228317700000389,
              0,
              null
            ],
            [
              95.325602930000059,
              5.5228597160000277,
              0,
              null
            ],
            [
              95.325609886000052,
              5.5228851640000585,
              0,
              null
            ],
            [
              95.32562538600007,
              5.5229329260000668,
              0,
              null
            ],
            [
              95.325637239000059,
              5.5229640360000758,
              0,
              null
            ],
            [
              95.325645558000076,
              5.5229859090000559,
              0,
              null
            ],
            [
              95.325656002000073,
              5.5230098190000376,
              0,
              null
            ],
            [
              95.32566515700006,
              5.5230327110000417,
              0,
              null
            ],
            [
              95.325667879000036,
              5.5230407850000347,
              0,
              null
            ],
            [
              95.325676479000037,
              5.5230662950000351,
              0,
              null
            ],
            [
              95.325686983000082,
              5.5230978520000349,
              0,
              null
            ],
            [
              95.325694791000046,
              5.5231250980000368,
              0,
              null
            ],
            [
              95.325703521000037,
              5.523156115000063,
              0,
              null
            ],
            [
              95.325710861000061,
              5.5231852490000506,
              0,
              null
            ],
            [
              95.325716340000042,
              5.5232090350000362,
              0,
              null
            ],
            [
              95.325726995000082,
              5.5232425600000283,
              0,
              null
            ],
            [
              95.325734865000072,
              5.5232675440000207,
              0,
              null
            ],
            [
              95.325743811000052,
              5.5232899040000234,
              0,
              null
            ],
            [
              95.325754743000061,
              5.5233136740000646,
              0,
              null
            ],
            [
              95.32576197700007,
              5.5233266070000582,
              0,
              null
            ],
            [
              95.325765037000053,
              5.5233320800000456,
              0,
              null
            ],
            [
              95.325773455000046,
              5.5233465270000579,
              0,
              null
            ],
            [
              95.325787447000039,
              5.5233691540000223,
              0,
              null
            ],
            [
              95.325799615000051,
              5.5233889860000431,
              0,
              null
            ],
            [
              95.325811757000054,
              5.5234100060000628,
              0,
              null
            ],
            [
              95.325824920000059,
              5.5234365690000686,
              0,
              null
            ],
            [
              95.32583491400004,
              5.5234586120000699,
              0,
              null
            ],
            [
              95.325844288000042,
              5.5234786990000657,
              0,
              null
            ],
            [
              95.325855638000064,
              5.5235093020000363,
              0,
              null
            ],
            [
              95.325865420000071,
              5.5235335740000551,
              0,
              null
            ],
            [
              95.325875925000048,
              5.5235624850000704,
              0,
              null
            ],
            [
              95.32588591800004,
              5.5235902980000446,
              0,
              null
            ],
            [
              95.325891573000035,
              5.5236079420000692,
              0,
              null
            ],
            [
              95.325898639000059,
              5.5236232020000671,
              0,
              null
            ],
            [
              95.325901474000034,
              5.5236283260000505,
              0,
              null
            ],
            [
              95.325911962000077,
              5.5236417430000415,
              0,
              null
            ],
            [
              95.325922626000079,
              5.5236608980000597,
              0,
              null
            ],
            [
              95.32593392800004,
              5.523684094000032,
              0,
              null
            ],
            [
              95.325946597000041,
              5.5237092280000297,
              0,
              null
            ],
            [
              95.325957194000068,
              5.5237310750000574,
              0,
              null
            ],
            [
              95.32596611200006,
              5.5237510120000479,
              0,
              null
            ],
            [
              95.325980148000042,
              5.5237845690000427,
              0,
              null
            ],
            [
              95.325990552000064,
              5.5238066160000585,
              0,
              null
            ],
            [
              95.326003377000063,
              5.5238347000000658,
              0,
              null
            ],
            [
              95.326014106000059,
              5.5238579820000382,
              0,
              null
            ],
            [
              95.326026220000074,
              5.5238812030000304,
              0,
              null
            ],
            [
              95.326034401000072,
              5.5238985970000272,
              0,
              null
            ],
            [
              95.326053800000068,
              5.5239337680000631,
              0,
              null
            ],
            [
              95.326067093000063,
              5.523961229000065,
              0,
              null
            ],
            [
              95.326079900000082,
              5.5239882840000405,
              0,
              null
            ],
            [
              95.326092095000035,
              5.5240128070000765,
              0,
              null
            ],
            [
              95.326103255000078,
              5.5240354070000421,
              0,
              null
            ],
            [
              95.326113402000033,
              5.5240552030000458,
              0,
              null
            ],
            [
              95.326122763000058,
              5.5240729730000453,
              0,
              null
            ],
            [
              95.326131901000053,
              5.5240887320000525,
              0,
              null
            ],
            [
              95.326140807000058,
              5.5241030450000608,
              0,
              null
            ],
            [
              95.326151670000058,
              5.5241154300000517,
              0,
              null
            ],
            [
              95.326165694000053,
              5.5241337100000578,
              0,
              null
            ],
            [
              95.326178566000067,
              5.5241520360000322,
              0,
              null
            ],
            [
              95.326188029000036,
              5.5241727250000281,
              0,
              null
            ],
            [
              95.326194512000086,
              5.5241924250000238,
              0,
              null
            ],
            [
              95.326200061000065,
              5.5242086950000271,
              0,
              null
            ],
            [
              95.326203102000079,
              5.5242208790000404,
              0,
              null
            ],
            [
              95.326207813000053,
              5.5242331520000221,
              0,
              null
            ],
            [
              95.326215241000057,
              5.5242497740000545,
              0,
              null
            ],
            [
              95.326226327000086,
              5.5242727250000598,
              0,
              null
            ],
            [
              95.326227478000078,
              5.5242750510000747,
              0,
              null
            ],
            [
              95.326239948000079,
              5.5243002430000274,
              0,
              null
            ],
            [
              95.326253410000049,
              5.52432643100002,
              0,
              null
            ],
            [
              95.326272085000085,
              5.5243637380000337,
              0,
              null
            ],
            [
              95.326283876000048,
              5.5243880750000471,
              0,
              null
            ],
            [
              95.326297604000047,
              5.5244169430000625,
              0,
              null
            ],
            [
              95.326306788000068,
              5.5244403680000573,
              0,
              null
            ],
            [
              95.326314172000082,
              5.5244592740000371,
              0,
              null
            ],
            [
              95.326323482000078,
              5.5244776730000353,
              0,
              null
            ],
            [
              95.326330063000057,
              5.5244914850000555,
              0,
              null
            ],
            [
              95.326340538000068,
              5.5245115190000433,
              0,
              null
            ],
            [
              95.326352937000081,
              5.5245385480000664,
              0,
              null
            ],
            [
              95.326366783000083,
              5.5245654820000709,
              0,
              null
            ],
            [
              95.326379661000033,
              5.5245910840000647,
              0,
              null
            ],
            [
              95.326401698000041,
              5.5246344790000421,
              0,
              null
            ],
            [
              95.326420493000057,
              5.5246708460000491,
              0,
              null
            ],
            [
              95.326436016000059,
              5.5247030270000437,
              0,
              null
            ],
            [
              95.326446299000054,
              5.5247219710000763,
              0,
              null
            ],
            [
              95.326453317000073,
              5.5247333670000671,
              0,
              null
            ],
            [
              95.326462109000033,
              5.5247489920000703,
              0,
              null
            ],
            [
              95.326469687000042,
              5.5247604650000426,
              0,
              null
            ],
            [
              95.326477060000059,
              5.5247705010000345,
              0,
              null
            ],
            [
              95.326489568000056,
              5.5247853790000363,
              0,
              null
            ],
            [
              95.326501154000084,
              5.5247985910000352,
              0,
              null
            ],
            [
              95.326510192000057,
              5.524814832000061,
              0,
              null
            ],
            [
              95.326514833000033,
              5.5248228730000619,
              0,
              null
            ],
            [
              95.326520351000056,
              5.5248298590000218,
              0,
              null
            ],
            [
              95.326529260000086,
              5.5248388400000294,
              0,
              null
            ],
            [
              95.326542202000041,
              5.5248547490000419,
              0,
              null
            ],
            [
              95.326552630000037,
              5.5248687270000687,
              0,
              null
            ],
            [
              95.326561338000033,
              5.5248816880000504,
              0,
              null
            ],
            [
              95.326573244000031,
              5.5249032000000398,
              0,
              null
            ],
            [
              95.326581306000037,
              5.5249171600000295,
              0,
              null
            ],
            [
              95.326589909000063,
              5.5249292830000627,
              0,
              null
            ],
            [
              95.326600610000071,
              5.5249419630000602,
              0,
              null
            ],
            [
              95.32661504500004,
              5.5249594090000755,
              0,
              null
            ],
            [
              95.326628498000048,
              5.524976673000026,
              0,
              null
            ],
            [
              95.326645005000046,
              5.5250007200000368,
              0,
              null
            ],
            [
              95.326657293000039,
              5.5250196950000259,
              0,
              null
            ],
            [
              95.326669061000075,
              5.5250402250000548,
              0,
              null
            ],
            [
              95.32668102100007,
              5.5250625260000561,
              0,
              null
            ],
            [
              95.326690834000033,
              5.5250828340000453,
              0,
              null
            ],
            [
              95.326698305000036,
              5.525098225000022,
              0,
              null
            ],
            [
              95.326705562000086,
              5.5251138150000543,
              0,
              null
            ],
            [
              95.326711788000068,
              5.5251260330000491,
              0,
              null
            ],
            [
              95.326719405000063,
              5.5251409610000337,
              0,
              null
            ],
            [
              95.32672821500006,
              5.5251584100000741,
              0,
              null
            ],
            [
              95.326733470000079,
              5.5251765670000736,
              0,
              null
            ],
            [
              95.326733721000039,
              5.5251775500000235,
              0,
              null
            ],
            [
              95.326735950000057,
              5.525186260000055,
              0,
              null
            ],
            [
              95.326740254000072,
              5.525194339000052,
              0,
              null
            ],
            [
              95.326748373000044,
              5.5252129630000582,
              0,
              null
            ],
            [
              95.326751892000061,
              5.5252289130000349,
              0,
              null
            ],
            [
              95.326755565000042,
              5.5252411750000761,
              0,
              null
            ],
            [
              95.326759086000038,
              5.5252536350000696,
              0,
              null
            ],
            [
              95.326764254000068,
              5.5252685240000687,
              0,
              null
            ],
            [
              95.326774252000064,
              5.5252960420000363,
              0,
              null
            ],
            [
              95.32677758300008,
              5.5253492700000493,
              0,
              null
            ],
            [
              95.326775440000063,
              5.5254129240000225,
              0,
              null
            ],
            [
              95.326771432000044,
              5.5254477190000557,
              0,
              null
            ],
            [
              95.326766022000072,
              5.5254852070000311,
              0,
              null
            ],
            [
              95.326761177000037,
              5.5255238610000674,
              0,
              null
            ],
            [
              95.326756086000046,
              5.525554224000075,
              0,
              null
            ],
            [
              95.326752828000053,
              5.5255833380000468,
              0,
              null
            ],
            [
              95.326750662000052,
              5.525605937000023,
              0,
              null
            ],
            [
              95.326746163000053,
              5.5256429200000525,
              0,
              null
            ],
            [
              95.326743499000031,
              5.5256769210000698,
              0,
              null
            ],
            [
              95.326741994000031,
              5.5257041730000651,
              0,
              null
            ],
            [
              95.32673987000004,
              5.5257326850000368,
              0,
              null
            ],
            [
              95.32673655900004,
              5.5257711680000625,
              0,
              null
            ],
            [
              95.32673641000008,
              5.5257723200000441,
              0,
              null
            ],
            [
              95.326729445000069,
              5.5258262150000519,
              0,
              null
            ],
            [
              95.326725459000045,
              5.5258572800000252,
              0,
              null
            ],
            [
              95.326722425000071,
              5.5258797170000662,
              0,
              null
            ],
            [
              95.326719098000069,
              5.5258998390000329,
              0,
              null
            ],
            [
              95.326716445000045,
              5.5259391140000389,
              0,
              null
            ],
            [
              95.326713989000041,
              5.5259679530000767,
              0,
              null
            ],
            [
              95.326711063000062,
              5.5259804230000213,
              0,
              null
            ],
            [
              95.326710179000031,
              5.5259866980000538,
              0,
              null
            ],
            [
              95.326709946000051,
              5.5259976420000498,
              0,
              null
            ],
            [
              95.326710017000039,
              5.5260080950000656,
              0,
              null
            ],
            [
              95.326710837000064,
              5.526016865000031,
              0,
              null
            ],
            [
              95.326713773000051,
              5.5260429400000248,
              0,
              null
            ],
            [
              95.326713776000076,
              5.5260500680000746,
              0,
              null
            ],
            [
              95.326713784000049,
              5.5260661210000421,
              0,
              null
            ],
            [
              95.326713665000057,
              5.5260940670000309,
              0,
              null
            ],
            [
              95.326713408000046,
              5.5261053220000349,
              0,
              null
            ],
            [
              95.326713143000063,
              5.5261169810000297,
              0,
              null
            ],
            [
              95.326711557000067,
              5.5261457390000714,
              0,
              null
            ],
            [
              95.326708948000032,
              5.5261714510000388,
              0,
              null
            ],
            [
              95.326704283000083,
              5.5261977230000525,
              0,
              null
            ],
            [
              95.326698910000061,
              5.5262203500000737,
              0,
              null
            ],
            [
              95.326694678000081,
              5.5262374610000506,
              0,
              null
            ],
            [
              95.326691848000053,
              5.5262503770000535,
              0,
              null
            ],
            [
              95.326688910000087,
              5.5262743020000471,
              0,
              null
            ],
            [
              95.326676062000047,
              5.526313855000069,
              0,
              null
            ],
            [
              95.326670101000047,
              5.5263401880000629,
              0,
              null
            ],
            [
              95.326665013000081,
              5.5263637620000736,
              0,
              null
            ],
            [
              95.326660116000085,
              5.5263868280000565,
              0,
              null
            ],
            [
              95.326654081000072,
              5.5264136100000201,
              0,
              null
            ],
            [
              95.326648273000046,
              5.5264430120000725,
              0,
              null
            ],
            [
              95.32664317800004,
              5.5264657720000514,
              0,
              null
            ],
            [
              95.326642222000032,
              5.5264700420000281,
              0,
              null
            ],
            [
              95.326635969000051,
              5.5265030580000598,
              0,
              null
            ],
            [
              95.32663092100006,
              5.5265322270000752,
              0,
              null
            ],
            [
              95.326629676000039,
              5.5265553250000607,
              0,
              null
            ],
            [
              95.326628696000057,
              5.5265786370000569,
              0,
              null
            ],
            [
              95.326624151000033,
              5.5266090380000605,
              0,
              null
            ],
            [
              95.32662162400004,
              5.5266401610000457,
              0,
              null
            ],
            [
              95.326617813000041,
              5.5266650630000527,
              0,
              null
            ],
            [
              95.32661444200005,
              5.5266879350000409,
              0,
              null
            ],
            [
              95.326611341000046,
              5.5267176910000444,
              0,
              null
            ],
            [
              95.326608517000068,
              5.5267493820000482,
              0,
              null
            ],
            [
              95.326606406000053,
              5.5267751500000486,
              0,
              null
            ],
            [
              95.326604801000087,
              5.5267947470000536,
              0,
              null
            ],
            [
              95.326603211000076,
              5.5268301880000763,
              0,
              null
            ],
            [
              95.32660168700005,
              5.5268623450000405,
              0,
              null
            ],
            [
              95.326597982000067,
              5.5269070010000405,
              0,
              null
            ],
            [
              95.326592929000071,
              5.5269463190000465,
              0,
              null
            ],
            [
              95.32659024600008,
              5.5269756760000632,
              0,
              null
            ],
            [
              95.326588511000068,
              5.5270045720000667,
              0,
              null
            ],
            [
              95.326582639000037,
              5.5271011310000517,
              0,
              null
            ],
            [
              95.326583376000087,
              5.5272594850000587,
              0,
              null
            ],
            [
              95.326583226000082,
              5.5273683010000241,
              0,
              null
            ],
            [
              95.326590091000071,
              5.527411991000065,
              0,
              null
            ],
            [
              95.326572846000033,
              5.527653287000021,
              0,
              null
            ],
            [
              95.326570810000078,
              5.5276715290000311,
              0,
              null
            ],
            [
              95.326568998000084,
              5.5277033300000653,
              0,
              null
            ],
            [
              95.326532970000073,
              5.5277012770000624,
              0,
              null
            ],
            [
              95.326414879000083,
              5.5276986270000634,
              0,
              null
            ],
            [
              95.326338034000059,
              5.527690218000032,
              0,
              null
            ],
            [
              95.325895124000056,
              5.527641405000054,
              0,
              null
            ],
            [
              95.325765792000084,
              5.5276273380000589,
              0,
              null
            ],
            [
              95.325471654000069,
              5.5275962040000763,
              0,
              null
            ],
            [
              95.325442692000081,
              5.5275891730000239,
              0,
              null
            ],
            [
              95.325424321000071,
              5.527588048000041,
              0,
              null
            ],
            [
              95.325293118000047,
              5.5275794150000479,
              0,
              null
            ],
            [
              95.32525494500004,
              5.5275776790000464,
              0,
              null
            ],
            [
              95.325093569000046,
              5.5275692000000731,
              0,
              null
            ],
            [
              95.324918807000074,
              5.5275655760000291,
              0,
              null
            ],
            [
              95.324650944000041,
              5.5275591720000534,
              0,
              null
            ],
            [
              95.32464636800006,
              5.5275014950000241,
              0,
              null
            ],
            [
              95.324638653000079,
              5.527481645000023,
              0,
              null
            ],
            [
              95.324619332000054,
              5.5274653050000211,
              0,
              null
            ],
            [
              95.324495082000055,
              5.5273991410000463,
              0,
              null
            ],
            [
              95.324253555000041,
              5.52728122700006,
              0,
              null
            ],
            [
              95.324213086000043,
              5.5272590370000216,
              0,
              null
            ],
            [
              95.324012592000031,
              5.5271180070000696,
              0,
              null
            ],
            [
              95.323942398000042,
              5.5270739270000604,
              0,
              null
            ],
            [
              95.323913034000043,
              5.5270581090000519,
              0,
              null
            ],
            [
              95.323662917000036,
              5.5269421210000473,
              0,
              null
            ],
            [
              95.323495756000057,
              5.5268685900000492,
              0,
              null
            ],
            [
              95.323255864000032,
              5.5267899900000543,
              0,
              null
            ],
            [
              95.323257411000043,
              5.5268072390000498,
              0,
              null
            ],
            [
              95.323261740000078,
              5.526861742000051,
              0,
              null
            ],
            [
              95.323272932000066,
              5.526934987000061,
              0,
              null
            ],
            [
              95.323292248000087,
              5.5270765370000277,
              0,
              null
            ],
            [
              95.323309536000068,
              5.5271700600000599,
              0,
              null
            ],
            [
              95.323319336000054,
              5.527227228000072,
              0,
              null
            ],
            [
              95.323329967000063,
              5.527301436000073,
              0,
              null
            ],
            [
              95.323329201000035,
              5.5274359140000229,
              0,
              null
            ],
            [
              95.323336121000068,
              5.5276835950000418,
              0,
              null
            ],
            [
              95.323316822000038,
              5.5279665900000623,
              0,
              null
            ],
            [
              95.323358910000081,
              5.5279659240000569,
              0,
              null
            ],
            [
              95.32331309500006,
              5.5283276050000723,
              0,
              null
            ],
            [
              95.323280017000059,
              5.5285355020000679,
              0,
              null
            ],
            [
              95.323240501000043,
              5.5288500980000208,
              0,
              null
            ],
            [
              95.323239929000067,
              5.5288793140000507,
              0,
              null
            ],
            [
              95.323243508000076,
              5.5289064090000579,
              0,
              null
            ],
            [
              95.323252032000084,
              5.5289270210000723,
              0,
              null
            ],
            [
              95.323260194000056,
              5.5289494240000749,
              0,
              null
            ],
            [
              95.323263209000061,
              5.5289753720000476,
              0,
              null
            ],
            [
              95.323263367000038,
              5.5290158040000392,
              0,
              null
            ],
            [
              95.323250615000063,
              5.529250500000046,
              0,
              null
            ],
            [
              95.323038736000058,
              5.5292459340000732,
              0,
              null
            ],
            [
              95.323000783000055,
              5.5292480980000391,
              0,
              null
            ],
            [
              95.322986970000045,
              5.5292532750000305,
              0,
              null
            ],
            [
              95.322983695000062,
              5.5292545020000716,
              0,
              null
            ],
            [
              95.322979555000074,
              5.5292593450000709,
              0,
              null
            ],
            [
              95.322576209000033,
              5.5292627730000277,
              0,
              null
            ],
            [
              95.322520328000053,
              5.5297249650000708,
              0,
              null
            ],
            [
              95.322140678000039,
              5.5296814870000617,
              0,
              null
            ],
            [
              95.322132489000069,
              5.529792493000059,
              0,
              null
            ],
            [
              95.322104306000085,
              5.5299102700000731,
              0,
              null
            ],
            [
              95.322066126000038,
              5.5300352620000695,
              0,
              null
            ],
            [
              95.322034699000085,
              5.5300554740000507,
              0,
              null
            ],
            [
              95.321963089000064,
              5.530054319000044,
              0,
              null
            ],
            [
              95.321917474000031,
              5.5301090260000478,
              0,
              null
            ],
            [
              95.321860414000071,
              5.5302530900000306,
              0,
              null
            ],
            [
              95.321716726000034,
              5.5306609840000647,
              0,
              null
            ],
            [
              95.32155399800007,
              5.5311358060000657,
              0,
              null
            ],
            [
              95.321598427000083,
              5.5311496520000674,
              0,
              null
            ],
            [
              95.321644999000057,
              5.5311601720000567,
              0,
              null
            ],
            [
              95.321673968000084,
              5.5311628880000399,
              0,
              null
            ],
            [
              95.321794655000076,
              5.5311635000000479,
              0,
              null
            ],
            [
              95.321935696000082,
              5.5311532320000651,
              0,
              null
            ],
            [
              95.321947395000052,
              5.5311523800000373,
              0,
              null
            ],
            [
              95.321946464000064,
              5.5311732920000622,
              0,
              null
            ],
            [
              95.321946460000049,
              5.5311734360000742,
              0,
              null
            ],
            [
              95.321946109000066,
              5.5312604990000409,
              0,
              null
            ],
            [
              95.321940462000043,
              5.5314594810000699,
              0,
              null
            ],
            [
              95.321935972000063,
              5.5315479290000553,
              0,
              null
            ],
            [
              95.321931382000059,
              5.5315879360000508,
              0,
              null
            ],
            [
              95.321924832000036,
              5.5316106770000602,
              0,
              null
            ],
            [
              95.321918768000046,
              5.5316242140000327,
              0,
              null
            ],
            [
              95.32191044800004,
              5.5316351030000419,
              0,
              null
            ],
            [
              95.321900278000044,
              5.5316413790000638,
              0,
              null
            ],
            [
              95.321827277000068,
              5.5316523680000387,
              0,
              null
            ],
            [
              95.321750261000034,
              5.5316564110000286,
              0,
              null
            ],
            [
              95.321686250000084,
              5.5316552040000602,
              0,
              null
            ],
            [
              95.321683370000073,
              5.5316664510000351,
              0,
              null
            ],
            [
              95.321661694000056,
              5.5317601840000634,
              0,
              null
            ],
            [
              95.321624224000061,
              5.5319276030000424,
              0,
              null
            ],
            [
              95.321585943000059,
              5.5319214360000615,
              0,
              null
            ],
            [
              95.321508172000051,
              5.532189565000067,
              0,
              null
            ],
            [
              95.321502879000036,
              5.5322078130000705,
              0,
              null
            ]
          ]
        ]
      },
      "properties" : {
        "FID" : 0,
        "OBJECTID" : 11077,
        "KDPPUM" : "11",
        "NAMOBJ" : "Lhong Raya",
        "REMARK" : " ",
        "KDPBPS" : " ",
        "FCODE" : "BA03070040",
        "LUASWH" : 0,
        "UUPP" : "RBI",
        "SRS_ID" : "SRGI 2013",
        "METADATA" : "TASWIL1000020200326DATA_BATAS_DESA_KELURAHAN",
        "KDEBPS" : " ",
        "KDEPUM" : "11.71.07.2006",
        "KDCBPS" : " ",
        "KDCPUM" : "11.71.07",
        "KDBBPS" : " ",
        "WADMKD" : "Lhong Raya",
        "WIADKD" : "0",
        "WADMKC" : "Banda Raya",
        "WIADKC" : " ",
        "WADMKK" : "Kota Banda Aceh",
        "WIADKK" : " ",
        "WADMPR" : "Aceh",
        "WIADPR" : " ",
        "TIPADM" : 9,
        "KDPKAB" : "11.71",
        "SHAPE_Leng" : 0.045122815817595002,
        "SHAPE_Area" : 7.3128174011999995e-05
      }
    }
  ]
}