{
  "hasZ" : true,
  "hasM" : true,
  "type" : "FeatureCollection",
  "features" : [
    {
      "type" : "Feature",
      "id" : 0,
      "geometry" : {
        "type" : "Polygon",
        "coordinates" : [
          [
            [
              95.368169556000055,
              5.5892002110000476,
              0,
              null
            ],
            [
              95.368164569000044,
              5.5892031380000731,
              0,
              null
            ],
            [
              95.368155591000061,
              5.5892084080000473,
              0,
              null
            ],
            [
              95.368147928000042,
              5.5891985630000249,
              0,
              null
            ],
            [
              95.368147291000071,
              5.5891975660000526,
              0,
              null
            ],
            [
              95.368131648000087,
              5.5891730540000708,
              0,
              null
            ],
            [
              95.368112435000057,
              5.5891471570000704,
              0,
              null
            ],
            [
              95.368096360000038,
              5.5891278150000403,
              0,
              null
            ],
            [
              95.368086066000046,
              5.5891190930000221,
              0,
              null
            ],
            [
              95.368051874000059,
              5.5890751670000327,
              0,
              null
            ],
            [
              95.368036892000077,
              5.5890438130000462,
              0,
              null
            ],
            [
              95.368002060000038,
              5.5889824180000574,
              0,
              null
            ],
            [
              95.367907473000059,
              5.5887722670000244,
              0,
              null
            ],
            [
              95.367900820000045,
              5.5887528250000287,
              0,
              null
            ],
            [
              95.367887422000081,
              5.5887072820000299,
              0,
              null
            ],
            [
              95.367875616000049,
              5.5886625430000549,
              0,
              null
            ],
            [
              95.367863792000037,
              5.588623392000045,
              0,
              null
            ],
            [
              95.367838360000064,
              5.5885578350000742,
              0,
              null
            ],
            [
              95.367799447000039,
              5.5884660380000355,
              0,
              null
            ],
            [
              95.367724367000051,
              5.5882201680000207,
              0,
              null
            ],
            [
              95.367723444000035,
              5.5882155850000572,
              0,
              null
            ],
            [
              95.367715059000034,
              5.5881799430000569,
              0,
              null
            ],
            [
              95.367705096000066,
              5.5881543630000579,
              0,
              null
            ],
            [
              95.367701282000041,
              5.5881388660000653,
              0,
              null
            ],
            [
              95.36769980300005,
              5.5881179570000654,
              0,
              null
            ],
            [
              95.367704562000085,
              5.5880777110000395,
              0,
              null
            ],
            [
              95.367712446000041,
              5.5880266360000519,
              0,
              null
            ],
            [
              95.367715673000077,
              5.5879825150000215,
              0,
              null
            ],
            [
              95.367714203000048,
              5.5879585080000425,
              0,
              null
            ],
            [
              95.367710328000044,
              5.5879392660000349,
              0,
              null
            ],
            [
              95.367708117000063,
              5.5879282940000508,
              0,
              null
            ],
            [
              95.367699688000073,
              5.5879065890000561,
              0,
              null
            ],
            [
              95.36768274700006,
              5.5878895020000527,
              0,
              null
            ],
            [
              95.36766196700006,
              5.5878654360000723,
              0,
              null
            ],
            [
              95.367617106000068,
              5.5878165810000269,
              0,
              null
            ],
            [
              95.36756667700007,
              5.5877641600000629,
              0,
              null
            ],
            [
              95.367528077000031,
              5.5877257470000359,
              0,
              null
            ],
            [
              95.367499255000041,
              5.5876977150000471,
              0,
              null
            ],
            [
              95.367480741000065,
              5.5876748890000272,
              0,
              null
            ],
            [
              95.367444944000056,
              5.5876279320000322,
              0,
              null
            ],
            [
              95.367396317000043,
              5.5875715490000744,
              0,
              null
            ],
            [
              95.36739073800004,
              5.5875650800000471,
              0,
              null
            ],
            [
              95.367345156000056,
              5.5875083710000695,
              0,
              null
            ],
            [
              95.367316287000051,
              5.587472607000052,
              0,
              null
            ],
            [
              95.36728439500007,
              5.587428171000056,
              0,
              null
            ],
            [
              95.367247653000049,
              5.5873668080000698,
              0,
              null
            ],
            [
              95.367215207000072,
              5.5873075660000495,
              0,
              null
            ],
            [
              95.367188081000052,
              5.5872622290000322,
              0,
              null
            ],
            [
              95.367164530000082,
              5.5872228730000302,
              0,
              null
            ],
            [
              95.367057333000048,
              5.5870337850000737,
              0,
              null
            ],
            [
              95.367057060000036,
              5.5870332410000287,
              0,
              null
            ],
            [
              95.367044566000061,
              5.587009900000055,
              0,
              null
            ],
            [
              95.367029575000061,
              5.5869815120000226,
              0,
              null
            ],
            [
              95.36701144400007,
              5.5869524840000508,
              0,
              null
            ],
            [
              95.367007312000055,
              5.5869448330000751,
              0,
              null
            ],
            [
              95.366992702000061,
              5.5869177880000507,
              0,
              null
            ],
            [
              95.366961920000051,
              5.5868530600000668,
              0,
              null
            ],
            [
              95.36690776100005,
              5.5867579920000594,
              0,
              null
            ],
            [
              95.366882153000063,
              5.5867075200000613,
              0,
              null
            ],
            [
              95.366854877000037,
              5.5866490520000411,
              0,
              null
            ],
            [
              95.366839988000038,
              5.5866206490000536,
              0,
              null
            ],
            [
              95.366821776000052,
              5.5865905660000408,
              0,
              null
            ],
            [
              95.366792795000038,
              5.5865446040000393,
              0,
              null
            ],
            [
              95.366767948000074,
              5.586507829000027,
              0,
              null
            ],
            [
              95.366751395000051,
              5.586479420000046,
              0,
              null
            ],
            [
              95.366736553000067,
              5.5864360040000633,
              0,
              null
            ],
            [
              95.366726648000054,
              5.5864101180000603,
              0,
              null
            ],
            [
              95.366715898000052,
              5.5863883990000431,
              0,
              null
            ],
            [
              95.366703486000063,
              5.5863666760000683,
              0,
              null
            ],
            [
              95.366689410000049,
              5.5863441130000524,
              0,
              null
            ],
            [
              95.366677012000082,
              5.5863173850000294,
              0,
              null
            ],
            [
              95.36665802300007,
              5.58626978500007,
              0,
              null
            ],
            [
              95.366652248000037,
              5.5862539210000364,
              0,
              null
            ],
            [
              95.366634883000074,
              5.5862188370000467,
              0,
              null
            ],
            [
              95.366610053000045,
              5.5861762230000522,
              0,
              null
            ],
            [
              95.366587707000065,
              5.5861377880000305,
              0,
              null
            ],
            [
              95.366571165000039,
              5.5861060440000756,
              0,
              null
            ],
            [
              95.366558756000074,
              5.5860826510000265,
              0,
              null
            ],
            [
              95.366542201000073,
              5.5860550770000259,
              0,
              null
            ],
            [
              95.366516510000054,
              5.5860216350000655,
              0,
              null
            ],
            [
              95.36647892700006,
              5.585981332000074,
              0,
              null
            ],
            [
              95.366435083000056,
              5.5859310760000653,
              0,
              null
            ],
            [
              95.366425034000031,
              5.5859195590000468,
              0,
              null
            ],
            [
              95.366380113000048,
              5.5858717780000688,
              0,
              null
            ],
            [
              95.366340084000058,
              5.5858314040000323,
              0,
              null
            ],
            [
              95.366285321000078,
              5.5857860560000745,
              0,
              null
            ],
            [
              95.366234259000066,
              5.585740286000032,
              0,
              null
            ],
            [
              95.366202490000035,
              5.5857051420000516,
              0,
              null
            ],
            [
              95.36618814600007,
              5.5856886060000761,
              0,
              null
            ],
            [
              95.36616865700006,
              5.5856730840000637,
              0,
              null
            ],
            [
              95.366139918000044,
              5.5856554720000418,
              0,
              null
            ],
            [
              95.366123508000044,
              5.5856420210000692,
              0,
              null
            ],
            [
              95.366107097000054,
              5.5856285710000293,
              0,
              null
            ],
            [
              95.366084440000066,
              5.5856169720000253,
              0,
              null
            ],
            [
              95.366056090000086,
              5.5856069270000717,
              0,
              null
            ],
            [
              95.366034132000038,
              5.5855947680000213,
              0,
              null
            ],
            [
              95.365994490000048,
              5.585565483000039,
              0,
              null
            ],
            [
              95.365963072000056,
              5.5855392280000729,
              0,
              null
            ],
            [
              95.365941098000064,
              5.5855164310000305,
              0,
              null
            ],
            [
              95.365924783000082,
              5.5854968080000731,
              0,
              null
            ],
            [
              95.365908456000057,
              5.5854809730000738,
              0,
              null
            ],
            [
              95.365869487000055,
              5.5854543350000654,
              0,
              null
            ],
            [
              95.365852716000063,
              5.5854416130000573,
              0,
              null
            ],
            [
              95.365785912000035,
              5.5853909390000354,
              0,
              null
            ],
            [
              95.36571428700006,
              5.5853332620000629,
              0,
              null
            ],
            [
              95.365640142000075,
              5.5852755780000507,
              0,
              null
            ],
            [
              95.365584393000063,
              5.5852281760000437,
              0,
              null
            ],
            [
              95.365532291000079,
              5.585184527000024,
              0,
              null
            ],
            [
              95.365501391000066,
              5.5851560310000536,
              0,
              null
            ],
            [
              95.365474889000041,
              5.5851373120000289,
              0,
              null
            ],
            [
              95.365443087000074,
              5.5851141380000513,
              0,
              null
            ],
            [
              95.365390064000053,
              5.5850820230000409,
              0,
              null
            ],
            [
              95.365337337000085,
              5.5850471040000684,
              0,
              null
            ],
            [
              95.365314072000047,
              5.5850268520000554,
              0,
              null
            ],
            [
              95.365254720000053,
              5.5849832830000423,
              0,
              null
            ],
            [
              95.365226148000033,
              5.5849583580000512,
              0,
              null
            ],
            [
              95.365204418000076,
              5.5849372240000434,
              0,
              null
            ],
            [
              95.365186561000087,
              5.5849223440000628,
              0,
              null
            ],
            [
              95.365161691000083,
              5.5849097820000679,
              0,
              null
            ],
            [
              95.365128257000038,
              5.5848979740000573,
              0,
              null
            ],
            [
              95.365081210000085,
              5.584885302000032,
              0,
              null
            ],
            [
              95.365037434000044,
              5.5848783060000642,
              0,
              null
            ],
            [
              95.365011425000034,
              5.5848795960000643,
              0,
              null
            ],
            [
              95.364994295000031,
              5.5848864020000519,
              0,
              null
            ],
            [
              95.364983296000048,
              5.5849021440000683,
              0,
              null
            ],
            [
              95.364971557000047,
              5.5849357200000327,
              0,
              null
            ],
            [
              95.364956216000053,
              5.5849820740000382,
              0,
              null
            ],
            [
              95.364929650000079,
              5.5850899790000312,
              0,
              null
            ],
            [
              95.364929326000038,
              5.5850913000000446,
              0,
              null
            ],
            [
              95.364906189000067,
              5.5851924730000633,
              0,
              null
            ],
            [
              95.364897714000051,
              5.5852228170000444,
              0,
              null
            ],
            [
              95.364884906000043,
              5.5852686720000406,
              0,
              null
            ],
            [
              95.364856308000071,
              5.5853545850000614,
              0,
              null
            ],
            [
              95.364818910000054,
              5.585445969000034,
              0,
              null
            ],
            [
              95.364785345000087,
              5.5855279890000702,
              0,
              null
            ],
            [
              95.364754596000068,
              5.5855990940000311,
              0,
              null
            ],
            [
              95.36474294900006,
              5.5856260280000356,
              0,
              null
            ],
            [
              95.364687586000059,
              5.5857288950000452,
              0,
              null
            ],
            [
              95.364659893000066,
              5.5857839790000412,
              0,
              null
            ],
            [
              95.364633311000034,
              5.5858507920000307,
              0,
              null
            ],
            [
              95.364617238000051,
              5.5858887230000391,
              0,
              null
            ],
            [
              95.364605690000076,
              5.5859146750000264,
              0,
              null
            ],
            [
              95.364590679000059,
              5.5859316190000641,
              0,
              null
            ],
            [
              95.364571204000072,
              5.5859410530000559,
              0,
              null
            ],
            [
              95.364548066000054,
              5.5859443450000299,
              0,
              null
            ],
            [
              95.364425307000033,
              5.5859090080000442,
              0,
              null
            ],
            [
              95.364406077000069,
              5.5859037970000713,
              0,
              null
            ],
            [
              95.364385110000057,
              5.5858945240000253,
              0,
              null
            ],
            [
              95.364350983000065,
              5.5858794310000235,
              0,
              null
            ],
            [
              95.364297239000052,
              5.5858657850000668,
              0,
              null
            ],
            [
              95.364237882000054,
              5.5858554900000286,
              0,
              null
            ],
            [
              95.364214465000032,
              5.5858535450000204,
              0,
              null
            ],
            [
              95.364166863000037,
              5.5858416060000309,
              0,
              null
            ],
            [
              95.364023802000077,
              5.5858118560000207,
              0,
              null
            ],
            [
              95.36395411500007,
              5.5857793630000288,
              0,
              null
            ],
            [
              95.363909104000072,
              5.5857317380000495,
              0,
              null
            ],
            [
              95.363888486000064,
              5.5856747660000678,
              0,
              null
            ],
            [
              95.363882697000065,
              5.5856102880000549,
              0,
              null
            ],
            [
              95.363869349000083,
              5.5855597630000489,
              0,
              null
            ],
            [
              95.363869061000059,
              5.5855405210000413,
              0,
              null
            ],
            [
              95.363865842000052,
              5.5855157310000436,
              0,
              null
            ],
            [
              95.363856556000087,
              5.5854986320000535,
              0,
              null
            ],
            [
              95.363834362000034,
              5.5854723190000755,
              0,
              null
            ],
            [
              95.363801975000058,
              5.5854455890000736,
              0,
              null
            ],
            [
              95.363773497000068,
              5.5854277470000397,
              0,
              null
            ],
            [
              95.363741066000046,
              5.5854148240000541,
              0,
              null
            ],
            [
              95.363694867000049,
              5.5853998850000721,
              0,
              null
            ],
            [
              95.36364373300006,
              5.5853898630000458,
              0,
              null
            ],
            [
              95.363566965000075,
              5.5853734420000478,
              0,
              null
            ],
            [
              95.363524089000066,
              5.5853733080000438,
              0,
              null
            ],
            [
              95.363506630000074,
              5.5853743250000321,
              0,
              null
            ],
            [
              95.363456305000057,
              5.5853772540000364,
              0,
              null
            ],
            [
              95.363401893000059,
              5.5853789970000207,
              0,
              null
            ],
            [
              95.363363068000069,
              5.5853731940000557,
              0,
              null
            ],
            [
              95.363206652000031,
              5.5853516700000228,
              0,
              null
            ],
            [
              95.363060383000061,
              5.5853336020000484,
              0,
              null
            ],
            [
              95.362920949000056,
              5.5853192860000718,
              0,
              null
            ],
            [
              95.362806027000033,
              5.5853119110000762,
              0,
              null
            ],
            [
              95.362798220000059,
              5.585312115000022,
              0,
              null
            ],
            [
              95.362721908000083,
              5.5853083180000453,
              0,
              null
            ],
            [
              95.362622659000067,
              5.5853012840000247,
              0,
              null
            ],
            [
              95.36256764400008,
              5.5853051450000635,
              0,
              null
            ],
            [
              95.362520671000084,
              5.5853117210000391,
              0,
              null
            ],
            [
              95.362468331000059,
              5.5853182800000241,
              0,
              null
            ],
            [
              95.362425981000058,
              5.5853175080000597,
              0,
              null
            ],
            [
              95.362423704000037,
              5.5853174690000742,
              0,
              null
            ],
            [
              95.362314861000073,
              5.5852885160000483,
              0,
              null
            ],
            [
              95.362222068000051,
              5.5852412300000651,
              0,
              null
            ],
            [
              95.36220099600007,
              5.5852274790000251,
              0,
              null
            ],
            [
              95.362164182000072,
              5.585205950000045,
              0,
              null
            ],
            [
              95.362137919000077,
              5.5851830380000251,
              0,
              null
            ],
            [
              95.362130325000066,
              5.5851772450000681,
              0,
              null
            ],
            [
              95.362108805000048,
              5.5851608300000635,
              0,
              null
            ],
            [
              95.362077194000051,
              5.5851407550000545,
              0,
              null
            ],
            [
              95.362004999000078,
              5.5850954310000702,
              0,
              null
            ],
            [
              95.361919524000086,
              5.5850532810000573,
              0,
              null
            ],
            [
              95.361874755000031,
              5.5850306680000585,
              0,
              null
            ],
            [
              95.361851814000033,
              5.5850230900000497,
              0,
              null
            ],
            [
              95.36176335600004,
              5.584969620000038,
              0,
              null
            ],
            [
              95.361663255000053,
              5.5849097320000283,
              0,
              null
            ],
            [
              95.361545584000055,
              5.584839918000057,
              0,
              null
            ],
            [
              95.361416503000044,
              5.5847641330000215,
              0,
              null
            ],
            [
              95.361282155000083,
              5.5846863320000466,
              0,
              null
            ],
            [
              95.361148691000039,
              5.5846104820000733,
              0,
              null
            ],
            [
              95.361022250000076,
              5.5845405130000358,
              0,
              null
            ],
            [
              95.360908985000037,
              5.5844804090000366,
              0,
              null
            ],
            [
              95.360899794000034,
              5.5844759690000387,
              0,
              null
            ],
            [
              95.360827119000078,
              5.5844350850000524,
              0,
              null
            ],
            [
              95.360716034000063,
              5.5843811230000711,
              0,
              null
            ],
            [
              95.360611333000065,
              5.5843379040000514,
              0,
              null
            ],
            [
              95.360419469000078,
              5.5842458150000311,
              0,
              null
            ],
            [
              95.360323647000087,
              5.5842026020000617,
              0,
              null
            ],
            [
              95.360261700000081,
              5.5841846500000543,
              0,
              null
            ],
            [
              95.360222111000041,
              5.5841767190000269,
              0,
              null
            ],
            [
              95.360170512000082,
              5.5841746420000504,
              0,
              null
            ],
            [
              95.360043542000085,
              5.5841908820000299,
              0,
              null
            ],
            [
              95.359983220000061,
              5.5842017580000629,
              0,
              null
            ],
            [
              95.359896296000045,
              5.5841968970000266,
              0,
              null
            ],
            [
              95.35975441000005,
              5.5841947120000555,
              0,
              null
            ],
            [
              95.359629219000055,
              5.5842045690000646,
              0,
              null
            ],
            [
              95.359543679000069,
              5.5842226940000614,
              0,
              null
            ],
            [
              95.359483363000038,
              5.5842183820000741,
              0,
              null
            ],
            [
              95.359397233000038,
              5.5842209520000665,
              0,
              null
            ],
            [
              95.359327961000076,
              5.5842320920000361,
              0,
              null
            ],
            [
              95.359251093000069,
              5.5842570870000259,
              0,
              null
            ],
            [
              95.359171687000071,
              5.5842883820000679,
              0,
              null
            ],
            [
              95.359128100000078,
              5.5843063700000357,
              0,
              null
            ],
            [
              95.359089185000073,
              5.5843123120000655,
              0,
              null
            ],
            [
              95.358939196000051,
              5.5843320140000401,
              0,
              null
            ],
            [
              95.358794791000037,
              5.5843494700000633,
              0,
              null
            ],
            [
              95.358671180000044,
              5.5843598370000223,
              0,
              null
            ],
            [
              95.358615193000048,
              5.5843558160000271,
              0,
              null
            ],
            [
              95.358585671000071,
              5.5843510480000305,
              0,
              null
            ],
            [
              95.358541100000082,
              5.5843396690000304,
              0,
              null
            ],
            [
              95.35849707300008,
              5.5843283200000542,
              0,
              null
            ],
            [
              95.358423069000082,
              5.5843092420000744,
              0,
              null
            ],
            [
              95.358265909000067,
              5.5842726220000714,
              0,
              null
            ],
            [
              95.358082588000059,
              5.5842194970000492,
              0,
              null
            ],
            [
              95.357918891000054,
              5.5841779300000667,
              0,
              null
            ],
            [
              95.357830961000047,
              5.5841578750000735,
              0,
              null
            ],
            [
              95.357729259000052,
              5.5841331090000494,
              0,
              null
            ],
            [
              95.357579031000057,
              5.5840980350000677,
              0,
              null
            ],
            [
              95.357529508000084,
              5.584087013000044,
              0,
              null
            ],
            [
              95.357519019000051,
              5.5840844940000238,
              0,
              null
            ],
            [
              95.357412717000045,
              5.5840589710000472,
              0,
              null
            ],
            [
              95.357295354000087,
              5.5840366000000472,
              0,
              null
            ],
            [
              95.357286907000059,
              5.5840348240000708,
              0,
              null
            ],
            [
              95.357134443000064,
              5.584004124000046,
              0,
              null
            ],
            [
              95.357066604000067,
              5.5839908760000299,
              0,
              null
            ],
            [
              95.35701294100005,
              5.5839795070000378,
              0,
              null
            ],
            [
              95.356861242000036,
              5.5839323540000692,
              0,
              null
            ],
            [
              95.356772255000067,
              5.5839016340000285,
              0,
              null
            ],
            [
              95.356725727000082,
              5.583889311000064,
              0,
              null
            ],
            [
              95.356667045000052,
              5.583878979000076,
              0,
              null
            ],
            [
              95.35660226400006,
              5.583876746000044,
              0,
              null
            ],
            [
              95.356525372000078,
              5.5838732110000251,
              0,
              null
            ],
            [
              95.356465531000083,
              5.5838667720000217,
              0,
              null
            ],
            [
              95.356391956000039,
              5.5838652900000625,
              0,
              null
            ],
            [
              95.356373040000051,
              5.5838663240000415,
              0,
              null
            ],
            [
              95.354834738000079,
              5.5831701830000497,
              0,
              null
            ],
            [
              95.35411146000007,
              5.5849976090000268,
              0,
              null
            ],
            [
              95.354077287000052,
              5.5850903670000207,
              0,
              null
            ],
            [
              95.353940677000082,
              5.58503530400003,
              0,
              null
            ],
            [
              95.352654627000049,
              5.5845229050000285,
              0,
              null
            ],
            [
              95.352527003000034,
              5.5844610100000409,
              0,
              null
            ],
            [
              95.352431056000057,
              5.5843960180000636,
              0,
              null
            ],
            [
              95.352416498000082,
              5.5843861570000399,
              0,
              null
            ],
            [
              95.352377109000031,
              5.58434967900007,
              0,
              null
            ],
            [
              95.352376535000076,
              5.5843490610000686,
              0,
              null
            ],
            [
              95.352334786000085,
              5.5843040120000751,
              0,
              null
            ],
            [
              95.352288310000063,
              5.584235159000059,
              0,
              null
            ],
            [
              95.352253584000039,
              5.5841693320000445,
              0,
              null
            ],
            [
              95.352241606000064,
              5.5841378050000685,
              0,
              null
            ],
            [
              95.352233803000047,
              5.5841172690000462,
              0,
              null
            ],
            [
              95.352228165000042,
              5.5841024290000405,
              0,
              null
            ],
            [
              95.352206630000069,
              5.5840296080000371,
              0,
              null
            ],
            [
              95.352203747000033,
              5.5840198560000545,
              0,
              null
            ],
            [
              95.352194338000061,
              5.5839657690000308,
              0,
              null
            ],
            [
              95.352192380000076,
              5.5839160360000619,
              0,
              null
            ],
            [
              95.352192610000031,
              5.5838424760000294,
              0,
              null
            ],
            [
              95.352200433000064,
              5.5837862220000716,
              0,
              null
            ],
            [
              95.352209916000049,
              5.5837490650000632,
              0,
              null
            ],
            [
              95.352216689000045,
              5.5837225230000627,
              0,
              null
            ],
            [
              95.35223678400007,
              5.5836602100000619,
              0,
              null
            ],
            [
              95.352258631000041,
              5.5836092600000597,
              0,
              null
            ],
            [
              95.352261959000032,
              5.5836024690000272,
              0,
              null
            ],
            [
              95.352291903000037,
              5.5835413620000622,
              0,
              null
            ],
            [
              95.352337043000034,
              5.5834610420000672,
              0,
              null
            ],
            [
              95.352337564000038,
              5.5834601330000737,
              0,
              null
            ],
            [
              95.352361992000056,
              5.583417488000066,
              0,
              null
            ],
            [
              95.352384298000061,
              5.5833786470000746,
              0,
              null
            ],
            [
              95.352411783000036,
              5.5833333620000758,
              0,
              null
            ],
            [
              95.352450158000067,
              5.5832701190000762,
              0,
              null
            ],
            [
              95.352450217000069,
              5.5832700200000431,
              0,
              null
            ],
            [
              95.352545856000063,
              5.5831024570000523,
              0,
              null
            ],
            [
              95.352521416000059,
              5.5830902170000627,
              0,
              null
            ],
            [
              95.352507317000061,
              5.5830816240000445,
              0,
              null
            ],
            [
              95.352515089000065,
              5.5830701770000246,
              0,
              null
            ],
            [
              95.352622912000072,
              5.5828885990000572,
              0,
              null
            ],
            [
              95.352680645000078,
              5.5827821820000736,
              0,
              null
            ],
            [
              95.352685508000036,
              5.5827725730000566,
              0,
              null
            ],
            [
              95.352694439000061,
              5.582754929000032,
              0,
              null
            ],
            [
              95.352784865000046,
              5.5826239800000508,
              0,
              null
            ],
            [
              95.352795104000052,
              5.5825990640000214,
              0,
              null
            ],
            [
              95.352818987000035,
              5.5825549090000663,
              0,
              null
            ],
            [
              95.352925685000059,
              5.5823751150000476,
              0,
              null
            ],
            [
              95.35306440800008,
              5.5821449710000479,
              0,
              null
            ],
            [
              95.353266550000058,
              5.5818063550000261,
              0,
              null
            ],
            [
              95.353415325000071,
              5.5815534500000581,
              0,
              null
            ],
            [
              95.353549290000046,
              5.581327510000051,
              0,
              null
            ],
            [
              95.353611528000044,
              5.5812220320000279,
              0,
              null
            ],
            [
              95.353629912000031,
              5.5811831760000246,
              0,
              null
            ],
            [
              95.353659186000073,
              5.5811017460000585,
              0,
              null
            ],
            [
              95.353701714000067,
              5.5809703960000547,
              0,
              null
            ],
            [
              95.353714084000046,
              5.5809193930000447,
              0,
              null
            ],
            [
              95.353718125000057,
              5.5808743570000274,
              0,
              null
            ],
            [
              95.35374310800006,
              5.5807423940000263,
              0,
              null
            ],
            [
              95.353854284000079,
              5.5806583030000638,
              0,
              null
            ],
            [
              95.353892482000049,
              5.5806342170000676,
              0,
              null
            ],
            [
              95.353936273000045,
              5.5806064060000722,
              0,
              null
            ],
            [
              95.354008779000083,
              5.5805372020000732,
              0,
              null
            ],
            [
              95.354060188000062,
              5.5804762460000461,
              0,
              null
            ],
            [
              95.354082769000058,
              5.5804457870000306,
              0,
              null
            ],
            [
              95.354121211000063,
              5.5803889530000674,
              0,
              null
            ],
            [
              95.354166647000056,
              5.580301754000061,
              0,
              null
            ],
            [
              95.354208077000067,
              5.5802097330000606,
              0,
              null
            ],
            [
              95.354235910000057,
              5.5801259170000321,
              0,
              null
            ],
            [
              95.354282625000053,
              5.5799889330000383,
              0,
              null
            ],
            [
              95.354314672000044,
              5.5798845340000298,
              0,
              null
            ],
            [
              95.354343343000039,
              5.579771537000056,
              0,
              null
            ],
            [
              95.354374301000064,
              5.57963366000007,
              0,
              null
            ],
            [
              95.354420307000055,
              5.5794383250000692,
              0,
              null
            ],
            [
              95.354452165000055,
              5.5792865730000472,
              0,
              null
            ],
            [
              95.354475097000034,
              5.5791712090000374,
              0,
              null
            ],
            [
              95.354515781000032,
              5.5789581980000662,
              0,
              null
            ],
            [
              95.354539584000065,
              5.5788217840000698,
              0,
              null
            ],
            [
              95.354567908000035,
              5.5786217370000486,
              0,
              null
            ],
            [
              95.354594311000085,
              5.5784193060000575,
              0,
              null
            ],
            [
              95.354615605000049,
              5.5782522910000694,
              0,
              null
            ],
            [
              95.354639284000086,
              5.5780847880000692,
              0,
              null
            ],
            [
              95.354670055000042,
              5.5779000360000737,
              0,
              null
            ],
            [
              95.354691947000049,
              5.5777891870000644,
              0,
              null
            ],
            [
              95.354722841000068,
              5.5776144660000568,
              0,
              null
            ],
            [
              95.354771152000069,
              5.5773931020000305,
              0,
              null
            ],
            [
              95.354794103000074,
              5.5772825200000398,
              0,
              null
            ],
            [
              95.354816628000037,
              5.5771848550000414,
              0,
              null
            ],
            [
              95.354842413000085,
              5.5770666090000418,
              0,
              null
            ],
            [
              95.354900053000051,
              5.5767956540000228,
              0,
              null
            ],
            [
              95.354932420000068,
              5.5766520320000268,
              0,
              null
            ],
            [
              95.354947052000057,
              5.5765799880000486,
              0,
              null
            ],
            [
              95.354993259000082,
              5.5763708860000634,
              0,
              null
            ],
            [
              95.355027023000048,
              5.5762314390000256,
              0,
              null
            ],
            [
              95.355056405000084,
              5.5760787600000299,
              0,
              null
            ],
            [
              95.355122197000071,
              5.5757872050000401,
              0,
              null
            ],
            [
              95.355156355000076,
              5.5756435760000613,
              0,
              null
            ],
            [
              95.355195429000048,
              5.5754758910000533,
              0,
              null
            ],
            [
              95.355235939000067,
              5.5753089190000651,
              0,
              null
            ],
            [
              95.355287471000054,
              5.5751225300000442,
              0,
              null
            ],
            [
              95.355343677000064,
              5.5749411450000252,
              0,
              null
            ],
            [
              95.355414117000066,
              5.5747378200000526,
              0,
              null
            ],
            [
              95.355477558000075,
              5.5745750610000755,
              0,
              null
            ],
            [
              95.355569093000042,
              5.5743641190000517,
              0,
              null
            ],
            [
              95.355656796000062,
              5.5741800960000205,
              0,
              null
            ],
            [
              95.35574523300005,
              5.5740003760000718,
              0,
              null
            ],
            [
              95.356449394000038,
              5.5725284110000644,
              0,
              null
            ],
            [
              95.356695079000076,
              5.5720193320000249,
              0,
              null
            ],
            [
              95.356802794000032,
              5.5718197020000275,
              0,
              null
            ],
            [
              95.356894555000054,
              5.5716597530000627,
              0,
              null
            ],
            [
              95.356944580000061,
              5.5715830110000297,
              0,
              null
            ],
            [
              95.356983515000081,
              5.5715304930000684,
              0,
              null
            ],
            [
              95.357053429000075,
              5.5714527860000658,
              0,
              null
            ],
            [
              95.357159266000053,
              5.5713613040000496,
              0,
              null
            ],
            [
              95.35724398800005,
              5.5713003500000582,
              0,
              null
            ],
            [
              95.357282118000057,
              5.5712764880000236,
              0,
              null
            ],
            [
              95.357332318000033,
              5.5712528040000393,
              0,
              null
            ],
            [
              95.357395499000063,
              5.571233118000066,
              0,
              null
            ],
            [
              95.357471407000048,
              5.5712129370000412,
              0,
              null
            ],
            [
              95.357544656000073,
              5.5711976930000446,
              0,
              null
            ],
            [
              95.35760117600006,
              5.5711910040000703,
              0,
              null
            ],
            [
              95.357629284000041,
              5.5711904170000253,
              0,
              null
            ],
            [
              95.357643672000052,
              5.5711901160000252,
              0,
              null
            ],
            [
              95.357641655000066,
              5.5712120090000212,
              0,
              null
            ],
            [
              95.357663502000037,
              5.5712113580000278,
              0,
              null
            ],
            [
              95.35777188600008,
              5.5712228060000371,
              0,
              null
            ],
            [
              95.357829711000079,
              5.571228632000043,
              0,
              null
            ],
            [
              95.357890947000044,
              5.5712485340000626,
              0,
              null
            ],
            [
              95.35795029500008,
              5.5712654710000606,
              0,
              null
            ],
            [
              95.358092046000081,
              5.571329611000067,
              0,
              null
            ],
            [
              95.358195593000062,
              5.5713833210000416,
              0,
              null
            ],
            [
              95.358268531000078,
              5.5714304750000565,
              0,
              null
            ],
            [
              95.358321922000073,
              5.5714625290000299,
              0,
              null
            ],
            [
              95.358349470000064,
              5.5714778360000423,
              0,
              null
            ],
            [
              95.358352674000059,
              5.5714798700000756,
              0,
              null
            ],
            [
              95.358752688000038,
              5.5717377190000548,
              0,
              null
            ],
            [
              95.358847017000073,
              5.5717988840000316,
              0,
              null
            ],
            [
              95.359087943000077,
              5.571953823000058,
              0,
              null
            ],
            [
              95.359258418000081,
              5.5720656260000396,
              0,
              null
            ],
            [
              95.359616857000049,
              5.5722973010000487,
              0,
              null
            ],
            [
              95.359901715000035,
              5.5724815090000561,
              0,
              null
            ],
            [
              95.359994169000061,
              5.5725412950000646,
              0,
              null
            ],
            [
              95.360783300000037,
              5.5730537780000304,
              0,
              null
            ],
            [
              95.360837878000041,
              5.5730884840000385,
              0,
              null
            ],
            [
              95.360870730000045,
              5.5731093740000688,
              0,
              null
            ],
            [
              95.360912889000076,
              5.573136183000031,
              0,
              null
            ],
            [
              95.360936287000072,
              5.5731510610000328,
              0,
              null
            ],
            [
              95.360940838000033,
              5.5731537120000212,
              0,
              null
            ],
            [
              95.360950511000055,
              5.5731593470000576,
              0,
              null
            ],
            [
              95.360967593000055,
              5.5731692980000389,
              0,
              null
            ],
            [
              95.360971889000041,
              5.5731718010000577,
              0,
              null
            ],
            [
              95.361030431000074,
              5.5732051030000207,
              0,
              null
            ],
            [
              95.361124947000064,
              5.57325161600005,
              0,
              null
            ],
            [
              95.361170389000051,
              5.5732743920000303,
              0,
              null
            ],
            [
              95.361195217000045,
              5.5732842590000473,
              0,
              null
            ],
            [
              95.361257010000031,
              5.5733067780000738,
              0,
              null
            ],
            [
              95.361295880000057,
              5.5733240580000256,
              0,
              null
            ],
            [
              95.361331051000036,
              5.5733387970000763,
              0,
              null
            ],
            [
              95.361369064000087,
              5.5733468040000389,
              0,
              null
            ],
            [
              95.361403210000049,
              5.5733555160000492,
              0,
              null
            ],
            [
              95.361472164000077,
              5.5733668550000743,
              0,
              null
            ],
            [
              95.361497173000032,
              5.5733688480000296,
              0,
              null
            ],
            [
              95.361499194000032,
              5.5733690090000323,
              0,
              null
            ],
            [
              95.361513063000075,
              5.5733701130000668,
              0,
              null
            ],
            [
              95.361540757000057,
              5.5733714370000484,
              0,
              null
            ],
            [
              95.361602493000078,
              5.5733707320000576,
              0,
              null
            ],
            [
              95.36167772500005,
              5.5733717060000458,
              0,
              null
            ],
            [
              95.361696180000081,
              5.5733719460000657,
              0,
              null
            ],
            [
              95.361814920000086,
              5.5733690770000521,
              0,
              null
            ],
            [
              95.36187835000004,
              5.573364697000045,
              0,
              null
            ],
            [
              95.361947083000075,
              5.5733571990000428,
              0,
              null
            ],
            [
              95.362012223000079,
              5.5733469490000402,
              0,
              null
            ],
            [
              95.362070793000044,
              5.5733361840000271,
              0,
              null
            ],
            [
              95.362120754000046,
              5.573324866000064,
              0,
              null
            ],
            [
              95.362170510000055,
              5.5733119660000625,
              0,
              null
            ],
            [
              95.362186869000084,
              5.5733074720000673,
              0,
              null
            ],
            [
              95.362376225000048,
              5.5732554600000412,
              0,
              null
            ],
            [
              95.36283433400007,
              5.5731295610000302,
              0,
              null
            ],
            [
              95.362882612000078,
              5.5731162900000299,
              0,
              null
            ],
            [
              95.36319314800005,
              5.5730284160000565,
              0,
              null
            ],
            [
              95.363214374000052,
              5.573022409000032,
              0,
              null
            ],
            [
              95.363387453000087,
              5.5729749420000303,
              0,
              null
            ],
            [
              95.363456124000038,
              5.5729561090000743,
              0,
              null
            ],
            [
              95.363538434000077,
              5.5729335350000611,
              0,
              null
            ],
            [
              95.363585880000073,
              5.5729205230000503,
              0,
              null
            ],
            [
              95.363685972000042,
              5.5728927810000641,
              0,
              null
            ],
            [
              95.363715123000077,
              5.5728847020000671,
              0,
              null
            ],
            [
              95.363774956000043,
              5.5728681180000308,
              0,
              null
            ],
            [
              95.363809891000074,
              5.5728584360000468,
              0,
              null
            ],
            [
              95.36394824100006,
              5.5728200910000396,
              0,
              null
            ],
            [
              95.363986270000055,
              5.5728095510000344,
              0,
              null
            ],
            [
              95.363993970000081,
              5.5728074240000751,
              0,
              null
            ],
            [
              95.364253740000038,
              5.5727357460000349,
              0,
              null
            ],
            [
              95.364391471000033,
              5.5726971530000355,
              0,
              null
            ],
            [
              95.364534421000087,
              5.5726570970000466,
              0,
              null
            ],
            [
              95.364534785000046,
              5.5726569950000453,
              0,
              null
            ],
            [
              95.364599983000062,
              5.5726387260000365,
              0,
              null
            ],
            [
              95.364639598000053,
              5.572627528000055,
              0,
              null
            ],
            [
              95.364805689000036,
              5.5725805770000534,
              0,
              null
            ],
            [
              95.364819950000083,
              5.5725765450000608,
              0,
              null
            ],
            [
              95.364840925000067,
              5.5725707190000549,
              0,
              null
            ],
            [
              95.364910250000037,
              5.5725514600000565,
              0,
              null
            ],
            [
              95.365471274000072,
              5.5723980390000634,
              0,
              null
            ],
            [
              95.365617039000085,
              5.572358007000048,
              0,
              null
            ],
            [
              95.365647830000057,
              5.5723492180000562,
              0,
              null
            ],
            [
              95.365665184000079,
              5.5723442640000371,
              0,
              null
            ],
            [
              95.365720859000078,
              5.5723283700000366,
              0,
              null
            ],
            [
              95.36573508400005,
              5.5723243100000559,
              0,
              null
            ],
            [
              95.365739596000083,
              5.5723230220000346,
              0,
              null
            ],
            [
              95.365752712000074,
              5.5723192770000765,
              0,
              null
            ],
            [
              95.365766763000067,
              5.5723122300000227,
              0,
              null
            ],
            [
              95.365786208000031,
              5.5723024780000401,
              0,
              null
            ],
            [
              95.365900320000037,
              5.5722580140000559,
              0,
              null
            ],
            [
              95.365907754000034,
              5.5722581260000652,
              0,
              null
            ],
            [
              95.365959416000067,
              5.5722588980000296,
              0,
              null
            ],
            [
              95.366023107000046,
              5.5722392330000616,
              0,
              null
            ],
            [
              95.366062868000085,
              5.5722269580000443,
              0,
              null
            ],
            [
              95.366073044000075,
              5.5722877710000489,
              0,
              null
            ],
            [
              95.366077834000066,
              5.5723707350000495,
              0,
              null
            ],
            [
              95.366072966000047,
              5.5724187690000235,
              0,
              null
            ],
            [
              95.366062701000033,
              5.5724573970000506,
              0,
              null
            ],
            [
              95.365982895000059,
              5.5726780910000571,
              0,
              null
            ],
            [
              95.365942118000078,
              5.5727908540000612,
              0,
              null
            ],
            [
              95.365923729000087,
              5.5728417080000554,
              0,
              null
            ],
            [
              95.365861619000043,
              5.5730097070000397,
              0,
              null
            ],
            [
              95.365854974000058,
              5.5730276820000313,
              0,
              null
            ],
            [
              95.365763331000039,
              5.5732755620000489,
              0,
              null
            ],
            [
              95.36576111800008,
              5.573281550000047,
              0,
              null
            ],
            [
              95.365695064000079,
              5.5734490940000683,
              0,
              null
            ],
            [
              95.36562579200006,
              5.5736248010000509,
              0,
              null
            ],
            [
              95.365575867000075,
              5.5737514340000303,
              0,
              null
            ],
            [
              95.365500005000058,
              5.5739438580000638,
              0,
              null
            ],
            [
              95.365428182000073,
              5.5741260340000736,
              0,
              null
            ],
            [
              95.365062338000087,
              5.5750739720000411,
              0,
              null
            ],
            [
              95.364963689000035,
              5.5753398040000661,
              0,
              null
            ],
            [
              95.364803749000032,
              5.5757708020000223,
              0,
              null
            ],
            [
              95.364731890000087,
              5.5759644430000321,
              0,
              null
            ],
            [
              95.364728104000051,
              5.5759746440000413,
              0,
              null
            ],
            [
              95.364664558000072,
              5.5761326730000746,
              0,
              null
            ],
            [
              95.364603773000056,
              5.5763021640000261,
              0,
              null
            ],
            [
              95.364552010000068,
              5.5764465030000565,
              0,
              null
            ],
            [
              95.364540132000059,
              5.5764796230000684,
              0,
              null
            ],
            [
              95.36449521600008,
              5.5766076810000413,
              0,
              null
            ],
            [
              95.364333484000042,
              5.5770424650000336,
              0,
              null
            ],
            [
              95.364278895000041,
              5.5771894620000353,
              0,
              null
            ],
            [
              95.364219364000064,
              5.5773497670000438,
              0,
              null
            ],
            [
              95.364160698000035,
              5.5775077410000335,
              0,
              null
            ],
            [
              95.364095018000057,
              5.5776846030000229,
              0,
              null
            ],
            [
              95.364011962000063,
              5.5779082560000575,
              0,
              null
            ],
            [
              95.363966614000049,
              5.5780323700000736,
              0,
              null
            ],
            [
              95.363910435000037,
              5.5781861320000417,
              0,
              null
            ],
            [
              95.363879621000081,
              5.5782704700000636,
              0,
              null
            ],
            [
              95.36385350200004,
              5.5783419550000417,
              0,
              null
            ],
            [
              95.363820760000067,
              5.5784315700000207,
              0,
              null
            ],
            [
              95.36380665300004,
              5.5784692290000635,
              0,
              null
            ],
            [
              95.36377086400006,
              5.5785647690000246,
              0,
              null
            ],
            [
              95.363663240000051,
              5.5788520690000496,
              0,
              null
            ],
            [
              95.363658611000062,
              5.5788644270000418,
              0,
              null
            ],
            [
              95.363618541000051,
              5.5789713950000532,
              0,
              null
            ],
            [
              95.363614833000042,
              5.5789812910000478,
              0,
              null
            ],
            [
              95.363609580000059,
              5.5789953150000429,
              0,
              null
            ],
            [
              95.363605119000056,
              5.5790074170000707,
              0,
              null
            ],
            [
              95.363547637000067,
              5.5791633370000682,
              0,
              null
            ],
            [
              95.363521977000062,
              5.5792329370000289,
              0,
              null
            ],
            [
              95.363506313000073,
              5.5792754270000273,
              0,
              null
            ],
            [
              95.363485539000067,
              5.5793317780000393,
              0,
              null
            ],
            [
              95.36335110300007,
              5.5797004990000687,
              0,
              null
            ],
            [
              95.36337244300006,
              5.5797082290000617,
              0,
              null
            ],
            [
              95.363373277000051,
              5.5797085310000512,
              0,
              null
            ],
            [
              95.363382164000086,
              5.5797117510000476,
              0,
              null
            ],
            [
              95.363559318000057,
              5.5797759290000499,
              0,
              null
            ],
            [
              95.363682874000062,
              5.5798163260000706,
              0,
              null
            ],
            [
              95.363694453000051,
              5.5798201110000605,
              0,
              null
            ],
            [
              95.363702614000033,
              5.5797944620000521,
              0,
              null
            ],
            [
              95.363705218000064,
              5.5797803150000505,
              0,
              null
            ],
            [
              95.363890770000069,
              5.5798403640000629,
              0,
              null
            ],
            [
              95.363931930000035,
              5.5797219130000713,
              0,
              null
            ],
            [
              95.363975856000081,
              5.579582940000023,
              0,
              null
            ],
            [
              95.36402662100005,
              5.5794223270000316,
              0,
              null
            ],
            [
              95.364060768000058,
              5.5793142920000491,
              0,
              null
            ],
            [
              95.364105335000033,
              5.5791732910000746,
              0,
              null
            ],
            [
              95.364114742000083,
              5.579143527000042,
              0,
              null
            ],
            [
              95.364298761000043,
              5.5791990980000605,
              0,
              null
            ],
            [
              95.364532189000045,
              5.5792509070000733,
              0,
              null
            ],
            [
              95.364562202000059,
              5.5792575680000596,
              0,
              null
            ],
            [
              95.365169417000061,
              5.5793833170000653,
              0,
              null
            ],
            [
              95.365614623000056,
              5.579476340000042,
              0,
              null
            ],
            [
              95.365702793000082,
              5.5794961810000245,
              0,
              null
            ],
            [
              95.365913306000039,
              5.5795435520000751,
              0,
              null
            ],
            [
              95.365942823000069,
              5.5795496120000507,
              0,
              null
            ],
            [
              95.365942692000033,
              5.579550164000068,
              0,
              null
            ],
            [
              95.365961177000031,
              5.5795543250000605,
              0,
              null
            ],
            [
              95.365945048000071,
              5.5796222520000356,
              0,
              null
            ],
            [
              95.365964757000086,
              5.5796212650000712,
              0,
              null
            ],
            [
              95.366332446000058,
              5.579602851000061,
              0,
              null
            ],
            [
              95.366433616000052,
              5.5795977840000432,
              0,
              null
            ],
            [
              95.366594638000038,
              5.5795897200000582,
              0,
              null
            ],
            [
              95.366755865000073,
              5.5795806690000518,
              0,
              null
            ],
            [
              95.367066805000036,
              5.5795632150000642,
              0,
              null
            ],
            [
              95.367159198000081,
              5.5795579770000359,
              0,
              null
            ],
            [
              95.367283192000059,
              5.579550948000076,
              0,
              null
            ],
            [
              95.367432104000045,
              5.5795425060000525,
              0,
              null
            ],
            [
              95.36748285200008,
              5.5795396290000667,
              0,
              null
            ],
            [
              95.367548371000055,
              5.5795360070000584,
              0,
              null
            ],
            [
              95.367570520000072,
              5.5795347830000424,
              0,
              null
            ],
            [
              95.367599966000057,
              5.579533156000025,
              0,
              null
            ],
            [
              95.367621738000082,
              5.5795319530000711,
              0,
              null
            ],
            [
              95.367654033000065,
              5.5795297840000444,
              0,
              null
            ],
            [
              95.367643601000054,
              5.5793689960000279,
              0,
              null
            ],
            [
              95.367654408000078,
              5.5793627310000602,
              0,
              null
            ],
            [
              95.367677477000086,
              5.5793493560000229,
              0,
              null
            ],
            [
              95.367696641000066,
              5.5793382450000308,
              0,
              null
            ],
            [
              95.367705709000063,
              5.5793273130000216,
              0,
              null
            ],
            [
              95.367710647000081,
              5.5793235700000423,
              0,
              null
            ],
            [
              95.367718488000037,
              5.5793216850000249,
              0,
              null
            ],
            [
              95.367724042000077,
              5.5793213830000354,
              0,
              null
            ],
            [
              95.367730872000038,
              5.5793210110000473,
              0,
              null
            ],
            [
              95.367763724000042,
              5.5793195710000418,
              0,
              null
            ],
            [
              95.36796742000007,
              5.5793106390000275,
              0,
              null
            ],
            [
              95.368144224000048,
              5.5793028870000398,
              0,
              null
            ],
            [
              95.368169192000039,
              5.5793013860000542,
              0,
              null
            ],
            [
              95.368169669000054,
              5.5793013570000767,
              0,
              null
            ],
            [
              95.368286237000063,
              5.5792943480000758,
              0,
              null
            ],
            [
              95.368299510000043,
              5.5792935500000453,
              0,
              null
            ],
            [
              95.368350320000047,
              5.5792904940000767,
              0,
              null
            ],
            [
              95.368353674000048,
              5.5792902920000529,
              0,
              null
            ],
            [
              95.369033500000057,
              5.5792844070000456,
              0,
              null
            ],
            [
              95.369122100000084,
              5.5790481320000254,
              0,
              null
            ],
            [
              95.369170016000055,
              5.5789154240000585,
              0,
              null
            ],
            [
              95.36920660800007,
              5.5788140810000755,
              0,
              null
            ],
            [
              95.369377053000051,
              5.5783376520000729,
              0,
              null
            ],
            [
              95.369466553000052,
              5.5780935240000531,
              0,
              null
            ],
            [
              95.369481808000046,
              5.5780519120000349,
              0,
              null
            ],
            [
              95.369483233000039,
              5.5780484290000345,
              0,
              null
            ],
            [
              95.369541647000062,
              5.5779056130000413,
              0,
              null
            ],
            [
              95.369616975000042,
              5.5777214470000445,
              0,
              null
            ],
            [
              95.369623321000063,
              5.5777059320000717,
              0,
              null
            ],
            [
              95.369748051000045,
              5.5773666810000577,
              0,
              null
            ],
            [
              95.369807698000045,
              5.5772083060000455,
              0,
              null
            ],
            [
              95.369823180000083,
              5.57716719900003,
              0,
              null
            ],
            [
              95.369850822000046,
              5.5770938020000358,
              0,
              null
            ],
            [
              95.36986625600008,
              5.5770528220000415,
              0,
              null
            ],
            [
              95.370139910000034,
              5.5763471090000394,
              0,
              null
            ],
            [
              95.370174317000078,
              5.5762589150000395,
              0,
              null
            ],
            [
              95.370176356000059,
              5.5762536890000547,
              0,
              null
            ],
            [
              95.370177468000065,
              5.5762507750000623,
              0,
              null
            ],
            [
              95.370182586000055,
              5.576237362000029,
              0,
              null
            ],
            [
              95.370229958000039,
              5.5761132090000274,
              0,
              null
            ],
            [
              95.370239007000066,
              5.5760917300000301,
              0,
              null
            ],
            [
              95.370279463000031,
              5.5759957160000226,
              0,
              null
            ],
            [
              95.370291294000083,
              5.5759676380000656,
              0,
              null
            ],
            [
              95.370339435000062,
              5.575853382000048,
              0,
              null
            ],
            [
              95.370359528000051,
              5.5758056960000317,
              0,
              null
            ],
            [
              95.370400428000039,
              5.5757086250000611,
              0,
              null
            ],
            [
              95.370418677000032,
              5.5756653150000375,
              0,
              null
            ],
            [
              95.370450276000042,
              5.5755903210000497,
              0,
              null
            ],
            [
              95.370464532000085,
              5.5755591930000605,
              0,
              null
            ],
            [
              95.370490860000075,
              5.5755017120000616,
              0,
              null
            ],
            [
              95.370581965000042,
              5.5752906710000616,
              0,
              null
            ],
            [
              95.370594898000036,
              5.5752607130000342,
              0,
              null
            ],
            [
              95.370615729000065,
              5.5752699890000486,
              0,
              null
            ],
            [
              95.370864191000067,
              5.5753806340000551,
              0,
              null
            ],
            [
              95.370942313000057,
              5.5754181110000332,
              0,
              null
            ],
            [
              95.370977220000043,
              5.5754348560000722,
              0,
              null
            ],
            [
              95.37103399700004,
              5.575462094000045,
              0,
              null
            ],
            [
              95.371134446000042,
              5.5755168170000502,
              0,
              null
            ],
            [
              95.371228950000045,
              5.5755712480000739,
              0,
              null
            ],
            [
              95.371286657000041,
              5.5756044850000421,
              0,
              null
            ],
            [
              95.371370475000049,
              5.5756439380000415,
              0,
              null
            ],
            [
              95.371458921000055,
              5.5756855690000293,
              0,
              null
            ],
            [
              95.371501334000072,
              5.5757055320000291,
              0,
              null
            ],
            [
              95.371615186000042,
              5.5757612870000344,
              0,
              null
            ],
            [
              95.371635222000066,
              5.5757710990000646,
              0,
              null
            ],
            [
              95.371653958000081,
              5.5757802750000565,
              0,
              null
            ],
            [
              95.371690879000084,
              5.5757983560000639,
              0,
              null
            ],
            [
              95.371697644000051,
              5.5758046470000409,
              0,
              null
            ],
            [
              95.371700747000034,
              5.5758136820000459,
              0,
              null
            ],
            [
              95.371702069000037,
              5.5758282560000225,
              0,
              null
            ],
            [
              95.371696729000064,
              5.5758463910000273,
              0,
              null
            ],
            [
              95.371677463000083,
              5.5758925320000685,
              0,
              null
            ],
            [
              95.371660876000078,
              5.5759322550000547,
              0,
              null
            ],
            [
              95.371610244000067,
              5.5760535140000229,
              0,
              null
            ],
            [
              95.371608823000031,
              5.5760569160000273,
              0,
              null
            ],
            [
              95.371569943000054,
              5.5761500320000437,
              0,
              null
            ],
            [
              95.371567181000046,
              5.5761566460000722,
              0,
              null
            ],
            [
              95.371564922000061,
              5.5761671130000536,
              0,
              null
            ],
            [
              95.371565205000081,
              5.5761791070000299,
              0,
              null
            ],
            [
              95.371568754000066,
              5.5761866490000216,
              0,
              null
            ],
            [
              95.371578680000084,
              5.576196398000036,
              0,
              null
            ],
            [
              95.371594185000049,
              5.5762045060000673,
              0,
              null
            ],
            [
              95.371770757000036,
              5.5762810170000421,
              0,
              null
            ],
            [
              95.371887851000054,
              5.5763317550000693,
              0,
              null
            ],
            [
              95.37196074700006,
              5.5763630320000743,
              0,
              null
            ],
            [
              95.372060263000037,
              5.5764057320000688,
              0,
              null
            ],
            [
              95.372177598000064,
              5.5764560790000246,
              0,
              null
            ],
            [
              95.372222993000037,
              5.5764755570000375,
              0,
              null
            ],
            [
              95.372515093000061,
              5.5765957100000492,
              0,
              null
            ],
            [
              95.372443154000052,
              5.5769374680000396,
              0,
              null
            ],
            [
              95.372423019000053,
              5.5770176410000545,
              0,
              null
            ],
            [
              95.372369211000034,
              5.5772666690000392,
              0,
              null
            ],
            [
              95.372351398000035,
              5.5773418650000508,
              0,
              null
            ],
            [
              95.372312383000065,
              5.577491253000062,
              0,
              null
            ],
            [
              95.37226015400006,
              5.577680181000062,
              0,
              null
            ],
            [
              95.371712116000083,
              5.577060303000053,
              0,
              null
            ],
            [
              95.368534346000047,
              5.5868208520000735,
              0,
              null
            ],
            [
              95.368819882000082,
              5.5868969950000746,
              0,
              null
            ],
            [
              95.368169556000055,
              5.5892002110000476,
              0,
              null
            ]
          ]
        ]
      },
      "properties" : {
        "FID" : 0,
        "OBJECTID" : 17070,
        "KDPPUM" : "11",
        "NAMOBJ" : "Rukoh",
        "REMARK" : " ",
        "KDPBPS" : " ",
        "FCODE" : "BA03070040",
        "LUASWH" : 0,
        "UUPP" : "RBI",
        "SRS_ID" : "SRGI 2013",
        "METADATA" : "TASWIL1000020200326DATA_BATAS_DESA_KELURAHAN",
        "KDEBPS" : " ",
        "KDEPUM" : "11.71.04.2009",
        "KDCBPS" : " ",
        "KDCPUM" : "11.71.04",
        "KDBBPS" : " ",
        "WADMKD" : "Rukoh",
        "WIADKD" : "0",
        "WADMKC" : "Syiah Kuala",
        "WIADKC" : " ",
        "WADMKK" : "Kota Banda Aceh",
        "WIADKK" : " ",
        "WADMPR" : "Aceh",
        "WIADPR" : " ",
        "TIPADM" : 9,
        "KDPKAB" : "11.71",
        "SHAPE_Leng" : 0.081594127705983996,
        "SHAPE_Area" : 0.00016883094169200001
      }
    }
  ]
}