{
  "hasZ" : true,
  "hasM" : true,
  "type" : "FeatureCollection",
  "features" : [
    {
      "type" : "Feature",
      "id" : 0,
      "geometry" : {
        "type" : "MultiPolygon",
        "coordinates" : [
          [
            [
              [
                95.313515815000073,
                5.5183644550000395,
                0,
                null
              ],
              [
                95.313517976000071,
                5.5183750350000764,
                0,
                null
              ],
              [
                95.313525051000056,
                5.5184022220000202,
                0,
                null
              ],
              [
                95.313531975000046,
                5.5184340190000398,
                0,
                null
              ],
              [
                95.313541194000038,
                5.5184757780000382,
                0,
                null
              ],
              [
                95.313546483000039,
                5.5184997370000701,
                0,
                null
              ],
              [
                95.313563649000059,
                5.5186041450000403,
                0,
                null
              ],
              [
                95.313570682000034,
                5.5186676700000703,
                0,
                null
              ],
              [
                95.313575187000083,
                5.5187083560000474,
                0,
                null
              ],
              [
                95.313581573000079,
                5.5187660380000239,
                0,
                null
              ],
              [
                95.313585590000059,
                5.5188023250000242,
                0,
                null
              ],
              [
                95.313592629000084,
                5.5189078390000645,
                0,
                null
              ],
              [
                95.313596514000039,
                5.518972174000055,
                0,
                null
              ],
              [
                95.313596554000071,
                5.5189905170000202,
                0,
                null
              ],
              [
                95.313596640000071,
                5.5190299750000236,
                0,
                null
              ],
              [
                95.313596711000059,
                5.5190625640000235,
                0,
                null
              ],
              [
                95.313585055000033,
                5.51913442700004,
                0,
                null
              ],
              [
                95.313571369000044,
                5.5191945640000313,
                0,
                null
              ],
              [
                95.313526135000075,
                5.5193798800000309,
                0,
                null
              ],
              [
                95.313508050000053,
                5.5194447890000333,
                0,
                null
              ],
              [
                95.313460046000046,
                5.5196170860000393,
                0,
                null
              ],
              [
                95.31341159200008,
                5.5197646640000357,
                0,
                null
              ],
              [
                95.313401302000045,
                5.5197960080000712,
                0,
                null
              ],
              [
                95.313389112000038,
                5.5198331350000558,
                0,
                null
              ],
              [
                95.313349719000087,
                5.5199681240000587,
                0,
                null
              ],
              [
                95.313316288000067,
                5.5200826840000445,
                0,
                null
              ],
              [
                95.313307400000042,
                5.5201116150000757,
                0,
                null
              ],
              [
                95.313274579000051,
                5.5202184480000369,
                0,
                null
              ],
              [
                95.313237044000061,
                5.5203682160000653,
                0,
                null
              ],
              [
                95.31321986100005,
                5.5204548330000307,
                0,
                null
              ],
              [
                95.313214279000078,
                5.5204932980000763,
                0,
                null
              ],
              [
                95.313206243000081,
                5.520548667000071,
                0,
                null
              ],
              [
                95.313200485000038,
                5.5206293670000264,
                0,
                null
              ],
              [
                95.313199323000049,
                5.5206461100000297,
                0,
                null
              ],
              [
                95.313185934000046,
                5.5208333450000282,
                0,
                null
              ],
              [
                95.313160273000051,
                5.5211649800000373,
                0,
                null
              ],
              [
                95.313142349000032,
                5.5211627460000727,
                0,
                null
              ],
              [
                95.313136098000086,
                5.5211618520000343,
                0,
                null
              ],
              [
                95.312865311000053,
                5.521123120000027,
                0,
                null
              ],
              [
                95.312788313000055,
                5.5211177700000462,
                0,
                null
              ],
              [
                95.312770327000067,
                5.5211183290000463,
                0,
                null
              ],
              [
                95.312749974000042,
                5.5211225750000494,
                0,
                null
              ],
              [
                95.312727263000056,
                5.5211306360000663,
                0,
                null
              ],
              [
                95.312704506000046,
                5.5211407310000595,
                0,
                null
              ],
              [
                95.312662704000047,
                5.5211551850000546,
                0,
                null
              ],
              [
                95.312625326000045,
                5.5211635650000517,
                0,
                null
              ],
              [
                95.312603000000081,
                5.5211661380000692,
                0,
                null
              ],
              [
                95.312597487000062,
                5.5211664280000718,
                0,
                null
              ],
              [
                95.312592371000051,
                5.5211666980000587,
                0,
                null
              ],
              [
                95.312578368000061,
                5.5211674360000416,
                0,
                null
              ],
              [
                95.312577844000032,
                5.5211674210000297,
                0,
                null
              ],
              [
                95.312562976000038,
                5.5211670220000428,
                0,
                null
              ],
              [
                95.312555111000052,
                5.5211668110000574,
                0,
                null
              ],
              [
                95.312542181000083,
                5.5211664640000322,
                0,
                null
              ],
              [
                95.312538978000077,
                5.5211663780000322,
                0,
                null
              ],
              [
                95.312537559000077,
                5.5211662920000322,
                0,
                null
              ],
              [
                95.312533462000033,
                5.5211660450000295,
                0,
                null
              ],
              [
                95.312532766000061,
                5.5211660020000295,
                0,
                null
              ],
              [
                95.312529239000071,
                5.5211657880000757,
                0,
                null
              ],
              [
                95.312519878000046,
                5.5211652230000254,
                0,
                null
              ],
              [
                95.312515610000048,
                5.521164964000036,
                0,
                null
              ],
              [
                95.312514289000035,
                5.5211648840000294,
                0,
                null
              ],
              [
                95.312508621000063,
                5.5211645410000756,
                0,
                null
              ],
              [
                95.31250661100006,
                5.5211644190000584,
                0,
                null
              ],
              [
                95.312504619000038,
                5.52116429900002,
                0,
                null
              ],
              [
                95.312504083000078,
                5.521164266000028,
                0,
                null
              ],
              [
                95.312502619000043,
                5.5211641780000491,
                0,
                null
              ],
              [
                95.312499998000078,
                5.5211640190000253,
                0,
                null
              ],
              [
                95.312436293000076,
                5.521161672000062,
                0,
                null
              ],
              [
                95.312435436000044,
                5.521161649000021,
                0,
                null
              ],
              [
                95.312347806000048,
                5.5211593230000631,
                0,
                null
              ],
              [
                95.312322131000087,
                5.5211589940000749,
                0,
                null
              ],
              [
                95.312274830000035,
                5.5211583870000709,
                0,
                null
              ],
              [
                95.312243037000087,
                5.5211564270000508,
                0,
                null
              ],
              [
                95.312215096000045,
                5.5211547050000718,
                0,
                null
              ],
              [
                95.31220307600006,
                5.5211535410000465,
                0,
                null
              ],
              [
                95.312199691000046,
                5.5211531650000438,
                0,
                null
              ],
              [
                95.312187876000053,
                5.5211515030000555,
                0,
                null
              ],
              [
                95.312182429000075,
                5.5211494810000659,
                0,
                null
              ],
              [
                95.312178002000053,
                5.5211478440000405,
                0,
                null
              ],
              [
                95.312165991000086,
                5.5211399280000251,
                0,
                null
              ],
              [
                95.312154692000036,
                5.5211340960000257,
                0,
                null
              ],
              [
                95.312145826000062,
                5.5211321330000374,
                0,
                null
              ],
              [
                95.312134448000052,
                5.521131490000073,
                0,
                null
              ],
              [
                95.312117735000072,
                5.5211323690000427,
                0,
                null
              ],
              [
                95.312100861000033,
                5.521133763000023,
                0,
                null
              ],
              [
                95.312079273000052,
                5.5211355470000285,
                0,
                null
              ],
              [
                95.312044873000048,
                5.5211394950000567,
                0,
                null
              ],
              [
                95.312026334000052,
                5.5211416280000662,
                0,
                null
              ],
              [
                95.312005743000043,
                5.5211453750000601,
                0,
                null
              ],
              [
                95.311965673000032,
                5.5211526660000345,
                0,
                null
              ],
              [
                95.31195124900006,
                5.5211550580000335,
                0,
                null
              ],
              [
                95.311880277000057,
                5.5211668290000375,
                0,
                null
              ],
              [
                95.311875313000087,
                5.521167652000031,
                0,
                null
              ],
              [
                95.311847540000031,
                5.5211730940000621,
                0,
                null
              ],
              [
                95.31184307500007,
                5.5211747800000239,
                0,
                null
              ],
              [
                95.311826831000076,
                5.5211809120000339,
                0,
                null
              ],
              [
                95.311817608000069,
                5.5211893990000362,
                0,
                null
              ],
              [
                95.311807157000032,
                5.5212044720000222,
                0,
                null
              ],
              [
                95.311788847000059,
                5.5212330980000388,
                0,
                null
              ],
              [
                95.311769773000037,
                5.5212532030000716,
                0,
                null
              ],
              [
                95.311751065000067,
                5.5212629660000516,
                0,
                null
              ],
              [
                95.311722946000032,
                5.5212675950000403,
                0,
                null
              ],
              [
                95.311687927000037,
                5.5212700360000326,
                0,
                null
              ],
              [
                95.31163254900008,
                5.5212754950000544,
                0,
                null
              ],
              [
                95.311627697000063,
                5.5212759730000585,
                0,
                null
              ],
              [
                95.311617751000085,
                5.5212769530000401,
                0,
                null
              ],
              [
                95.311544626000057,
                5.521283555000025,
                0,
                null
              ],
              [
                95.311524317000078,
                5.5212853890000702,
                0,
                null
              ],
              [
                95.311478099000055,
                5.5212870510000585,
                0,
                null
              ],
              [
                95.311461772000087,
                5.5212851170000476,
                0,
                null
              ],
              [
                95.311438793000036,
                5.5212769080000612,
                0,
                null
              ],
              [
                95.311428483000043,
                5.5212732250000727,
                0,
                null
              ],
              [
                95.311420975000033,
                5.521270328000071,
                0,
                null
              ],
              [
                95.311373418000073,
                5.521251980000045,
                0,
                null
              ],
              [
                95.311353876000055,
                5.5212492810000526,
                0,
                null
              ],
              [
                95.311329581000052,
                5.521251201000041,
                0,
                null
              ],
              [
                95.311324030000037,
                5.5212520270000596,
                0,
                null
              ],
              [
                95.311298097000076,
                5.5212558890000309,
                0,
                null
              ],
              [
                95.311266117000059,
                5.5212627290000569,
                0,
                null
              ],
              [
                95.311235284000077,
                5.5212716000000341,
                0,
                null
              ],
              [
                95.311226180000062,
                5.5212742200000662,
                0,
                null
              ],
              [
                95.311195302000044,
                5.5212846040000727,
                0,
                null
              ],
              [
                95.311158778000049,
                5.5212968860000728,
                0,
                null
              ],
              [
                95.311118653000051,
                5.5213103790000559,
                0,
                null
              ],
              [
                95.311058753000054,
                5.5213288260000581,
                0,
                null
              ],
              [
                95.311036908000062,
                5.5213347230000522,
                0,
                null
              ],
              [
                95.311016425000048,
                5.5213368270000274,
                0,
                null
              ],
              [
                95.311001145000034,
                5.5213383970000223,
                0,
                null
              ],
              [
                95.310966683000061,
                5.52134124600002,
                0,
                null
              ],
              [
                95.310937459000058,
                5.5213436620000493,
                0,
                null
              ],
              [
                95.310929874000067,
                5.5213442870000335,
                0,
                null
              ],
              [
                95.310874245000036,
                5.5213484130000552,
                0,
                null
              ],
              [
                95.310794040000076,
                5.5213543610000215,
                0,
                null
              ],
              [
                95.31078657900008,
                5.5213549150000745,
                0,
                null
              ],
              [
                95.310680001000037,
                5.5213636270000279,
                0,
                null
              ],
              [
                95.310670609000056,
                5.521364118000065,
                0,
                null
              ],
              [
                95.310645295000086,
                5.5213654440000255,
                0,
                null
              ],
              [
                95.310610420000046,
                5.5213632920000464,
                0,
                null
              ],
              [
                95.31057542800005,
                5.5213603150000381,
                0,
                null
              ],
              [
                95.310507997000059,
                5.5213545790000467,
                0,
                null
              ],
              [
                95.310451309000086,
                5.5213513510000212,
                0,
                null
              ],
              [
                95.310428648000084,
                5.521350061000021,
                0,
                null
              ],
              [
                95.310373955000045,
                5.52134819500003,
                0,
                null
              ],
              [
                95.310354521000079,
                5.5213475290000247,
                0,
                null
              ],
              [
                95.310319973000048,
                5.5213440390000414,
                0,
                null
              ],
              [
                95.310308865000081,
                5.5213429160000373,
                0,
                null
              ],
              [
                95.310226587000045,
                5.5213306670000293,
                0,
                null
              ],
              [
                95.310140046000072,
                5.5213177840000753,
                0,
                null
              ],
              [
                95.310081355000079,
                5.5213085840000531,
                0,
                null
              ],
              [
                95.310050582000031,
                5.5213037600000234,
                0,
                null
              ],
              [
                95.310000163000041,
                5.5212958560000516,
                0,
                null
              ],
              [
                95.309975572000042,
                5.5212920020000524,
                0,
                null
              ],
              [
                95.309895336000068,
                5.5212796590000721,
                0,
                null
              ],
              [
                95.30984593900007,
                5.5212734780000687,
                0,
                null
              ],
              [
                95.309840661000067,
                5.5212731100000383,
                0,
                null
              ],
              [
                95.309836214000086,
                5.5212733440000648,
                0,
                null
              ],
              [
                95.309828674000073,
                5.521273835000045,
                0,
                null
              ],
              [
                95.309822083000086,
                5.5212745830000358,
                0,
                null
              ],
              [
                95.309815203000085,
                5.5212754600000267,
                0,
                null
              ],
              [
                95.309798945000068,
                5.5212772410000639,
                0,
                null
              ],
              [
                95.309804560000032,
                5.5212711620000618,
                0,
                null
              ],
              [
                95.309818858000085,
                5.5212455440000667,
                0,
                null
              ],
              [
                95.309834974000069,
                5.5212102910000453,
                0,
                null
              ],
              [
                95.309836534000056,
                5.5212068780000436,
                0,
                null
              ],
              [
                95.309852464000073,
                5.5211623250000343,
                0,
                null
              ],
              [
                95.309855717000062,
                5.5211474990000511,
                0,
                null
              ],
              [
                95.309862384000041,
                5.5211171080000554,
                0,
                null
              ],
              [
                95.30987491500008,
                5.5210452550000468,
                0,
                null
              ],
              [
                95.309883840000055,
                5.5210068130000423,
                0,
                null
              ],
              [
                95.309891856000036,
                5.5209722850000276,
                0,
                null
              ],
              [
                95.309894816000053,
                5.5209595320000631,
                0,
                null
              ],
              [
                95.309896871000035,
                5.5209477830000537,
                0,
                null
              ],
              [
                95.309905186000037,
                5.5209002210000335,
                0,
                null
              ],
              [
                95.309906835000049,
                5.5208624310000687,
                0,
                null
              ],
              [
                95.309907034000048,
                5.5208352860000218,
                0,
                null
              ],
              [
                95.309907048000071,
                5.5208333730000732,
                0,
                null
              ],
              [
                95.309907484000064,
                5.5207738440000753,
                0,
                null
              ],
              [
                95.309906736000073,
                5.5207578300000364,
                0,
                null
              ],
              [
                95.309902643000044,
                5.5207235060000244,
                0,
                null
              ],
              [
                95.309888134000062,
                5.5206453450000481,
                0,
                null
              ],
              [
                95.309841892000065,
                5.5204180830000382,
                0,
                null
              ],
              [
                95.309838482000032,
                5.5204013270000587,
                0,
                null
              ],
              [
                95.309828078000066,
                5.5203934580000578,
                0,
                null
              ],
              [
                95.30981980100006,
                5.5203819180000551,
                0,
                null
              ],
              [
                95.30981508900004,
                5.5203753480000728,
                0,
                null
              ],
              [
                95.30980504200005,
                5.5203503630000341,
                0,
                null
              ],
              [
                95.309804916000076,
                5.5203500470000222,
                0,
                null
              ],
              [
                95.309779407000065,
                5.5202864970000292,
                0,
                null
              ],
              [
                95.309742000000085,
                5.5201924330000338,
                0,
                null
              ],
              [
                95.309740921000071,
                5.5201897180000401,
                0,
                null
              ],
              [
                95.309718021000037,
                5.5201290650000487,
                0,
                null
              ],
              [
                95.309716885000057,
                5.520126054000059,
                0,
                null
              ],
              [
                95.309715673000085,
                5.5201228450000599,
                0,
                null
              ],
              [
                95.309714081000038,
                5.5201166430000512,
                0,
                null
              ],
              [
                95.309710900000084,
                5.5201042380000445,
                0,
                null
              ],
              [
                95.30970953700006,
                5.520098924000024,
                0,
                null
              ],
              [
                95.309708852000085,
                5.5200863990000357,
                0,
                null
              ],
              [
                95.30970826500004,
                5.5200756260000503,
                0,
                null
              ],
              [
                95.309708945000068,
                5.5200697930000615,
                0,
                null
              ],
              [
                95.309709435000059,
                5.5200655890000689,
                0,
                null
              ],
              [
                95.309709876000056,
                5.5200618000000645,
                0,
                null
              ],
              [
                95.309710325000083,
                5.5200579460000654,
                0,
                null
              ],
              [
                95.309711517000039,
                5.5200540750000755,
                0,
                null
              ],
              [
                95.309712859000058,
                5.5200497180000525,
                0,
                null
              ],
              [
                95.309715385000061,
                5.5200415110000449,
                0,
                null
              ],
              [
                95.309717538000086,
                5.5200381570000445,
                0,
                null
              ],
              [
                95.309724774000074,
                5.5200268850000498,
                0,
                null
              ],
              [
                95.309735009000065,
                5.5200165050000578,
                0,
                null
              ],
              [
                95.309741270000075,
                5.5200126420000402,
                0,
                null
              ],
              [
                95.309788387000083,
                5.5199846320000461,
                0,
                null
              ],
              [
                95.30983933400006,
                5.5199573280000322,
                0,
                null
              ],
              [
                95.309882086000073,
                5.5199344170000586,
                0,
                null
              ],
              [
                95.309851288000061,
                5.5198540570000318,
                0,
                null
              ],
              [
                95.309813308000059,
                5.5197541460000252,
                0,
                null
              ],
              [
                95.309792772000037,
                5.5196952080000301,
                0,
                null
              ],
              [
                95.309768340000062,
                5.5195928530000629,
                0,
                null
              ],
              [
                95.309744855000076,
                5.5194778840000254,
                0,
                null
              ],
              [
                95.309721373000059,
                5.5193629330000249,
                0,
                null
              ],
              [
                95.309711648000075,
                5.519319719000066,
                0,
                null
              ],
              [
                95.309703787000046,
                5.5192729650000274,
                0,
                null
              ],
              [
                95.309700661000079,
                5.5192455520000294,
                0,
                null
              ],
              [
                95.309699695000063,
                5.5192401910000513,
                0,
                null
              ],
              [
                95.309713917000067,
                5.5192377580000311,
                0,
                null
              ],
              [
                95.309686368000087,
                5.5188486290000469,
                0,
                null
              ],
              [
                95.309781547000057,
                5.5186582720000388,
                0,
                null
              ],
              [
                95.309796775000052,
                5.5184785760000636,
                0,
                null
              ],
              [
                95.309803343000056,
                5.5184424380000223,
                0,
                null
              ],
              [
                95.309880437000061,
                5.5178237800000716,
                0,
                null
              ],
              [
                95.310576199000081,
                5.5176757120000275,
                0,
                null
              ],
              [
                95.310743713000079,
                5.5176262160000533,
                0,
                null
              ],
              [
                95.31102482700004,
                5.5175367650000453,
                0,
                null
              ],
              [
                95.311038981000081,
                5.517530832000034,
                0,
                null
              ],
              [
                95.311039555000036,
                5.517530592000071,
                0,
                null
              ],
              [
                95.311039582000035,
                5.5175322670000355,
                0,
                null
              ],
              [
                95.311042701000076,
                5.5177229520000424,
                0,
                null
              ],
              [
                95.311103615000036,
                5.5177534090000222,
                0,
                null
              ],
              [
                95.311351079000076,
                5.5178257460000282,
                0,
                null
              ],
              [
                95.311503363000043,
                5.5178733340000576,
                0,
                null
              ],
              [
                95.311571893000064,
                5.5179076000000578,
                0,
                null
              ],
              [
                95.311760347000074,
                5.5179418630000328,
                0,
                null
              ],
              [
                95.312017328000081,
                5.5180046820000257,
                0,
                null
              ],
              [
                95.312497026000074,
                5.5181360280000717,
                0,
                null
              ],
              [
                95.312789225000074,
                5.5181484000000296,
                0,
                null
              ],
              [
                95.312798742000041,
                5.518216930000051,
                0,
                null
              ],
              [
                95.312835805000077,
                5.5185233040000412,
                0,
                null
              ],
              [
                95.313317169000072,
                5.5184217270000318,
                0,
                null
              ],
              [
                95.313515815000073,
                5.5183644550000395,
                0,
                null
              ]
            ]
          ],
          [
            [
              [
                95.313637852000056,
                5.5183292700000379,
                0,
                null
              ],
              [
                95.31427732700007,
                5.5181449020000741,
                0,
                null
              ],
              [
                95.314868738000087,
                5.5179876380000223,
                0,
                null
              ],
              [
                95.314868894000085,
                5.517988287000037,
                0,
                null
              ],
              [
                95.314873898000087,
                5.5180039410000745,
                0,
                null
              ],
              [
                95.314854141000069,
                5.5180091980000725,
                0,
                null
              ],
              [
                95.314778515000057,
                5.5180287090000206,
                0,
                null
              ],
              [
                95.314675309000052,
                5.5180553360000317,
                0,
                null
              ],
              [
                95.314461786000038,
                5.5181111740000688,
                0,
                null
              ],
              [
                95.314289282000061,
                5.5181584830000361,
                0,
                null
              ],
              [
                95.314100645000053,
                5.5182100390000528,
                0,
                null
              ],
              [
                95.313846718000036,
                5.5182791900000439,
                0,
                null
              ],
              [
                95.313637852000056,
                5.5183292700000379,
                0,
                null
              ]
            ]
          ],
          [
            [
              [
                95.313515815000073,
                5.5183644550000395,
                0,
                null
              ],
              [
                95.313514661000056,
                5.5183588080000732,
                0,
                null
              ],
              [
                95.313637852000056,
                5.5183292700000379,
                0,
                null
              ],
              [
                95.313515815000073,
                5.5183644550000395,
                0,
                null
              ]
            ]
          ]
        ]
      },
      "properties" : {
        "FID" : 0,
        "OBJECTID" : 10380,
        "KDPPUM" : "11",
        "NAMOBJ" : "Lampeout",
        "REMARK" : " ",
        "KDPBPS" : " ",
        "FCODE" : "BA03070040",
        "LUASWH" : 0,
        "UUPP" : "RBI",
        "SRS_ID" : "SRGI 2013",
        "METADATA" : "TASWIL1000020200326DATA_BATAS_DESA_KELURAHAN",
        "KDEBPS" : " ",
        "KDEPUM" : "11.71.07.2010",
        "KDCBPS" : " ",
        "KDCPUM" : "11.71.07",
        "KDBBPS" : " ",
        "WADMKD" : "Lampeout",
        "WIADKD" : "0",
        "WADMKC" : "Banda Raya",
        "WIADKC" : " ",
        "WADMKK" : "Kota Banda Aceh",
        "WIADKK" : " ",
        "WADMPR" : "Aceh",
        "WIADPR" : " ",
        "TIPADM" : 9,
        "KDPKAB" : "11.71",
        "SHAPE_Leng" : 0.017082515263152999,
        "SHAPE_Area" : 1.1802527050000001e-05
      }
    }
  ]
}