{
  "hasZ" : true,
  "hasM" : true,
  "type" : "FeatureCollection",
  "features" : [
    {
      "type" : "Feature",
      "id" : 0,
      "geometry" : {
        "type" : "Polygon",
        "coordinates" : [
          [
            [
              95.325966136000034,
              5.5324909330000764,
              0,
              null
            ],
            [
              95.325806043000057,
              5.5324546060000444,
              0,
              null
            ],
            [
              95.325791073000062,
              5.5324512690000347,
              0,
              null
            ],
            [
              95.325521483000045,
              5.5323654050000641,
              0,
              null
            ],
            [
              95.325490069000068,
              5.5325231710000367,
              0,
              null
            ],
            [
              95.325300247000087,
              5.5324907560000725,
              0,
              null
            ],
            [
              95.325239433000036,
              5.5324540830000615,
              0,
              null
            ],
            [
              95.325068376000047,
              5.5324136190000672,
              0,
              null
            ],
            [
              95.324985574000038,
              5.5324013680000235,
              0,
              null
            ],
            [
              95.324957648000066,
              5.5325800180000329,
              0,
              null
            ],
            [
              95.324932083000078,
              5.5327908710000315,
              0,
              null
            ],
            [
              95.324805397000034,
              5.532753317000072,
              0,
              null
            ],
            [
              95.324639775000037,
              5.5327226550000432,
              0,
              null
            ],
            [
              95.324590249000039,
              5.5327112700000498,
              0,
              null
            ],
            [
              95.324520895000035,
              5.5326953260000664,
              0,
              null
            ],
            [
              95.324332263000031,
              5.5326530400000706,
              0,
              null
            ],
            [
              95.324125047000052,
              5.5326131960000566,
              0,
              null
            ],
            [
              95.324071299000082,
              5.5326020460000223,
              0,
              null
            ],
            [
              95.323951572000055,
              5.5325784320000366,
              0,
              null
            ],
            [
              95.323831431000087,
              5.5325512850000678,
              0,
              null
            ],
            [
              95.323810969000078,
              5.5325475080000501,
              0,
              null
            ],
            [
              95.323813903000087,
              5.5325203250000641,
              0,
              null
            ],
            [
              95.323534444000074,
              5.5324162140000226,
              0,
              null
            ],
            [
              95.32347199600008,
              5.5323991220000721,
              0,
              null
            ],
            [
              95.323393384000042,
              5.5323849400000427,
              0,
              null
            ],
            [
              95.323176191000073,
              5.5323687410000275,
              0,
              null
            ],
            [
              95.322938514000043,
              5.5323540370000615,
              0,
              null
            ],
            [
              95.322919024000043,
              5.5323576120000553,
              0,
              null
            ],
            [
              95.32290551400007,
              5.5323700300000382,
              0,
              null
            ],
            [
              95.32288008200004,
              5.5324090520000482,
              0,
              null
            ],
            [
              95.322851729000035,
              5.5324437830000761,
              0,
              null
            ],
            [
              95.322829682000076,
              5.5324556480000524,
              0,
              null
            ],
            [
              95.322805642000048,
              5.5324605600000609,
              0,
              null
            ],
            [
              95.32276758900008,
              5.5324626340000691,
              0,
              null
            ],
            [
              95.322631645000058,
              5.5324550390000695,
              0,
              null
            ],
            [
              95.322380448000047,
              5.5324350960000288,
              0,
              null
            ],
            [
              95.322089186000085,
              5.5324183000000744,
              0,
              null
            ],
            [
              95.321981337000068,
              5.5324137670000368,
              0,
              null
            ],
            [
              95.321968278000043,
              5.5324078610000242,
              0,
              null
            ],
            [
              95.321963455000059,
              5.5323947550000412,
              0,
              null
            ],
            [
              95.321955742000057,
              5.5323017580000737,
              0,
              null
            ],
            [
              95.321949776000054,
              5.5322321310000575,
              0,
              null
            ],
            [
              95.321939370000052,
              5.5322171130000584,
              0,
              null
            ],
            [
              95.321923968000078,
              5.5322048710000331,
              0,
              null
            ],
            [
              95.32190328300004,
              5.532195859000069,
              0,
              null
            ],
            [
              95.321671822000042,
              5.5321706470000436,
              0,
              null
            ],
            [
              95.321608284000035,
              5.5321643830000653,
              0,
              null
            ],
            [
              95.321580109000081,
              5.5321662100000708,
              0,
              null
            ],
            [
              95.32155485800007,
              5.5321751320000203,
              0,
              null
            ],
            [
              95.321531886000059,
              5.5321856620000744,
              0,
              null
            ],
            [
              95.321502879000036,
              5.5322078130000705,
              0,
              null
            ],
            [
              95.321508172000051,
              5.532189565000067,
              0,
              null
            ],
            [
              95.321585943000059,
              5.5319214360000615,
              0,
              null
            ],
            [
              95.321624224000061,
              5.5319276030000424,
              0,
              null
            ],
            [
              95.321661694000056,
              5.5317601840000634,
              0,
              null
            ],
            [
              95.321683370000073,
              5.5316664510000351,
              0,
              null
            ],
            [
              95.321686250000084,
              5.5316552040000602,
              0,
              null
            ],
            [
              95.321750261000034,
              5.5316564110000286,
              0,
              null
            ],
            [
              95.321827277000068,
              5.5316523680000387,
              0,
              null
            ],
            [
              95.321900278000044,
              5.5316413790000638,
              0,
              null
            ],
            [
              95.32191044800004,
              5.5316351030000419,
              0,
              null
            ],
            [
              95.321918768000046,
              5.5316242140000327,
              0,
              null
            ],
            [
              95.321924832000036,
              5.5316106770000602,
              0,
              null
            ],
            [
              95.321931382000059,
              5.5315879360000508,
              0,
              null
            ],
            [
              95.321935972000063,
              5.5315479290000553,
              0,
              null
            ],
            [
              95.321940462000043,
              5.5314594810000699,
              0,
              null
            ],
            [
              95.321946109000066,
              5.5312604990000409,
              0,
              null
            ],
            [
              95.321946460000049,
              5.5311734360000742,
              0,
              null
            ],
            [
              95.321946464000064,
              5.5311732920000622,
              0,
              null
            ],
            [
              95.321947395000052,
              5.5311523800000373,
              0,
              null
            ],
            [
              95.321935696000082,
              5.5311532320000651,
              0,
              null
            ],
            [
              95.321794655000076,
              5.5311635000000479,
              0,
              null
            ],
            [
              95.321673968000084,
              5.5311628880000399,
              0,
              null
            ],
            [
              95.321644999000057,
              5.5311601720000567,
              0,
              null
            ],
            [
              95.321598427000083,
              5.5311496520000674,
              0,
              null
            ],
            [
              95.32155399800007,
              5.5311358060000657,
              0,
              null
            ],
            [
              95.321716726000034,
              5.5306609840000647,
              0,
              null
            ],
            [
              95.321860414000071,
              5.5302530900000306,
              0,
              null
            ],
            [
              95.321917474000031,
              5.5301090260000478,
              0,
              null
            ],
            [
              95.321963089000064,
              5.530054319000044,
              0,
              null
            ],
            [
              95.322034699000085,
              5.5300554740000507,
              0,
              null
            ],
            [
              95.322066126000038,
              5.5300352620000695,
              0,
              null
            ],
            [
              95.322104306000085,
              5.5299102700000731,
              0,
              null
            ],
            [
              95.322132489000069,
              5.529792493000059,
              0,
              null
            ],
            [
              95.322140678000039,
              5.5296814870000617,
              0,
              null
            ],
            [
              95.322520328000053,
              5.5297249650000708,
              0,
              null
            ],
            [
              95.322576209000033,
              5.5292627730000277,
              0,
              null
            ],
            [
              95.322979555000074,
              5.5292593450000709,
              0,
              null
            ],
            [
              95.322983695000062,
              5.5292545020000716,
              0,
              null
            ],
            [
              95.322986970000045,
              5.5292532750000305,
              0,
              null
            ],
            [
              95.323000783000055,
              5.5292480980000391,
              0,
              null
            ],
            [
              95.323038736000058,
              5.5292459340000732,
              0,
              null
            ],
            [
              95.323250615000063,
              5.529250500000046,
              0,
              null
            ],
            [
              95.323263367000038,
              5.5290158040000392,
              0,
              null
            ],
            [
              95.323263209000061,
              5.5289753720000476,
              0,
              null
            ],
            [
              95.323260194000056,
              5.5289494240000749,
              0,
              null
            ],
            [
              95.323252032000084,
              5.5289270210000723,
              0,
              null
            ],
            [
              95.323243508000076,
              5.5289064090000579,
              0,
              null
            ],
            [
              95.323239929000067,
              5.5288793140000507,
              0,
              null
            ],
            [
              95.323240501000043,
              5.5288500980000208,
              0,
              null
            ],
            [
              95.323280017000059,
              5.5285355020000679,
              0,
              null
            ],
            [
              95.32331309500006,
              5.5283276050000723,
              0,
              null
            ],
            [
              95.323358910000081,
              5.5279659240000569,
              0,
              null
            ],
            [
              95.323316822000038,
              5.5279665900000623,
              0,
              null
            ],
            [
              95.323336121000068,
              5.5276835950000418,
              0,
              null
            ],
            [
              95.323329201000035,
              5.5274359140000229,
              0,
              null
            ],
            [
              95.323329967000063,
              5.527301436000073,
              0,
              null
            ],
            [
              95.323319336000054,
              5.527227228000072,
              0,
              null
            ],
            [
              95.323309536000068,
              5.5271700600000599,
              0,
              null
            ],
            [
              95.323292248000087,
              5.5270765370000277,
              0,
              null
            ],
            [
              95.323272932000066,
              5.526934987000061,
              0,
              null
            ],
            [
              95.323261740000078,
              5.526861742000051,
              0,
              null
            ],
            [
              95.323257411000043,
              5.5268072390000498,
              0,
              null
            ],
            [
              95.323255864000032,
              5.5267899900000543,
              0,
              null
            ],
            [
              95.323495756000057,
              5.5268685900000492,
              0,
              null
            ],
            [
              95.323662917000036,
              5.5269421210000473,
              0,
              null
            ],
            [
              95.323913034000043,
              5.5270581090000519,
              0,
              null
            ],
            [
              95.323942398000042,
              5.5270739270000604,
              0,
              null
            ],
            [
              95.324012592000031,
              5.5271180070000696,
              0,
              null
            ],
            [
              95.324213086000043,
              5.5272590370000216,
              0,
              null
            ],
            [
              95.324253555000041,
              5.52728122700006,
              0,
              null
            ],
            [
              95.324495082000055,
              5.5273991410000463,
              0,
              null
            ],
            [
              95.324619332000054,
              5.5274653050000211,
              0,
              null
            ],
            [
              95.324638653000079,
              5.527481645000023,
              0,
              null
            ],
            [
              95.32464636800006,
              5.5275014950000241,
              0,
              null
            ],
            [
              95.324650944000041,
              5.5275591720000534,
              0,
              null
            ],
            [
              95.324918807000074,
              5.5275655760000291,
              0,
              null
            ],
            [
              95.325093569000046,
              5.5275692000000731,
              0,
              null
            ],
            [
              95.32525494500004,
              5.5275776790000464,
              0,
              null
            ],
            [
              95.325293118000047,
              5.5275794150000479,
              0,
              null
            ],
            [
              95.325424321000071,
              5.527588048000041,
              0,
              null
            ],
            [
              95.325442692000081,
              5.5275891730000239,
              0,
              null
            ],
            [
              95.325471654000069,
              5.5275962040000763,
              0,
              null
            ],
            [
              95.325765792000084,
              5.5276273380000589,
              0,
              null
            ],
            [
              95.325895124000056,
              5.527641405000054,
              0,
              null
            ],
            [
              95.326338034000059,
              5.527690218000032,
              0,
              null
            ],
            [
              95.326414879000083,
              5.5276986270000634,
              0,
              null
            ],
            [
              95.326532970000073,
              5.5277012770000624,
              0,
              null
            ],
            [
              95.326568998000084,
              5.5277033300000653,
              0,
              null
            ],
            [
              95.326570810000078,
              5.5276715290000311,
              0,
              null
            ],
            [
              95.326572846000033,
              5.527653287000021,
              0,
              null
            ],
            [
              95.326590091000071,
              5.527411991000065,
              0,
              null
            ],
            [
              95.326583226000082,
              5.5273683010000241,
              0,
              null
            ],
            [
              95.326583376000087,
              5.5272594850000587,
              0,
              null
            ],
            [
              95.326582639000037,
              5.5271011310000517,
              0,
              null
            ],
            [
              95.326665926000032,
              5.5271028240000533,
              0,
              null
            ],
            [
              95.326699808000058,
              5.5271008980000715,
              0,
              null
            ],
            [
              95.326770465000038,
              5.5271025340000506,
              0,
              null
            ],
            [
              95.326819479000051,
              5.5271020480000743,
              0,
              null
            ],
            [
              95.326908001000049,
              5.5271046100000376,
              0,
              null
            ],
            [
              95.326985592000085,
              5.5270977870000593,
              0,
              null
            ],
            [
              95.327054947000079,
              5.5270952720000537,
              0,
              null
            ],
            [
              95.327103770000065,
              5.5270935010000244,
              0,
              null
            ],
            [
              95.327161234000073,
              5.5270948510000721,
              0,
              null
            ],
            [
              95.32722773100005,
              5.5270964140000274,
              0,
              null
            ],
            [
              95.327254202000063,
              5.5270964450000406,
              0,
              null
            ],
            [
              95.327349489000085,
              5.527096560000075,
              0,
              null
            ],
            [
              95.327556557000037,
              5.5270937590000244,
              0,
              null
            ],
            [
              95.327560950000077,
              5.5271145130000718,
              0,
              null
            ],
            [
              95.327557332000083,
              5.5271396830000299,
              0,
              null
            ],
            [
              95.327662563000047,
              5.5271494340000231,
              0,
              null
            ],
            [
              95.327769155000055,
              5.5271596510000336,
              0,
              null
            ],
            [
              95.327808327000071,
              5.5271609590000708,
              0,
              null
            ],
            [
              95.327861299000062,
              5.527168482000036,
              0,
              null
            ],
            [
              95.327865214000042,
              5.5270793100000333,
              0,
              null
            ],
            [
              95.327884755000071,
              5.5270818330000679,
              0,
              null
            ],
            [
              95.328011143000083,
              5.5270981510000752,
              0,
              null
            ],
            [
              95.328064185000073,
              5.5271049990000733,
              0,
              null
            ],
            [
              95.328221734000067,
              5.5271286360000431,
              0,
              null
            ],
            [
              95.328237584000078,
              5.5271310140000764,
              0,
              null
            ],
            [
              95.328278864000083,
              5.5271372070000666,
              0,
              null
            ],
            [
              95.328279919000067,
              5.5271000760000675,
              0,
              null
            ],
            [
              95.328279973000065,
              5.5270981860000461,
              0,
              null
            ],
            [
              95.32828044300004,
              5.5270816720000653,
              0,
              null
            ],
            [
              95.32849420000008,
              5.5271263250000402,
              0,
              null
            ],
            [
              95.328566052000042,
              5.5271413340000208,
              0,
              null
            ],
            [
              95.328636407000033,
              5.5271560320000503,
              0,
              null
            ],
            [
              95.328723280000077,
              5.5271860380000248,
              0,
              null
            ],
            [
              95.328804419000051,
              5.5272140620000414,
              0,
              null
            ],
            [
              95.328804477000062,
              5.527214094000044,
              0,
              null
            ],
            [
              95.328817246000085,
              5.527221217000033,
              0,
              null
            ],
            [
              95.328931741000076,
              5.527248410000027,
              0,
              null
            ],
            [
              95.328941726000039,
              5.5272444240000596,
              0,
              null
            ],
            [
              95.328936537000061,
              5.5273079110000367,
              0,
              null
            ],
            [
              95.32892651700007,
              5.5274305090000553,
              0,
              null
            ],
            [
              95.328916624000044,
              5.5275515670000459,
              0,
              null
            ],
            [
              95.328922177000038,
              5.5275527360000751,
              0,
              null
            ],
            [
              95.32887310600006,
              5.5278810590000376,
              0,
              null
            ],
            [
              95.32876656600007,
              5.5287075180000329,
              0,
              null
            ],
            [
              95.328803012000037,
              5.52884163300007,
              0,
              null
            ],
            [
              95.328891528000042,
              5.5289387140000485,
              0,
              null
            ],
            [
              95.329030831000068,
              5.5290477820000206,
              0,
              null
            ],
            [
              95.329329168000072,
              5.5290301870000462,
              0,
              null
            ],
            [
              95.329378422000048,
              5.5289304520000542,
              0,
              null
            ],
            [
              95.329676750000033,
              5.5289973450000502,
              0,
              null
            ],
            [
              95.329812049000054,
              5.5285602190000418,
              0,
              null
            ],
            [
              95.329825729000049,
              5.5285681750000322,
              0,
              null
            ],
            [
              95.329904036000073,
              5.5286177630000566,
              0,
              null
            ],
            [
              95.330006224000044,
              5.5286850270000514,
              0,
              null
            ],
            [
              95.330013953000048,
              5.5286901140000282,
              0,
              null
            ],
            [
              95.330052638000041,
              5.5287145130000681,
              0,
              null
            ],
            [
              95.330103707000035,
              5.5287367870000708,
              0,
              null
            ],
            [
              95.330153290000055,
              5.5287584140000376,
              0,
              null
            ],
            [
              95.330170126000041,
              5.5287657570000306,
              0,
              null
            ],
            [
              95.33019117200007,
              5.5287749360000475,
              0,
              null
            ],
            [
              95.330234902000086,
              5.5287733050000725,
              0,
              null
            ],
            [
              95.330240793000087,
              5.529377969000052,
              0,
              null
            ],
            [
              95.330237664000038,
              5.5295533850000425,
              0,
              null
            ],
            [
              95.33023954500004,
              5.5299719140000434,
              0,
              null
            ],
            [
              95.330241372000046,
              5.5300182720000635,
              0,
              null
            ],
            [
              95.330245558000058,
              5.530325337000022,
              0,
              null
            ],
            [
              95.33024548700007,
              5.530339457000025,
              0,
              null
            ],
            [
              95.330232391000038,
              5.530339515000037,
              0,
              null
            ],
            [
              95.330203053000048,
              5.5303405730000463,
              0,
              null
            ],
            [
              95.33016568000005,
              5.5303397880000489,
              0,
              null
            ],
            [
              95.330125329000055,
              5.5303408840000543,
              0,
              null
            ],
            [
              95.330075154000042,
              5.5303405210000278,
              0,
              null
            ],
            [
              95.329967689000057,
              5.5303472450000299,
              0,
              null
            ],
            [
              95.329829410000059,
              5.5304475480000406,
              0,
              null
            ],
            [
              95.329823435000037,
              5.5304582650000498,
              0,
              null
            ],
            [
              95.329798187000051,
              5.5304680550000285,
              0,
              null
            ],
            [
              95.329778010000041,
              5.5304780050000204,
              0,
              null
            ],
            [
              95.329762113000072,
              5.5305075700000543,
              0,
              null
            ],
            [
              95.329748558000063,
              5.5305360700000392,
              0,
              null
            ],
            [
              95.329759773000035,
              5.5305619320000687,
              0,
              null
            ],
            [
              95.329772317000049,
              5.5306140020000498,
              0,
              null
            ],
            [
              95.329778492000059,
              5.5306796820000272,
              0,
              null
            ],
            [
              95.329776219000053,
              5.5307189570000332,
              0,
              null
            ],
            [
              95.329770543000052,
              5.5307368320000592,
              0,
              null
            ],
            [
              95.329728369000065,
              5.5307460390000642,
              0,
              null
            ],
            [
              95.329728382000042,
              5.5307474750000551,
              0,
              null
            ],
            [
              95.329729120000081,
              5.5308299610000518,
              0,
              null
            ],
            [
              95.32970408500006,
              5.5308199530000479,
              0,
              null
            ],
            [
              95.329659739000078,
              5.5308135030000471,
              0,
              null
            ],
            [
              95.329587429000071,
              5.5308120230000668,
              0,
              null
            ],
            [
              95.329469472000085,
              5.5308245720000286,
              0,
              null
            ],
            [
              95.329351769000084,
              5.5308464750000326,
              0,
              null
            ],
            [
              95.32929576500004,
              5.5308508890000212,
              0,
              null
            ],
            [
              95.32923117200005,
              5.5308551480000574,
              0,
              null
            ],
            [
              95.329198020000035,
              5.5308597610000447,
              0,
              null
            ],
            [
              95.329178196000043,
              5.5308655520000229,
              0,
              null
            ],
            [
              95.32916986500004,
              5.5308735220000358,
              0,
              null
            ],
            [
              95.329162462000056,
              5.5308906970000749,
              0,
              null
            ],
            [
              95.32915913800008,
              5.5309217060000719,
              0,
              null
            ],
            [
              95.329157401000032,
              5.5310035340000354,
              0,
              null
            ],
            [
              95.329153157000064,
              5.5310646640000414,
              0,
              null
            ],
            [
              95.329144831000065,
              5.5311179550000702,
              0,
              null
            ],
            [
              95.329132109000057,
              5.5311612840000635,
              0,
              null
            ],
            [
              95.329035734000058,
              5.5314201280000361,
              0,
              null
            ],
            [
              95.329016841000055,
              5.5314596920000554,
              0,
              null
            ],
            [
              95.328992045000064,
              5.5314951510000583,
              0,
              null
            ],
            [
              95.328973880000035,
              5.5315143530000341,
              0,
              null
            ],
            [
              95.328955714000074,
              5.5315335560000563,
              0,
              null
            ],
            [
              95.328935881000064,
              5.5315578040000446,
              0,
              null
            ],
            [
              95.32891585200008,
              5.5315895560000286,
              0,
              null
            ],
            [
              95.328897760000075,
              5.5316227820000563,
              0,
              null
            ],
            [
              95.328880092000077,
              5.5316493730000502,
              0,
              null
            ],
            [
              95.32885987700007,
              5.5316682070000525,
              0,
              null
            ],
            [
              95.328827051000076,
              5.5316941080000674,
              0,
              null
            ],
            [
              95.328790039000069,
              5.5317199060000348,
              0,
              null
            ],
            [
              95.328769507000061,
              5.5317359130000341,
              0,
              null
            ],
            [
              95.328760027000044,
              5.5317501780000384,
              0,
              null
            ],
            [
              95.328750718000038,
              5.5317848790000426,
              0,
              null
            ],
            [
              95.328729354000075,
              5.5318790780000313,
              0,
              null
            ],
            [
              95.328721462000033,
              5.531897792000052,
              0,
              null
            ],
            [
              95.328694463000033,
              5.5319420450000507,
              0,
              null
            ],
            [
              95.328616226000065,
              5.5320467100000315,
              0,
              null
            ],
            [
              95.328506429000072,
              5.5321847070000558,
              0,
              null
            ],
            [
              95.328464232000044,
              5.5322458410000763,
              0,
              null
            ],
            [
              95.328449831000057,
              5.5322704300000396,
              0,
              null
            ],
            [
              95.328441418000068,
              5.5322942270000226,
              0,
              null
            ],
            [
              95.328433318000066,
              5.532334608000042,
              0,
              null
            ],
            [
              95.328423367000084,
              5.5323842220000756,
              0,
              null
            ],
            [
              95.327791822000052,
              5.532375653000031,
              0,
              null
            ],
            [
              95.327280086000087,
              5.5323685600000658,
              0,
              null
            ],
            [
              95.327190986000062,
              5.5323673260000419,
              0,
              null
            ],
            [
              95.327026050000086,
              5.5323650400000588,
              0,
              null
            ],
            [
              95.32675869600007,
              5.5323611520000213,
              0,
              null
            ],
            [
              95.326591611000083,
              5.5323586660000501,
              0,
              null
            ],
            [
              95.326214868000079,
              5.5323224460000233,
              0,
              null
            ],
            [
              95.326129151000032,
              5.5323142050000342,
              0,
              null
            ],
            [
              95.326019066000072,
              5.5322906560000433,
              0,
              null
            ],
            [
              95.326011222000034,
              5.5323154950000344,
              0,
              null
            ],
            [
              95.326002953000057,
              5.5323416830000269,
              0,
              null
            ],
            [
              95.325994356000081,
              5.5323631070000374,
              0,
              null
            ],
            [
              95.325986601000068,
              5.532395331000032,
              0,
              null
            ],
            [
              95.325978245000044,
              5.5324320220000232,
              0,
              null
            ],
            [
              95.325966136000034,
              5.5324909330000764,
              0,
              null
            ]
          ]
        ]
      },
      "properties" : {
        "FID" : 0,
        "OBJECTID" : 15887,
        "KDPPUM" : "11",
        "NAMOBJ" : "Peunyerat",
        "REMARK" : " ",
        "KDPBPS" : " ",
        "FCODE" : "BA03070040",
        "LUASWH" : 0,
        "UUPP" : "RBI",
        "SRS_ID" : "SRGI 2013",
        "METADATA" : "TASWIL1000020200326DATA_BATAS_DESA_KELURAHAN",
        "KDEBPS" : " ",
        "KDEPUM" : "11.71.07.2008",
        "KDCBPS" : " ",
        "KDCPUM" : "11.71.07",
        "KDBBPS" : " ",
        "WADMKD" : "Peunyerat",
        "WIADKD" : "0",
        "WADMKC" : "Banda Raya",
        "WIADKC" : " ",
        "WADMKK" : "Kota Banda Aceh",
        "WIADKK" : " ",
        "WADMPR" : "Aceh",
        "WIADPR" : " ",
        "TIPADM" : 9,
        "KDPKAB" : "11.71",
        "SHAPE_Leng" : 0.030404460231387001,
        "SHAPE_Area" : 3.5501126682999998e-05
      }
    }
  ]
}