{
  "hasZ" : true,
  "hasM" : true,
  "type" : "FeatureCollection",
  "features" : [
    {
      "type" : "Feature",
      "id" : 0,
      "geometry" : {
        "type" : "Polygon",
        "coordinates" : [
          [
            [
              95.329114168000046,
              5.5460188320000725,
              0,
              null
            ],
            [
              95.328993834000073,
              5.5460474570000429,
              0,
              null
            ],
            [
              95.328965304000064,
              5.5460542440000609,
              0,
              null
            ],
            [
              95.328948954000055,
              5.5460620270000618,
              0,
              null
            ],
            [
              95.328941407000059,
              5.5460741720000328,
              0,
              null
            ],
            [
              95.328922039000076,
              5.5460652010000331,
              0,
              null
            ],
            [
              95.32890343300005,
              5.5460640720000356,
              0,
              null
            ],
            [
              95.328889521000065,
              5.5460640450000369,
              0,
              null
            ],
            [
              95.328752706000046,
              5.5460716160000629,
              0,
              null
            ],
            [
              95.328614471000037,
              5.5460826650000286,
              0,
              null
            ],
            [
              95.328574752000065,
              5.5460858400000461,
              0,
              null
            ],
            [
              95.328515448000076,
              5.5460903380000559,
              0,
              null
            ],
            [
              95.328412540000045,
              5.5460981420000621,
              0,
              null
            ],
            [
              95.328324694000059,
              5.5461048060000735,
              0,
              null
            ],
            [
              95.328292675000057,
              5.5461072340000328,
              0,
              null
            ],
            [
              95.328214719000073,
              5.5461145180000244,
              0,
              null
            ],
            [
              95.328214076000052,
              5.5461145790000614,
              0,
              null
            ],
            [
              95.328202197000053,
              5.5461156880000431,
              0,
              null
            ],
            [
              95.328202168000075,
              5.5461151050000694,
              0,
              null
            ],
            [
              95.328201600000057,
              5.5461077810000461,
              0,
              null
            ],
            [
              95.328191992000086,
              5.5459840430000327,
              0,
              null
            ],
            [
              95.328187738000054,
              5.5459366870000508,
              0,
              null
            ],
            [
              95.328184965000048,
              5.545905810000022,
              0,
              null
            ],
            [
              95.328178708000053,
              5.5458631250000394,
              0,
              null
            ],
            [
              95.328170943000032,
              5.5458360560000415,
              0,
              null
            ],
            [
              95.328159777000053,
              5.5458149230000231,
              0,
              null
            ],
            [
              95.328155059000039,
              5.545807984000021,
              0,
              null
            ],
            [
              95.328148924000061,
              5.5458064960000684,
              0,
              null
            ],
            [
              95.328140985000061,
              5.5458045730000549,
              0,
              null
            ],
            [
              95.328093875000036,
              5.545808953000062,
              0,
              null
            ],
            [
              95.328065560000084,
              5.5458106120000252,
              0,
              null
            ],
            [
              95.328013333000058,
              5.5458136720000653,
              0,
              null
            ],
            [
              95.327897845000052,
              5.5458190580000633,
              0,
              null
            ],
            [
              95.327849877000062,
              5.5458212960000424,
              0,
              null
            ],
            [
              95.32782304400007,
              5.5458225470000571,
              0,
              null
            ],
            [
              95.327671788000032,
              5.5458299540000553,
              0,
              null
            ],
            [
              95.327662657000076,
              5.5458304010000461,
              0,
              null
            ],
            [
              95.327538579000077,
              5.5458365450000429,
              0,
              null
            ],
            [
              95.327537151000058,
              5.5458215260000543,
              0,
              null
            ],
            [
              95.327531944000043,
              5.5455897540000478,
              0,
              null
            ],
            [
              95.327530881000087,
              5.5455423950000409,
              0,
              null
            ],
            [
              95.327526835000072,
              5.5453622770000379,
              0,
              null
            ],
            [
              95.327529842000047,
              5.545346989000052,
              0,
              null
            ],
            [
              95.32743849700006,
              5.5453526720000355,
              0,
              null
            ],
            [
              95.327329042000031,
              5.5453598460000535,
              0,
              null
            ],
            [
              95.327281507000066,
              5.5453643100000249,
              0,
              null
            ],
            [
              95.32714412100006,
              5.5453772110000727,
              0,
              null
            ],
            [
              95.327130636000049,
              5.5453782300000398,
              0,
              null
            ],
            [
              95.32705377800005,
              5.5453840330000617,
              0,
              null
            ],
            [
              95.32700174200005,
              5.5453882660000318,
              0,
              null
            ],
            [
              95.326964558000043,
              5.5453912900000546,
              0,
              null
            ],
            [
              95.326946525000039,
              5.5453914790000454,
              0,
              null
            ],
            [
              95.326933611000072,
              5.5453904360000479,
              0,
              null
            ],
            [
              95.326925800000083,
              5.5453862630000685,
              0,
              null
            ],
            [
              95.326909410000042,
              5.5453474960000335,
              0,
              null
            ],
            [
              95.326896136000073,
              5.5453258990000336,
              0,
              null
            ],
            [
              95.326888415000042,
              5.545317017000059,
              0,
              null
            ],
            [
              95.326867720000052,
              5.5453147300000296,
              0,
              null
            ],
            [
              95.326847540000074,
              5.545315108000068,
              0,
              null
            ],
            [
              95.326777116000073,
              5.5453164250000668,
              0,
              null
            ],
            [
              95.326733649000062,
              5.5453182880000327,
              0,
              null
            ],
            [
              95.326636416000042,
              5.5453224560000649,
              0,
              null
            ],
            [
              95.326532981000071,
              5.5453305910000381,
              0,
              null
            ],
            [
              95.326519664000045,
              5.5453323500000238,
              0,
              null
            ],
            [
              95.326504750000083,
              5.5453343210000412,
              0,
              null
            ],
            [
              95.326497766000045,
              5.5452845110000339,
              0,
              null
            ],
            [
              95.326486040000077,
              5.5452008840000531,
              0,
              null
            ],
            [
              95.326485938000076,
              5.5451999640000622,
              0,
              null
            ],
            [
              95.326482813000041,
              5.5451717550000694,
              0,
              null
            ],
            [
              95.326475841000047,
              5.5451088250000566,
              0,
              null
            ],
            [
              95.326467261000062,
              5.5450313930000448,
              0,
              null
            ],
            [
              95.326464307000037,
              5.545005169000035,
              0,
              null
            ],
            [
              95.326457887000061,
              5.5449481890000243,
              0,
              null
            ],
            [
              95.326456083000039,
              5.5449319830000263,
              0,
              null
            ],
            [
              95.326445308000075,
              5.5448351660000412,
              0,
              null
            ],
            [
              95.326444609000077,
              5.5448288890000299,
              0,
              null
            ],
            [
              95.326430556000048,
              5.5447058110000285,
              0,
              null
            ],
            [
              95.326429597000072,
              5.5446974110000724,
              0,
              null
            ],
            [
              95.326427146000071,
              5.5446590860000242,
              0,
              null
            ],
            [
              95.326429426000061,
              5.544596183000067,
              0,
              null
            ],
            [
              95.326435286000049,
              5.5445538120000606,
              0,
              null
            ],
            [
              95.326457774000062,
              5.5444917540000347,
              0,
              null
            ],
            [
              95.326472418000037,
              5.5444954350000444,
              0,
              null
            ],
            [
              95.326499930000068,
              5.5445023510000624,
              0,
              null
            ],
            [
              95.326638802000048,
              5.5445177860000285,
              0,
              null
            ],
            [
              95.326716425000086,
              5.5445254880000334,
              0,
              null
            ],
            [
              95.326747272000034,
              5.5445285500000523,
              0,
              null
            ],
            [
              95.326843960000076,
              5.5445347320000451,
              0,
              null
            ],
            [
              95.326906823000058,
              5.5445352650000359,
              0,
              null
            ],
            [
              95.326928782000039,
              5.5445354520000478,
              0,
              null
            ],
            [
              95.326975649000076,
              5.5445358500000452,
              0,
              null
            ],
            [
              95.327022429000067,
              5.5445371210000758,
              0,
              null
            ],
            [
              95.327091311000061,
              5.5445334600000251,
              0,
              null
            ],
            [
              95.327178598000046,
              5.544523282000057,
              0,
              null
            ],
            [
              95.327226144000065,
              5.5445159810000746,
              0,
              null
            ],
            [
              95.327243296000063,
              5.5445133470000201,
              0,
              null
            ],
            [
              95.327326818000074,
              5.5444932230000745,
              0,
              null
            ],
            [
              95.327359186000081,
              5.5444859950000591,
              0,
              null
            ],
            [
              95.327375815000039,
              5.5444822820000468,
              0,
              null
            ],
            [
              95.327406288000077,
              5.5444796140000676,
              0,
              null
            ],
            [
              95.327433556000074,
              5.5444785930000648,
              0,
              null
            ],
            [
              95.327451121000081,
              5.5444788010000252,
              0,
              null
            ],
            [
              95.327453061000085,
              5.5444788240000662,
              0,
              null
            ],
            [
              95.327479645000039,
              5.5444831030000614,
              0,
              null
            ],
            [
              95.327494807000051,
              5.5444892620000701,
              0,
              null
            ],
            [
              95.327627891000077,
              5.5443960120000497,
              0,
              null
            ],
            [
              95.327606898000056,
              5.5443760240000302,
              0,
              null
            ],
            [
              95.327509070000076,
              5.5442819160000454,
              0,
              null
            ],
            [
              95.327449301000058,
              5.5442272070000627,
              0,
              null
            ],
            [
              95.327354255000046,
              5.5441402080000444,
              0,
              null
            ],
            [
              95.327265321000084,
              5.5440428700000552,
              0,
              null
            ],
            [
              95.327225200000044,
              5.5439853640000365,
              0,
              null
            ],
            [
              95.327208733000077,
              5.5439617610000482,
              0,
              null
            ],
            [
              95.327178777000086,
              5.5439099440000632,
              0,
              null
            ],
            [
              95.327160110000079,
              5.5438609440000732,
              0,
              null
            ],
            [
              95.327146522000078,
              5.5437395890000403,
              0,
              null
            ],
            [
              95.327145840000071,
              5.5437334930000475,
              0,
              null
            ],
            [
              95.327135702000078,
              5.543584208000027,
              0,
              null
            ],
            [
              95.327132259000052,
              5.5435308470000564,
              0,
              null
            ],
            [
              95.327122621000058,
              5.543381441000065,
              0,
              null
            ],
            [
              95.327122065000083,
              5.5432395910000309,
              0,
              null
            ],
            [
              95.327121740000052,
              5.5431566120000753,
              0,
              null
            ],
            [
              95.32712114900005,
              5.5430056960000229,
              0,
              null
            ],
            [
              95.327121011000031,
              5.5429704060000518,
              0,
              null
            ],
            [
              95.327120373000071,
              5.5428076750000628,
              0,
              null
            ],
            [
              95.327120128000047,
              5.5427452250000329,
              0,
              null
            ],
            [
              95.327119215000039,
              5.5425120780000725,
              0,
              null
            ],
            [
              95.327118979000034,
              5.5424517240000455,
              0,
              null
            ],
            [
              95.327118574000053,
              5.5423483810000675,
              0,
              null
            ],
            [
              95.327118282000072,
              5.5422739130000309,
              0,
              null
            ],
            [
              95.327117729000065,
              5.54213276400003,
              0,
              null
            ],
            [
              95.327110367000046,
              5.5420769260000498,
              0,
              null
            ],
            [
              95.327106207000043,
              5.5420586820000608,
              0,
              null
            ],
            [
              95.327097636000076,
              5.5420210860000338,
              0,
              null
            ],
            [
              95.327078957000083,
              5.541956262000042,
              0,
              null
            ],
            [
              95.327131669000039,
              5.541938885000036,
              0,
              null
            ],
            [
              95.327206029000081,
              5.5419345920000751,
              0,
              null
            ],
            [
              95.327218584000036,
              5.5419322040000338,
              0,
              null
            ],
            [
              95.327231139000048,
              5.5419298160000494,
              0,
              null
            ],
            [
              95.327239916000053,
              5.5419275160000439,
              0,
              null
            ],
            [
              95.327244870000072,
              5.5419262170000252,
              0,
              null
            ],
            [
              95.327250438000078,
              5.5419247580000501,
              0,
              null
            ],
            [
              95.327269520000073,
              5.5419183290000547,
              0,
              null
            ],
            [
              95.327278268000043,
              5.541946820000021,
              0,
              null
            ],
            [
              95.327279042000043,
              5.5419493400000306,
              0,
              null
            ],
            [
              95.327282368000056,
              5.5419482990000688,
              0,
              null
            ],
            [
              95.327347549000081,
              5.5419278980000399,
              0,
              null
            ],
            [
              95.32739173300007,
              5.5419140700000753,
              0,
              null
            ],
            [
              95.327383102000056,
              5.5418912780000369,
              0,
              null
            ],
            [
              95.327380128000073,
              5.5418834240000479,
              0,
              null
            ],
            [
              95.327391859000045,
              5.5418820500000265,
              0,
              null
            ],
            [
              95.327446721000058,
              5.5418756270000245,
              0,
              null
            ],
            [
              95.327453672000047,
              5.5418761600000721,
              0,
              null
            ],
            [
              95.327457369000058,
              5.5418764430000351,
              0,
              null
            ],
            [
              95.32747729600004,
              5.5419097150000312,
              0,
              null
            ],
            [
              95.32752583000007,
              5.5419907520000606,
              0,
              null
            ],
            [
              95.327538950000076,
              5.5420126590000223,
              0,
              null
            ],
            [
              95.327546863000066,
              5.542022227000075,
              0,
              null
            ],
            [
              95.327552476000051,
              5.5420244810000554,
              0,
              null
            ],
            [
              95.327560308000045,
              5.5420276260000492,
              0,
              null
            ],
            [
              95.327560507000044,
              5.5420277050000664,
              0,
              null
            ],
            [
              95.327568402000054,
              5.5420279810000466,
              0,
              null
            ],
            [
              95.32758007800004,
              5.5420557070000314,
              0,
              null
            ],
            [
              95.32767367200006,
              5.5421844860000533,
              0,
              null
            ],
            [
              95.327713861000063,
              5.5422072870000534,
              0,
              null
            ],
            [
              95.327761149000082,
              5.5422142760000384,
              0,
              null
            ],
            [
              95.328066189000083,
              5.5422130760000528,
              0,
              null
            ],
            [
              95.328097718000038,
              5.5422186910000732,
              0,
              null
            ],
            [
              95.328124990000049,
              5.5422343690000275,
              0,
              null
            ],
            [
              95.328227052000045,
              5.5423315440000351,
              0,
              null
            ],
            [
              95.328334731000041,
              5.5423999990000539,
              0,
              null
            ],
            [
              95.328387770000063,
              5.5424127050000607,
              0,
              null
            ],
            [
              95.32863171300005,
              5.5424335080000446,
              0,
              null
            ],
            [
              95.328806065000038,
              5.5424411920000693,
              0,
              null
            ],
            [
              95.328857202000052,
              5.54244004800006,
              0,
              null
            ],
            [
              95.328910544000053,
              5.5424240400000713,
              0,
              null
            ],
            [
              95.328987784000049,
              5.542399820000071,
              0,
              null
            ],
            [
              95.329013562000057,
              5.5423997190000591,
              0,
              null
            ],
            [
              95.329053707000071,
              5.5424110410000367,
              0,
              null
            ],
            [
              95.329233375000058,
              5.542455296000071,
              0,
              null
            ],
            [
              95.329362381000067,
              5.5424844430000348,
              0,
              null
            ],
            [
              95.329414891000056,
              5.5424842360000639,
              0,
              null
            ],
            [
              95.329487430000086,
              5.5424782110000592,
              0,
              null
            ],
            [
              95.329527488000053,
              5.5424675300000672,
              0,
              null
            ],
            [
              95.329632374000084,
              5.5424326780000683,
              0,
              null
            ],
            [
              95.329712572000062,
              5.5424323620000564,
              0,
              null
            ],
            [
              95.329740264000066,
              5.5424332110000591,
              0,
              null
            ],
            [
              95.329761305000034,
              5.5424426940000444,
              0,
              null
            ],
            [
              95.329768060000049,
              5.5424608430000717,
              0,
              null
            ],
            [
              95.32977390800005,
              5.5424914330000661,
              0,
              null
            ],
            [
              95.329786527000067,
              5.5425439990000314,
              0,
              null
            ],
            [
              95.329787484000065,
              5.543214100000057,
              0,
              null
            ],
            [
              95.329813585000068,
              5.5437831960000494,
              0,
              null
            ],
            [
              95.329811329000052,
              5.54381668700006,
              0,
              null
            ],
            [
              95.329719002000047,
              5.5440107700000567,
              0,
              null
            ],
            [
              95.329669934000037,
              5.5440995070000554,
              0,
              null
            ],
            [
              95.329649228000051,
              5.5445501460000628,
              0,
              null
            ],
            [
              95.329646235000041,
              5.5447950290000563,
              0,
              null
            ],
            [
              95.329638923000061,
              5.5448438750000264,
              0,
              null
            ],
            [
              95.329632274000062,
              5.5448525110000446,
              0,
              null
            ],
            [
              95.329616058000056,
              5.5448564010000609,
              0,
              null
            ],
            [
              95.329206610000085,
              5.544872549000047,
              0,
              null
            ],
            [
              95.329186486000083,
              5.5448743560000366,
              0,
              null
            ],
            [
              95.329177916000049,
              5.5448801290000347,
              0,
              null
            ],
            [
              95.329176052000037,
              5.5448916160000294,
              0,
              null
            ],
            [
              95.329199117000087,
              5.5450914360000638,
              0,
              null
            ],
            [
              95.329194172000086,
              5.5450993980000476,
              0,
              null
            ],
            [
              95.329190005000044,
              5.5451018060000479,
              0,
              null
            ],
            [
              95.329132132000041,
              5.5451044250000336,
              0,
              null
            ],
            [
              95.329124970000066,
              5.5451038560000256,
              0,
              null
            ],
            [
              95.329100156000038,
              5.5450913980000678,
              0,
              null
            ],
            [
              95.329054726000038,
              5.5450712480000561,
              0,
              null
            ],
            [
              95.329027242000052,
              5.5450623880000762,
              0,
              null
            ],
            [
              95.328969507000068,
              5.5450647340000501,
              0,
              null
            ],
            [
              95.328880667000078,
              5.545083021000039,
              0,
              null
            ],
            [
              95.328828342000065,
              5.545130461000042,
              0,
              null
            ],
            [
              95.328758682000057,
              5.5452218570000582,
              0,
              null
            ],
            [
              95.328749851000055,
              5.5452311950000421,
              0,
              null
            ],
            [
              95.328710999000066,
              5.5452785100000597,
              0,
              null
            ],
            [
              95.32868712700008,
              5.5453044750000231,
              0,
              null
            ],
            [
              95.328647730000057,
              5.5453473270000586,
              0,
              null
            ],
            [
              95.328656318000071,
              5.5453551960000595,
              0,
              null
            ],
            [
              95.328660563000085,
              5.5453590860000759,
              0,
              null
            ],
            [
              95.328783127000065,
              5.5454713970000284,
              0,
              null
            ],
            [
              95.328956170000083,
              5.5456301150000513,
              0,
              null
            ],
            [
              95.329036537000036,
              5.5457038290000469,
              0,
              null
            ],
            [
              95.329076367000084,
              5.5457571120000466,
              0,
              null
            ],
            [
              95.329099295000049,
              5.5458019140000374,
              0,
              null
            ],
            [
              95.329109189000064,
              5.5458469290000494,
              0,
              null
            ],
            [
              95.32910939900006,
              5.5459005570000386,
              0,
              null
            ],
            [
              95.329114168000046,
              5.5460188320000725,
              0,
              null
            ]
          ]
        ]
      },
      "properties" : {
        "FID" : 0,
        "OBJECTID" : 10348,
        "KDPPUM" : "11",
        "NAMOBJ" : "Lampaloh",
        "REMARK" : " ",
        "KDPBPS" : " ",
        "FCODE" : "BA03070040",
        "LUASWH" : 0,
        "UUPP" : "RBI",
        "SRS_ID" : "SRGI 2013",
        "METADATA" : "TASWIL1000020200326DATA_BATAS_DESA_KELURAHAN",
        "KDEBPS" : " ",
        "KDEPUM" : "11.71.05.2009",
        "KDCBPS" : " ",
        "KDCPUM" : "11.71.05",
        "KDBBPS" : " ",
        "WADMKD" : "Lampaloh",
        "WIADKD" : "0",
        "WADMKC" : "Lueng Bata",
        "WIADKC" : " ",
        "WADMKK" : "Kota Banda Aceh",
        "WIADKK" : " ",
        "WADMPR" : "Aceh",
        "WIADPR" : " ",
        "TIPADM" : 9,
        "KDPKAB" : "11.71",
        "SHAPE_Leng" : 0.015805883352051998,
        "SHAPE_Area" : 8.8866087840000003e-06
      }
    }
  ]
}