{
  "hasZ" : true,
  "hasM" : true,
  "type" : "FeatureCollection",
  "features" : [
    {
      "type" : "Feature",
      "id" : 0,
      "geometry" : {
        "type" : "Polygon",
        "coordinates" : [
          [
            [
              95.326169190000087,
              5.5576677930000642,
              0,
              null
            ],
            [
              95.326047709000079,
              5.5579092090000586,
              0,
              null
            ],
            [
              95.325891175000038,
              5.5583071150000478,
              0,
              null
            ],
            [
              95.325885156000083,
              5.5583221400000298,
              0,
              null
            ],
            [
              95.32613877600005,
              5.558415238000066,
              0,
              null
            ],
            [
              95.326466590000052,
              5.558535862000042,
              0,
              null
            ],
            [
              95.326497663000055,
              5.558545385000059,
              0,
              null
            ],
            [
              95.326514607000036,
              5.5585505780000517,
              0,
              null
            ],
            [
              95.326478516000066,
              5.5587085950000414,
              0,
              null
            ],
            [
              95.326461547000065,
              5.5587664710000695,
              0,
              null
            ],
            [
              95.326432580000073,
              5.558870248000062,
              0,
              null
            ],
            [
              95.326386763000073,
              5.5590195330000256,
              0,
              null
            ],
            [
              95.326347010000063,
              5.5591517030000546,
              0,
              null
            ],
            [
              95.326318479000065,
              5.5592312970000535,
              0,
              null
            ],
            [
              95.326219129000037,
              5.5594897180000657,
              0,
              null
            ],
            [
              95.326131297000074,
              5.5597243220000223,
              0,
              null
            ],
            [
              95.326126720000047,
              5.5597365480000462,
              0,
              null
            ],
            [
              95.325936345000059,
              5.5596779100000617,
              0,
              null
            ],
            [
              95.325730930000077,
              5.5602191940000694,
              0,
              null
            ],
            [
              95.325918400000035,
              5.5602847990000441,
              0,
              null
            ],
            [
              95.326191260000087,
              5.5603870580000603,
              0,
              null
            ],
            [
              95.326211529000034,
              5.5603946540000493,
              0,
              null
            ],
            [
              95.326205643000037,
              5.5604131980000489,
              0,
              null
            ],
            [
              95.326030786000047,
              5.5609640490000629,
              0,
              null
            ],
            [
              95.326026555000055,
              5.5609773790000645,
              0,
              null
            ],
            [
              95.326022698000031,
              5.5609884920000354,
              0,
              null
            ],
            [
              95.325873862000037,
              5.5614173140000389,
              0,
              null
            ],
            [
              95.325864738000064,
              5.5614436010000645,
              0,
              null
            ],
            [
              95.325858686000061,
              5.5614627410000708,
              0,
              null
            ],
            [
              95.325717439000073,
              5.5619095220000645,
              0,
              null
            ],
            [
              95.325697811000055,
              5.5619815490000519,
              0,
              null
            ],
            [
              95.325683894000065,
              5.5620260430000599,
              0,
              null
            ],
            [
              95.32547635800006,
              5.5619966790000603,
              0,
              null
            ],
            [
              95.325024170000063,
              5.561932698000021,
              0,
              null
            ],
            [
              95.324577091000037,
              5.5618745100000524,
              0,
              null
            ],
            [
              95.324077592000037,
              5.5618093480000539,
              0,
              null
            ],
            [
              95.323926551000056,
              5.5617916940000214,
              0,
              null
            ],
            [
              95.323897297000087,
              5.5617882210000289,
              0,
              null
            ],
            [
              95.323847046000083,
              5.5617830360000653,
              0,
              null
            ],
            [
              95.323096705000069,
              5.5617056020000746,
              0,
              null
            ],
            [
              95.323022735000052,
              5.5616979690000221,
              0,
              null
            ],
            [
              95.322122922000062,
              5.5616437820000328,
              0,
              null
            ],
            [
              95.322088368000038,
              5.5616417010000418,
              0,
              null
            ],
            [
              95.321605930000032,
              5.5616209600000275,
              0,
              null
            ],
            [
              95.321339006000073,
              5.5616101850000632,
              0,
              null
            ],
            [
              95.321166671000071,
              5.5616044060000718,
              0,
              null
            ],
            [
              95.321112967000033,
              5.561603142000024,
              0,
              null
            ],
            [
              95.321069003000048,
              5.5615992870000355,
              0,
              null
            ],
            [
              95.321056807000048,
              5.5616018290000397,
              0,
              null
            ],
            [
              95.321062646000087,
              5.5615509850000535,
              0,
              null
            ],
            [
              95.321072256000036,
              5.5614673230000449,
              0,
              null
            ],
            [
              95.321072159000039,
              5.5613893570000528,
              0,
              null
            ],
            [
              95.321106277000069,
              5.5611081620000391,
              0,
              null
            ],
            [
              95.321150509000063,
              5.5607435970000552,
              0,
              null
            ],
            [
              95.321171997000079,
              5.5605665570000724,
              0,
              null
            ],
            [
              95.321173089000069,
              5.5605450690000566,
              0,
              null
            ],
            [
              95.321176425000033,
              5.5604826340000386,
              0,
              null
            ],
            [
              95.321181212000056,
              5.560425217000045,
              0,
              null
            ],
            [
              95.321189596000067,
              5.5603956720000269,
              0,
              null
            ],
            [
              95.321215482000071,
              5.560195626000052,
              0,
              null
            ],
            [
              95.321243774000038,
              5.5599533640000232,
              0,
              null
            ],
            [
              95.321270340000069,
              5.5597278510000478,
              0,
              null
            ],
            [
              95.321309169000074,
              5.5594032770000581,
              0,
              null
            ],
            [
              95.321412216000056,
              5.5585328050000271,
              0,
              null
            ],
            [
              95.321466047000058,
              5.5580924250000407,
              0,
              null
            ],
            [
              95.321468597000035,
              5.5580650150000679,
              0,
              null
            ],
            [
              95.321470776000069,
              5.558046412000067,
              0,
              null
            ],
            [
              95.321476859000086,
              5.5579944740000542,
              0,
              null
            ],
            [
              95.321487767000065,
              5.5579013530000339,
              0,
              null
            ],
            [
              95.32149146200004,
              5.5578610340000409,
              0,
              null
            ],
            [
              95.321515307000084,
              5.5576776030000588,
              0,
              null
            ],
            [
              95.321540306000031,
              5.557478523000043,
              0,
              null
            ],
            [
              95.321558812000035,
              5.5573277790000475,
              0,
              null
            ],
            [
              95.321578713000065,
              5.5571679410000456,
              0,
              null
            ],
            [
              95.321595774000059,
              5.5570143330000406,
              0,
              null
            ],
            [
              95.32161198600005,
              5.5568875140000387,
              0,
              null
            ],
            [
              95.321639752000067,
              5.556663550000053,
              0,
              null
            ],
            [
              95.321677828000077,
              5.5563974110000345,
              0,
              null
            ],
            [
              95.321695071000079,
              5.5562600040000234,
              0,
              null
            ],
            [
              95.321719173000076,
              5.5561579340000549,
              0,
              null
            ],
            [
              95.321737008000071,
              5.5561091660000557,
              0,
              null
            ],
            [
              95.32179711100008,
              5.5560205460000702,
              0,
              null
            ],
            [
              95.321902245000047,
              5.5560235030000626,
              0,
              null
            ],
            [
              95.321949781000058,
              5.5560265120000736,
              0,
              null
            ],
            [
              95.322021449000033,
              5.5560301850000542,
              0,
              null
            ],
            [
              95.32209976300004,
              5.5560473370000523,
              0,
              null
            ],
            [
              95.322164646000033,
              5.5560668130000295,
              0,
              null
            ],
            [
              95.322210167000037,
              5.5560795480000706,
              0,
              null
            ],
            [
              95.322330654000041,
              5.5561264280000273,
              0,
              null
            ],
            [
              95.32245796400008,
              5.5561786620000362,
              0,
              null
            ],
            [
              95.322612890000073,
              5.5562426260000279,
              0,
              null
            ],
            [
              95.322775699000033,
              5.5563083520000305,
              0,
              null
            ],
            [
              95.323071191000054,
              5.5564266500000485,
              0,
              null
            ],
            [
              95.323442227000044,
              5.5565785590000587,
              0,
              null
            ],
            [
              95.32394669100006,
              5.5567799710000259,
              0,
              null
            ],
            [
              95.324336852000044,
              5.5569355630000246,
              0,
              null
            ],
            [
              95.324794439000073,
              5.5571195880000346,
              0,
              null
            ],
            [
              95.325829357000032,
              5.5575319420000255,
              0,
              null
            ],
            [
              95.325904089000062,
              5.5575645860000691,
              0,
              null
            ],
            [
              95.325986999000065,
              5.5575954160000265,
              0,
              null
            ],
            [
              95.326169190000087,
              5.5576677930000642,
              0,
              null
            ]
          ]
        ]
      },
      "properties" : {
        "FID" : 0,
        "OBJECTID" : 10102,
        "KDPPUM" : "11",
        "NAMOBJ" : "Laksana",
        "REMARK" : " ",
        "KDPBPS" : " ",
        "FCODE" : "BA03070040",
        "LUASWH" : 0,
        "UUPP" : "RBI",
        "SRS_ID" : "SRGI 2013",
        "METADATA" : "TASWIL1000020200326DATA_BATAS_DESA_KELURAHAN",
        "KDEBPS" : " ",
        "KDEPUM" : "11.71.02.2003",
        "KDCBPS" : " ",
        "KDCPUM" : "11.71.02",
        "KDBBPS" : " ",
        "WADMKD" : "Laksana",
        "WIADKD" : "0",
        "WADMKC" : "Kuta Alam",
        "WIADKC" : " ",
        "WADMKK" : "Kota Banda Aceh",
        "WIADKK" : " ",
        "WADMPR" : "Aceh",
        "WIADPR" : " ",
        "TIPADM" : 9,
        "KDPKAB" : "11.71",
        "SHAPE_Leng" : 0.020618656974444,
        "SHAPE_Area" : 2.3809162858e-05
      }
    }
  ]
}