{
  "hasZ" : true,
  "hasM" : true,
  "type" : "FeatureCollection",
  "features" : [
    {
      "type" : "Feature",
      "id" : 0,
      "geometry" : {
        "type" : "Polygon",
        "coordinates" : [
          [
            [
              95.360385293000036,
              5.5499765240000443,
              0,
              null
            ],
            [
              95.360357990000068,
              5.5499749820000375,
              0,
              null
            ],
            [
              95.360098349000054,
              5.5505944800000293,
              0,
              null
            ],
            [
              95.360060008000062,
              5.5507914060000303,
              0,
              null
            ],
            [
              95.360058380000055,
              5.5507928410000318,
              0,
              null
            ],
            [
              95.36005227000004,
              5.5508081050000442,
              0,
              null
            ],
            [
              95.360044125000059,
              5.5508729800000651,
              0,
              null
            ],
            [
              95.360005762000071,
              5.5510700230000225,
              0,
              null
            ],
            [
              95.35998720200007,
              5.5511390730000585,
              0,
              null
            ],
            [
              95.359942795000052,
              5.5513787980000302,
              0,
              null
            ],
            [
              95.359908982000036,
              5.5514989420000234,
              0,
              null
            ],
            [
              95.359881095000048,
              5.5520242860000621,
              0,
              null
            ],
            [
              95.359882204000087,
              5.5520548650000592,
              0,
              null
            ],
            [
              95.359871808000037,
              5.5520879580000724,
              0,
              null
            ],
            [
              95.359859056000062,
              5.5521224470000448,
              0,
              null
            ],
            [
              95.359853447000035,
              5.5521526030000246,
              0,
              null
            ],
            [
              95.359853973000043,
              5.5521574320000582,
              0,
              null
            ],
            [
              95.359849208000071,
              5.5521698070000411,
              0,
              null
            ],
            [
              95.359722401000056,
              5.5521393070000613,
              0,
              null
            ],
            [
              95.35972263900004,
              5.5521380910000744,
              0,
              null
            ],
            [
              95.35962769300005,
              5.5521187010000403,
              0,
              null
            ],
            [
              95.359587731000033,
              5.5521105390000685,
              0,
              null
            ],
            [
              95.359586401000058,
              5.5521101960000578,
              0,
              null
            ],
            [
              95.359563844000036,
              5.5521043660000373,
              0,
              null
            ],
            [
              95.35941815800004,
              5.5520667160000698,
              0,
              null
            ],
            [
              95.359391907000031,
              5.5520599320000201,
              0,
              null
            ],
            [
              95.35934674400005,
              5.5520482600000491,
              0,
              null
            ],
            [
              95.359275057000048,
              5.5520297330000403,
              0,
              null
            ],
            [
              95.359161243000074,
              5.552003973000069,
              0,
              null
            ],
            [
              95.35911623800007,
              5.5519937870000717,
              0,
              null
            ],
            [
              95.358959589000051,
              5.5519583320000265,
              0,
              null
            ],
            [
              95.358948591000058,
              5.5519558430000302,
              0,
              null
            ],
            [
              95.358766305000074,
              5.5519108910000341,
              0,
              null
            ],
            [
              95.358753153000066,
              5.5519076470000641,
              0,
              null
            ],
            [
              95.358660888000031,
              5.551884894000068,
              0,
              null
            ],
            [
              95.358638896000059,
              5.5518798860000516,
              0,
              null
            ],
            [
              95.35838040200008,
              5.5518258630000332,
              0,
              null
            ],
            [
              95.358094469000036,
              5.5517553330000737,
              0,
              null
            ],
            [
              95.358083518000058,
              5.5517526310000562,
              0,
              null
            ],
            [
              95.358072486000083,
              5.5517502830000467,
              0,
              null
            ],
            [
              95.357880928000043,
              5.5517094960000577,
              0,
              null
            ],
            [
              95.357869894000032,
              5.5517071470000587,
              0,
              null
            ],
            [
              95.35778769500007,
              5.5516896450000672,
              0,
              null
            ],
            [
              95.35773755200006,
              5.5516784860000712,
              0,
              null
            ],
            [
              95.35760934700005,
              5.5516499540000268,
              0,
              null
            ],
            [
              95.357434380000086,
              5.5516110150000486,
              0,
              null
            ],
            [
              95.357281193000063,
              5.5515696450000291,
              0,
              null
            ],
            [
              95.357249891000038,
              5.5515611920000651,
              0,
              null
            ],
            [
              95.357100470000034,
              5.5515208380000445,
              0,
              null
            ],
            [
              95.356857386000058,
              5.5514652870000418,
              0,
              null
            ],
            [
              95.35666354500006,
              5.5514327420000313,
              0,
              null
            ],
            [
              95.356618995000076,
              5.5514275000000453,
              0,
              null
            ],
            [
              95.356618787000059,
              5.5514264170000729,
              0,
              null
            ],
            [
              95.356608487000074,
              5.5513728170000718,
              0,
              null
            ],
            [
              95.356594301000086,
              5.5513370230000305,
              0,
              null
            ],
            [
              95.356543525000063,
              5.55136157000004,
              0,
              null
            ],
            [
              95.356525160000047,
              5.5513668310000526,
              0,
              null
            ],
            [
              95.356153341000038,
              5.5514171240000678,
              0,
              null
            ],
            [
              95.356003151000039,
              5.5514290760000335,
              0,
              null
            ],
            [
              95.355972998000084,
              5.5514314760000616,
              0,
              null
            ],
            [
              95.35595496500008,
              5.5514329120000525,
              0,
              null
            ],
            [
              95.355941940000037,
              5.5514339480000672,
              0,
              null
            ],
            [
              95.35582712300004,
              5.5514420620000351,
              0,
              null
            ],
            [
              95.355639465000081,
              5.5514543080000749,
              0,
              null
            ],
            [
              95.355466627000055,
              5.5514679230000752,
              0,
              null
            ],
            [
              95.355334417000051,
              5.5514805870000714,
              0,
              null
            ],
            [
              95.355329508000068,
              5.5514447370000539,
              0,
              null
            ],
            [
              95.355305429000055,
              5.5511768100000722,
              0,
              null
            ],
            [
              95.355302140000049,
              5.5511464180000303,
              0,
              null
            ],
            [
              95.355300679000038,
              5.5511329140000498,
              0,
              null
            ],
            [
              95.355275415000051,
              5.550899424000022,
              0,
              null
            ],
            [
              95.355253936000054,
              5.5506420220000336,
              0,
              null
            ],
            [
              95.355253302000051,
              5.5506344180000724,
              0,
              null
            ],
            [
              95.35525219200008,
              5.5506147430000397,
              0,
              null
            ],
            [
              95.355234873000086,
              5.550307617000044,
              0,
              null
            ],
            [
              95.355217474000085,
              5.5500836210000557,
              0,
              null
            ],
            [
              95.35521484700007,
              5.5500716820000662,
              0,
              null
            ],
            [
              95.35521119100008,
              5.5500620340000637,
              0,
              null
            ],
            [
              95.355205541000032,
              5.5500523040000758,
              0,
              null
            ],
            [
              95.355199910000067,
              5.550044941000067,
              0,
              null
            ],
            [
              95.355186144000072,
              5.5500382890000424,
              0,
              null
            ],
            [
              95.355149924000045,
              5.550036111000054,
              0,
              null
            ],
            [
              95.355111964000059,
              5.5500384180000424,
              0,
              null
            ],
            [
              95.355064766000055,
              5.5500412860000665,
              0,
              null
            ],
            [
              95.354974288000051,
              5.5500516070000572,
              0,
              null
            ],
            [
              95.354867807000062,
              5.5500643750000336,
              0,
              null
            ],
            [
              95.354848551000032,
              5.5500666850000471,
              0,
              null
            ],
            [
              95.354768205000084,
              5.5500763180000376,
              0,
              null
            ],
            [
              95.354616681000039,
              5.5500943290000464,
              0,
              null
            ],
            [
              95.354607919000046,
              5.5500953690000756,
              0,
              null
            ],
            [
              95.35460659000006,
              5.5500841490000425,
              0,
              null
            ],
            [
              95.354598659000033,
              5.5500318470000707,
              0,
              null
            ],
            [
              95.354576403000067,
              5.5499482840000383,
              0,
              null
            ],
            [
              95.354566675000058,
              5.5499117600000432,
              0,
              null
            ],
            [
              95.354529894000052,
              5.5497856320000665,
              0,
              null
            ],
            [
              95.354528751000032,
              5.5497814790000461,
              0,
              null
            ],
            [
              95.354515598000035,
              5.5497337130000233,
              0,
              null
            ],
            [
              95.35450191700005,
              5.5496840230000544,
              0,
              null
            ],
            [
              95.354497970000068,
              5.5496696890000408,
              0,
              null
            ],
            [
              95.35448727000005,
              5.5496308290000229,
              0,
              null
            ],
            [
              95.354452657000081,
              5.5495697440000527,
              0,
              null
            ],
            [
              95.354412016000083,
              5.5495395990000702,
              0,
              null
            ],
            [
              95.354395939000085,
              5.5495276750000357,
              0,
              null
            ],
            [
              95.354390447000071,
              5.5495257630000765,
              0,
              null
            ],
            [
              95.354380741000057,
              5.5495193200000585,
              0,
              null
            ],
            [
              95.35434041600007,
              5.5494875570000204,
              0,
              null
            ],
            [
              95.35433523100005,
              5.5494834730000662,
              0,
              null
            ],
            [
              95.354292414000042,
              5.5494454760000735,
              0,
              null
            ],
            [
              95.354268931000036,
              5.5494237630000498,
              0,
              null
            ],
            [
              95.35423988000008,
              5.5493969030000585,
              0,
              null
            ],
            [
              95.354208592000077,
              5.5493679890000749,
              0,
              null
            ],
            [
              95.354180257000053,
              5.5493418040000506,
              0,
              null
            ],
            [
              95.354166630000066,
              5.5493284000000358,
              0,
              null
            ],
            [
              95.354120746000035,
              5.5492832700000463,
              0,
              null
            ],
            [
              95.354115456000045,
              5.549277833000076,
              0,
              null
            ],
            [
              95.35409528100007,
              5.5492570970000656,
              0,
              null
            ],
            [
              95.354085836000081,
              5.5492473890000724,
              0,
              null
            ],
            [
              95.354093568000053,
              5.5492391500000622,
              0,
              null
            ],
            [
              95.354110968000043,
              5.5492294410000227,
              0,
              null
            ],
            [
              95.354130976000079,
              5.5492188390000479,
              0,
              null
            ],
            [
              95.354166630000066,
              5.5492120020000471,
              0,
              null
            ],
            [
              95.354251633000047,
              5.5492064520000213,
              0,
              null
            ],
            [
              95.354283189000057,
              5.5492014920000656,
              0,
              null
            ],
            [
              95.354373366000061,
              5.5491896530000417,
              0,
              null
            ],
            [
              95.354513644000065,
              5.54917187500007,
              0,
              null
            ],
            [
              95.354642436000063,
              5.5491469680000591,
              0,
              null
            ],
            [
              95.35468964100005,
              5.5491354510000406,
              0,
              null
            ],
            [
              95.35469841400004,
              5.5491333100000588,
              0,
              null
            ],
            [
              95.354737313000044,
              5.5491238180000551,
              0,
              null
            ],
            [
              95.354809833000047,
              5.5491061230000582,
              0,
              null
            ],
            [
              95.354950487000053,
              5.5490644670000506,
              0,
              null
            ],
            [
              95.354957169000045,
              5.549062488000061,
              0,
              null
            ],
            [
              95.355041515000039,
              5.54902484400003,
              0,
              null
            ],
            [
              95.355060907000052,
              5.5490136810000763,
              0,
              null
            ],
            [
              95.355092786000057,
              5.5489953280000464,
              0,
              null
            ],
            [
              95.355097298000032,
              5.5489927310000553,
              0,
              null
            ],
            [
              95.355103477000057,
              5.5489891740000417,
              0,
              null
            ],
            [
              95.355121705000045,
              5.5489848370000345,
              0,
              null
            ],
            [
              95.355156013000055,
              5.5489766770000415,
              0,
              null
            ],
            [
              95.355223266000053,
              5.5489624600000411,
              0,
              null
            ],
            [
              95.355267806000086,
              5.5489530450000757,
              0,
              null
            ],
            [
              95.355379390000053,
              5.5489249640000367,
              0,
              null
            ],
            [
              95.355385658000046,
              5.5489233870000589,
              0,
              null
            ],
            [
              95.355435718000081,
              5.5489074020000544,
              0,
              null
            ],
            [
              95.355452331000038,
              5.5488937050000686,
              0,
              null
            ],
            [
              95.35547069100005,
              5.5488785640000629,
              0,
              null
            ],
            [
              95.355500623000069,
              5.5488425720000691,
              0,
              null
            ],
            [
              95.355544858000087,
              5.548802217000059,
              0,
              null
            ],
            [
              95.355602011000087,
              5.5487689870000736,
              0,
              null
            ],
            [
              95.355667715000038,
              5.5487340030000496,
              0,
              null
            ],
            [
              95.355683470000031,
              5.5487256140000341,
              0,
              null
            ],
            [
              95.35573518800004,
              5.5486934350000752,
              0,
              null
            ],
            [
              95.355878006000069,
              5.5486563930000443,
              0,
              null
            ],
            [
              95.355837503000032,
              5.5484863770000743,
              0,
              null
            ],
            [
              95.355834827000081,
              5.548475389000032,
              0,
              null
            ],
            [
              95.355785627000046,
              5.5482733660000463,
              0,
              null
            ],
            [
              95.355756884000073,
              5.5481595090000724,
              0,
              null
            ],
            [
              95.355749256000081,
              5.5481274600000461,
              0,
              null
            ],
            [
              95.355741286000068,
              5.548093978000054,
              0,
              null
            ],
            [
              95.35571647200004,
              5.5479897300000403,
              0,
              null
            ],
            [
              95.355679200000054,
              5.5478249000000233,
              0,
              null
            ],
            [
              95.355652279000083,
              5.5477178020000224,
              0,
              null
            ],
            [
              95.355647864000048,
              5.5477002370000719,
              0,
              null
            ],
            [
              95.355630164000047,
              5.5477038450000578,
              0,
              null
            ],
            [
              95.355617196000082,
              5.5477063370000224,
              0,
              null
            ],
            [
              95.355485866000038,
              5.5477315750000571,
              0,
              null
            ],
            [
              95.355237329000033,
              5.5477741260000357,
              0,
              null
            ],
            [
              95.355130479000081,
              5.5477903470000456,
              0,
              null
            ],
            [
              95.355101380000065,
              5.5477947630000699,
              0,
              null
            ],
            [
              95.355017803000067,
              5.5478074510000397,
              0,
              null
            ],
            [
              95.354960805000076,
              5.5478178060000687,
              0,
              null
            ],
            [
              95.354931400000055,
              5.5478231480000204,
              0,
              null
            ],
            [
              95.354921898000043,
              5.5478251080000405,
              0,
              null
            ],
            [
              95.35491995600006,
              5.5478139730000748,
              0,
              null
            ],
            [
              95.354905440000039,
              5.5477592120000736,
              0,
              null
            ],
            [
              95.35490259900007,
              5.547740086000033,
              0,
              null
            ],
            [
              95.354897840000035,
              5.5477080370000635,
              0,
              null
            ],
            [
              95.35489562500004,
              5.5476864060000253,
              0,
              null
            ],
            [
              95.354895018000036,
              5.5476676170000587,
              0,
              null
            ],
            [
              95.354895361000047,
              5.547629038000025,
              0,
              null
            ],
            [
              95.354900993000058,
              5.5475024250000615,
              0,
              null
            ],
            [
              95.354897803000085,
              5.5474759900000663,
              0,
              null
            ],
            [
              95.354894057000081,
              5.5474642090000543,
              0,
              null
            ],
            [
              95.354888756000037,
              5.5474535280000623,
              0,
              null
            ],
            [
              95.354883772000051,
              5.5474455940000666,
              0,
              null
            ],
            [
              95.354877583000075,
              5.5474386760000698,
              0,
              null
            ],
            [
              95.354870622000078,
              5.5474328740000374,
              0,
              null
            ],
            [
              95.354863627000043,
              5.5474295480000251,
              0,
              null
            ],
            [
              95.354855777000068,
              5.547427085000038,
              0,
              null
            ],
            [
              95.354844063000087,
              5.5474259480000683,
              0,
              null
            ],
            [
              95.354774475000056,
              5.5474261980000392,
              0,
              null
            ],
            [
              95.354646201000037,
              5.5474299460000225,
              0,
              null
            ],
            [
              95.354626195000037,
              5.5474305310000318,
              0,
              null
            ],
            [
              95.354625415000044,
              5.5474192500000754,
              0,
              null
            ],
            [
              95.354622348000078,
              5.5472984420000557,
              0,
              null
            ],
            [
              95.354615268000032,
              5.5470485890000418,
              0,
              null
            ],
            [
              95.354610862000072,
              5.5470226470000625,
              0,
              null
            ],
            [
              95.354603155000063,
              5.5470015810000746,
              0,
              null
            ],
            [
              95.354585323000038,
              5.5469864210000424,
              0,
              null
            ],
            [
              95.354476318000081,
              5.5469529660000489,
              0,
              null
            ],
            [
              95.354421642000034,
              5.5469361840000602,
              0,
              null
            ],
            [
              95.354392879000045,
              5.5468568540000547,
              0,
              null
            ],
            [
              95.354392007000058,
              5.5468559370000321,
              0,
              null
            ],
            [
              95.354358222000087,
              5.546820379000053,
              0,
              null
            ],
            [
              95.354291103000037,
              5.5467479430000708,
              0,
              null
            ],
            [
              95.354252784000039,
              5.5467155700000603,
              0,
              null
            ],
            [
              95.354166638000038,
              5.546660361000022,
              0,
              null
            ],
            [
              95.354022843000052,
              5.5466489670000669,
              0,
              null
            ],
            [
              95.353804048000086,
              5.5466514480000342,
              0,
              null
            ],
            [
              95.353778987000055,
              5.5466515480000567,
              0,
              null
            ],
            [
              95.353759954000054,
              5.5466671690000453,
              0,
              null
            ],
            [
              95.353628552000032,
              5.5469367420000708,
              0,
              null
            ],
            [
              95.353614264000043,
              5.5469451690000255,
              0,
              null
            ],
            [
              95.353533477000042,
              5.5469705510000722,
              0,
              null
            ],
            [
              95.353468828000075,
              5.5469864040000516,
              0,
              null
            ],
            [
              95.353357756000037,
              5.547086026000045,
              0,
              null
            ],
            [
              95.35334679500005,
              5.5470995460000267,
              0,
              null
            ],
            [
              95.353328590000046,
              5.5471108630000572,
              0,
              null
            ],
            [
              95.353314572000045,
              5.5471135490000734,
              0,
              null
            ],
            [
              95.353293723000036,
              5.5471153770000683,
              0,
              null
            ],
            [
              95.353267384000048,
              5.5471163220000221,
              0,
              null
            ],
            [
              95.353238734000058,
              5.547114213000043,
              0,
              null
            ],
            [
              95.353191409000033,
              5.5471029130000602,
              0,
              null
            ],
            [
              95.353153745000043,
              5.5470960760000594,
              0,
              null
            ],
            [
              95.353120420000039,
              5.5470937410000261,
              0,
              null
            ],
            [
              95.353093796000053,
              5.5470930870000643,
              0,
              null
            ],
            [
              95.35306599200004,
              5.5470951230000765,
              0,
              null
            ],
            [
              95.353030714000056,
              5.5470893340000202,
              0,
              null
            ],
            [
              95.353019264000068,
              5.5470954930000289,
              0,
              null
            ],
            [
              95.352973676000033,
              5.547096052000029,
              0,
              null
            ],
            [
              95.35291989500007,
              5.5470957230000408,
              0,
              null
            ],
            [
              95.35289221000005,
              5.5470960140000329,
              0,
              null
            ],
            [
              95.352838648000045,
              5.547090550000064,
              0,
              null
            ],
            [
              95.352750377000064,
              5.5470820440000352,
              0,
              null
            ],
            [
              95.352737030000071,
              5.5470807580000496,
              0,
              null
            ],
            [
              95.35247843500008,
              5.5470509020000236,
              0,
              null
            ],
            [
              95.352380370000049,
              5.5470522280000409,
              0,
              null
            ],
            [
              95.352398854000057,
              5.5470218130000717,
              0,
              null
            ],
            [
              95.35240161300004,
              5.5470172740000407,
              0,
              null
            ],
            [
              95.352433794000035,
              5.5469656790000386,
              0,
              null
            ],
            [
              95.352474216000076,
              5.546903655000051,
              0,
              null
            ],
            [
              95.352495360000034,
              5.5468668370000387,
              0,
              null
            ],
            [
              95.352501032000077,
              5.546856900000023,
              0,
              null
            ],
            [
              95.35251327800006,
              5.5468354460000455,
              0,
              null
            ],
            [
              95.352529129000061,
              5.5468060550000473,
              0,
              null
            ],
            [
              95.352554948000034,
              5.5467581780000614,
              0,
              null
            ],
            [
              95.352578492000077,
              5.546707819000062,
              0,
              null
            ],
            [
              95.352606510000044,
              5.5466388670000697,
              0,
              null
            ],
            [
              95.35261003800008,
              5.5466301840000369,
              0,
              null
            ],
            [
              95.35262657800007,
              5.5465918620000707,
              0,
              null
            ],
            [
              95.352635098000064,
              5.5465721230000327,
              0,
              null
            ],
            [
              95.352664594000032,
              5.5465037840000377,
              0,
              null
            ],
            [
              95.352675785000031,
              5.5464799870000547,
              0,
              null
            ],
            [
              95.352697454000065,
              5.5464339090000294,
              0,
              null
            ],
            [
              95.352702542000031,
              5.5464230870000506,
              0,
              null
            ],
            [
              95.352725541000041,
              5.5463724020000313,
              0,
              null
            ],
            [
              95.352742983000041,
              5.5463339650000307,
              0,
              null
            ],
            [
              95.35278403600006,
              5.5462513570000738,
              0,
              null
            ],
            [
              95.352814338000087,
              5.546196506000058,
              0,
              null
            ],
            [
              95.352823870000066,
              5.5461792520000586,
              0,
              null
            ],
            [
              95.352838360000078,
              5.5461530240000343,
              0,
              null
            ],
            [
              95.352869991000034,
              5.5461036630000535,
              0,
              null
            ],
            [
              95.352910751000081,
              5.5460609540000405,
              0,
              null
            ],
            [
              95.352945844000033,
              5.5460325140000464,
              0,
              null
            ],
            [
              95.352956775000052,
              5.5460236550000559,
              0,
              null
            ],
            [
              95.352977661000068,
              5.5460067290000552,
              0,
              null
            ],
            [
              95.353002662000051,
              5.54598646900007,
              0,
              null
            ],
            [
              95.353058935000035,
              5.5459521600000699,
              0,
              null
            ],
            [
              95.35306803800006,
              5.5459477340000376,
              0,
              null
            ],
            [
              95.353105890000052,
              5.5459293300000354,
              0,
              null
            ],
            [
              95.353162981000082,
              5.5459008840000479,
              0,
              null
            ],
            [
              95.353222221000067,
              5.5458693260000587,
              0,
              null
            ],
            [
              95.353264067000055,
              5.5458470340000758,
              0,
              null
            ],
            [
              95.353314543000067,
              5.5458227270000293,
              0,
              null
            ],
            [
              95.353346748000035,
              5.5458100960000252,
              0,
              null
            ],
            [
              95.353357850000066,
              5.5458057420000273,
              0,
              null
            ],
            [
              95.353358631000049,
              5.5458054490000563,
              0,
              null
            ],
            [
              95.353417569000044,
              5.5457833080000682,
              0,
              null
            ],
            [
              95.353428570000062,
              5.5457791750000638,
              0,
              null
            ],
            [
              95.353452785000059,
              5.5457709350000641,
              0,
              null
            ],
            [
              95.35355110200004,
              5.5457374790000245,
              0,
              null
            ],
            [
              95.353574102000039,
              5.5457293240000354,
              0,
              null
            ],
            [
              95.353620324000076,
              5.5457129340000506,
              0,
              null
            ],
            [
              95.35363099500006,
              5.5457091330000594,
              0,
              null
            ],
            [
              95.353681069000061,
              5.5456913000000441,
              0,
              null
            ],
            [
              95.353685698000049,
              5.5456896520000214,
              0,
              null
            ],
            [
              95.35378649900008,
              5.545650419000026,
              0,
              null
            ],
            [
              95.353789557000084,
              5.5456492140000364,
              0,
              null
            ],
            [
              95.353872189000072,
              5.5456166330000656,
              0,
              null
            ],
            [
              95.353881518000037,
              5.5456129550000242,
              0,
              null
            ],
            [
              95.354002940000044,
              5.545565080000074,
              0,
              null
            ],
            [
              95.354007849000084,
              5.5455625930000565,
              0,
              null
            ],
            [
              95.354054699000073,
              5.5455388600000219,
              0,
              null
            ],
            [
              95.354098569000087,
              5.5455161510000721,
              0,
              null
            ],
            [
              95.35412976300006,
              5.5454884980000543,
              0,
              null
            ],
            [
              95.354133693000051,
              5.5454850140000644,
              0,
              null
            ],
            [
              95.354134766000072,
              5.5454840630000604,
              0,
              null
            ],
            [
              95.354145070000072,
              5.5454692450000493,
              0,
              null
            ],
            [
              95.354154157000039,
              5.5454748260000315,
              0,
              null
            ],
            [
              95.354166642000052,
              5.5454779830000689,
              0,
              null
            ],
            [
              95.354175831000077,
              5.5454803050000692,
              0,
              null
            ],
            [
              95.354216273000077,
              5.5454762370000594,
              0,
              null
            ],
            [
              95.354244182000059,
              5.5454643660000329,
              0,
              null
            ],
            [
              95.354261390000033,
              5.5454561070000636,
              0,
              null
            ],
            [
              95.354266213000074,
              5.5454537930000356,
              0,
              null
            ],
            [
              95.354272347000062,
              5.5454508490000762,
              0,
              null
            ],
            [
              95.354293728000073,
              5.5454392940000616,
              0,
              null
            ],
            [
              95.354354951000062,
              5.545406205000063,
              0,
              null
            ],
            [
              95.354475555000079,
              5.5453249630000414,
              0,
              null
            ],
            [
              95.354485829000055,
              5.5453180430000657,
              0,
              null
            ],
            [
              95.354509154000084,
              5.5453023310000731,
              0,
              null
            ],
            [
              95.354652062000071,
              5.5452122310000505,
              0,
              null
            ],
            [
              95.354661688000078,
              5.5452057090000721,
              0,
              null
            ],
            [
              95.354768933000059,
              5.5451330280000661,
              0,
              null
            ],
            [
              95.354862327000035,
              5.5450687060000519,
              0,
              null
            ],
            [
              95.354878317000043,
              5.5450607600000694,
              0,
              null
            ],
            [
              95.35487869800005,
              5.5450606180000364,
              0,
              null
            ],
            [
              95.354892928000083,
              5.5450553240000318,
              0,
              null
            ],
            [
              95.354908822000084,
              5.5450534040000434,
              0,
              null
            ],
            [
              95.354917453000041,
              5.5450523610000459,
              0,
              null
            ],
            [
              95.354939642000033,
              5.5450537100000474,
              0,
              null
            ],
            [
              95.35494424400008,
              5.5450548830000344,
              0,
              null
            ],
            [
              95.354957838000075,
              5.5450583470000652,
              0,
              null
            ],
            [
              95.354977852000047,
              5.5450686350000638,
              0,
              null
            ],
            [
              95.354980414000067,
              5.5450713190000442,
              0,
              null
            ],
            [
              95.354988206000087,
              5.5450794850000307,
              0,
              null
            ],
            [
              95.354993337000053,
              5.5450745700000539,
              0,
              null
            ],
            [
              95.355001247000075,
              5.545066992000045,
              0,
              null
            ],
            [
              95.355214551000074,
              5.5450271090000456,
              0,
              null
            ],
            [
              95.355363527000065,
              5.5449934920000601,
              0,
              null
            ],
            [
              95.355618521000054,
              5.5449823160000733,
              0,
              null
            ],
            [
              95.355646225000044,
              5.54495651000002,
              0,
              null
            ],
            [
              95.355719493000038,
              5.5449411610000539,
              0,
              null
            ],
            [
              95.356189759000074,
              5.5449283340000761,
              0,
              null
            ],
            [
              95.356249325000078,
              5.5449196230000553,
              0,
              null
            ],
            [
              95.356268168000042,
              5.5449195630000645,
              0,
              null
            ],
            [
              95.356279335000067,
              5.5449187510000684,
              0,
              null
            ],
            [
              95.35635269900007,
              5.5449134060000347,
              0,
              null
            ],
            [
              95.356534423000085,
              5.544895562000022,
              0,
              null
            ],
            [
              95.356546716000082,
              5.5448925840000243,
              0,
              null
            ],
            [
              95.356559848000074,
              5.5448896220000279,
              0,
              null
            ],
            [
              95.356715785000063,
              5.5448797620000505,
              0,
              null
            ],
            [
              95.356721033000042,
              5.5448790150000491,
              0,
              null
            ],
            [
              95.35676456200008,
              5.544872807000047,
              0,
              null
            ],
            [
              95.35695306000008,
              5.5448457170000438,
              0,
              null
            ],
            [
              95.356988817000058,
              5.544840286000067,
              0,
              null
            ],
            [
              95.357046233000062,
              5.5448166740000602,
              0,
              null
            ],
            [
              95.357058196000082,
              5.5448123330000385,
              0,
              null
            ],
            [
              95.357287772000063,
              5.5447957170000564,
              0,
              null
            ],
            [
              95.357292734000055,
              5.5447951780000722,
              0,
              null
            ],
            [
              95.357328493000068,
              5.5447912840000413,
              0,
              null
            ],
            [
              95.357525936000059,
              5.5447697840000387,
              0,
              null
            ],
            [
              95.357682987000032,
              5.5447528620000526,
              0,
              null
            ],
            [
              95.357727288000035,
              5.5447480880000626,
              0,
              null
            ],
            [
              95.357748754000056,
              5.544745775000024,
              0,
              null
            ],
            [
              95.357942708000053,
              5.5447319580000567,
              0,
              null
            ],
            [
              95.358136582000043,
              5.5447068710000735,
              0,
              null
            ],
            [
              95.358195377000072,
              5.5447014930000478,
              0,
              null
            ],
            [
              95.358240138000042,
              5.5446994610000502,
              0,
              null
            ],
            [
              95.358365168000034,
              5.5447013500000253,
              0,
              null
            ],
            [
              95.358376907000036,
              5.5447018760000333,
              0,
              null
            ],
            [
              95.358378630000061,
              5.5447089230000302,
              0,
              null
            ],
            [
              95.358379507000052,
              5.5447125090000213,
              0,
              null
            ],
            [
              95.358390774000043,
              5.5447124280000253,
              0,
              null
            ],
            [
              95.35842530900004,
              5.5447121810000226,
              0,
              null
            ],
            [
              95.358445301000074,
              5.544712038000057,
              0,
              null
            ],
            [
              95.358420932000058,
              5.5454652680000436,
              0,
              null
            ],
            [
              95.358392403000039,
              5.5459859220000567,
              0,
              null
            ],
            [
              95.359076930000072,
              5.5459921730000588,
              0,
              null
            ],
            [
              95.359085170000071,
              5.5461477780000337,
              0,
              null
            ],
            [
              95.358981940000035,
              5.54665073700005,
              0,
              null
            ],
            [
              95.358964406000041,
              5.5468210240000531,
              0,
              null
            ],
            [
              95.358779571000071,
              5.5467121810000322,
              0,
              null
            ],
            [
              95.358737121000047,
              5.5467461420000745,
              0,
              null
            ],
            [
              95.358737121000047,
              5.5467970830000581,
              0,
              null
            ],
            [
              95.358737121000047,
              5.5469074600000567,
              0,
              null
            ],
            [
              95.358779571000071,
              5.5470093480000742,
              0,
              null
            ],
            [
              95.358839006000039,
              5.5471451930000626,
              0,
              null
            ],
            [
              95.359110700000031,
              5.547433867000052,
              0,
              null
            ],
            [
              95.359170133000077,
              5.5475782060000256,
              0,
              null
            ],
            [
              95.359263528000042,
              5.5476970730000517,
              0,
              null
            ],
            [
              95.359390885000039,
              5.547815938000042,
              0,
              null
            ],
            [
              95.359526732000063,
              5.5478838600000699,
              0,
              null
            ],
            [
              95.359611636000068,
              5.5479008430000363,
              0,
              null
            ],
            [
              95.359857859000044,
              5.5478838600000699,
              0,
              null
            ],
            [
              95.360311490000072,
              5.5478882090000639,
              0,
              null
            ],
            [
              95.360273925000058,
              5.5482422280000492,
              0,
              null
            ],
            [
              95.360471106000034,
              5.5484770350000758,
              0,
              null
            ],
            [
              95.360528869000063,
              5.5486020220000682,
              0,
              null
            ],
            [
              95.360534285000085,
              5.5486079680000557,
              0,
              null
            ],
            [
              95.360537377000071,
              5.5486113610000416,
              0,
              null
            ],
            [
              95.360549053000057,
              5.5486123170000496,
              0,
              null
            ],
            [
              95.360636561000035,
              5.5487856370000372,
              0,
              null
            ],
            [
              95.360657023000044,
              5.5488417230000664,
              0,
              null
            ],
            [
              95.360679750000031,
              5.548904005000054,
              0,
              null
            ],
            [
              95.360693934000039,
              5.5489582830000472,
              0,
              null
            ],
            [
              95.36069436400004,
              5.5489599280000448,
              0,
              null
            ],
            [
              95.360693145000084,
              5.5490342590000523,
              0,
              null
            ],
            [
              95.360678346000043,
              5.5491225440000562,
              0,
              null
            ],
            [
              95.360669644000041,
              5.5492117110000549,
              0,
              null
            ],
            [
              95.360669476000055,
              5.549325945000021,
              0,
              null
            ],
            [
              95.360669930000086,
              5.5494051240000317,
              0,
              null
            ],
            [
              95.360661613000048,
              5.5494099350000283,
              0,
              null
            ],
            [
              95.360651140000073,
              5.5494171510000569,
              0,
              null
            ],
            [
              95.360641602000044,
              5.5494195810000519,
              0,
              null
            ],
            [
              95.360624426000072,
              5.5494220410000707,
              0,
              null
            ],
            [
              95.360557590000042,
              5.549420873000031,
              0,
              null
            ],
            [
              95.360431541000082,
              5.5494251870000539,
              0,
              null
            ],
            [
              95.36043501000006,
              5.5494331000000443,
              0,
              null
            ],
            [
              95.360436593000031,
              5.5494457390000207,
              0,
              null
            ],
            [
              95.360429471000032,
              5.5495768200000271,
              0,
              null
            ],
            [
              95.360427002000051,
              5.5496222520000629,
              0,
              null
            ],
            [
              95.360409297000047,
              5.5498022510000737,
              0,
              null
            ],
            [
              95.360395935000042,
              5.5499052870000583,
              0,
              null
            ],
            [
              95.360387871000057,
              5.5499674680000339,
              0,
              null
            ],
            [
              95.360385293000036,
              5.5499765240000443,
              0,
              null
            ]
          ]
        ]
      },
      "properties" : {
        "FID" : 0,
        "OBJECTID" : 3946,
        "KDPPUM" : "11",
        "NAMOBJ" : "Ceurih",
        "REMARK" : " ",
        "KDPBPS" : " ",
        "FCODE" : "BA03070040",
        "LUASWH" : 0,
        "UUPP" : "RBI",
        "SRS_ID" : "SRGI 2013",
        "METADATA" : "TASWIL1000020200326DATA_BATAS_DESA_KELURAHAN",
        "KDEBPS" : " ",
        "KDEPUM" : "11.71.09.2006",
        "KDCBPS" : " ",
        "KDCPUM" : "11.71.09",
        "KDBBPS" : " ",
        "WADMKD" : "Ceurih",
        "WIADKD" : "0",
        "WADMKC" : "Ulee Kareng",
        "WIADKC" : " ",
        "WADMKK" : "Kota Banda Aceh",
        "WIADKK" : " ",
        "WADMPR" : "Aceh",
        "WIADPR" : " ",
        "TIPADM" : 9,
        "KDPKAB" : "11.71",
        "SHAPE_Leng" : 0.032136986294493998,
        "SHAPE_Area" : 3.4202000942e-05
      }
    },
    {
      "type" : "Feature",
      "id" : 1,
      "geometry" : {
        "type" : "Polygon",
        "coordinates" : [
          [
            [
              95.360311490000072,
              5.5478882090000639,
              0,
              null
            ],
            [
              95.359857859000044,
              5.5478838600000699,
              0,
              null
            ],
            [
              95.359611636000068,
              5.5479008430000363,
              0,
              null
            ],
            [
              95.359526732000063,
              5.5478838600000699,
              0,
              null
            ],
            [
              95.359390885000039,
              5.547815938000042,
              0,
              null
            ],
            [
              95.359263528000042,
              5.5476970730000517,
              0,
              null
            ],
            [
              95.359170133000077,
              5.5475782060000256,
              0,
              null
            ],
            [
              95.359110700000031,
              5.547433867000052,
              0,
              null
            ],
            [
              95.358839006000039,
              5.5471451930000626,
              0,
              null
            ],
            [
              95.358779571000071,
              5.5470093480000742,
              0,
              null
            ],
            [
              95.358737121000047,
              5.5469074600000567,
              0,
              null
            ],
            [
              95.358737121000047,
              5.5467970830000581,
              0,
              null
            ],
            [
              95.358737121000047,
              5.5467461420000745,
              0,
              null
            ],
            [
              95.358779571000071,
              5.5467121810000322,
              0,
              null
            ],
            [
              95.358964406000041,
              5.5468210240000531,
              0,
              null
            ],
            [
              95.358991777000085,
              5.5468232360000229,
              0,
              null
            ],
            [
              95.359203264000087,
              5.5468403340000236,
              0,
              null
            ],
            [
              95.359508887000061,
              5.5466999690000307,
              0,
              null
            ],
            [
              95.360042435000082,
              5.5464299840000422,
              0,
              null
            ],
            [
              95.360597729000062,
              5.5462380470000312,
              0,
              null
            ],
            [
              95.360603371000082,
              5.5463181270000632,
              0,
              null
            ],
            [
              95.360622739000064,
              5.5465404340000646,
              0,
              null
            ],
            [
              95.360649411000054,
              5.5467003970000519,
              0,
              null
            ],
            [
              95.360655228000041,
              5.5467411750000224,
              0,
              null
            ],
            [
              95.360659137000084,
              5.5467685800000481,
              0,
              null
            ],
            [
              95.360670977000041,
              5.5468515760000514,
              0,
              null
            ],
            [
              95.360689111000056,
              5.5470401450000395,
              0,
              null
            ],
            [
              95.360700793000035,
              5.5471445900000731,
              0,
              null
            ],
            [
              95.360704032000058,
              5.5471735490000356,
              0,
              null
            ],
            [
              95.360721699000067,
              5.5473315010000306,
              0,
              null
            ],
            [
              95.360722789000079,
              5.5473449510000705,
              0,
              null
            ],
            [
              95.360724664000031,
              5.5473681150000402,
              0,
              null
            ],
            [
              95.360738093000066,
              5.5475339790000362,
              0,
              null
            ],
            [
              95.360743279000076,
              5.5475826810000513,
              0,
              null
            ],
            [
              95.360744487000034,
              5.5475940360000209,
              0,
              null
            ],
            [
              95.360761208000042,
              5.5477510750000647,
              0,
              null
            ],
            [
              95.360321880000072,
              5.5478850410000291,
              0,
              null
            ],
            [
              95.360311490000072,
              5.5478882090000639,
              0,
              null
            ]
          ]
        ]
      },
      "properties" : {
        "FID" : 1,
        "OBJECTID" : 3951,
        "KDPPUM" : "11",
        "NAMOBJ" : "Ceurih/Meunasah Baet",
        "REMARK" : "Area Saling Klaim",
        "KDPBPS" : " ",
        "FCODE" : "BA03070040",
        "LUASWH" : 0,
        "UUPP" : "Hasil Delineasi Tahun 2019",
        "SRS_ID" : "SRGI 2013",
        "METADATA" : "TASWIL1000020200326DATA_BATAS_DESA_KELURAHAN",
        "KDEBPS" : " ",
        "KDEPUM" : "11.71.09.2006/11.06.21.2009",
        "KDCBPS" : " ",
        "KDCPUM" : "11.71.09/11.06.21",
        "KDBBPS" : " ",
        "WADMKD" : "Ceurih/Meunasah Baet",
        "WIADKD" : "0",
        "WADMKC" : "Ulee Kareng/Krueng Barona Jaya",
        "WIADKC" : " ",
        "WADMKK" : "Banda Aceh/Aceh Besar",
        "WIADKK" : " ",
        "WADMPR" : "Aceh",
        "WIADPR" : " ",
        "TIPADM" : 9,
        "KDPKAB" : "11.71/11.06",
        "SHAPE_Leng" : 0.00625965532343,
        "SHAPE_Area" : 2.2192555799999999e-06
      }
    }
  ]
}