{
  "hasZ" : true,
  "hasM" : true,
  "type" : "FeatureCollection",
  "features" : [
    {
      "type" : "Feature",
      "id" : 0,
      "geometry" : {
        "type" : "Polygon",
        "coordinates" : [
          [
            [
              95.310186645000044,
              5.5615516320000324,
              0,
              null
            ],
            [
              95.310182771000086,
              5.5615919990000293,
              0,
              null
            ],
            [
              95.310183195000036,
              5.5616337500000554,
              0,
              null
            ],
            [
              95.310188617000051,
              5.5617760910000698,
              0,
              null
            ],
            [
              95.310190181000053,
              5.5618171640000469,
              0,
              null
            ],
            [
              95.310189667000031,
              5.5618683940000437,
              0,
              null
            ],
            [
              95.310261667000077,
              5.561890571000049,
              0,
              null
            ],
            [
              95.310337780000054,
              5.5619000920000303,
              0,
              null
            ],
            [
              95.310335691000034,
              5.561922604000074,
              0,
              null
            ],
            [
              95.31032037500006,
              5.5619824810000296,
              0,
              null
            ],
            [
              95.310311084000034,
              5.5620260020000387,
              0,
              null
            ],
            [
              95.310296903000051,
              5.5621372400000268,
              0,
              null
            ],
            [
              95.310296769000047,
              5.5621630020000339,
              0,
              null
            ],
            [
              95.310298695000085,
              5.5621774980000396,
              0,
              null
            ],
            [
              95.310281334000081,
              5.5621838270000694,
              0,
              null
            ],
            [
              95.310202050000044,
              5.5622127330000239,
              0,
              null
            ],
            [
              95.310074116000067,
              5.5622151480000639,
              0,
              null
            ],
            [
              95.309951022000064,
              5.5622001370000476,
              0,
              null
            ],
            [
              95.309724492000043,
              5.5621725120000747,
              0,
              null
            ],
            [
              95.309479635000059,
              5.5621554330000436,
              0,
              null
            ],
            [
              95.309449237000081,
              5.5621533120000208,
              0,
              null
            ],
            [
              95.309354406000068,
              5.5621466970000597,
              0,
              null
            ],
            [
              95.308502211000075,
              5.5621380760000534,
              0,
              null
            ],
            [
              95.308314819000032,
              5.5620472320000545,
              0,
              null
            ],
            [
              95.308311538000055,
              5.5618970380000405,
              0,
              null
            ],
            [
              95.308310132000031,
              5.5617480430000228,
              0,
              null
            ],
            [
              95.308301818000075,
              5.5616125780000516,
              0,
              null
            ],
            [
              95.308290817000056,
              5.561493553000048,
              0,
              null
            ],
            [
              95.308272555000087,
              5.5613740720000351,
              0,
              null
            ],
            [
              95.308251962000043,
              5.5611971650000669,
              0,
              null
            ],
            [
              95.308264573000031,
              5.5610785370000713,
              0,
              null
            ],
            [
              95.30832465900005,
              5.5607629620000694,
              0,
              null
            ],
            [
              95.308329594000043,
              5.5607313650000378,
              0,
              null
            ],
            [
              95.30834062200006,
              5.5606607430000281,
              0,
              null
            ],
            [
              95.308358342000076,
              5.5605472820000728,
              0,
              null
            ],
            [
              95.308361798000078,
              5.5605251470000212,
              0,
              null
            ],
            [
              95.308361821000062,
              5.5605250010000304,
              0,
              null
            ],
            [
              95.308485371000074,
              5.5605005970000434,
              0,
              null
            ],
            [
              95.308695097000054,
              5.5603675060000342,
              0,
              null
            ],
            [
              95.308904823000034,
              5.5602344150000249,
              0,
              null
            ],
            [
              95.308910169000058,
              5.5602138950000608,
              0,
              null
            ],
            [
              95.308949221000034,
              5.5601900050000381,
              0,
              null
            ],
            [
              95.309012343000063,
              5.5601541700000325,
              0,
              null
            ],
            [
              95.309076254000047,
              5.5601178880000361,
              0,
              null
            ],
            [
              95.309099515000071,
              5.56010468300002,
              0,
              null
            ],
            [
              95.30914457700004,
              5.5600791010000421,
              0,
              null
            ],
            [
              95.309155682000039,
              5.5600727970000321,
              0,
              null
            ],
            [
              95.309166531000074,
              5.5600666380000234,
              0,
              null
            ],
            [
              95.309167190000039,
              5.560066263000067,
              0,
              null
            ],
            [
              95.309218805000057,
              5.5600380060000703,
              0,
              null
            ],
            [
              95.309219852000069,
              5.5600374330000477,
              0,
              null
            ],
            [
              95.309358772000053,
              5.5599613800000611,
              0,
              null
            ],
            [
              95.309367550000047,
              5.5599565750000579,
              0,
              null
            ],
            [
              95.309400846000074,
              5.5599377960000425,
              0,
              null
            ],
            [
              95.309448064000037,
              5.5599111650000737,
              0,
              null
            ],
            [
              95.309448498000052,
              5.5599109200000498,
              0,
              null
            ],
            [
              95.30951514800006,
              5.5598733300000731,
              0,
              null
            ],
            [
              95.30954670400007,
              5.5598555320000287,
              0,
              null
            ],
            [
              95.309589740000035,
              5.5598312600000668,
              0,
              null
            ],
            [
              95.309609841000054,
              5.5598199230000205,
              0,
              null
            ],
            [
              95.309615175000033,
              5.5598160470000266,
              0,
              null
            ],
            [
              95.309628314000065,
              5.5598065000000361,
              0,
              null
            ],
            [
              95.309667858000068,
              5.5597777650000353,
              0,
              null
            ],
            [
              95.309734358000071,
              5.5597294410000586,
              0,
              null
            ],
            [
              95.309788521000087,
              5.5597063800000228,
              0,
              null
            ],
            [
              95.309828067000069,
              5.5596895410000684,
              0,
              null
            ],
            [
              95.309936492000077,
              5.5596393370000214,
              0,
              null
            ],
            [
              95.309970504000034,
              5.5596235880000222,
              0,
              null
            ],
            [
              95.310050649000061,
              5.5595864790000746,
              0,
              null
            ],
            [
              95.310078202000057,
              5.5595737210000493,
              0,
              null
            ],
            [
              95.310089461000075,
              5.5595686480000381,
              0,
              null
            ],
            [
              95.310107084000038,
              5.5595607090000385,
              0,
              null
            ],
            [
              95.310110903000066,
              5.559560020000049,
              0,
              null
            ],
            [
              95.310251536000067,
              5.5595346350000341,
              0,
              null
            ],
            [
              95.310266252000076,
              5.5595334450000564,
              0,
              null
            ],
            [
              95.310266915000057,
              5.5595333910000591,
              0,
              null
            ],
            [
              95.310304944000052,
              5.559530316000064,
              0,
              null
            ],
            [
              95.31031841500004,
              5.5595292270000414,
              0,
              null
            ],
            [
              95.310319261000075,
              5.5595369470000264,
              0,
              null
            ],
            [
              95.310319421000031,
              5.5595384000000649,
              0,
              null
            ],
            [
              95.310315942000045,
              5.55955545300003,
              0,
              null
            ],
            [
              95.310328711000068,
              5.5595605720000663,
              0,
              null
            ],
            [
              95.310341633000064,
              5.5595624680000242,
              0,
              null
            ],
            [
              95.310366822000049,
              5.5595661640000458,
              0,
              null
            ],
            [
              95.310381150000069,
              5.5595682660000421,
              0,
              null
            ],
            [
              95.310390333000043,
              5.5595696130000647,
              0,
              null
            ],
            [
              95.310456255000076,
              5.5595673300000499,
              0,
              null
            ],
            [
              95.310509813000067,
              5.5595618150000519,
              0,
              null
            ],
            [
              95.310535144000085,
              5.5595588410000687,
              0,
              null
            ],
            [
              95.310554676000038,
              5.5595566580000764,
              0,
              null
            ],
            [
              95.31057592600007,
              5.559555418000059,
              0,
              null
            ],
            [
              95.310614303000079,
              5.5595538940000324,
              0,
              null
            ],
            [
              95.310646940000083,
              5.5595525970000494,
              0,
              null
            ],
            [
              95.310691819000056,
              5.5595508150000228,
              0,
              null
            ],
            [
              95.310737157000062,
              5.5595496630000412,
              0,
              null
            ],
            [
              95.310760882000068,
              5.5595490600000517,
              0,
              null
            ],
            [
              95.310821947000079,
              5.5595475090000264,
              0,
              null
            ],
            [
              95.310843233000071,
              5.5595469680000633,
              0,
              null
            ],
            [
              95.310897134000072,
              5.5595468110000752,
              0,
              null
            ],
            [
              95.310925301000054,
              5.5595467300000223,
              0,
              null
            ],
            [
              95.310933953000074,
              5.5595467050000593,
              0,
              null
            ],
            [
              95.31095967300007,
              5.5595466290000672,
              0,
              null
            ],
            [
              95.31096836200004,
              5.5595466040000474,
              0,
              null
            ],
            [
              95.31099183300006,
              5.5595457120000447,
              0,
              null
            ],
            [
              95.311063734000072,
              5.5595429770000351,
              0,
              null
            ],
            [
              95.311085217000084,
              5.5595412560000455,
              0,
              null
            ],
            [
              95.311106701000085,
              5.5595397800000228,
              0,
              null
            ],
            [
              95.311116527000081,
              5.5595389150000756,
              0,
              null
            ],
            [
              95.311132144000055,
              5.5595375380000291,
              0,
              null
            ],
            [
              95.311278736000077,
              5.5595281150000346,
              0,
              null
            ],
            [
              95.311298543000078,
              5.5595268710000596,
              0,
              null
            ],
            [
              95.311315448000073,
              5.5595263620000424,
              0,
              null
            ],
            [
              95.311446353000065,
              5.5595220520000339,
              0,
              null
            ],
            [
              95.311562352000067,
              5.5595124630000328,
              0,
              null
            ],
            [
              95.311588603000075,
              5.5595116700000631,
              0,
              null
            ],
            [
              95.311639568000032,
              5.5595098970000549,
              0,
              null
            ],
            [
              95.311801130000049,
              5.5594987510000351,
              0,
              null
            ],
            [
              95.311927447000073,
              5.5594905730000619,
              0,
              null
            ],
            [
              95.312045891000082,
              5.5594818310000278,
              0,
              null
            ],
            [
              95.312044336000042,
              5.5594638180000402,
              0,
              null
            ],
            [
              95.312042831000042,
              5.5594501010000386,
              0,
              null
            ],
            [
              95.312033697000061,
              5.5593564870000591,
              0,
              null
            ],
            [
              95.312024921000045,
              5.5590891330000431,
              0,
              null
            ],
            [
              95.312021722000054,
              5.5589782380000656,
              0,
              null
            ],
            [
              95.312163340000041,
              5.5589531930000362,
              0,
              null
            ],
            [
              95.312160933000087,
              5.5589399440000307,
              0,
              null
            ],
            [
              95.312153567000053,
              5.5588972130000229,
              0,
              null
            ],
            [
              95.312142636000033,
              5.5588241200000539,
              0,
              null
            ],
            [
              95.312140334000048,
              5.5588189860000625,
              0,
              null
            ],
            [
              95.312132690000055,
              5.5588137280000751,
              0,
              null
            ],
            [
              95.312119495000047,
              5.5588077600000361,
              0,
              null
            ],
            [
              95.312096545000031,
              5.5587987020000469,
              0,
              null
            ],
            [
              95.312084577000064,
              5.5587903780000261,
              0,
              null
            ],
            [
              95.312076666000053,
              5.5587791830000697,
              0,
              null
            ],
            [
              95.31206925500004,
              5.5587618380000663,
              0,
              null
            ],
            [
              95.312060243000076,
              5.5587252380000223,
              0,
              null
            ],
            [
              95.312056919000042,
              5.5587010350000696,
              0,
              null
            ],
            [
              95.312054152000087,
              5.5586738020000439,
              0,
              null
            ],
            [
              95.312052791000042,
              5.558643130000064,
              0,
              null
            ],
            [
              95.312052066000035,
              5.5586318500000402,
              0,
              null
            ],
            [
              95.312292190000051,
              5.5586095130000217,
              0,
              null
            ],
            [
              95.312306032000038,
              5.5586055450000345,
              0,
              null
            ],
            [
              95.312312594000048,
              5.5585994450000271,
              0,
              null
            ],
            [
              95.312319683000055,
              5.5585851170000637,
              0,
              null
            ],
            [
              95.312335767000036,
              5.5584576740000671,
              0,
              null
            ],
            [
              95.312339136000048,
              5.5584493990000396,
              0,
              null
            ],
            [
              95.31234634100008,
              5.5584439290000205,
              0,
              null
            ],
            [
              95.312366824000037,
              5.55844018800002,
              0,
              null
            ],
            [
              95.312471428000038,
              5.55843765700007,
              0,
              null
            ],
            [
              95.312484944000062,
              5.5584377550000568,
              0,
              null
            ],
            [
              95.312491713000043,
              5.5583841860000689,
              0,
              null
            ],
            [
              95.312492899000063,
              5.5583748020000598,
              0,
              null
            ],
            [
              95.312499975000037,
              5.5582691750000208,
              0,
              null
            ],
            [
              95.31250409200004,
              5.5582077410000466,
              0,
              null
            ],
            [
              95.312499985000045,
              5.558107170000028,
              0,
              null
            ],
            [
              95.312499975000037,
              5.5581069230000253,
              0,
              null
            ],
            [
              95.312493468000071,
              5.5579475710000565,
              0,
              null
            ],
            [
              95.312484850000033,
              5.557879893000063,
              0,
              null
            ],
            [
              95.312477887000057,
              5.5577972390000241,
              0,
              null
            ],
            [
              95.312459998000065,
              5.5577071520000345,
              0,
              null
            ],
            [
              95.312448914000072,
              5.5576712460000408,
              0,
              null
            ],
            [
              95.312448572000051,
              5.5576704390000486,
              0,
              null
            ],
            [
              95.312439656000038,
              5.5576494210000646,
              0,
              null
            ],
            [
              95.312420775000078,
              5.5576083400000584,
              0,
              null
            ],
            [
              95.312499972000069,
              5.5575681660000669,
              0,
              null
            ],
            [
              95.312535562000051,
              5.5575492220000342,
              0,
              null
            ],
            [
              95.312666834000083,
              5.5574792080000748,
              0,
              null
            ],
            [
              95.31332440500006,
              5.5571207760000334,
              0,
              null
            ],
            [
              95.313391191000051,
              5.5570843710000304,
              0,
              null
            ],
            [
              95.313418401000035,
              5.5570680270000707,
              0,
              null
            ],
            [
              95.313411254000073,
              5.5570177770000555,
              0,
              null
            ],
            [
              95.313403568000069,
              5.5569670250000627,
              0,
              null
            ],
            [
              95.313396546000035,
              5.556882617000042,
              0,
              null
            ],
            [
              95.313395171000082,
              5.556790392000039,
              0,
              null
            ],
            [
              95.313401572000032,
              5.5566583910000418,
              0,
              null
            ],
            [
              95.313429423000059,
              5.5564275470000553,
              0,
              null
            ],
            [
              95.31345028000004,
              5.5561226980000242,
              0,
              null
            ],
            [
              95.31346030800006,
              5.5559761190000359,
              0,
              null
            ],
            [
              95.313458496000067,
              5.555912696000064,
              0,
              null
            ],
            [
              95.313454799000056,
              5.5557834090000711,
              0,
              null
            ],
            [
              95.313453603000085,
              5.555741567000041,
              0,
              null
            ],
            [
              95.31346114300004,
              5.5556211980000398,
              0,
              null
            ],
            [
              95.313475124000036,
              5.5554685890000428,
              0,
              null
            ],
            [
              95.313511332000076,
              5.5551241560000335,
              0,
              null
            ],
            [
              95.31347734600007,
              5.5551210330000345,
              0,
              null
            ],
            [
              95.313457822000032,
              5.555119239000021,
              0,
              null
            ],
            [
              95.313284249000048,
              5.5551019760000599,
              0,
              null
            ],
            [
              95.313228350000031,
              5.555097015000058,
              0,
              null
            ],
            [
              95.313159753000036,
              5.5550932070000272,
              0,
              null
            ],
            [
              95.313094164000063,
              5.5550905360000229,
              0,
              null
            ],
            [
              95.313037519000034,
              5.5550884800000517,
              0,
              null
            ],
            [
              95.312967790000073,
              5.5550883370000292,
              0,
              null
            ],
            [
              95.312865339000041,
              5.5550901300000533,
              0,
              null
            ],
            [
              95.312756837000052,
              5.5550928240000417,
              0,
              null
            ],
            [
              95.31265527000005,
              5.5550944970000273,
              0,
              null
            ],
            [
              95.312549535000073,
              5.5550964200000408,
              0,
              null
            ],
            [
              95.312526376000051,
              5.5550963300000262,
              0,
              null
            ],
            [
              95.312516560000063,
              5.5550962240000672,
              0,
              null
            ],
            [
              95.312499965000086,
              5.5550936680000405,
              0,
              null
            ],
            [
              95.312465494000037,
              5.555088316000024,
              0,
              null
            ],
            [
              95.312431298000035,
              5.5550803330000349,
              0,
              null
            ],
            [
              95.31241374800004,
              5.5550702320000482,
              0,
              null
            ],
            [
              95.312398263000034,
              5.5550529830000528,
              0,
              null
            ],
            [
              95.312388717000033,
              5.5550318420000622,
              0,
              null
            ],
            [
              95.312385895000034,
              5.5550159310000709,
              0,
              null
            ],
            [
              95.312381217000052,
              5.5549895580000452,
              0,
              null
            ],
            [
              95.312379357000054,
              5.5549383320000629,
              0,
              null
            ],
            [
              95.312379323000073,
              5.5549162070000762,
              0,
              null
            ],
            [
              95.312379274000079,
              5.5548842980000472,
              0,
              null
            ],
            [
              95.312379237000073,
              5.5548602540000616,
              0,
              null
            ],
            [
              95.312379210000074,
              5.5548427250000714,
              0,
              null
            ],
            [
              95.312376478000033,
              5.5548028740000746,
              0,
              null
            ],
            [
              95.312376474000075,
              5.5548028180000415,
              0,
              null
            ],
            [
              95.312374832000046,
              5.5547750210000686,
              0,
              null
            ],
            [
              95.312371413000051,
              5.5547171540000591,
              0,
              null
            ],
            [
              95.312370983000051,
              5.5547098850000225,
              0,
              null
            ],
            [
              95.31236670800007,
              5.5546375210000747,
              0,
              null
            ],
            [
              95.312366389000033,
              5.5546310750000316,
              0,
              null
            ],
            [
              95.312365987000078,
              5.554622977000065,
              0,
              null
            ],
            [
              95.312362178000058,
              5.5545461690000479,
              0,
              null
            ],
            [
              95.312361959000043,
              5.5545417660000567,
              0,
              null
            ],
            [
              95.31236096300006,
              5.5545216920000371,
              0,
              null
            ],
            [
              95.312357797000061,
              5.5544578360000401,
              0,
              null
            ],
            [
              95.312356280000074,
              5.5544272560000536,
              0,
              null
            ],
            [
              95.312355978000085,
              5.5544165780000299,
              0,
              null
            ],
            [
              95.312355553000032,
              5.5544015230000241,
              0,
              null
            ],
            [
              95.312354811000034,
              5.55437521500005,
              0,
              null
            ],
            [
              95.312354450000043,
              5.5543624120000459,
              0,
              null
            ],
            [
              95.312353767000047,
              5.554338203000043,
              0,
              null
            ],
            [
              95.312354155000037,
              5.5543150710000759,
              0,
              null
            ],
            [
              95.312354850000077,
              5.5542735680000419,
              0,
              null
            ],
            [
              95.312355087000071,
              5.5542688710000334,
              0,
              null
            ],
            [
              95.312356271000056,
              5.5542454660000544,
              0,
              null
            ],
            [
              95.312359758000071,
              5.5541764590000753,
              0,
              null
            ],
            [
              95.312360295000076,
              5.5541561240000306,
              0,
              null
            ],
            [
              95.312361723000038,
              5.5541019960000426,
              0,
              null
            ],
            [
              95.312361862000046,
              5.5540980570000329,
              0,
              null
            ],
            [
              95.312363265000045,
              5.5540581740000334,
              0,
              null
            ],
            [
              95.312364574000071,
              5.5540209750000713,
              0,
              null
            ],
            [
              95.31236451500007,
              5.5540147580000507,
              0,
              null
            ],
            [
              95.312364003000084,
              5.5539598760000217,
              0,
              null
            ],
            [
              95.31236395500008,
              5.5539548290000766,
              0,
              null
            ],
            [
              95.312358327000084,
              5.5539205930000435,
              0,
              null
            ],
            [
              95.312389331000077,
              5.5539150840000389,
              0,
              null
            ],
            [
              95.312406990000056,
              5.553912485000069,
              0,
              null
            ],
            [
              95.312420997000061,
              5.5539104220000581,
              0,
              null
            ],
            [
              95.312436801000047,
              5.5539082320000261,
              0,
              null
            ],
            [
              95.31249996300005,
              5.5538994780000621,
              0,
              null
            ],
            [
              95.312545941000053,
              5.5538924980000388,
              0,
              null
            ],
            [
              95.312625056000059,
              5.5538839830000484,
              0,
              null
            ],
            [
              95.312670506000075,
              5.5538814920000732,
              0,
              null
            ],
            [
              95.312710005000042,
              5.5538820100000521,
              0,
              null
            ],
            [
              95.312738133000039,
              5.5538855460000605,
              0,
              null
            ],
            [
              95.312903233000043,
              5.5539357710000559,
              0,
              null
            ],
            [
              95.312966588000052,
              5.5539501410000298,
              0,
              null
            ],
            [
              95.31323535000007,
              5.553998904000025,
              0,
              null
            ],
            [
              95.313296539000078,
              5.5540039000000547,
              0,
              null
            ],
            [
              95.313493922000077,
              5.554007084000034,
              0,
              null
            ],
            [
              95.313510946000065,
              5.5540073580000353,
              0,
              null
            ],
            [
              95.31354480300007,
              5.5540079050000486,
              0,
              null
            ],
            [
              95.313542366000036,
              5.553853810000021,
              0,
              null
            ],
            [
              95.31353658900008,
              5.5538003410000556,
              0,
              null
            ],
            [
              95.313514600000076,
              5.5536846130000299,
              0,
              null
            ],
            [
              95.31347551600004,
              5.5535544770000342,
              0,
              null
            ],
            [
              95.313276239000061,
              5.5529623220000417,
              0,
              null
            ],
            [
              95.313140138000051,
              5.5524889930000541,
              0,
              null
            ],
            [
              95.313122560000068,
              5.5524278590000335,
              0,
              null
            ],
            [
              95.313163642000063,
              5.5524248040000543,
              0,
              null
            ],
            [
              95.313525887000083,
              5.5523978700000498,
              0,
              null
            ],
            [
              95.313677044000087,
              5.5523799330000543,
              0,
              null
            ],
            [
              95.313827811000067,
              5.5523511810000628,
              0,
              null
            ],
            [
              95.313845725000078,
              5.552405583000052,
              0,
              null
            ],
            [
              95.313865644000032,
              5.5524660750000407,
              0,
              null
            ],
            [
              95.313871207000034,
              5.5524964610000325,
              0,
              null
            ],
            [
              95.313939788000084,
              5.5526948820000257,
              0,
              null
            ],
            [
              95.314017995000086,
              5.5529177130000562,
              0,
              null
            ],
            [
              95.314128115000074,
              5.5532444560000727,
              0,
              null
            ],
            [
              95.314187774000061,
              5.5534211160000382,
              0,
              null
            ],
            [
              95.314189171000066,
              5.5534373640000467,
              0,
              null
            ],
            [
              95.314247033000072,
              5.5535896080000384,
              0,
              null
            ],
            [
              95.314784137000061,
              5.555095546000075,
              0,
              null
            ],
            [
              95.314871406000066,
              5.555369707000068,
              0,
              null
            ],
            [
              95.314884089000032,
              5.5554095520000715,
              0,
              null
            ],
            [
              95.314897148000057,
              5.5554462180000428,
              0,
              null
            ],
            [
              95.314921165000044,
              5.555555446000028,
              0,
              null
            ],
            [
              95.314997892000065,
              5.5557795160000296,
              0,
              null
            ],
            [
              95.315035246000036,
              5.5558481420000589,
              0,
              null
            ],
            [
              95.315038818000062,
              5.5558502970000632,
              0,
              null
            ],
            [
              95.315144772000053,
              5.5561169710000513,
              0,
              null
            ],
            [
              95.315222430000063,
              5.5562635120000436,
              0,
              null
            ],
            [
              95.315254380000056,
              5.5563490810000644,
              0,
              null
            ],
            [
              95.315400625000052,
              5.5569404330000225,
              0,
              null
            ],
            [
              95.315456716000085,
              5.5571841570000515,
              0,
              null
            ],
            [
              95.315493850000053,
              5.5573411410000517,
              0,
              null
            ],
            [
              95.315542681000068,
              5.5575590640000314,
              0,
              null
            ],
            [
              95.31558480700005,
              5.5577398680000556,
              0,
              null
            ],
            [
              95.315604712000038,
              5.5578212120000217,
              0,
              null
            ],
            [
              95.315620738000064,
              5.5579036240000619,
              0,
              null
            ],
            [
              95.315832377000049,
              5.5588507640000557,
              0,
              null
            ],
            [
              95.315904492000072,
              5.5591656000000285,
              0,
              null
            ],
            [
              95.315912806000085,
              5.559192180000025,
              0,
              null
            ],
            [
              95.315935566000064,
              5.5592865860000416,
              0,
              null
            ],
            [
              95.315952533000086,
              5.5593569630000275,
              0,
              null
            ],
            [
              95.315951794000057,
              5.5593798850000553,
              0,
              null
            ],
            [
              95.316023979000079,
              5.5596866000000205,
              0,
              null
            ],
            [
              95.316090282000062,
              5.5599809970000251,
              0,
              null
            ],
            [
              95.316107743000032,
              5.5600478830000384,
              0,
              null
            ],
            [
              95.316129383000032,
              5.5600879770000233,
              0,
              null
            ],
            [
              95.316180723000059,
              5.5601559930000235,
              0,
              null
            ],
            [
              95.31618784300008,
              5.5601681220000501,
              0,
              null
            ],
            [
              95.316200507000076,
              5.5601813510000397,
              0,
              null
            ],
            [
              95.316267569000047,
              5.5602238790000342,
              0,
              null
            ],
            [
              95.316294736000032,
              5.5602360480000357,
              0,
              null
            ],
            [
              95.316309599000078,
              5.5602393610000718,
              0,
              null
            ],
            [
              95.316270613000086,
              5.5602732360000573,
              0,
              null
            ],
            [
              95.316230909000069,
              5.5603077350000376,
              0,
              null
            ],
            [
              95.31621651200004,
              5.5603245050000396,
              0,
              null
            ],
            [
              95.316202714000042,
              5.5603579160000436,
              0,
              null
            ],
            [
              95.316195623000056,
              5.560388114000034,
              0,
              null
            ],
            [
              95.316192719000071,
              5.5604004790000658,
              0,
              null
            ],
            [
              95.316170297000042,
              5.5604091440000616,
              0,
              null
            ],
            [
              95.316149291000045,
              5.5604135990000714,
              0,
              null
            ],
            [
              95.316090116000055,
              5.5604247960000635,
              0,
              null
            ],
            [
              95.316003960000046,
              5.5604411340000297,
              0,
              null
            ],
            [
              95.315892760000054,
              5.5604621620000216,
              0,
              null
            ],
            [
              95.31576543500006,
              5.5604822400000558,
              0,
              null
            ],
            [
              95.315652915000044,
              5.560502108000037,
              0,
              null
            ],
            [
              95.31559407900005,
              5.5605105640000261,
              0,
              null
            ],
            [
              95.315537701000039,
              5.5605123130000607,
              0,
              null
            ],
            [
              95.315430165000066,
              5.5605153380000729,
              0,
              null
            ],
            [
              95.315384124000047,
              5.5605125050000765,
              0,
              null
            ],
            [
              95.315305659000046,
              5.5605227150000474,
              0,
              null
            ],
            [
              95.315266756000085,
              5.5605259130000491,
              0,
              null
            ],
            [
              95.315249995000045,
              5.5605272900000386,
              0,
              null
            ],
            [
              95.315120957000033,
              5.5605361220000304,
              0,
              null
            ],
            [
              95.314982389000079,
              5.5605373340000597,
              0,
              null
            ],
            [
              95.314929649000078,
              5.5605386920000228,
              0,
              null
            ],
            [
              95.314853018000065,
              5.5605397220000441,
              0,
              null
            ],
            [
              95.314678308000055,
              5.5605359790000648,
              0,
              null
            ],
            [
              95.314538086000084,
              5.5605388250000374,
              0,
              null
            ],
            [
              95.314504297000042,
              5.5605381800000373,
              0,
              null
            ],
            [
              95.31449251500004,
              5.5605382990000294,
              0,
              null
            ],
            [
              95.314491910000072,
              5.5605541740000604,
              0,
              null
            ],
            [
              95.314489090000052,
              5.5605712330000756,
              0,
              null
            ],
            [
              95.314484315000072,
              5.5605915720000212,
              0,
              null
            ],
            [
              95.314476166000077,
              5.5606139210000265,
              0,
              null
            ],
            [
              95.314464991000079,
              5.5606353430000581,
              0,
              null
            ],
            [
              95.314453210000067,
              5.5606543170000577,
              0,
              null
            ],
            [
              95.314435824000043,
              5.56067017700002,
              0,
              null
            ],
            [
              95.314417364000064,
              5.5606812590000345,
              0,
              null
            ],
            [
              95.314404109000066,
              5.5606852970000205,
              0,
              null
            ],
            [
              95.314391525000076,
              5.5606855450000694,
              0,
              null
            ],
            [
              95.314360678000071,
              5.5606804690000331,
              0,
              null
            ],
            [
              95.314315395000051,
              5.5606727010000441,
              0,
              null
            ],
            [
              95.314251637000041,
              5.5606629090000297,
              0,
              null
            ],
            [
              95.314156647000061,
              5.5606465590000766,
              0,
              null
            ],
            [
              95.313998767000044,
              5.5606169420000242,
              0,
              null
            ],
            [
              95.313938315000087,
              5.5606056000000308,
              0,
              null
            ],
            [
              95.313859592000085,
              5.5605916910000701,
              0,
              null
            ],
            [
              95.313731266000048,
              5.5605658900000208,
              0,
              null
            ],
            [
              95.313684978000083,
              5.5605550350000499,
              0,
              null
            ],
            [
              95.313628706000031,
              5.560540124000056,
              0,
              null
            ],
            [
              95.313603355000055,
              5.5605329410000763,
              0,
              null
            ],
            [
              95.313565078000067,
              5.5605220960000565,
              0,
              null
            ],
            [
              95.313497442000084,
              5.5605058470000586,
              0,
              null
            ],
            [
              95.313459643000044,
              5.5604971370000271,
              0,
              null
            ],
            [
              95.313351907000083,
              5.5604859350000311,
              0,
              null
            ],
            [
              95.313332600000081,
              5.5604857760000641,
              0,
              null
            ],
            [
              95.313316344000043,
              5.5604860470000403,
              0,
              null
            ],
            [
              95.313298626000062,
              5.5604885120000631,
              0,
              null
            ],
            [
              95.313280902000031,
              5.5604915920000622,
              0,
              null
            ],
            [
              95.313247408000052,
              5.5605017570000541,
              0,
              null
            ],
            [
              95.313157324000031,
              5.5605334400000288,
              0,
              null
            ],
            [
              95.313087479000046,
              5.5605590510000411,
              0,
              null
            ],
            [
              95.312871449000056,
              5.5606478310000398,
              0,
              null
            ],
            [
              95.312862682000059,
              5.5606574200000409,
              0,
              null
            ],
            [
              95.31285996400004,
              5.5606707450000386,
              0,
              null
            ],
            [
              95.312853620000055,
              5.5607542630000353,
              0,
              null
            ],
            [
              95.312709171000051,
              5.5607497850000414,
              0,
              null
            ],
            [
              95.312619185000074,
              5.5607488450000346,
              0,
              null
            ],
            [
              95.312619044000087,
              5.560762402000023,
              0,
              null
            ],
            [
              95.312620885000058,
              5.5608131660000595,
              0,
              null
            ],
            [
              95.312499989000059,
              5.5608148200000755,
              0,
              null
            ],
            [
              95.312250179000046,
              5.5608087530000603,
              0,
              null
            ],
            [
              95.312225639000076,
              5.5613617100000283,
              0,
              null
            ],
            [
              95.312225282000043,
              5.5613810120000267,
              0,
              null
            ],
            [
              95.312222560000066,
              5.5613943320000203,
              0,
              null
            ],
            [
              95.312119927000083,
              5.5613651980000327,
              0,
              null
            ],
            [
              95.312084651000077,
              5.5613551860000712,
              0,
              null
            ],
            [
              95.312049730000069,
              5.5613393680000627,
              0,
              null
            ],
            [
              95.31201806100006,
              5.5613202480000723,
              0,
              null
            ],
            [
              95.311996960000045,
              5.5613020870000582,
              0,
              null
            ],
            [
              95.311983455000075,
              5.5612904640000238,
              0,
              null
            ],
            [
              95.311932053000078,
              5.5612367020000306,
              0,
              null
            ],
            [
              95.311900939000054,
              5.5611994760000698,
              0,
              null
            ],
            [
              95.311859748000074,
              5.5611585160000345,
              0,
              null
            ],
            [
              95.311852019000071,
              5.5611534180000604,
              0,
              null
            ],
            [
              95.311822718000087,
              5.561134093000021,
              0,
              null
            ],
            [
              95.311794388000067,
              5.5611243960000252,
              0,
              null
            ],
            [
              95.311741858000062,
              5.5611136100000635,
              0,
              null
            ],
            [
              95.31164936600004,
              5.561104614000044,
              0,
              null
            ],
            [
              95.311526548000074,
              5.5610910160000344,
              0,
              null
            ],
            [
              95.311472410000079,
              5.5610857830000668,
              0,
              null
            ],
            [
              95.311266120000084,
              5.5610658420000618,
              0,
              null
            ],
            [
              95.311173874000076,
              5.561059341000032,
              0,
              null
            ],
            [
              95.311147481000035,
              5.5610576360000437,
              0,
              null
            ],
            [
              95.31102052500006,
              5.5610494360000757,
              0,
              null
            ],
            [
              95.310919373000047,
              5.5610429020000538,
              0,
              null
            ],
            [
              95.310873189000063,
              5.5610406720000469,
              0,
              null
            ],
            [
              95.310710569000037,
              5.5610328190000473,
              0,
              null
            ],
            [
              95.31060128300004,
              5.5610274460000255,
              0,
              null
            ],
            [
              95.310594902000048,
              5.5610271320000493,
              0,
              null
            ],
            [
              95.31056807300007,
              5.5610258130000716,
              0,
              null
            ],
            [
              95.31050844400005,
              5.5610228810000422,
              0,
              null
            ],
            [
              95.310460075000037,
              5.5610219320000738,
              0,
              null
            ],
            [
              95.310393267000052,
              5.5610214890000407,
              0,
              null
            ],
            [
              95.310311286000058,
              5.5610211320000644,
              0,
              null
            ],
            [
              95.31022474100007,
              5.5610283070000719,
              0,
              null
            ],
            [
              95.310216569000033,
              5.5610289840000746,
              0,
              null
            ],
            [
              95.310203541000078,
              5.5610300640000219,
              0,
              null
            ],
            [
              95.310204717000033,
              5.561043666000046,
              0,
              null
            ],
            [
              95.310207069000057,
              5.5611626690000548,
              0,
              null
            ],
            [
              95.310200903000066,
              5.5613618630000587,
              0,
              null
            ],
            [
              95.31019937800005,
              5.5614111410000646,
              0,
              null
            ],
            [
              95.31019567900006,
              5.5614689530000305,
              0,
              null
            ],
            [
              95.310192502000064,
              5.5615011260000529,
              0,
              null
            ],
            [
              95.310186645000044,
              5.5615516320000324,
              0,
              null
            ]
          ]
        ]
      },
      "properties" : {
        "FID" : 0,
        "OBJECTID" : 12391,
        "KDPPUM" : "11",
        "NAMOBJ" : "Merduati",
        "REMARK" : " ",
        "KDPBPS" : " ",
        "FCODE" : "BA03070040",
        "LUASWH" : 0,
        "UUPP" : "RBI",
        "SRS_ID" : "SRGI 2013",
        "METADATA" : "TASWIL1000020200326DATA_BATAS_DESA_KELURAHAN",
        "KDEBPS" : " ",
        "KDEPUM" : "11.71.06.2003",
        "KDCBPS" : " ",
        "KDCPUM" : "11.71.06",
        "KDBBPS" : " ",
        "WADMKD" : "Merduati",
        "WIADKD" : "0",
        "WADMKC" : "Kuta Raja",
        "WIADKC" : " ",
        "WADMKK" : "Kota Banda Aceh",
        "WIADKK" : " ",
        "WADMPR" : "Aceh",
        "WIADPR" : " ",
        "TIPADM" : 9,
        "KDPKAB" : "11.71",
        "SHAPE_Leng" : 0.035631225163106003,
        "SHAPE_Area" : 2.6504777394999999e-05
      }
    }
  ]
}