{
  "hasZ" : true,
  "hasM" : true,
  "type" : "FeatureCollection",
  "features" : [
    {
      "type" : "Feature",
      "id" : 0,
      "geometry" : {
        "type" : "Polygon",
        "coordinates" : [
          [
            [
              95.323358270000085,
              5.5432937060000427,
              0,
              null
            ],
            [
              95.323226651000084,
              5.5433003900000699,
              0,
              null
            ],
            [
              95.322947397000064,
              5.5433145730000319,
              0,
              null
            ],
            [
              95.32283500300008,
              5.5433202800000458,
              0,
              null
            ],
            [
              95.322826046000046,
              5.5433205900000644,
              0,
              null
            ],
            [
              95.322592716000031,
              5.5433286610000323,
              0,
              null
            ],
            [
              95.322541551000086,
              5.5433304310000722,
              0,
              null
            ],
            [
              95.322465481000052,
              5.5433330620000447,
              0,
              null
            ],
            [
              95.322437702000059,
              5.5433340230000567,
              0,
              null
            ],
            [
              95.322371461000046,
              5.5433363140000438,
              0,
              null
            ],
            [
              95.322279327000047,
              5.5433395000000587,
              0,
              null
            ],
            [
              95.322112148000031,
              5.5433452820000753,
              0,
              null
            ],
            [
              95.322045204000062,
              5.5433475980000253,
              0,
              null
            ],
            [
              95.322037916000056,
              5.5433478500000319,
              0,
              null
            ],
            [
              95.322033974000078,
              5.5433480060000306,
              0,
              null
            ],
            [
              95.321904203000031,
              5.5433531070000299,
              0,
              null
            ],
            [
              95.321735192000062,
              5.5433597480000572,
              0,
              null
            ],
            [
              95.321626781000077,
              5.5433640090000722,
              0,
              null
            ],
            [
              95.321508232000042,
              5.5433686680000278,
              0,
              null
            ],
            [
              95.321313051000061,
              5.54337633800003,
              0,
              null
            ],
            [
              95.32127525900006,
              5.5433775410000408,
              0,
              null
            ],
            [
              95.321256410000046,
              5.5433394310000494,
              0,
              null
            ],
            [
              95.321237887000052,
              5.5433019790000344,
              0,
              null
            ],
            [
              95.321081093000032,
              5.5429849510000508,
              0,
              null
            ],
            [
              95.320928984000034,
              5.5427175690000468,
              0,
              null
            ],
            [
              95.32087580600006,
              5.5426240910000502,
              0,
              null
            ],
            [
              95.320739485000047,
              5.5423807510000529,
              0,
              null
            ],
            [
              95.320551940000087,
              5.5420401440000546,
              0,
              null
            ],
            [
              95.320548658000064,
              5.5420341830000552,
              0,
              null
            ],
            [
              95.320475229000067,
              5.5418113340000446,
              0,
              null
            ],
            [
              95.32045187600005,
              5.54176164200004,
              0,
              null
            ],
            [
              95.320433252000043,
              5.5417393680000373,
              0,
              null
            ],
            [
              95.320412248000082,
              5.5417222670000683,
              0,
              null
            ],
            [
              95.320381392000058,
              5.5417063730000677,
              0,
              null
            ],
            [
              95.320368010000038,
              5.5417009210000288,
              0,
              null
            ],
            [
              95.320298049000087,
              5.5416724120000254,
              0,
              null
            ],
            [
              95.320286157000055,
              5.5416667550000511,
              0,
              null
            ],
            [
              95.32027905700005,
              5.5416604610000491,
              0,
              null
            ],
            [
              95.320271117000061,
              5.5416484710000304,
              0,
              null
            ],
            [
              95.320263803000046,
              5.5416307640000468,
              0,
              null
            ],
            [
              95.320260922000045,
              5.5416161320000583,
              0,
              null
            ],
            [
              95.320260036000036,
              5.5415924620000396,
              0,
              null
            ],
            [
              95.320262149000087,
              5.5415443210000603,
              0,
              null
            ],
            [
              95.320268971000075,
              5.5414433090000443,
              0,
              null
            ],
            [
              95.320276457000034,
              5.5413204460000429,
              0,
              null
            ],
            [
              95.32028127500007,
              5.5411658580000562,
              0,
              null
            ],
            [
              95.320279589000052,
              5.541142996000076,
              0,
              null
            ],
            [
              95.320275336000066,
              5.5411025090000408,
              0,
              null
            ],
            [
              95.320269501000041,
              5.5410684990000618,
              0,
              null
            ],
            [
              95.320263485000055,
              5.541043357000035,
              0,
              null
            ],
            [
              95.320250175000069,
              5.5410054720000517,
              0,
              null
            ],
            [
              95.320229188000042,
              5.5409676710000326,
              0,
              null
            ],
            [
              95.320202963000042,
              5.5409282550000398,
              0,
              null
            ],
            [
              95.320178115000033,
              5.5408985230000667,
              0,
              null
            ],
            [
              95.320099428000049,
              5.5408112330000563,
              0,
              null
            ],
            [
              95.319983877000084,
              5.540668207000067,
              0,
              null
            ],
            [
              95.319970045000048,
              5.5406375550000462,
              0,
              null
            ],
            [
              95.319962826000051,
              5.5406163420000212,
              0,
              null
            ],
            [
              95.319961258000035,
              5.5406072270000664,
              0,
              null
            ],
            [
              95.319956246000061,
              5.5405783580000616,
              0,
              null
            ],
            [
              95.319953970000086,
              5.5405547110000271,
              0,
              null
            ],
            [
              95.319953673000043,
              5.5405247210000539,
              0,
              null
            ],
            [
              95.319955053000058,
              5.5404946420000556,
              0,
              null
            ],
            [
              95.319957085000055,
              5.5404674440000576,
              0,
              null
            ],
            [
              95.319962969000073,
              5.5404240330000221,
              0,
              null
            ],
            [
              95.319971025000086,
              5.5403848620000531,
              0,
              null
            ],
            [
              95.31998714100007,
              5.5403232790000629,
              0,
              null
            ],
            [
              95.320024000000046,
              5.5402137110000353,
              0,
              null
            ],
            [
              95.320109563000074,
              5.5399728130000767,
              0,
              null
            ],
            [
              95.320126188000074,
              5.5399332010000535,
              0,
              null
            ],
            [
              95.319969731000072,
              5.5398853380000332,
              0,
              null
            ],
            [
              95.31980105100007,
              5.5398411690000557,
              0,
              null
            ],
            [
              95.319674789000032,
              5.5398094530000321,
              0,
              null
            ],
            [
              95.319675521000079,
              5.5397948790000555,
              0,
              null
            ],
            [
              95.319659104000038,
              5.5396129580000206,
              0,
              null
            ],
            [
              95.319657961000075,
              5.5395858720000319,
              0,
              null
            ],
            [
              95.319659384000033,
              5.5395645340000215,
              0,
              null
            ],
            [
              95.319661196000084,
              5.5395364240000617,
              0,
              null
            ],
            [
              95.319661084000074,
              5.5395122990000232,
              0,
              null
            ],
            [
              95.319658233000041,
              5.5394822640000712,
              0,
              null
            ],
            [
              95.31964010300004,
              5.5393891620000204,
              0,
              null
            ],
            [
              95.319624043000033,
              5.5393066860000317,
              0,
              null
            ],
            [
              95.319622793000065,
              5.5392915420000577,
              0,
              null
            ],
            [
              95.319623484000033,
              5.5392768140000612,
              0,
              null
            ],
            [
              95.319651204000081,
              5.5391582290000656,
              0,
              null
            ],
            [
              95.319700044000058,
              5.5390006210000706,
              0,
              null
            ],
            [
              95.319711731000041,
              5.5389787370000363,
              0,
              null
            ],
            [
              95.319728962000056,
              5.5389556020000441,
              0,
              null
            ],
            [
              95.319760810000048,
              5.5389199810000491,
              0,
              null
            ],
            [
              95.319774811000059,
              5.5388961250000648,
              0,
              null
            ],
            [
              95.31978636100007,
              5.5388692340000603,
              0,
              null
            ],
            [
              95.319805299000052,
              5.5388073230000714,
              0,
              null
            ],
            [
              95.31983215200006,
              5.5386973780000517,
              0,
              null
            ],
            [
              95.319863597000051,
              5.5385559960000705,
              0,
              null
            ],
            [
              95.319868919000044,
              5.5384819090000406,
              0,
              null
            ],
            [
              95.319858055000054,
              5.5383449540000242,
              0,
              null
            ],
            [
              95.319861519000085,
              5.5382847760000686,
              0,
              null
            ],
            [
              95.319865932000084,
              5.5382643660000213,
              0,
              null
            ],
            [
              95.319887551000079,
              5.5380989740000359,
              0,
              null
            ],
            [
              95.319927108000059,
              5.5378972280000767,
              0,
              null
            ],
            [
              95.319927920000055,
              5.53787417500007,
              0,
              null
            ],
            [
              95.319926014000032,
              5.5378597290000471,
              0,
              null
            ],
            [
              95.319920036000042,
              5.537851255000021,
              0,
              null
            ],
            [
              95.319907111000077,
              5.5378426010000226,
              0,
              null
            ],
            [
              95.31989042400005,
              5.5378386890000684,
              0,
              null
            ],
            [
              95.319776024000078,
              5.5378246750000244,
              0,
              null
            ],
            [
              95.319658442000048,
              5.5378087290000622,
              0,
              null
            ],
            [
              95.319550120000031,
              5.5377823890000286,
              0,
              null
            ],
            [
              95.319532696000067,
              5.5377744750000488,
              0,
              null
            ],
            [
              95.319519135000064,
              5.5377601920000643,
              0,
              null
            ],
            [
              95.319510285000035,
              5.5377278580000393,
              0,
              null
            ],
            [
              95.31951394400005,
              5.5377015030000507,
              0,
              null
            ],
            [
              95.319527599000082,
              5.5376473330000522,
              0,
              null
            ],
            [
              95.319541938000043,
              5.5376067900000407,
              0,
              null
            ],
            [
              95.319559043000083,
              5.5375699250000707,
              0,
              null
            ],
            [
              95.31958441200004,
              5.5375262570000245,
              0,
              null
            ],
            [
              95.319604431000073,
              5.5374986990000252,
              0,
              null
            ],
            [
              95.319620710000038,
              5.5374815060000628,
              0,
              null
            ],
            [
              95.319640975000084,
              5.5374636830000554,
              0,
              null
            ],
            [
              95.319671976000052,
              5.537443865000057,
              0,
              null
            ],
            [
              95.319710344000043,
              5.5374256550000496,
              0,
              null
            ],
            [
              95.319767588000047,
              5.537398946000053,
              0,
              null
            ],
            [
              95.319828926000071,
              5.5373717060000445,
              0,
              null
            ],
            [
              95.319860041000084,
              5.5373555760000386,
              0,
              null
            ],
            [
              95.319879524000044,
              5.537343288000045,
              0,
              null
            ],
            [
              95.319929547000072,
              5.5373039160000417,
              0,
              null
            ],
            [
              95.319965914000079,
              5.5372720820000723,
              0,
              null
            ],
            [
              95.320000108000045,
              5.5372375940000325,
              0,
              null
            ],
            [
              95.320037981000041,
              5.5371993960000623,
              0,
              null
            ],
            [
              95.320160258000044,
              5.5370613060000551,
              0,
              null
            ],
            [
              95.320168645000081,
              5.5370517990000394,
              0,
              null
            ],
            [
              95.32033838600006,
              5.5368587010000283,
              0,
              null
            ],
            [
              95.320346566000069,
              5.5368465410000454,
              0,
              null
            ],
            [
              95.320350226000073,
              5.5368411000000606,
              0,
              null
            ],
            [
              95.320400868000036,
              5.5367177340000353,
              0,
              null
            ],
            [
              95.320413546000054,
              5.5366816280000535,
              0,
              null
            ],
            [
              95.320413790000032,
              5.5366787030000637,
              0,
              null
            ],
            [
              95.320414477000043,
              5.536670488000027,
              0,
              null
            ],
            [
              95.32041276700005,
              5.5366598190000218,
              0,
              null
            ],
            [
              95.320407342000067,
              5.5366475740000283,
              0,
              null
            ],
            [
              95.320398828000066,
              5.5366364810000732,
              0,
              null
            ],
            [
              95.320408098000087,
              5.5366278010000656,
              0,
              null
            ],
            [
              95.320428453000034,
              5.5366037860000574,
              0,
              null
            ],
            [
              95.320443960000034,
              5.5365689240000506,
              0,
              null
            ],
            [
              95.320505188000084,
              5.5363955940000551,
              0,
              null
            ],
            [
              95.320528201000059,
              5.5363054110000576,
              0,
              null
            ],
            [
              95.320626747000063,
              5.536332858000037,
              0,
              null
            ],
            [
              95.320863401000054,
              5.5363555770000517,
              0,
              null
            ],
            [
              95.320931190000067,
              5.5363749720000328,
              0,
              null
            ],
            [
              95.320955945000037,
              5.5363913440000374,
              0,
              null
            ],
            [
              95.321055296000054,
              5.5364327410000556,
              0,
              null
            ],
            [
              95.321061494000048,
              5.5364442410000265,
              0,
              null
            ],
            [
              95.321073270000056,
              5.5364520770000354,
              0,
              null
            ],
            [
              95.321129951000046,
              5.5364730700000564,
              0,
              null
            ],
            [
              95.321220425000035,
              5.5364936960000364,
              0,
              null
            ],
            [
              95.321271161000084,
              5.5365029430000732,
              0,
              null
            ],
            [
              95.32138916100007,
              5.5365174760000286,
              0,
              null
            ],
            [
              95.321510768000053,
              5.5365302560000487,
              0,
              null
            ],
            [
              95.321514639000043,
              5.5365054930000497,
              0,
              null
            ],
            [
              95.32153457000004,
              5.5365123510000558,
              0,
              null
            ],
            [
              95.321747824000056,
              5.5365787860000637,
              0,
              null
            ],
            [
              95.321776708000073,
              5.5365806160000375,
              0,
              null
            ],
            [
              95.321857496000064,
              5.5365766020000251,
              0,
              null
            ],
            [
              95.321916455000064,
              5.5365618540000696,
              0,
              null
            ],
            [
              95.321993109000061,
              5.5365296100000592,
              0,
              null
            ],
            [
              95.322068480000041,
              5.536499114000037,
              0,
              null
            ],
            [
              95.322117148000075,
              5.5364801760000546,
              0,
              null
            ],
            [
              95.322148552000044,
              5.5364710960000707,
              0,
              null
            ],
            [
              95.322169021000036,
              5.5364687190000268,
              0,
              null
            ],
            [
              95.32218909900007,
              5.536467898000069,
              0,
              null
            ],
            [
              95.322248183000056,
              5.5364700580000203,
              0,
              null
            ],
            [
              95.32237649700005,
              5.5364749360000474,
              0,
              null
            ],
            [
              95.322517763000064,
              5.5364822400000548,
              0,
              null
            ],
            [
              95.322536717000048,
              5.5364892610000425,
              0,
              null
            ],
            [
              95.322545415000036,
              5.5364988900000753,
              0,
              null
            ],
            [
              95.322551273000045,
              5.5365134560000229,
              0,
              null
            ],
            [
              95.322568320000073,
              5.5366697480000653,
              0,
              null
            ],
            [
              95.322579404000066,
              5.5367106150000609,
              0,
              null
            ],
            [
              95.322559483000077,
              5.5368115970000531,
              0,
              null
            ],
            [
              95.322547240000063,
              5.5369382880000444,
              0,
              null
            ],
            [
              95.322548737000034,
              5.5371167400000445,
              0,
              null
            ],
            [
              95.322576692000041,
              5.5373949690000472,
              0,
              null
            ],
            [
              95.322586876000059,
              5.5374527120000607,
              0,
              null
            ],
            [
              95.322604608000063,
              5.5375054280000313,
              0,
              null
            ],
            [
              95.322667805000037,
              5.5377772540000478,
              0,
              null
            ],
            [
              95.322928240000067,
              5.5377548570000386,
              0,
              null
            ],
            [
              95.323215906000087,
              5.5376981650000516,
              0,
              null
            ],
            [
              95.323233896000033,
              5.5377031840000654,
              0,
              null
            ],
            [
              95.32325492800004,
              5.5377296850000448,
              0,
              null
            ],
            [
              95.323269981000067,
              5.5377379420000352,
              0,
              null
            ],
            [
              95.323316601000045,
              5.5377303880000568,
              0,
              null
            ],
            [
              95.323327233000043,
              5.5377177640000355,
              0,
              null
            ],
            [
              95.323347394000052,
              5.5377104620000637,
              0,
              null
            ],
            [
              95.323449350000033,
              5.537693665000063,
              0,
              null
            ],
            [
              95.323484483000072,
              5.5376908290000415,
              0,
              null
            ],
            [
              95.323571961000084,
              5.5376854110000409,
              0,
              null
            ],
            [
              95.323603103000039,
              5.5376855330000581,
              0,
              null
            ],
            [
              95.32363908700006,
              5.5376896850000321,
              0,
              null
            ],
            [
              95.323669769000048,
              5.5377037110000629,
              0,
              null
            ],
            [
              95.323690777000081,
              5.5377284140000711,
              0,
              null
            ],
            [
              95.323767624000084,
              5.5378770500000201,
              0,
              null
            ],
            [
              95.323832440000047,
              5.5380612660000565,
              0,
              null
            ],
            [
              95.323876521000045,
              5.5382468160000258,
              0,
              null
            ],
            [
              95.323897749000082,
              5.5383041310000749,
              0,
              null
            ],
            [
              95.323928518000059,
              5.5383594950000656,
              0,
              null
            ],
            [
              95.32395924900004,
              5.5384052930000394,
              0,
              null
            ],
            [
              95.324003298000036,
              5.5384386030000314,
              0,
              null
            ],
            [
              95.324040233000062,
              5.538463805000049,
              0,
              null
            ],
            [
              95.324107764000075,
              5.5384765300000254,
              0,
              null
            ],
            [
              95.324173094000059,
              5.5384692590000668,
              0,
              null
            ],
            [
              95.324237868000068,
              5.5384487120000472,
              0,
              null
            ],
            [
              95.324328460000061,
              5.5383911300000364,
              0,
              null
            ],
            [
              95.324367791000043,
              5.5383606760000248,
              0,
              null
            ],
            [
              95.324411159000078,
              5.5383522620000463,
              0,
              null
            ],
            [
              95.324555509000049,
              5.5384054960000526,
              0,
              null
            ],
            [
              95.324598801000036,
              5.5384488860000261,
              0,
              null
            ],
            [
              95.32465376500005,
              5.5385289560000501,
              0,
              null
            ],
            [
              95.324656767000079,
              5.5389414530000636,
              0,
              null
            ],
            [
              95.324661431000038,
              5.5390499490000593,
              0,
              null
            ],
            [
              95.324622960000056,
              5.5392079590000662,
              0,
              null
            ],
            [
              95.324605083000051,
              5.5394808470000498,
              0,
              null
            ],
            [
              95.32458497500005,
              5.5394787570000403,
              0,
              null
            ],
            [
              95.324527162000038,
              5.539478410000072,
              0,
              null
            ],
            [
              95.324476555000047,
              5.5394781070000363,
              0,
              null
            ],
            [
              95.324472975000049,
              5.5394807610000498,
              0,
              null
            ],
            [
              95.324471292000055,
              5.5394910900000696,
              0,
              null
            ],
            [
              95.324477269000056,
              5.5395014800000695,
              0,
              null
            ],
            [
              95.324482679000084,
              5.5395147280000288,
              0,
              null
            ],
            [
              95.324465067000062,
              5.5397240340000735,
              0,
              null
            ],
            [
              95.324434177000057,
              5.5397224760000654,
              0,
              null
            ],
            [
              95.324425047000034,
              5.5397292370000741,
              0,
              null
            ],
            [
              95.324338374000035,
              5.5400714910000488,
              0,
              null
            ],
            [
              95.324318915000049,
              5.5400691180000763,
              0,
              null
            ],
            [
              95.324231313000041,
              5.5400490960000752,
              0,
              null
            ],
            [
              95.324151921000066,
              5.5400309500000731,
              0,
              null
            ],
            [
              95.324111060000064,
              5.5400216120000323,
              0,
              null
            ],
            [
              95.324065993000033,
              5.5400113110000575,
              0,
              null
            ],
            [
              95.324053196000079,
              5.5400169480000727,
              0,
              null
            ],
            [
              95.324024362000046,
              5.5400782980000258,
              0,
              null
            ],
            [
              95.323988730000053,
              5.5401541130000282,
              0,
              null
            ],
            [
              95.323967482000057,
              5.5401993240000706,
              0,
              null
            ],
            [
              95.32399192400004,
              5.5402278370000317,
              0,
              null
            ],
            [
              95.324038655000038,
              5.540329406000069,
              0,
              null
            ],
            [
              95.324099358000069,
              5.5404028640000433,
              0,
              null
            ],
            [
              95.324187350000045,
              5.5404646440000533,
              0,
              null
            ],
            [
              95.324272391000079,
              5.5405101930000455,
              0,
              null
            ],
            [
              95.324220944000047,
              5.5409291560000611,
              0,
              null
            ],
            [
              95.324209421000035,
              5.5410344320000604,
              0,
              null
            ],
            [
              95.324224004000087,
              5.5411013400000684,
              0,
              null
            ],
            [
              95.324281420000034,
              5.5411345970000525,
              0,
              null
            ],
            [
              95.324343524000085,
              5.5411463110000341,
              0,
              null
            ],
            [
              95.324415637000072,
              5.5411695640000289,
              0,
              null
            ],
            [
              95.324453310000081,
              5.54118315300002,
              0,
              null
            ],
            [
              95.324405202000037,
              5.541238685000053,
              0,
              null
            ],
            [
              95.324379123000085,
              5.5412782790000392,
              0,
              null
            ],
            [
              95.324361593000049,
              5.5413194850000309,
              0,
              null
            ],
            [
              95.324349807000033,
              5.5413737210000704,
              0,
              null
            ],
            [
              95.32434479300008,
              5.5414458460000446,
              0,
              null
            ],
            [
              95.324344837000069,
              5.54166675700003,
              0,
              null
            ],
            [
              95.324344840000037,
              5.5416814680000357,
              0,
              null
            ],
            [
              95.324345558000061,
              5.5417134150000606,
              0,
              null
            ],
            [
              95.324348322000048,
              5.5418181580000692,
              0,
              null
            ],
            [
              95.324359227000059,
              5.5419975420000469,
              0,
              null
            ],
            [
              95.324363075000065,
              5.5420769350000683,
              0,
              null
            ],
            [
              95.324363548000065,
              5.5420916830000237,
              0,
              null
            ],
            [
              95.324364345000049,
              5.5421919710000225,
              0,
              null
            ],
            [
              95.324362818000054,
              5.5422788700000751,
              0,
              null
            ],
            [
              95.324356136000063,
              5.5424087790000272,
              0,
              null
            ],
            [
              95.324355264000076,
              5.5424672750000354,
              0,
              null
            ],
            [
              95.324355041000047,
              5.5425139540000714,
              0,
              null
            ],
            [
              95.324356322000085,
              5.5425601930000425,
              0,
              null
            ],
            [
              95.324358238000059,
              5.5426047120000703,
              0,
              null
            ],
            [
              95.324361452000062,
              5.5426447250000592,
              0,
              null
            ],
            [
              95.324363492000032,
              5.5426643910000735,
              0,
              null
            ],
            [
              95.324333654000043,
              5.5427544140000577,
              0,
              null
            ],
            [
              95.32432652500006,
              5.5427677930000527,
              0,
              null
            ],
            [
              95.324294654000084,
              5.5428002420000553,
              0,
              null
            ],
            [
              95.32427560800005,
              5.5428066620000322,
              0,
              null
            ],
            [
              95.324258214000054,
              5.5428076650000548,
              0,
              null
            ],
            [
              95.324173968000082,
              5.5428077130000588,
              0,
              null
            ],
            [
              95.324053941000045,
              5.5427723050000282,
              0,
              null
            ],
            [
              95.323933082000053,
              5.5427769420000459,
              0,
              null
            ],
            [
              95.32386574800006,
              5.5427816990000451,
              0,
              null
            ],
            [
              95.323803460000079,
              5.542782938000073,
              0,
              null
            ],
            [
              95.323751369000036,
              5.5427800420000608,
              0,
              null
            ],
            [
              95.323655977000044,
              5.5427662340000552,
              0,
              null
            ],
            [
              95.323547748000067,
              5.5427523770000562,
              0,
              null
            ],
            [
              95.323424450000061,
              5.5427331020000565,
              0,
              null
            ],
            [
              95.323414390000039,
              5.5427327350000724,
              0,
              null
            ],
            [
              95.323403370000051,
              5.5427337630000579,
              0,
              null
            ],
            [
              95.323400253000045,
              5.5427373910000597,
              0,
              null
            ],
            [
              95.323388807000072,
              5.5428623390000666,
              0,
              null
            ],
            [
              95.323378093000031,
              5.542978579000021,
              0,
              null
            ],
            [
              95.323372556000038,
              5.5430392080000388,
              0,
              null
            ],
            [
              95.323363459000063,
              5.5431488340000215,
              0,
              null
            ],
            [
              95.323359929000048,
              5.543221011000071,
              0,
              null
            ],
            [
              95.323358356000085,
              5.5432531450000511,
              0,
              null
            ],
            [
              95.323358270000085,
              5.5432937060000427,
              0,
              null
            ]
          ]
        ]
      },
      "properties" : {
        "FID" : 0,
        "OBJECTID" : 1439,
        "KDPPUM" : "11",
        "NAMOBJ" : "Ateuk Munjeng",
        "REMARK" : " ",
        "KDPBPS" : " ",
        "FCODE" : "BA03070040",
        "LUASWH" : 0,
        "UUPP" : "RBI",
        "SRS_ID" : "SRGI 2013",
        "METADATA" : "TASWIL1000020200326DATA_BATAS_DESA_KELURAHAN",
        "KDEBPS" : " ",
        "KDEPUM" : "11.71.01.2010",
        "KDCBPS" : " ",
        "KDCPUM" : "11.71.01",
        "KDBBPS" : " ",
        "WADMKD" : "Ateuk Munjeng",
        "WIADKD" : "0",
        "WADMKC" : "Baiturrahman",
        "WIADKC" : " ",
        "WADMKK" : "Kota Banda Aceh",
        "WIADKK" : " ",
        "WADMPR" : "Aceh",
        "WIADPR" : " ",
        "TIPADM" : 9,
        "KDPKAB" : "11.71",
        "SHAPE_Leng" : 0.023421158266560001,
        "SHAPE_Area" : 2.5732131522e-05
      }
    }
  ]
}