{
  "hasZ" : true,
  "hasM" : true,
  "type" : "FeatureCollection",
  "features" : [
    {
      "type" : "Feature",
      "id" : 0,
      "geometry" : {
        "type" : "Polygon",
        "coordinates" : [
          [
            [
              95.330693259000071,
              5.5535765530000063,
              0,
              null
            ],
            [
              95.330473963000046,
              5.5535831550001085,
              0,
              null
            ],
            [
              95.330300502000085,
              5.553579599999992,
              0,
              null
            ],
            [
              95.330129990000003,
              5.5535709810000782,
              0,
              null
            ],
            [
              95.329973896000055,
              5.5535586080000314,
              0,
              null
            ],
            [
              95.329824579000046,
              5.5535416970000533,
              0,
              null
            ],
            [
              95.329670507000088,
              5.553518017000048,
              0,
              null
            ],
            [
              95.329517299000031,
              5.5534867310000351,
              0,
              null
            ],
            [
              95.329370580000059,
              5.5534469690000314,
              0,
              null
            ],
            [
              95.329218457000081,
              5.5533934520000443,
              0,
              null
            ],
            [
              95.32904970400007,
              5.5533252209999944,
              0,
              null
            ],
            [
              95.328870965000107,
              5.5532479730000865,
              0,
              null
            ],
            [
              95.328688902000053,
              5.5531673750000792,
              0,
              null
            ],
            [
              95.328559535000096,
              5.5531103250000662,
              0,
              null
            ],
            [
              95.328417384000062,
              5.5530482439999922,
              0,
              null
            ],
            [
              95.328268349000069,
              5.5529839760000925,
              0,
              null
            ],
            [
              95.328118325000005,
              5.5529203990000724,
              0,
              null
            ],
            [
              95.327973231000087,
              5.5528603550000781,
              0,
              null
            ],
            [
              95.327838971000077,
              5.5528067039999911,
              0,
              null
            ],
            [
              95.327857701000113,
              5.5525935340000281,
              0,
              null
            ],
            [
              95.327859192000062,
              5.5524815420000877,
              0,
              null
            ],
            [
              95.32785793900004,
              5.5523438909999783,
              0,
              null
            ],
            [
              95.327854090000088,
              5.5522020470000548,
              0,
              null
            ],
            [
              95.327847433000059,
              5.5520553320000836,
              0,
              null
            ],
            [
              95.327839629000039,
              5.5519056850000474,
              0,
              null
            ],
            [
              95.327833689000087,
              5.551778492000004,
              0,
              null
            ],
            [
              95.327831074000045,
              5.5516337870001102,
              0,
              null
            ],
            [
              95.327833056000031,
              5.5515343490000539,
              0,
              null
            ],
            [
              95.327848232000036,
              5.5514359980000876,
              0,
              null
            ],
            [
              95.327892546000072,
              5.55136267000006,
              0,
              null
            ],
            [
              95.327964442000066,
              5.5512878509999979,
              0,
              null
            ],
            [
              95.328025406000052,
              5.5512388900000325,
              0,
              null
            ],
            [
              95.328093663000104,
              5.5511837440000882,
              0,
              null
            ],
            [
              95.32820693400005,
              5.5510500440000392,
              0,
              null
            ],
            [
              95.328235610000036,
              5.550954867000069,
              0,
              null
            ],
            [
              95.328254022000039,
              5.5508489370000973,
              0,
              null
            ],
            [
              95.32827084900002,
              5.5507437830000121,
              0,
              null
            ],
            [
              95.328285662000084,
              5.5506519050000485,
              0,
              null
            ],
            [
              95.328309034000071,
              5.5505316110000429,
              0,
              null
            ],
            [
              95.328354347000086,
              5.5504185260000121,
              0,
              null
            ],
            [
              95.32850537800006,
              5.5501229580000704,
              0,
              null
            ],
            [
              95.328553139000107,
              5.5500313210000378,
              0,
              null
            ],
            [
              95.328611045000102,
              5.5499202919999995,
              0,
              null
            ],
            [
              95.328675818000036,
              5.5497960570000231,
              0,
              null
            ],
            [
              95.328744181000005,
              5.5496648200000003,
              0,
              null
            ],
            [
              95.328812857000102,
              5.5495327690000877,
              0,
              null
            ],
            [
              95.328878577000026,
              5.5494060979999986,
              0,
              null
            ],
            [
              95.32893806400007,
              5.5492910220000695,
              0,
              null
            ],
            [
              95.328988039000109,
              5.5491937190001011,
              0,
              null
            ],
            [
              95.329113651000029,
              5.5489402019999972,
              0,
              null
            ],
            [
              95.329166372000032,
              5.5488160860000306,
              0,
              null
            ],
            [
              95.329202902000034,
              5.5486580570001003,
              0,
              null
            ],
            [
              95.329205271000063,
              5.548475530000097,
              0,
              null
            ],
            [
              95.329194955000091,
              5.5483204150000525,
              0,
              null
            ],
            [
              95.329180749000074,
              5.5481051960000087,
              0,
              null
            ],
            [
              95.329173481000097,
              5.5479681470000379,
              0,
              null
            ],
            [
              95.329165721000066,
              5.5477952780000344,
              0,
              null
            ],
            [
              95.329157902000048,
              5.5475889470001043,
              0,
              null
            ],
            [
              95.32915044800005,
              5.5473515470000905,
              0,
              null
            ],
            [
              95.32914718800005,
              5.5472311950000801,
              0,
              null
            ],
            [
              95.329143767000033,
              5.5470973940000228,
              0,
              null
            ],
            [
              95.329140231000096,
              5.5469548430000408,
              0,
              null
            ],
            [
              95.329136624000057,
              5.5468082080000762,
              0,
              null
            ],
            [
              95.329132823000108,
              5.5466559370000006,
              0,
              null
            ],
            [
              95.328284146000044,
              5.5466763200000884,
              0,
              null
            ],
            [
              95.328276730000056,
              5.546135462000013,
              0,
              null
            ],
            [
              95.328214521000064,
              5.5456048070000712,
              0,
              null
            ],
            [
              95.327555528000076,
              5.5453202360000624,
              0,
              null
            ],
            [
              95.326472637000094,
              5.545338009000023,
              0,
              null
            ],
            [
              95.326533427000058,
              5.5444931630000198,
              0,
              null
            ],
            [
              95.32664147600012,
              5.5445163889999876,
              0,
              null
            ],
            [
              95.326783120000115,
              5.5445023150000665,
              0,
              null
            ],
            [
              95.326891329000006,
              5.5445660800000134,
              0,
              null
            ],
            [
              95.327515694000056,
              5.5446244350000455,
              0,
              null
            ],
            [
              95.327763259000022,
              5.5445138410000432,
              0,
              null
            ],
            [
              95.327720166000105,
              5.5444744780000725,
              0,
              null
            ],
            [
              95.327628035000032,
              5.5443902980000352,
              0,
              null
            ],
            [
              95.32754583600007,
              5.5443151180000321,
              0,
              null
            ],
            [
              95.327475940000056,
              5.5442510710000619,
              0,
              null
            ],
            [
              95.327184861000049,
              5.5439688310000683,
              0,
              null
            ],
            [
              95.327156584000107,
              5.5438596690000068,
              0,
              null
            ],
            [
              95.327152724000044,
              5.5437471740000248,
              0,
              null
            ],
            [
              95.327151950000072,
              5.5435933590000879,
              0,
              null
            ],
            [
              95.327151915000073,
              5.5434645250000862,
              0,
              null
            ],
            [
              95.327151557000036,
              5.543297231000011,
              0,
              null
            ],
            [
              95.327150360000118,
              5.5430931870000926,
              0,
              null
            ],
            [
              95.327149230000032,
              5.5429703500000542,
              0,
              null
            ],
            [
              95.327147681000071,
              5.5428305490000334,
              0,
              null
            ],
            [
              95.327145781000098,
              5.5426840690000816,
              0,
              null
            ],
            [
              95.327143588000098,
              5.542541196000073,
              0,
              null
            ],
            [
              95.327142864000038,
              5.5424525700000231,
              0,
              null
            ],
            [
              95.327138631000125,
              5.5423074100000029,
              0,
              null
            ],
            [
              95.32710997100007,
              5.5420082120000274,
              0,
              null
            ],
            [
              95.327076528000049,
              5.5419020160000336,
              0,
              null
            ],
            [
              95.327022027000069,
              5.541779090999988,
              0,
              null
            ],
            [
              95.326967976000034,
              5.5416859840000114,
              0,
              null
            ],
            [
              95.326896027000032,
              5.5415719579999916,
              0,
              null
            ],
            [
              95.326811745000086,
              5.5414394240000391,
              0,
              null
            ],
            [
              95.326737219000037,
              5.5413194070000564,
              0,
              null
            ],
            [
              95.326654850000068,
              5.5411846590000984,
              0,
              null
            ],
            [
              95.326577205000035,
              5.541055922000016,
              0,
              null
            ],
            [
              95.326516841000014,
              5.5409539630000175,
              0,
              null
            ],
            [
              95.326432604000061,
              5.5407798940000035,
              0,
              null
            ],
            [
              95.326438605000121,
              5.5406536300000369,
              0,
              null
            ],
            [
              95.326458123000037,
              5.5405279920000332,
              0,
              null
            ],
            [
              95.326482230000082,
              5.5403925720000196,
              0,
              null
            ],
            [
              95.326505925000092,
              5.5402879060000636,
              0,
              null
            ],
            [
              95.32652876100012,
              5.5402127830000651,
              0,
              null
            ],
            [
              95.326576051000117,
              5.5401345080000723,
              0,
              null
            ],
            [
              95.326643694000026,
              5.5400794020000426,
              0,
              null
            ],
            [
              95.32674532500009,
              5.5400303810000722,
              0,
              null
            ],
            [
              95.326834327000086,
              5.5399884790000691,
              0,
              null
            ],
            [
              95.326873049000085,
              5.5399429770000346,
              0,
              null
            ],
            [
              95.326895212000053,
              5.5397835310000758,
              0,
              null
            ],
            [
              95.3268989150001,
              5.5396762130000781,
              0,
              null
            ],
            [
              95.326901890000073,
              5.5395420520000798,
              0,
              null
            ],
            [
              95.326903745000052,
              5.5394073990000408,
              0,
              null
            ],
            [
              95.326904131000092,
              5.539298584000008,
              0,
              null
            ],
            [
              95.326886427000048,
              5.5391155400000507,
              0,
              null
            ],
            [
              95.326826107000031,
              5.5390039720000566,
              0,
              null
            ],
            [
              95.326635854000088,
              5.5388302290000695,
              0,
              null
            ],
            [
              95.326551618000053,
              5.5387621430000316,
              0,
              null
            ],
            [
              95.326447149000018,
              5.5386786350000499,
              0,
              null
            ],
            [
              95.326333480000031,
              5.5385884280000468,
              0,
              null
            ],
            [
              95.326221677000021,
              5.5385002480000338,
              0,
              null
            ],
            [
              95.326122781000009,
              5.5384228370000237,
              0,
              null
            ],
            [
              95.325984663000042,
              5.5383161400000773,
              0,
              null
            ],
            [
              95.32587105900005,
              5.5382288430000486,
              0,
              null
            ],
            [
              95.325789265000125,
              5.538164598000062,
              0,
              null
            ],
            [
              95.325671687000082,
              5.5380460600000241,
              0,
              null
            ],
            [
              95.325633624000034,
              5.5379187220000574,
              0,
              null
            ],
            [
              95.325605688000039,
              5.5377739800000718,
              0,
              null
            ],
            [
              95.325562236000081,
              5.5374613070000471,
              0,
              null
            ],
            [
              95.325550159000059,
              5.5373557870000205,
              0,
              null
            ],
            [
              95.325536647000007,
              5.5372316970000561,
              0,
              null
            ],
            [
              95.325522151000044,
              5.5370936450000023,
              0,
              null
            ],
            [
              95.325507141000045,
              5.5369462490000636,
              0,
              null
            ],
            [
              95.325492049000047,
              5.536794126000089,
              0,
              null
            ],
            [
              95.325477362000072,
              5.5366418930000165,
              0,
              null
            ],
            [
              95.325463505000087,
              5.536494149000049,
              0,
              null
            ],
            [
              95.325450965000115,
              5.5363555200000363,
              0,
              null
            ],
            [
              95.325440175000011,
              5.5362306150000045,
              0,
              null
            ],
            [
              95.325420964000031,
              5.5359826120000903,
              0,
              null
            ],
            [
              95.325406698000094,
              5.5357647710000961,
              0,
              null
            ],
            [
              95.325396575000056,
              5.535579951999992,
              0,
              null
            ],
            [
              95.32538982200002,
              5.5354310050000137,
              0,
              null
            ],
            [
              95.325383865000063,
              5.5352640760000575,
              0,
              null
            ],
            [
              95.32538053500005,
              5.5351138680000638,
              0,
              null
            ],
            [
              95.325380252000031,
              5.5349860290000557,
              0,
              null
            ],
            [
              95.325385943000057,
              5.534810286999992,
              0,
              null
            ],
            [
              95.325395455000049,
              5.534658944000082,
              0,
              null
            ],
            [
              95.325406698000094,
              5.5345417260000644,
              0,
              null
            ],
            [
              95.3254197360001,
              5.534440816000064,
              0,
              null
            ],
            [
              95.325436577000076,
              5.5343389880000764,
              0,
              null
            ],
            [
              95.325461347000086,
              5.5342160220000274,
              0,
              null
            ],
            [
              95.325485226000097,
              5.5341121960000521,
              0,
              null
            ],
            [
              95.325514515000037,
              5.5339935420000934,
              0,
              null
            ],
            [
              95.325544007000076,
              5.5338834200000413,
              0,
              null
            ],
            [
              95.325591669000033,
              5.5337294510000916,
              0,
              null
            ],
            [
              95.325654845000017,
              5.5335380620000656,
              0,
              null
            ],
            [
              95.325688007000096,
              5.53343648600001,
              0,
              null
            ],
            [
              95.325726728000106,
              5.5333170270000736,
              0,
              null
            ],
            [
              95.325755307000065,
              5.5332285240000338,
              0,
              null
            ],
            [
              95.325806162000006,
              5.533070752000036,
              0,
              null
            ],
            [
              95.325839514000023,
              5.532967051000071,
              0,
              null
            ],
            [
              95.325903040000028,
              5.5327680590000377,
              0,
              null
            ],
            [
              95.325947741000093,
              5.5326206820001005,
              0,
              null
            ],
            [
              95.325984360000106,
              5.5324849240000589,
              0,
              null
            ],
            [
              95.326024338000124,
              5.5323317800000886,
              0,
              null
            ],
            [
              95.326032930000039,
              5.5323000850000419,
              0,
              null
            ],
            [
              95.32613270500012,
              5.5323232110000902,
              0,
              null
            ],
            [
              95.326174616000031,
              5.5323344630000442,
              0,
              null
            ],
            [
              95.326203310000011,
              5.532340587000018,
              0,
              null
            ],
            [
              95.326342404000059,
              5.5323491260000139,
              0,
              null
            ],
            [
              95.326361657000049,
              5.5323494930000443,
              0,
              null
            ],
            [
              95.326400563000078,
              5.532351203000097,
              0,
              null
            ],
            [
              95.326447082000101,
              5.5323526920000425,
              0,
              null
            ],
            [
              95.327065284000099,
              5.532375711000082,
              0,
              null
            ],
            [
              95.327101878000107,
              5.5323768239999964,
              0,
              null
            ],
            [
              95.327562316000098,
              5.5323876430000922,
              0,
              null
            ],
            [
              95.32784266100002,
              5.5323860910000526,
              0,
              null
            ],
            [
              95.3278650970001,
              5.53238630100007,
              0,
              null
            ],
            [
              95.327885449000107,
              5.5323863019999813,
              0,
              null
            ],
            [
              95.328117003000074,
              5.532386071000051,
              0,
              null
            ],
            [
              95.328243084000022,
              5.5323886040000829,
              0,
              null
            ],
            [
              95.328328281000054,
              5.5323867050000146,
              0,
              null
            ],
            [
              95.328415750000019,
              5.5323866420000982,
              0,
              null
            ],
            [
              95.328445541000079,
              5.5322515900000262,
              0,
              null
            ],
            [
              95.328365274000106,
              5.5322166250000642,
              0,
              null
            ],
            [
              95.32831130100007,
              5.5321756450000485,
              0,
              null
            ],
            [
              95.328333198000024,
              5.5321090180000425,
              0,
              null
            ],
            [
              95.328361303000037,
              5.5320106809999885,
              0,
              null
            ],
            [
              95.328376670000068,
              5.531893381000053,
              0,
              null
            ],
            [
              95.3283985180001,
              5.5318140800000641,
              0,
              null
            ],
            [
              95.328417126000033,
              5.531715780000102,
              0,
              null
            ],
            [
              95.328391704000069,
              5.5316905300000556,
              0,
              null
            ],
            [
              95.328388366000055,
              5.5316446989999939,
              0,
              null
            ],
            [
              95.3283942260001,
              5.5315242690000659,
              0,
              null
            ],
            [
              95.328403337000054,
              5.531426006000018,
              0,
              null
            ],
            [
              95.328411620000026,
              5.5313231160000313,
              0,
              null
            ],
            [
              95.328399116000057,
              5.5312194430000687,
              0,
              null
            ],
            [
              95.328388775000093,
              5.5311391850000007,
              0,
              null
            ],
            [
              95.328378512000128,
              5.5310789999999947,
              0,
              null
            ],
            [
              95.328373322000061,
              5.5310338520000784,
              0,
              null
            ],
            [
              95.328368171000079,
              5.5309987420001043,
              0,
              null
            ],
            [
              95.328372949000112,
              5.5309384980000935,
              0,
              null
            ],
            [
              95.328392611000055,
              5.5308380480000423,
              0,
              null
            ],
            [
              95.328401145000043,
              5.5307269559999988,
              0,
              null
            ],
            [
              95.328411200000076,
              5.5306001870000792,
              0,
              null
            ],
            [
              95.328442284000076,
              5.5304557340000287,
              0,
              null
            ],
            [
              95.328469880000057,
              5.5303183350000289,
              0,
              null
            ],
            [
              95.328490512000073,
              5.5301985660000668,
              0,
              null
            ],
            [
              95.328511254000006,
              5.5301069580000366,
              0,
              null
            ],
            [
              95.328549909000103,
              5.5300997650000632,
              0,
              null
            ],
            [
              95.328585062000073,
              5.5300961060000269,
              0,
              null
            ],
            [
              95.328623717000085,
              5.5300889140000535,
              0,
              null
            ],
            [
              95.328762347000094,
              5.5297381660000759,
              0,
              null
            ],
            [
              95.328896163000067,
              5.5294392420000342,
              0,
              null
            ],
            [
              95.328990720000064,
              5.5291686230000252,
              0,
              null
            ],
            [
              95.329030831000097,
              5.5290477820000632,
              0,
              null
            ],
            [
              95.32932916900009,
              5.5290301860000284,
              0,
              null
            ],
            [
              95.32939861400007,
              5.5288895630000283,
              0,
              null
            ],
            [
              95.329670145000065,
              5.528932328000014,
              0,
              null
            ],
            [
              95.329773804000112,
              5.5285810959999964,
              0,
              null
            ],
            [
              95.329992849000035,
              5.5286328340001027,
              0,
              null
            ],
            [
              95.330385970000052,
              5.5284208050000565,
              0,
              null
            ],
            [
              95.330526955000082,
              5.5285576180000078,
              0,
              null
            ],
            [
              95.330745367000119,
              5.5285422160000657,
              0,
              null
            ],
            [
              95.330936573000045,
              5.5281906400000196,
              0,
              null
            ],
            [
              95.331278384000086,
              5.5282857170000703,
              0,
              null
            ],
            [
              95.332268712000129,
              5.5281412130000156,
              0,
              null
            ],
            [
              95.332265218000018,
              5.527702913000077,
              0,
              null
            ],
            [
              95.332790581000054,
              5.5277360100000621,
              0,
              null
            ],
            [
              95.333298307000049,
              5.5277252450000596,
              0,
              null
            ],
            [
              95.333297551000086,
              5.527532210000075,
              0,
              null
            ],
            [
              95.333678736000095,
              5.5274839879999931,
              0,
              null
            ],
            [
              95.334311950000085,
              5.5272651470000049,
              0,
              null
            ],
            [
              95.33460959300001,
              5.5272727440001006,
              0,
              null
            ],
            [
              95.33500363600011,
              5.5273150240000462,
              0,
              null
            ],
            [
              95.33513781000002,
              5.5275392520000359,
              0,
              null
            ],
            [
              95.335308643000033,
              5.5276824540000717,
              0,
              null
            ],
            [
              95.335360262000037,
              5.5282692100000368,
              0,
              null
            ],
            [
              95.335631717000027,
              5.5282928180000361,
              0,
              null
            ],
            [
              95.335706718000026,
              5.5285644530000404,
              0,
              null
            ],
            [
              95.335861019000092,
              5.5285885130000771,
              0,
              null
            ],
            [
              95.336229141000075,
              5.5286231200000095,
              0,
              null
            ],
            [
              95.33624942700007,
              5.5288064970000832,
              0,
              null
            ],
            [
              95.336393339000082,
              5.5287994220000307,
              0,
              null
            ],
            [
              95.336694429000033,
              5.5288506530000951,
              0,
              null
            ],
            [
              95.336884033999993,
              5.5288303000000099,
              0,
              null
            ],
            [
              95.337139204000067,
              5.528855499000052,
              0,
              null
            ],
            [
              95.337322388000118,
              5.5288678840000109,
              0,
              null
            ],
            [
              95.337413908000059,
              5.5288544170000513,
              0,
              null
            ],
            [
              95.337610183000038,
              5.5288667500000059,
              0,
              null
            ],
            [
              95.3378782180001,
              5.5288328820000459,
              0,
              null
            ],
            [
              95.338120212000049,
              5.5288385270000688,
              0,
              null
            ],
            [
              95.338309920000114,
              5.5288442870000125,
              0,
              null
            ],
            [
              95.338473372000053,
              5.5288305360000294,
              0,
              null
            ],
            [
              95.338787396000015,
              5.5288424040000343,
              0,
              null
            ],
            [
              95.339035896000055,
              5.5288349160000365,
              0,
              null
            ],
            [
              95.339402163000074,
              5.5288334720000059,
              0,
              null
            ],
            [
              95.339473781000052,
              5.528734863000107,
              0,
              null
            ],
            [
              95.339702643000066,
              5.52872737100002,
              0,
              null
            ],
            [
              95.339885802000126,
              5.5287332380000613,
              0,
              null
            ],
            [
              95.339879664000051,
              5.5288380970000333,
              0,
              null
            ],
            [
              95.340200195000108,
              5.5288368320000174,
              0,
              null
            ],
            [
              95.340232644000039,
              5.5287842870000219,
              0,
              null
            ],
            [
              95.340552959000078,
              5.528806253000063,
              0,
              null
            ],
            [
              95.341155048000061,
              5.5288265560000553,
              0,
              null
            ],
            [
              95.343933729000113,
              5.5285576010000064,
              0,
              null
            ],
            [
              95.343943263000099,
              5.5287208980001061,
              0,
              null
            ],
            [
              95.343987742000053,
              5.5289378750000289,
              0,
              null
            ],
            [
              95.344054560000075,
              5.52910964100003,
              0,
              null
            ],
            [
              95.344134005000072,
              5.5292714860000096,
              0,
              null
            ],
            [
              95.344216320000044,
              5.5294474210000004,
              0,
              null
            ],
            [
              95.344270345000083,
              5.5295868060000757,
              0,
              null
            ],
            [
              95.344292004000096,
              5.5297263180000726,
              0,
              null
            ],
            [
              95.344290366000052,
              5.5300252620000272,
              0,
              null
            ],
            [
              95.344221219000104,
              5.5303343440000212,
              0,
              null
            ],
            [
              95.344167024000058,
              5.5305094080000288,
              0,
              null
            ],
            [
              95.34415664400008,
              5.5307322420000808,
              0,
              null
            ],
            [
              95.344151947000057,
              5.5309691540000543,
              0,
              null
            ],
            [
              95.344154076000052,
              5.531152457000033,
              0,
              null
            ],
            [
              95.344172771000089,
              5.5312539090000783,
              0,
              null
            ],
            [
              95.344219427000041,
              5.5313087180000835,
              0,
              null
            ],
            [
              95.344298294000083,
              5.5313239170000976,
              0,
              null
            ],
            [
              95.344452938000089,
              5.5312838230000665,
              0,
              null
            ],
            [
              95.344622922000028,
              5.5312084160000445,
              0,
              null
            ],
            [
              95.344745287000123,
              5.5311910110000255,
              0,
              null
            ],
            [
              95.34485095900007,
              5.5312230250000098,
              0,
              null
            ],
            [
              95.344916010000119,
              5.5313031430000663,
              0,
              null
            ],
            [
              95.344937496000028,
              5.5313989430000881,
              0,
              null
            ],
            [
              95.344904244000034,
              5.5315316230000526,
              0,
              null
            ],
            [
              95.344800784000086,
              5.5317040620001094,
              0,
              null
            ],
            [
              95.344690272000008,
              5.531872299000085,
              0,
              null
            ],
            [
              95.344614763000067,
              5.531995274000046,
              0,
              null
            ],
            [
              95.344586918000076,
              5.5320715290000493,
              0,
              null
            ],
            [
              95.344579007000036,
              5.5321196760000362,
              0,
              null
            ],
            [
              95.344567677000072,
              5.5321886420000581,
              0,
              null
            ],
            [
              95.344579474000071,
              5.5323253730000914,
              0,
              null
            ],
            [
              95.34465737900004,
              5.5324533820000248,
              0,
              null
            ],
            [
              95.344756282000048,
              5.5325531070001048,
              0,
              null
            ],
            [
              95.344897791000037,
              5.5327513690000778,
              0,
              null
            ],
            [
              95.344897969000044,
              5.5327964910000809,
              0,
              null
            ],
            [
              95.344878684000051,
              5.5329023230000445,
              0,
              null
            ],
            [
              95.344811541000098,
              5.5330055250000569,
              0,
              null
            ],
            [
              95.344707743000029,
              5.5330919500000135,
              0,
              null
            ],
            [
              95.344596780000089,
              5.5331459720000424,
              0,
              null
            ],
            [
              95.344502610000021,
              5.5331759570000365,
              0,
              null
            ],
            [
              95.344401398000088,
              5.5332045590000938,
              0,
              null
            ],
            [
              95.344336813000069,
              5.5332428860000675,
              0,
              null
            ],
            [
              95.344286357000072,
              5.5332952590000488,
              0,
              null
            ],
            [
              95.344252900000058,
              5.5333757660000487,
              0,
              null
            ],
            [
              95.344232185000024,
              5.533475964000079,
              0,
              null
            ],
            [
              95.344226962000036,
              5.5335789199999823,
              0,
              null
            ],
            [
              95.344259864000009,
              5.534028308000039,
              0,
              null
            ],
            [
              95.344264138000099,
              5.5340959850000431,
              0,
              null
            ],
            [
              95.344272966000034,
              5.5342064260000328,
              0,
              null
            ],
            [
              95.344319673000072,
              5.5345968990000998,
              0,
              null
            ],
            [
              95.344455660000051,
              5.5348336950000636,
              0,
              null
            ],
            [
              95.344367440000028,
              5.534895815000052,
              0,
              null
            ],
            [
              95.344253839000046,
              5.5349855700000177,
              0,
              null
            ],
            [
              95.344143441000057,
              5.5350846130000413,
              0,
              null
            ],
            [
              95.344026412000062,
              5.5352017330000507,
              0,
              null
            ],
            [
              95.343906062000045,
              5.5353347210000408,
              0,
              null
            ],
            [
              95.343785703000037,
              5.5354813300000032,
              0,
              null
            ],
            [
              95.343701074000052,
              5.5355930070000063,
              0,
              null
            ],
            [
              95.343609352000016,
              5.5357199880000323,
              0,
              null
            ],
            [
              95.343515218000036,
              5.5358555390000568,
              0,
              null
            ],
            [
              95.343423356000073,
              5.5359929340000562,
              0,
              null
            ],
            [
              95.343338466000063,
              5.5361254190000047,
              0,
              null
            ],
            [
              95.343265231000046,
              5.5362462800000571,
              0,
              null
            ],
            [
              95.343172313000082,
              5.5364157850000488,
              0,
              null
            ],
            [
              95.343090347000057,
              5.5365850670000221,
              0,
              null
            ],
            [
              95.343018181000033,
              5.5367529260000552,
              0,
              null
            ],
            [
              95.342954664000018,
              5.5369181570000485,
              0,
              null
            ],
            [
              95.342905082000087,
              5.5370596600000326,
              0,
              null
            ],
            [
              95.342853338000069,
              5.5372178840000679,
              0,
              null
            ],
            [
              95.342802020000093,
              5.5373858330000196,
              0,
              null
            ],
            [
              95.342753690000094,
              5.5375565270000209,
              0,
              null
            ],
            [
              95.342710918000108,
              5.5377229770000262,
              0,
              null
            ],
            [
              95.34267848399999,
              5.5378643039999957,
              0,
              null
            ],
            [
              95.342646761000125,
              5.5380141780000507,
              0,
              null
            ],
            [
              95.342616220000082,
              5.5381664710000393,
              0,
              null
            ],
            [
              95.342587351000091,
              5.5383150320000745,
              0,
              null
            ],
            [
              95.34256064500002,
              5.5384537330000043,
              0,
              null
            ],
            [
              95.342536591000069,
              5.5385764150000298,
              0,
              null
            ],
            [
              95.342502058000051,
              5.5387413870000906,
              0,
              null
            ],
            [
              95.342466319000025,
              5.5388976770000546,
              0,
              null
            ],
            [
              95.3424295760001,
              5.5390442180001003,
              0,
              null
            ],
            [
              95.342392032000092,
              5.5391799240000488,
              0,
              null
            ],
            [
              95.342349655000049,
              5.5393183980000487,
              0,
              null
            ],
            [
              95.34230044300007,
              5.5394668140000718,
              0,
              null
            ],
            [
              95.34224764700005,
              5.5396145570000392,
              0,
              null
            ],
            [
              95.342194491000001,
              5.5397509940000482,
              0,
              null
            ],
            [
              95.342137599000097,
              5.5398826190000143,
              0,
              null
            ],
            [
              95.342073200000101,
              5.5400208819999968,
              0,
              null
            ],
            [
              95.342003979000054,
              5.5401625619999955,
              0,
              null
            ],
            [
              95.341932621000097,
              5.5403044130000971,
              0,
              null
            ],
            [
              95.341870638000032,
              5.5404260520000363,
              0,
              null
            ],
            [
              95.341802244000064,
              5.5405601630000305,
              0,
              null
            ],
            [
              95.341732172000036,
              5.5406986470000312,
              0,
              null
            ],
            [
              95.341665116000087,
              5.5408333759999877,
              0,
              null
            ],
            [
              95.341605781000055,
              5.5409562430000285,
              0,
              null
            ],
            [
              95.341540293000051,
              5.5410997700000912,
              0,
              null
            ],
            [
              95.341481039000129,
              5.54123869900004,
              0,
              null
            ],
            [
              95.341431672000041,
              5.5413639580000122,
              0,
              null
            ],
            [
              95.341395847000101,
              5.5414664760000569,
              0,
              null
            ],
            [
              95.341357541000036,
              5.5416284800000497,
              0,
              null
            ],
            [
              95.341341309000114,
              5.5417834719999952,
              0,
              null
            ],
            [
              95.34133354300009,
              5.5419120470000642,
              0,
              null
            ],
            [
              95.341327566000047,
              5.5420687430000619,
              0,
              null
            ],
            [
              95.341326325000026,
              5.542234442000094,
              0,
              null
            ],
            [
              95.341330772000035,
              5.5423740680001004,
              0,
              null
            ],
            [
              95.341342906000065,
              5.5425641650000195,
              0,
              null
            ],
            [
              95.341365705000086,
              5.5428301920000926,
              0,
              null
            ],
            [
              95.341402120000083,
              5.5431975920000269,
              0,
              null
            ],
            [
              95.341412601000059,
              5.5432979470000703,
              0,
              null
            ],
            [
              95.341424305000047,
              5.5434086010000776,
              0,
              null
            ],
            [
              95.341437073000037,
              5.5435283350000368,
              0,
              null
            ],
            [
              95.341450774000108,
              5.543655921000024,
              0,
              null
            ],
            [
              95.341465241000066,
              5.5437901380001158,
              0,
              null
            ],
            [
              95.341480333000064,
              5.5439297490000321,
              0,
              null
            ],
            [
              95.341495903000023,
              5.5440735430000281,
              0,
              null
            ],
            [
              95.341511808000092,
              5.5442202830000902,
              0,
              null
            ],
            [
              95.341527901000092,
              5.5443687480000285,
              0,
              null
            ],
            [
              95.341544023000012,
              5.544517710000008,
              0,
              null
            ],
            [
              95.341560034000096,
              5.5446659500000166,
              0,
              null
            ],
            [
              95.341575794000065,
              5.5448122290000406,
              0,
              null
            ],
            [
              95.341591135000087,
              5.5449553370000686,
              0,
              null
            ],
            [
              95.341605927000074,
              5.5450940359999983,
              0,
              null
            ],
            [
              95.341620019000075,
              5.545227107000084,
              0,
              null
            ],
            [
              95.341633264000023,
              5.5453533290000472,
              0,
              null
            ],
            [
              95.341645503000052,
              5.5454714650000518,
              0,
              null
            ],
            [
              95.341656603999994,
              5.5455802959999971,
              0,
              null
            ],
            [
              95.341684913000037,
              5.545870815000054,
              0,
              null
            ],
            [
              95.341707358000022,
              5.5461224170000882,
              0,
              null
            ],
            [
              95.341724451000104,
              5.5463390960000751,
              0,
              null
            ],
            [
              95.341736731000054,
              5.546524826000077,
              0,
              null
            ],
            [
              95.341744728000009,
              5.5466835910000682,
              0,
              null
            ],
            [
              95.341748953000007,
              5.5468193860000241,
              0,
              null
            ],
            [
              95.341749680000063,
              5.5470080900000944,
              0,
              null
            ],
            [
              95.341744748000096,
              5.5471895950000132,
              0,
              null
            ],
            [
              95.341734844000072,
              5.547352300000064,
              0,
              null
            ],
            [
              95.341720644000063,
              5.5474846060000864,
              0,
              null
            ],
            [
              95.341672648999989,
              5.5476877480000191,
              0,
              null
            ],
            [
              95.341591388000026,
              5.547860019000062,
              0,
              null
            ],
            [
              95.341506012000067,
              5.5479862890000291,
              0,
              null
            ],
            [
              95.34137934400006,
              5.5481440870000291,
              0,
              null
            ],
            [
              95.3412080290001,
              5.5483314570000779,
              0,
              null
            ],
            [
              95.341127629000113,
              5.5484131720000001,
              0,
              null
            ],
            [
              95.341034747000066,
              5.5485051230000586,
              0,
              null
            ],
            [
              95.340932809000066,
              5.5486042330000878,
              0,
              null
            ],
            [
              95.340825222000049,
              5.5487074140000097,
              0,
              null
            ],
            [
              95.340715392000021,
              5.5488115630001005,
              0,
              null
            ],
            [
              95.340606736000083,
              5.5489136010000166,
              0,
              null
            ],
            [
              95.34050265000009,
              5.5490104500000363,
              0,
              null
            ],
            [
              95.340406562000041,
              5.5490990060000804,
              0,
              null
            ],
            [
              95.340261486000031,
              5.5492308270000628,
              0,
              null
            ],
            [
              95.340118973000045,
              5.5493580010000159,
              0,
              null
            ],
            [
              95.339981502000043,
              5.5494782850000206,
              0,
              null
            ],
            [
              95.339851563000039,
              5.5495894550000706,
              0,
              null
            ],
            [
              95.339731640000068,
              5.5496893039999833,
              0,
              null
            ],
            [
              95.339613186000037,
              5.5497845470000478,
              0,
              null
            ],
            [
              95.339489195000084,
              5.5498803730000716,
              0,
              null
            ],
            [
              95.339364476000057,
              5.5499722240000331,
              0,
              null
            ],
            [
              95.339243802000027,
              5.5500555530000888,
              0,
              null
            ],
            [
              95.339131961000092,
              5.5501257950000387,
              0,
              null
            ],
            [
              95.338994522000093,
              5.5501993749999983,
              0,
              null
            ],
            [
              95.338849579000097,
              5.5502642340000357,
              0,
              null
            ],
            [
              95.338701432000093,
              5.5503197590000113,
              0,
              null
            ],
            [
              95.338554347000084,
              5.5503653470000529,
              0,
              null
            ],
            [
              95.338429546000071,
              5.5503973420000356,
              0,
              null
            ],
            [
              95.338292108000061,
              5.55042781400007,
              0,
              null
            ],
            [
              95.338149219000059,
              5.5504555050000519,
              0,
              null
            ],
            [
              95.338008056000007,
              5.5504791680000558,
              0,
              null
            ],
            [
              95.337875767000071,
              5.550497552000067,
              0,
              null
            ],
            [
              95.337712537000073,
              5.5505144050000403,
              0,
              null
            ],
            [
              95.337538966000096,
              5.5505282250000292,
              0,
              null
            ],
            [
              95.337358834000028,
              5.5505413670000507,
              0,
              null
            ],
            [
              95.337175912000077,
              5.5505562270000368,
              0,
              null
            ],
            [
              95.337045043999993,
              5.550568929000022,
              0,
              null
            ],
            [
              95.33690101600007,
              5.5505846030000754,
              0,
              null
            ],
            [
              95.336750592000058,
              5.5506025530000507,
              0,
              null
            ],
            [
              95.336600508000075,
              5.5506221010000694,
              0,
              null
            ],
            [
              95.336457519000064,
              5.5506425709999867,
              0,
              null
            ],
            [
              95.336328378000118,
              5.5506632660001003,
              0,
              null
            ],
            [
              95.336150338000039,
              5.5506969710000469,
              0,
              null
            ],
            [
              95.335981234000087,
              5.5507342390000218,
              0,
              null
            ],
            [
              95.335828624000072,
              5.5507719290000317,
              0,
              null
            ],
            [
              95.335700107000008,
              5.5508068940000825,
              0,
              null
            ],
            [
              95.335550534000063,
              5.5508530419999929,
              0,
              null
            ],
            [
              95.335403781000096,
              5.5509075850000649,
              0,
              null
            ],
            [
              95.33525699700003,
              5.5509748740000369,
              0,
              null
            ],
            [
              95.335133219000085,
              5.5510423510000244,
              0,
              null
            ],
            [
              95.334990328000075,
              5.5511292480000201,
              0,
              null
            ],
            [
              95.334838511000044,
              5.5512312570000226,
              0,
              null
            ],
            [
              95.334687991000109,
              5.5513440900000326,
              0,
              null
            ],
            [
              95.334585176000033,
              5.5514292010000581,
              0,
              null
            ],
            [
              95.334473754000058,
              5.5515259880000727,
              0,
              null
            ],
            [
              95.334356282000016,
              5.5516302210000816,
              0,
              null
            ],
            [
              95.334235331000045,
              5.5517377030000929,
              0,
              null
            ],
            [
              95.334113446000089,
              5.5518442130000238,
              0,
              null
            ],
            [
              95.333993211000092,
              5.5519455360000585,
              0,
              null
            ],
            [
              95.333867567000084,
              5.552045760000091,
              0,
              null
            ],
            [
              95.333730652000028,
              5.5521497260000778,
              0,
              null
            ],
            [
              95.333586739000026,
              5.552254334000029,
              0,
              null
            ],
            [
              95.33344011800007,
              5.5523564850000433,
              0,
              null
            ],
            [
              95.333295064000055,
              5.5524530980000435,
              0,
              null
            ],
            [
              95.333155875999992,
              5.5525410830000403,
              0,
              null
            ],
            [
              95.333015497000105,
              5.5526245350001062,
              0,
              null
            ],
            [
              95.33286650600003,
              5.5527088160000631,
              0,
              null
            ],
            [
              95.332712631999996,
              5.5527926910000751,
              0,
              null
            ],
            [
              95.332557579000053,
              5.5528749440000418,
              0,
              null
            ],
            [
              95.332405068000043,
              5.5529543490000393,
              0,
              null
            ],
            [
              95.332258829000111,
              5.5530296710000542,
              0,
              null
            ],
            [
              95.332111040000058,
              5.5531053330000972,
              0,
              null
            ],
            [
              95.331955079000025,
              5.55318395600003,
              0,
              null
            ],
            [
              95.33179640000013,
              5.5532616580000642,
              0,
              null
            ],
            [
              95.331640507000017,
              5.5533345590000565,
              0,
              null
            ],
            [
              95.331492853000057,
              5.5533987590000393,
              0,
              null
            ],
            [
              95.331358943000083,
              5.5534503760000469,
              0,
              null
            ],
            [
              95.331170182000008,
              5.5535066300000828,
              0,
              null
            ],
            [
              95.330983436000011,
              5.5535451690000741,
              0,
              null
            ],
            [
              95.330804426000029,
              5.5535687980000752,
              0,
              null
            ],
            [
              95.330693259000071,
              5.5535765530000063,
              0,
              null
            ]
          ]
        ]
      },
      "properties" : {
        "FID" : 0,
        "KDPPUM" : " ",
        "NAMOBJ" : "Lueng Bata",
        "REMARK" : "Wilayah Administrasi Kecamatan",
        "KDPBPS" : " ",
        "FCODE" : " ",
        "LUASWH" : 0,
        "UUPP" : " ",
        "SRS_ID" : " ",
        "LCODE" : "BA0080",
        "METADATA" : " ",
        "KDEBPS" : " ",
        "KDEPUM" : " ",
        "KDCBPS" : " ",
        "KDCPUM" : " ",
        "KDBBPS" : " ",
        "KDBPUM" : " ",
        "WADMKD" : " ",
        "WIADKD" : " ",
        "WADMKC" : " ",
        "WIADKC" : " ",
        "WADMKK" : "BANDA ACEH",
        "WIADKK" : " ",
        "WADMPR" : "ACEH",
        "WIADPR" : " ",
        "TIPADM" : 0,
        "Shape_Leng" : 0.086780175991000005,
        "Shape_Area" : 0.000354332162847
      }
    }
  ]
}