{
  "hasZ" : true,
  "hasM" : true,
  "type" : "FeatureCollection",
  "features" : [
    {
      "type" : "Feature",
      "id" : 0,
      "geometry" : {
        "type" : "Polygon",
        "coordinates" : [
          [
            [
              95.330160860000035,
              5.5587990240000522,
              0,
              null
            ],
            [
              95.330127748000052,
              5.5588868050000428,
              0,
              null
            ],
            [
              95.330112100000065,
              5.5589532670000494,
              0,
              null
            ],
            [
              95.330107463000047,
              5.5590084690000481,
              0,
              null
            ],
            [
              95.330081831000086,
              5.5593448870000657,
              0,
              null
            ],
            [
              95.330063972000062,
              5.5596074590000626,
              0,
              null
            ],
            [
              95.330017086000055,
              5.5602586770000357,
              0,
              null
            ],
            [
              95.330009044000064,
              5.5604214610000327,
              0,
              null
            ],
            [
              95.32996982800006,
              5.5608225680000487,
              0,
              null
            ],
            [
              95.329948563000073,
              5.561040073000072,
              0,
              null
            ],
            [
              95.32990985400005,
              5.5614973270000405,
              0,
              null
            ],
            [
              95.329907732000038,
              5.5615257930000439,
              0,
              null
            ],
            [
              95.329902840000045,
              5.5615913920000253,
              0,
              null
            ],
            [
              95.329884564000054,
              5.5618364920000545,
              0,
              null
            ],
            [
              95.329835083000035,
              5.5625000520000754,
              0,
              null
            ],
            [
              95.329835777000085,
              5.5625207110000474,
              0,
              null
            ],
            [
              95.329836626000031,
              5.5625460050000584,
              0,
              null
            ],
            [
              95.329834530000085,
              5.5625873230000593,
              0,
              null
            ],
            [
              95.329832618000069,
              5.5626249820000453,
              0,
              null
            ],
            [
              95.329830737000066,
              5.5628186560000472,
              0,
              null
            ],
            [
              95.32983028700005,
              5.5628649780000501,
              0,
              null
            ],
            [
              95.329830215000072,
              5.5628724530000682,
              0,
              null
            ],
            [
              95.329829309000047,
              5.5628890790000582,
              0,
              null
            ],
            [
              95.329827372000068,
              5.5629246730000546,
              0,
              null
            ],
            [
              95.329819398000041,
              5.5630711720000363,
              0,
              null
            ],
            [
              95.329810553000073,
              5.5631947060000471,
              0,
              null
            ],
            [
              95.329808235000087,
              5.5632270780000681,
              0,
              null
            ],
            [
              95.32980692700005,
              5.5632453330000544,
              0,
              null
            ],
            [
              95.329798732000086,
              5.5633598000000575,
              0,
              null
            ],
            [
              95.329787108000062,
              5.5635221420000676,
              0,
              null
            ],
            [
              95.329784135000068,
              5.5635670930000742,
              0,
              null
            ],
            [
              95.329780447000076,
              5.5636228510000478,
              0,
              null
            ],
            [
              95.329770662000044,
              5.5637708160000443,
              0,
              null
            ],
            [
              95.329766698000071,
              5.563830762000066,
              0,
              null
            ],
            [
              95.329760434000036,
              5.5639323160000345,
              0,
              null
            ],
            [
              95.32975950000008,
              5.563947454000072,
              0,
              null
            ],
            [
              95.329759043000081,
              5.5639548800000398,
              0,
              null
            ],
            [
              95.329757653000058,
              5.5639774130000319,
              0,
              null
            ],
            [
              95.329755347000059,
              5.5640147960000377,
              0,
              null
            ],
            [
              95.329747530000077,
              5.564141530000029,
              0,
              null
            ],
            [
              95.329746489000058,
              5.5641584000000535,
              0,
              null
            ],
            [
              95.329732393000086,
              5.5643720680000683,
              0,
              null
            ],
            [
              95.329727855000044,
              5.5644408710000448,
              0,
              null
            ],
            [
              95.32972621600004,
              5.5644657070000676,
              0,
              null
            ],
            [
              95.329725733000032,
              5.5644730240000513,
              0,
              null
            ],
            [
              95.329717025000036,
              5.5646053100000472,
              0,
              null
            ],
            [
              95.329705158000081,
              5.564785577000066,
              0,
              null
            ],
            [
              95.329700054000057,
              5.5648657630000571,
              0,
              null
            ],
            [
              95.32969397800008,
              5.5649611930000447,
              0,
              null
            ],
            [
              95.329689809000058,
              5.5650266740000234,
              0,
              null
            ],
            [
              95.329631105000033,
              5.5650116160000493,
              0,
              null
            ],
            [
              95.329629866000062,
              5.5650112490000652,
              0,
              null
            ],
            [
              95.329562859000077,
              5.5649914530000615,
              0,
              null
            ],
            [
              95.329437929000051,
              5.5649485320000736,
              0,
              null
            ],
            [
              95.329376968000076,
              5.5649257770000418,
              0,
              null
            ],
            [
              95.329331143000047,
              5.5649086710000688,
              0,
              null
            ],
            [
              95.329262552000046,
              5.5648830680000287,
              0,
              null
            ],
            [
              95.329168555000081,
              5.5648492820000683,
              0,
              null
            ],
            [
              95.329100829000083,
              5.5648249380000721,
              0,
              null
            ],
            [
              95.329061417000048,
              5.5648107720000439,
              0,
              null
            ],
            [
              95.329049927000085,
              5.5648066420000646,
              0,
              null
            ],
            [
              95.328862862000051,
              5.5647383170000353,
              0,
              null
            ],
            [
              95.328856613000085,
              5.5647360340000205,
              0,
              null
            ],
            [
              95.328742850000083,
              5.5646928710000338,
              0,
              null
            ],
            [
              95.328636345000064,
              5.564652461000037,
              0,
              null
            ],
            [
              95.328514320000068,
              5.5646061470000632,
              0,
              null
            ],
            [
              95.328433334000067,
              5.5645754090000423,
              0,
              null
            ],
            [
              95.328416619000052,
              5.5645690170000535,
              0,
              null
            ],
            [
              95.328326735000076,
              5.5645346480000626,
              0,
              null
            ],
            [
              95.328260707000084,
              5.5645094010000662,
              0,
              null
            ],
            [
              95.328239644000064,
              5.5645014790000573,
              0,
              null
            ],
            [
              95.328044761000058,
              5.5644281880000221,
              0,
              null
            ],
            [
              95.327878878000035,
              5.5643640370000753,
              0,
              null
            ],
            [
              95.327873152000052,
              5.5643618230000698,
              0,
              null
            ],
            [
              95.327833490000046,
              5.5643459150000467,
              0,
              null
            ],
            [
              95.327798385000051,
              5.5643318350000754,
              0,
              null
            ],
            [
              95.327774910000073,
              5.5643224200000532,
              0,
              null
            ],
            [
              95.327725523000083,
              5.5643026120000627,
              0,
              null
            ],
            [
              95.327528199000085,
              5.5642261890000668,
              0,
              null
            ],
            [
              95.327478556000074,
              5.5642064030000711,
              0,
              null
            ],
            [
              95.327360720000058,
              5.5641594370000576,
              0,
              null
            ],
            [
              95.327276442000084,
              5.5641236110000705,
              0,
              null
            ],
            [
              95.327254018000076,
              5.564114079000035,
              0,
              null
            ],
            [
              95.327194742000074,
              5.5640888820000214,
              0,
              null
            ],
            [
              95.327085677000071,
              5.5640435790000424,
              0,
              null
            ],
            [
              95.327009613000087,
              5.564011985000036,
              0,
              null
            ],
            [
              95.326970381000081,
              5.5639962330000685,
              0,
              null
            ],
            [
              95.326920679000068,
              5.5639762770000516,
              0,
              null
            ],
            [
              95.326816578000034,
              5.5639344780000215,
              0,
              null
            ],
            [
              95.32673347900004,
              5.5638999170000716,
              0,
              null
            ],
            [
              95.326690621000068,
              5.5638820920000285,
              0,
              null
            ],
            [
              95.326630067000053,
              5.563856908000048,
              0,
              null
            ],
            [
              95.326582631000065,
              5.5638364500000534,
              0,
              null
            ],
            [
              95.326499139000077,
              5.5638004420000584,
              0,
              null
            ],
            [
              95.326448709000033,
              5.5637778900000399,
              0,
              null
            ],
            [
              95.326373897000053,
              5.5637444330000676,
              0,
              null
            ],
            [
              95.326232787000038,
              5.5636841120000327,
              0,
              null
            ],
            [
              95.326223258000084,
              5.5636800670000639,
              0,
              null
            ],
            [
              95.326139548000071,
              5.563644522000061,
              0,
              null
            ],
            [
              95.326127960000065,
              5.563639601000034,
              0,
              null
            ],
            [
              95.325993270000083,
              5.5635852380000301,
              0,
              null
            ],
            [
              95.325885264000078,
              5.5635424340000554,
              0,
              null
            ],
            [
              95.325873104000038,
              5.5635376150000297,
              0,
              null
            ],
            [
              95.32584692000006,
              5.5635271760000364,
              0,
              null
            ],
            [
              95.325740151000048,
              5.5634846100000459,
              0,
              null
            ],
            [
              95.325609263000047,
              5.5634314160000713,
              0,
              null
            ],
            [
              95.325592744000062,
              5.5634250690000613,
              0,
              null
            ],
            [
              95.325468232000048,
              5.5633772260000569,
              0,
              null
            ],
            [
              95.325464943000043,
              5.5633759610000766,
              0,
              null
            ],
            [
              95.325373188000071,
              5.563339954000071,
              0,
              null
            ],
            [
              95.325336616000072,
              5.5633256030000666,
              0,
              null
            ],
            [
              95.325321819000067,
              5.5633197960000302,
              0,
              null
            ],
            [
              95.325210772000048,
              5.5632798940000612,
              0,
              null
            ],
            [
              95.32518357500004,
              5.563270120000027,
              0,
              null
            ],
            [
              95.325037185000042,
              5.5632138240000586,
              0,
              null
            ],
            [
              95.324881473000062,
              5.5631545270000515,
              0,
              null
            ],
            [
              95.324862004000067,
              5.5631467210000665,
              0,
              null
            ],
            [
              95.324850751000042,
              5.5631422110000699,
              0,
              null
            ],
            [
              95.324816496000039,
              5.5631284770000207,
              0,
              null
            ],
            [
              95.324755946000039,
              5.5631042040000693,
              0,
              null
            ],
            [
              95.324631306000072,
              5.5630567970000584,
              0,
              null
            ],
            [
              95.324577833000035,
              5.563040322000063,
              0,
              null
            ],
            [
              95.324534520000043,
              5.5630269840000324,
              0,
              null
            ],
            [
              95.324561652000057,
              5.5628651430000673,
              0,
              null
            ],
            [
              95.324612908000063,
              5.5626664380000648,
              0,
              null
            ],
            [
              95.324635590000071,
              5.5625000900000714,
              0,
              null
            ],
            [
              95.324642957000037,
              5.5624350910000544,
              0,
              null
            ],
            [
              95.324589900000035,
              5.5624153850000653,
              0,
              null
            ],
            [
              95.324513405000062,
              5.5623869880000711,
              0,
              null
            ],
            [
              95.324501377000047,
              5.5623631200000432,
              0,
              null
            ],
            [
              95.324498849000065,
              5.5623272550000706,
              0,
              null
            ],
            [
              95.324534089000053,
              5.5621836200000416,
              0,
              null
            ],
            [
              95.324543421000044,
              5.5621285760000205,
              0,
              null
            ],
            [
              95.324577091000037,
              5.5618745100000524,
              0,
              null
            ],
            [
              95.325024170000063,
              5.561932698000021,
              0,
              null
            ],
            [
              95.32547635800006,
              5.5619966790000603,
              0,
              null
            ],
            [
              95.325683894000065,
              5.5620260430000599,
              0,
              null
            ],
            [
              95.325697811000055,
              5.5619815490000519,
              0,
              null
            ],
            [
              95.325717439000073,
              5.5619095220000645,
              0,
              null
            ],
            [
              95.325858686000061,
              5.5614627410000708,
              0,
              null
            ],
            [
              95.325864738000064,
              5.5614436010000645,
              0,
              null
            ],
            [
              95.325873862000037,
              5.5614173140000389,
              0,
              null
            ],
            [
              95.326022698000031,
              5.5609884920000354,
              0,
              null
            ],
            [
              95.326026555000055,
              5.5609773790000645,
              0,
              null
            ],
            [
              95.326030786000047,
              5.5609640490000629,
              0,
              null
            ],
            [
              95.326205643000037,
              5.5604131980000489,
              0,
              null
            ],
            [
              95.326211529000034,
              5.5603946540000493,
              0,
              null
            ],
            [
              95.326191260000087,
              5.5603870580000603,
              0,
              null
            ],
            [
              95.325918400000035,
              5.5602847990000441,
              0,
              null
            ],
            [
              95.325730930000077,
              5.5602191940000694,
              0,
              null
            ],
            [
              95.325936345000059,
              5.5596779100000617,
              0,
              null
            ],
            [
              95.326126720000047,
              5.5597365480000462,
              0,
              null
            ],
            [
              95.326131297000074,
              5.5597243220000223,
              0,
              null
            ],
            [
              95.326219129000037,
              5.5594897180000657,
              0,
              null
            ],
            [
              95.326318479000065,
              5.5592312970000535,
              0,
              null
            ],
            [
              95.326347010000063,
              5.5591517030000546,
              0,
              null
            ],
            [
              95.326386763000073,
              5.5590195330000256,
              0,
              null
            ],
            [
              95.326432580000073,
              5.558870248000062,
              0,
              null
            ],
            [
              95.326461547000065,
              5.5587664710000695,
              0,
              null
            ],
            [
              95.326478516000066,
              5.5587085950000414,
              0,
              null
            ],
            [
              95.326514607000036,
              5.5585505780000517,
              0,
              null
            ],
            [
              95.326497663000055,
              5.558545385000059,
              0,
              null
            ],
            [
              95.326466590000052,
              5.558535862000042,
              0,
              null
            ],
            [
              95.32613877600005,
              5.558415238000066,
              0,
              null
            ],
            [
              95.325885156000083,
              5.5583221400000298,
              0,
              null
            ],
            [
              95.325891175000038,
              5.5583071150000478,
              0,
              null
            ],
            [
              95.326047709000079,
              5.5579092090000586,
              0,
              null
            ],
            [
              95.326169190000087,
              5.5576677930000642,
              0,
              null
            ],
            [
              95.326784714000041,
              5.5579126570000312,
              0,
              null
            ],
            [
              95.327161458000035,
              5.5580549060000521,
              0,
              null
            ],
            [
              95.327269505000061,
              5.5580946590000622,
              0,
              null
            ],
            [
              95.327345997000066,
              5.5581225780000523,
              0,
              null
            ],
            [
              95.327515660000074,
              5.5581706970000369,
              0,
              null
            ],
            [
              95.327606530000082,
              5.5581825360000607,
              0,
              null
            ],
            [
              95.327774515000044,
              5.5581983760000639,
              0,
              null
            ],
            [
              95.327961470000048,
              5.5582127050000736,
              0,
              null
            ],
            [
              95.328157374000057,
              5.5582266410000329,
              0,
              null
            ],
            [
              95.328303857000037,
              5.558237542000029,
              0,
              null
            ],
            [
              95.328394464000041,
              5.5582429250000587,
              0,
              null
            ],
            [
              95.32850477900007,
              5.5582525340000757,
              0,
              null
            ],
            [
              95.328578209000057,
              5.55826049500007,
              0,
              null
            ],
            [
              95.328651281000077,
              5.5582684580000432,
              0,
              null
            ],
            [
              95.328717202000064,
              5.5582789600000524,
              0,
              null
            ],
            [
              95.328767720000087,
              5.5582873700000732,
              0,
              null
            ],
            [
              95.328918221000038,
              5.5583187040000439,
              0,
              null
            ],
            [
              95.329004959000031,
              5.5583420390000242,
              0,
              null
            ],
            [
              95.329118076000043,
              5.5583801780000499,
              0,
              null
            ],
            [
              95.329188779000049,
              5.5584048680000251,
              0,
              null
            ],
            [
              95.329723109000042,
              5.5586004610000259,
              0,
              null
            ],
            [
              95.330022418000055,
              5.5587101250000615,
              0,
              null
            ],
            [
              95.330052069000033,
              5.5587300830000572,
              0,
              null
            ],
            [
              95.330094931000076,
              5.5587485560000687,
              0,
              null
            ],
            [
              95.330160860000035,
              5.5587990240000522,
              0,
              null
            ]
          ]
        ]
      },
      "properties" : {
        "FID" : 0,
        "OBJECTID" : 8962,
        "KDPPUM" : "11",
        "NAMOBJ" : "Keuramat",
        "REMARK" : " ",
        "KDPBPS" : " ",
        "FCODE" : "BA03070040",
        "LUASWH" : 0,
        "UUPP" : "RBI",
        "SRS_ID" : "SRGI 2013",
        "METADATA" : "TASWIL1000020200326DATA_BATAS_DESA_KELURAHAN",
        "KDEBPS" : " ",
        "KDEPUM" : "11.71.02.2004",
        "KDCBPS" : " ",
        "KDCPUM" : "11.71.02",
        "KDBBPS" : " ",
        "WADMKD" : "Keuramat",
        "WIADKD" : "0",
        "WADMKC" : "Kuta Alam",
        "WIADKC" : " ",
        "WADMKK" : "Kota Banda Aceh",
        "WIADKK" : " ",
        "WADMPR" : "Aceh",
        "WIADPR" : " ",
        "TIPADM" : 9,
        "KDPKAB" : "11.71",
        "SHAPE_Leng" : 0.023988094472284002,
        "SHAPE_Area" : 2.5847440642000002e-05
      }
    }
  ]
}