{
  "hasZ" : true,
  "hasM" : true,
  "type" : "FeatureCollection",
  "features" : [
    {
      "type" : "Feature",
      "id" : 0,
      "geometry" : {
        "type" : "Polygon",
        "coordinates" : [
          [
            [
              95.353940677000082,
              5.58503530400003,
              0,
              null
            ],
            [
              95.353931098000032,
              5.5850614510000582,
              0,
              null
            ],
            [
              95.353930973000047,
              5.5850617910000437,
              0,
              null
            ],
            [
              95.353882394000038,
              5.5851943810000648,
              0,
              null
            ],
            [
              95.353809796000064,
              5.5853925250000316,
              0,
              null
            ],
            [
              95.353805686000044,
              5.5854037440000752,
              0,
              null
            ],
            [
              95.353478651000046,
              5.5862963400000467,
              0,
              null
            ],
            [
              95.353345513000079,
              5.5866597210000464,
              0,
              null
            ],
            [
              95.352963504000058,
              5.5877023610000265,
              0,
              null
            ],
            [
              95.35288068400007,
              5.5879022730000543,
              0,
              null
            ],
            [
              95.352749660000086,
              5.5882185390000245,
              0,
              null
            ],
            [
              95.352432604000057,
              5.5889838550000377,
              0,
              null
            ],
            [
              95.352239080000061,
              5.5894509840000524,
              0,
              null
            ],
            [
              95.352138077000063,
              5.5896947890000206,
              0,
              null
            ],
            [
              95.352119624000068,
              5.5897393310000325,
              0,
              null
            ],
            [
              95.351701793000075,
              5.5907478940000601,
              0,
              null
            ],
            [
              95.35111947300004,
              5.5923468610000668,
              0,
              null
            ],
            [
              95.350718596000036,
              5.5934476060000407,
              0,
              null
            ],
            [
              95.350438276000034,
              5.5942173230000662,
              0,
              null
            ],
            [
              95.350155750000056,
              5.5952239330000566,
              0,
              null
            ],
            [
              95.348674730000084,
              5.5948630660000731,
              0,
              null
            ],
            [
              95.346707103000085,
              5.594484891000036,
              0,
              null
            ],
            [
              95.346379068000033,
              5.594338887000049,
              0,
              null
            ],
            [
              95.346221559000071,
              5.5942477170000302,
              0,
              null
            ],
            [
              95.346047100000078,
              5.5941297340000347,
              0,
              null
            ],
            [
              95.345881094000049,
              5.5939957360000676,
              0,
              null
            ],
            [
              95.345560746000046,
              5.5937871660000269,
              0,
              null
            ],
            [
              95.345409961000087,
              5.5936889940000469,
              0,
              null
            ],
            [
              95.345262716000036,
              5.5936217730000521,
              0,
              null
            ],
            [
              95.345148821000066,
              5.5935760930000242,
              0,
              null
            ],
            [
              95.344999245000054,
              5.5935263080000368,
              0,
              null
            ],
            [
              95.344730775000073,
              5.5934577360000617,
              0,
              null
            ],
            [
              95.344572360000086,
              5.5934197820000691,
              0,
              null
            ],
            [
              95.344441682000081,
              5.5934007180000549,
              0,
              null
            ],
            [
              95.344258804000049,
              5.5933843560000582,
              0,
              null
            ],
            [
              95.344101812000076,
              5.5933704990000592,
              0,
              null
            ],
            [
              95.34406354500004,
              5.5933671220000747,
              0,
              null
            ],
            [
              95.343844975000081,
              5.5933481460000394,
              0,
              null
            ],
            [
              95.343688936000035,
              5.5933246720000511,
              0,
              null
            ],
            [
              95.343534660000046,
              5.5933020760000431,
              0,
              null
            ],
            [
              95.343344101000071,
              5.5932733160000225,
              0,
              null
            ],
            [
              95.342990728000075,
              5.5932349750000299,
              0,
              null
            ],
            [
              95.342790224000055,
              5.5932220530000336,
              0,
              null
            ],
            [
              95.342674832000057,
              5.5932146160000684,
              0,
              null
            ],
            [
              95.342585455000062,
              5.5932043610000619,
              0,
              null
            ],
            [
              95.342478368000059,
              5.5931805370000234,
              0,
              null
            ],
            [
              95.342389870000034,
              5.5931575790000352,
              0,
              null
            ],
            [
              95.342295453000077,
              5.5931231110000681,
              0,
              null
            ],
            [
              95.342195128000071,
              5.5930821400000355,
              0,
              null
            ],
            [
              95.342085361000045,
              5.5930308390000505,
              0,
              null
            ],
            [
              95.341980655000043,
              5.593003435000071,
              0,
              null
            ],
            [
              95.341758406000054,
              5.592878264000035,
              0,
              null
            ],
            [
              95.341656826000076,
              5.5928281330000686,
              0,
              null
            ],
            [
              95.341561505000072,
              5.5927479220000578,
              0,
              null
            ],
            [
              95.341498202000082,
              5.5926650880000466,
              0,
              null
            ],
            [
              95.341419550000069,
              5.5925927740000247,
              0,
              null
            ],
            [
              95.341344064000054,
              5.5925522460000252,
              0,
              null
            ],
            [
              95.341246537000075,
              5.5925252750000709,
              0,
              null
            ],
            [
              95.341192837000051,
              5.5925156790000301,
              0,
              null
            ],
            [
              95.341170628000043,
              5.5925117100000534,
              0,
              null
            ],
            [
              95.341148420000081,
              5.5925077420000662,
              0,
              null
            ],
            [
              95.341103644000043,
              5.5924997400000507,
              0,
              null
            ],
            [
              95.340904343000034,
              5.5924750860000358,
              0,
              null
            ],
            [
              95.340866447000053,
              5.5924703970000564,
              0,
              null
            ],
            [
              95.340745482000045,
              5.5924572400000443,
              0,
              null
            ],
            [
              95.340725770000063,
              5.5924541360000717,
              0,
              null
            ],
            [
              95.340602854000053,
              5.5924347780000403,
              0,
              null
            ],
            [
              95.340445812000041,
              5.5924016530000245,
              0,
              null
            ],
            [
              95.340228737000075,
              5.5923548390000519,
              0,
              null
            ],
            [
              95.340041982000059,
              5.5923095750000584,
              0,
              null
            ],
            [
              95.339872498000034,
              5.5922604920000367,
              0,
              null
            ],
            [
              95.339665020000041,
              5.5921858530000463,
              0,
              null
            ],
            [
              95.339549841000064,
              5.5921278480000751,
              0,
              null
            ],
            [
              95.339461364000044,
              5.5920716440000433,
              0,
              null
            ],
            [
              95.339356358000032,
              5.5919833000000381,
              0,
              null
            ],
            [
              95.339267495000058,
              5.5918911400000297,
              0,
              null
            ],
            [
              95.339228214000059,
              5.591838474000042,
              0,
              null
            ],
            [
              95.339218824000056,
              5.591825884000059,
              0,
              null
            ],
            [
              95.339149064000082,
              5.5917323540000439,
              0,
              null
            ],
            [
              95.339113889000032,
              5.591637368000022,
              0,
              null
            ],
            [
              95.339065275000053,
              5.5914866820000384,
              0,
              null
            ],
            [
              95.338980030000073,
              5.5911050000000273,
              0,
              null
            ],
            [
              95.338949033000063,
              5.5908353370000441,
              0,
              null
            ],
            [
              95.338897831000054,
              5.5905825480000431,
              0,
              null
            ],
            [
              95.338865488000067,
              5.5903129970000691,
              0,
              null
            ],
            [
              95.33885289400007,
              5.5902080280000632,
              0,
              null
            ],
            [
              95.338846679000085,
              5.5901562370000306,
              0,
              null
            ],
            [
              95.338814315000036,
              5.5898920750000229,
              0,
              null
            ],
            [
              95.338794435000068,
              5.5897024510000506,
              0,
              null
            ],
            [
              95.338788958000066,
              5.5896166150000681,
              0,
              null
            ],
            [
              95.33878492100007,
              5.5895533460000593,
              0,
              null
            ],
            [
              95.338774767000075,
              5.5894365400000652,
              0,
              null
            ],
            [
              95.33877302500008,
              5.5893882230000713,
              0,
              null
            ],
            [
              95.338770084000032,
              5.5893066770000246,
              0,
              null
            ],
            [
              95.338769122000087,
              5.5891486250000639,
              0,
              null
            ],
            [
              95.338774366000052,
              5.5890104880000422,
              0,
              null
            ],
            [
              95.338781745000063,
              5.588919426000075,
              0,
              null
            ],
            [
              95.338789776000056,
              5.5888039660000572,
              0,
              null
            ],
            [
              95.338806588000068,
              5.5886692810000227,
              0,
              null
            ],
            [
              95.338830063000046,
              5.5884812200000624,
              0,
              null
            ],
            [
              95.338859996000053,
              5.5882040460000439,
              0,
              null
            ],
            [
              95.338870893000035,
              5.5881031450000478,
              0,
              null
            ],
            [
              95.338883098000053,
              5.5878890080000474,
              0,
              null
            ],
            [
              95.338901499000087,
              5.5876494370000387,
              0,
              null
            ],
            [
              95.338908785000058,
              5.5875810460000253,
              0,
              null
            ],
            [
              95.33892607000007,
              5.5874188080000522,
              0,
              null
            ],
            [
              95.338945064000086,
              5.5872171820000744,
              0,
              null
            ],
            [
              95.338951358000031,
              5.5871503660000599,
              0,
              null
            ],
            [
              95.338967910000065,
              5.5869932330000438,
              0,
              null
            ],
            [
              95.338981118000049,
              5.5868678420000606,
              0,
              null
            ],
            [
              95.339013025000042,
              5.5866040700000212,
              0,
              null
            ],
            [
              95.339017414000068,
              5.5865677920000394,
              0,
              null
            ],
            [
              95.33906674800005,
              5.5862798290000342,
              0,
              null
            ],
            [
              95.339104143000043,
              5.5860787880000657,
              0,
              null
            ],
            [
              95.339121005000038,
              5.5859420230000296,
              0,
              null
            ],
            [
              95.339131981000037,
              5.5858530020000217,
              0,
              null
            ],
            [
              95.339131243000054,
              5.5856320220000271,
              0,
              null
            ],
            [
              95.339131188000067,
              5.5856154030000766,
              0,
              null
            ],
            [
              95.339136289000066,
              5.585397151000052,
              0,
              null
            ],
            [
              95.339127997000048,
              5.5852023100000565,
              0,
              null
            ],
            [
              95.339118167000038,
              5.5849509950000424,
              0,
              null
            ],
            [
              95.339113209000061,
              5.5848721900000555,
              0,
              null
            ],
            [
              95.339105524000047,
              5.5847500330000344,
              0,
              null
            ],
            [
              95.339099196000063,
              5.5844004880000284,
              0,
              null
            ],
            [
              95.339097882000033,
              5.5843279500000449,
              0,
              null
            ],
            [
              95.339072740000063,
              5.5840075800000477,
              0,
              null
            ],
            [
              95.339055363000057,
              5.5838923420000697,
              0,
              null
            ],
            [
              95.339045643000077,
              5.5838278740000646,
              0,
              null
            ],
            [
              95.339022495000052,
              5.5836260800000446,
              0,
              null
            ],
            [
              95.338996217000044,
              5.5834720610000659,
              0,
              null
            ],
            [
              95.338962503000062,
              5.5833334070000546,
              0,
              null
            ],
            [
              95.338915587000031,
              5.5831404480000515,
              0,
              null
            ],
            [
              95.338899595000044,
              5.5830775890000268,
              0,
              null
            ],
            [
              95.338874444000055,
              5.5830014480000614,
              0,
              null
            ],
            [
              95.33883449800004,
              5.5828859690000741,
              0,
              null
            ],
            [
              95.338786576000075,
              5.5827535270000226,
              0,
              null
            ],
            [
              95.33876263600007,
              5.5826873630000478,
              0,
              null
            ],
            [
              95.33870833800006,
              5.5825339340000255,
              0,
              null
            ],
            [
              95.33865798800008,
              5.5823916390000363,
              0,
              null
            ],
            [
              95.338600455000062,
              5.5822264530000325,
              0,
              null
            ],
            [
              95.338553437000087,
              5.5820873020000477,
              0,
              null
            ],
            [
              95.338541541000041,
              5.5820530440000766,
              0,
              null
            ],
            [
              95.338511246000053,
              5.5819658000000345,
              0,
              null
            ],
            [
              95.338444546000062,
              5.5817763910000622,
              0,
              null
            ],
            [
              95.338425987000051,
              5.5817236860000321,
              0,
              null
            ],
            [
              95.338405023000064,
              5.5816239300000348,
              0,
              null
            ],
            [
              95.338393147000033,
              5.5815283560000353,
              0,
              null
            ],
            [
              95.33838215600008,
              5.5814428060000409,
              0,
              null
            ],
            [
              95.338383686000043,
              5.5813748650000434,
              0,
              null
            ],
            [
              95.338391110000032,
              5.5813091200000713,
              0,
              null
            ],
            [
              95.338407726000071,
              5.5812125640000545,
              0,
              null
            ],
            [
              95.33842631300007,
              5.581119976000025,
              0,
              null
            ],
            [
              95.338437485000043,
              5.5810643280000249,
              0,
              null
            ],
            [
              95.338464043000045,
              5.5809404530000393,
              0,
              null
            ],
            [
              95.338477479000062,
              5.5808838180000748,
              0,
              null
            ],
            [
              95.33849685000007,
              5.5808021650000228,
              0,
              null
            ],
            [
              95.338517224000043,
              5.5807149960000402,
              0,
              null
            ],
            [
              95.338538612000036,
              5.5806543890000739,
              0,
              null
            ],
            [
              95.338575263000052,
              5.5805310080000368,
              0,
              null
            ],
            [
              95.338616834000049,
              5.5803628060000392,
              0,
              null
            ],
            [
              95.338628958000072,
              5.5803137530000413,
              0,
              null
            ],
            [
              95.338689122000062,
              5.5801196450000248,
              0,
              null
            ],
            [
              95.338700684000059,
              5.5800867330000301,
              0,
              null
            ],
            [
              95.338728407000076,
              5.580025049000028,
              0,
              null
            ],
            [
              95.338742637000053,
              5.579993820000027,
              0,
              null
            ],
            [
              95.338761281000075,
              5.5799633080000604,
              0,
              null
            ],
            [
              95.33878599500008,
              5.5799255480000625,
              0,
              null
            ],
            [
              95.338801921000083,
              5.579903348000073,
              0,
              null
            ],
            [
              95.338814144000082,
              5.5798871380000605,
              0,
              null
            ],
            [
              95.33886164900008,
              5.5798222740000369,
              0,
              null
            ],
            [
              95.338863156000059,
              5.5798204240000473,
              0,
              null
            ],
            [
              95.338936481000076,
              5.5797303930000339,
              0,
              null
            ],
            [
              95.339007524000067,
              5.5796336920000726,
              0,
              null
            ],
            [
              95.339066722000041,
              5.5795442320000461,
              0,
              null
            ],
            [
              95.33911721700008,
              5.5794711170000255,
              0,
              null
            ],
            [
              95.339178353000079,
              5.5793825920000586,
              0,
              null
            ],
            [
              95.339226787000086,
              5.5792869870000459,
              0,
              null
            ],
            [
              95.339258882000081,
              5.579223632000037,
              0,
              null
            ],
            [
              95.339287206000051,
              5.5791394750000336,
              0,
              null
            ],
            [
              95.339310347000037,
              5.5790532150000445,
              0,
              null
            ],
            [
              95.33931371400007,
              5.5790406660000258,
              0,
              null
            ],
            [
              95.339318647000084,
              5.579022273000021,
              0,
              null
            ],
            [
              95.339329212000052,
              5.578931300000022,
              0,
              null
            ],
            [
              95.339338545000032,
              5.5788529890000405,
              0,
              null
            ],
            [
              95.339456299000062,
              5.5788485830000241,
              0,
              null
            ],
            [
              95.339528344000087,
              5.5788384010000414,
              0,
              null
            ],
            [
              95.339542690000087,
              5.5788360430000239,
              0,
              null
            ],
            [
              95.339562969000042,
              5.5788335710000752,
              0,
              null
            ],
            [
              95.339579084000036,
              5.578834104000066,
              0,
              null
            ],
            [
              95.339594607000038,
              5.5788358370000424,
              0,
              null
            ],
            [
              95.33961417200004,
              5.5788409430000456,
              0,
              null
            ],
            [
              95.339614917000063,
              5.5788411370000404,
              0,
              null
            ],
            [
              95.339628040000036,
              5.5788456200000383,
              0,
              null
            ],
            [
              95.339629400000035,
              5.5788460850000661,
              0,
              null
            ],
            [
              95.339647784000078,
              5.5788523650000457,
              0,
              null
            ],
            [
              95.33966543300005,
              5.5788594920000492,
              0,
              null
            ],
            [
              95.339741624000055,
              5.5788902580000581,
              0,
              null
            ],
            [
              95.339831279000066,
              5.5789257740000266,
              0,
              null
            ],
            [
              95.339899553000066,
              5.5789498420000427,
              0,
              null
            ],
            [
              95.339899978000062,
              5.5789499930000375,
              0,
              null
            ],
            [
              95.339935259000072,
              5.5789624300000469,
              0,
              null
            ],
            [
              95.340028508000046,
              5.5790015190000304,
              0,
              null
            ],
            [
              95.340046885000049,
              5.5790079580000338,
              0,
              null
            ],
            [
              95.340057193000064,
              5.5790115700000342,
              0,
              null
            ],
            [
              95.340098991000048,
              5.5790179800000601,
              0,
              null
            ],
            [
              95.340193314000032,
              5.5790271710000638,
              0,
              null
            ],
            [
              95.340243372000032,
              5.5790294530000324,
              0,
              null
            ],
            [
              95.340313881000043,
              5.5790326700000605,
              0,
              null
            ],
            [
              95.340350289000071,
              5.5790343180000264,
              0,
              null
            ],
            [
              95.340373399000043,
              5.5790317890000551,
              0,
              null
            ],
            [
              95.340384289000042,
              5.5790305960000524,
              0,
              null
            ],
            [
              95.340414096000075,
              5.5790227050000567,
              0,
              null
            ],
            [
              95.340430037000033,
              5.5790166820000309,
              0,
              null
            ],
            [
              95.340444485000035,
              5.5790112240000553,
              0,
              null
            ],
            [
              95.34047847800008,
              5.5790057080000679,
              0,
              null
            ],
            [
              95.340501240000037,
              5.5790042480000466,
              0,
              null
            ],
            [
              95.34050830800004,
              5.5790037950000624,
              0,
              null
            ],
            [
              95.340540531000045,
              5.5790030690000663,
              0,
              null
            ],
            [
              95.340616326000031,
              5.5790051590000758,
              0,
              null
            ],
            [
              95.340698083000063,
              5.5790054310000414,
              0,
              null
            ],
            [
              95.340718216000084,
              5.5790054620000546,
              0,
              null
            ],
            [
              95.340806096000051,
              5.5790055990000269,
              0,
              null
            ],
            [
              95.340814902000034,
              5.5790060980000362,
              0,
              null
            ],
            [
              95.340845491000039,
              5.5790078340000377,
              0,
              null
            ],
            [
              95.340871166000056,
              5.5790113180000276,
              0,
              null
            ],
            [
              95.340903425000079,
              5.5790201580000485,
              0,
              null
            ],
            [
              95.340942856000083,
              5.5790313620000234,
              0,
              null
            ],
            [
              95.340999014000033,
              5.5790472810000438,
              0,
              null
            ],
            [
              95.341077346000077,
              5.5790714650000268,
              0,
              null
            ],
            [
              95.341144175000068,
              5.579092097000057,
              0,
              null
            ],
            [
              95.341171090000046,
              5.579100406000066,
              0,
              null
            ],
            [
              95.341286763000085,
              5.5791360580000742,
              0,
              null
            ],
            [
              95.34133760900005,
              5.5791516850000562,
              0,
              null
            ],
            [
              95.341394311000045,
              5.5791691120000451,
              0,
              null
            ],
            [
              95.341537737000067,
              5.5792167230000587,
              0,
              null
            ],
            [
              95.341559829000062,
              5.5792240560000437,
              0,
              null
            ],
            [
              95.341639325000074,
              5.5792560260000528,
              0,
              null
            ],
            [
              95.341702161000057,
              5.5793006180000475,
              0,
              null
            ],
            [
              95.341729680000071,
              5.5793178470000271,
              0,
              null
            ],
            [
              95.341743464000047,
              5.5793327400000408,
              0,
              null
            ],
            [
              95.34174828600004,
              5.5793446790000303,
              0,
              null
            ],
            [
              95.34174833600008,
              5.5793572340000424,
              0,
              null
            ],
            [
              95.341726006000044,
              5.5794188420000523,
              0,
              null
            ],
            [
              95.341718821000086,
              5.5794386650000547,
              0,
              null
            ],
            [
              95.341690462000031,
              5.5795105250000461,
              0,
              null
            ],
            [
              95.341674139000077,
              5.57954998200006,
              0,
              null
            ],
            [
              95.341649086000075,
              5.579610538000054,
              0,
              null
            ],
            [
              95.341629772000033,
              5.5796667290000528,
              0,
              null
            ],
            [
              95.34162253900007,
              5.5796877720000566,
              0,
              null
            ],
            [
              95.341611985000043,
              5.5797350470000424,
              0,
              null
            ],
            [
              95.341599235000047,
              5.5797728260000667,
              0,
              null
            ],
            [
              95.341596886000048,
              5.5797797840000385,
              0,
              null
            ],
            [
              95.341590162000045,
              5.5797997070000633,
              0,
              null
            ],
            [
              95.341586666000069,
              5.5798212450000619,
              0,
              null
            ],
            [
              95.341584412000032,
              5.5798547360000725,
              0,
              null
            ],
            [
              95.341586266000036,
              5.5798708720000718,
              0,
              null
            ],
            [
              95.341595319000078,
              5.5798965460000431,
              0,
              null
            ],
            [
              95.341665830000068,
              5.5799033880000479,
              0,
              null
            ],
            [
              95.341677677000064,
              5.5799080420000564,
              0,
              null
            ],
            [
              95.341683367000087,
              5.5799103150000633,
              0,
              null
            ],
            [
              95.341687814000068,
              5.5799120200000516,
              0,
              null
            ],
            [
              95.341691486000059,
              5.5799134590000676,
              0,
              null
            ],
            [
              95.341720060000057,
              5.5799245850000716,
              0,
              null
            ],
            [
              95.341791826000076,
              5.5799525290000247,
              0,
              null
            ],
            [
              95.341794812000046,
              5.5799536790000275,
              0,
              null
            ],
            [
              95.34179894600004,
              5.5799552200000448,
              0,
              null
            ],
            [
              95.341799528000081,
              5.5799554370000237,
              0,
              null
            ],
            [
              95.341801527000086,
              5.5799561530000688,
              0,
              null
            ],
            [
              95.341968203000079,
              5.5800203290000354,
              0,
              null
            ],
            [
              95.342001893000031,
              5.5800347380000517,
              0,
              null
            ],
            [
              95.342004239000062,
              5.5800358350000465,
              0,
              null
            ],
            [
              95.342006905000062,
              5.5800370000000612,
              0,
              null
            ],
            [
              95.342013099000042,
              5.5800396110000747,
              0,
              null
            ],
            [
              95.342099731000076,
              5.5800745420000339,
              0,
              null
            ],
            [
              95.342175411000085,
              5.5801050570000257,
              0,
              null
            ],
            [
              95.34227536700007,
              5.5801492430000508,
              0,
              null
            ],
            [
              95.342291639000052,
              5.5801557650000291,
              0,
              null
            ],
            [
              95.342303867000055,
              5.5801609700000654,
              0,
              null
            ],
            [
              95.342387252000037,
              5.5802071020000312,
              0,
              null
            ],
            [
              95.342473079000058,
              5.5802529880000407,
              0,
              null
            ],
            [
              95.342558870000062,
              5.5802989850000699,
              0,
              null
            ],
            [
              95.342587494000043,
              5.5803120500000318,
              0,
              null
            ],
            [
              95.342630111000062,
              5.5803364200000374,
              0,
              null
            ],
            [
              95.342651488000058,
              5.5803486440000256,
              0,
              null
            ],
            [
              95.342694853000069,
              5.5803783960000715,
              0,
              null
            ],
            [
              95.342756738000048,
              5.5804230130000292,
              0,
              null
            ],
            [
              95.342844011000068,
              5.5804835470000285,
              0,
              null
            ],
            [
              95.342860616000053,
              5.5804948270000523,
              0,
              null
            ],
            [
              95.342870209000068,
              5.5805013440000266,
              0,
              null
            ],
            [
              95.342889939000031,
              5.5805141090000348,
              0,
              null
            ],
            [
              95.342957484000067,
              5.5805553580000264,
              0,
              null
            ],
            [
              95.342994936000082,
              5.5805776490000767,
              0,
              null
            ],
            [
              95.343015219000051,
              5.5805897200000345,
              0,
              null
            ],
            [
              95.34309714300008,
              5.5806377030000363,
              0,
              null
            ],
            [
              95.343124926000087,
              5.5806540170000289,
              0,
              null
            ],
            [
              95.343216334000033,
              5.5807003650000411,
              0,
              null
            ],
            [
              95.343274687000076,
              5.5807278280000219,
              0,
              null
            ],
            [
              95.343338672000073,
              5.5807581100000334,
              0,
              null
            ],
            [
              95.343459099000086,
              5.5808161470000641,
              0,
              null
            ],
            [
              95.343479826000078,
              5.5808261350000521,
              0,
              null
            ],
            [
              95.343476986000042,
              5.5808368720000203,
              0,
              null
            ],
            [
              95.343490493000047,
              5.5808418520000487,
              0,
              null
            ],
            [
              95.343499147000045,
              5.5808452660000398,
              0,
              null
            ],
            [
              95.343507744000078,
              5.5808488070000521,
              0,
              null
            ],
            [
              95.343524378000041,
              5.5808552120000741,
              0,
              null
            ],
            [
              95.34357641400004,
              5.5808751440000606,
              0,
              null
            ],
            [
              95.343616091000058,
              5.5808879400000251,
              0,
              null
            ],
            [
              95.343638223000085,
              5.5807972870000526,
              0,
              null
            ],
            [
              95.343695775000072,
              5.5805658400000766,
              0,
              null
            ],
            [
              95.343709123000053,
              5.5805109070000753,
              0,
              null
            ],
            [
              95.343727016000059,
              5.5804462070000227,
              0,
              null
            ],
            [
              95.343732736000049,
              5.5804255220000414,
              0,
              null
            ],
            [
              95.343749908000063,
              5.5803618110000457,
              0,
              null
            ],
            [
              95.343755644000055,
              5.5803436900000634,
              0,
              null
            ],
            [
              95.343757794000055,
              5.5803368960000626,
              0,
              null
            ],
            [
              95.343759937000073,
              5.5803303380000671,
              0,
              null
            ],
            [
              95.343769911000038,
              5.5802998200000502,
              0,
              null
            ],
            [
              95.343784605000053,
              5.5803056900000456,
              0,
              null
            ],
            [
              95.343799320000073,
              5.5803115680000701,
              0,
              null
            ],
            [
              95.344102528000064,
              5.5804419420000499,
              0,
              null
            ],
            [
              95.344438862000061,
              5.5806229180000742,
              0,
              null
            ],
            [
              95.344694656000058,
              5.5807619740000405,
              0,
              null
            ],
            [
              95.344903118000047,
              5.5808752980000236,
              0,
              null
            ],
            [
              95.344891479000069,
              5.580938303000039,
              0,
              null
            ],
            [
              95.344894724000085,
              5.5809581760000242,
              0,
              null
            ],
            [
              95.34489861600008,
              5.580990755000073,
              0,
              null
            ],
            [
              95.344901580000055,
              5.5810079260000407,
              0,
              null
            ],
            [
              95.344909458000075,
              5.5810243730000479,
              0,
              null
            ],
            [
              95.344918818000053,
              5.5810367010000732,
              0,
              null
            ],
            [
              95.344931989000031,
              5.5810479650000389,
              0,
              null
            ],
            [
              95.34495306000008,
              5.5810605990000681,
              0,
              null
            ],
            [
              95.345010069000068,
              5.5810909870000387,
              0,
              null
            ],
            [
              95.34502341700005,
              5.581098101000066,
              0,
              null
            ],
            [
              95.345084811000049,
              5.5811299360000248,
              0,
              null
            ],
            [
              95.345155859000045,
              5.581162048000067,
              0,
              null
            ],
            [
              95.345216662000041,
              5.5811907120000228,
              0,
              null
            ],
            [
              95.345291422000059,
              5.5812306460000514,
              0,
              null
            ],
            [
              95.345346645000063,
              5.581262405000075,
              0,
              null
            ],
            [
              95.345394489000057,
              5.5812877310000317,
              0,
              null
            ],
            [
              95.345412869000086,
              5.5812987610000278,
              0,
              null
            ],
            [
              95.345418237000047,
              5.5813019810000242,
              0,
              null
            ],
            [
              95.345433607000075,
              5.581314864000035,
              0,
              null
            ],
            [
              95.345443498000066,
              5.5813224440000226,
              0,
              null
            ],
            [
              95.345456891000083,
              5.5813281580000762,
              0,
              null
            ],
            [
              95.345478488000083,
              5.5813369840000746,
              0,
              null
            ],
            [
              95.345509974000038,
              5.5813529110000673,
              0,
              null
            ],
            [
              95.345519697000043,
              5.5813587210000719,
              0,
              null
            ],
            [
              95.345550081000056,
              5.5813768760000357,
              0,
              null
            ],
            [
              95.345607165000047,
              5.5814115210000637,
              0,
              null
            ],
            [
              95.345667562000074,
              5.5814470020000613,
              0,
              null
            ],
            [
              95.345715691000066,
              5.5814758250000409,
              0,
              null
            ],
            [
              95.345735640000044,
              5.5814900270000294,
              0,
              null
            ],
            [
              95.34574850100006,
              5.5815001800000346,
              0,
              null
            ],
            [
              95.345761775000085,
              5.5815033540000627,
              0,
              null
            ],
            [
              95.34576553100004,
              5.581503595000072,
              0,
              null
            ],
            [
              95.345779977000063,
              5.5815045200000668,
              0,
              null
            ],
            [
              95.345798467000066,
              5.5815079170000672,
              0,
              null
            ],
            [
              95.345821623000063,
              5.5815183550000711,
              0,
              null
            ],
            [
              95.345850110000072,
              5.5815334540000663,
              0,
              null
            ],
            [
              95.345905917000039,
              5.58156918800006,
              0,
              null
            ],
            [
              95.345907409000063,
              5.5815701000000217,
              0,
              null
            ],
            [
              95.345969766000053,
              5.5816081980000263,
              0,
              null
            ],
            [
              95.346025860000054,
              5.5816460010000242,
              0,
              null
            ],
            [
              95.34608336000008,
              5.5816854170000738,
              0,
              null
            ],
            [
              95.346135682000067,
              5.5817206320000423,
              0,
              null
            ],
            [
              95.346145481000065,
              5.581727484000055,
              0,
              null
            ],
            [
              95.346185793000075,
              5.5817556740000214,
              0,
              null
            ],
            [
              95.346220964000054,
              5.5817816380000522,
              0,
              null
            ],
            [
              95.346234635000087,
              5.5817914910000468,
              0,
              null
            ],
            [
              95.346243328000071,
              5.581792703000076,
              0,
              null
            ],
            [
              95.346251571000039,
              5.581791848000023,
              0,
              null
            ],
            [
              95.346263487000044,
              5.5817892960000677,
              0,
              null
            ],
            [
              95.346275368000079,
              5.5817889600000399,
              0,
              null
            ],
            [
              95.346291619000056,
              5.5817942280000352,
              0,
              null
            ],
            [
              95.346334247000073,
              5.5818193400000382,
              0,
              null
            ],
            [
              95.346383963000051,
              5.5818478670000218,
              0,
              null
            ],
            [
              95.346443863000047,
              5.5818854020000686,
              0,
              null
            ],
            [
              95.346518105000087,
              5.5819286550000697,
              0,
              null
            ],
            [
              95.346568262000062,
              5.5819595670000695,
              0,
              null
            ],
            [
              95.346595096000044,
              5.5819773610000425,
              0,
              null
            ],
            [
              95.346599696000055,
              5.5819804110000746,
              0,
              null
            ],
            [
              95.346643106000045,
              5.5820103910000398,
              0,
              null
            ],
            [
              95.346650883000052,
              5.5820100810000213,
              0,
              null
            ],
            [
              95.34665982100006,
              5.5820067570000447,
              0,
              null
            ],
            [
              95.346667550000063,
              5.581999551000024,
              0,
              null
            ],
            [
              95.346685685000068,
              5.5819664930000386,
              0,
              null
            ],
            [
              95.346695252000075,
              5.5819523290000461,
              0,
              null
            ],
            [
              95.346733401000051,
              5.5818626320000249,
              0,
              null
            ],
            [
              95.346736188000079,
              5.5818560780000439,
              0,
              null
            ],
            [
              95.346792480000033,
              5.5817574640000203,
              0,
              null
            ],
            [
              95.346805219000032,
              5.5817347200000427,
              0,
              null
            ],
            [
              95.346838319000085,
              5.5816756230000237,
              0,
              null
            ],
            [
              95.346867304000057,
              5.5816276010000365,
              0,
              null
            ],
            [
              95.346870504000037,
              5.5816223000000491,
              0,
              null
            ],
            [
              95.346889317000034,
              5.5815945090000696,
              0,
              null
            ],
            [
              95.346890622000046,
              5.5815925810000522,
              0,
              null
            ],
            [
              95.346901592000052,
              5.5815811570000733,
              0,
              null
            ],
            [
              95.346964900000046,
              5.5814569110000321,
              0,
              null
            ],
            [
              95.347157137000067,
              5.5815614980000419,
              0,
              null
            ],
            [
              95.347160303000067,
              5.5815657610000358,
              0,
              null
            ],
            [
              95.347192935000066,
              5.5815884630000596,
              0,
              null
            ],
            [
              95.34724654200005,
              5.5816228670000214,
              0,
              null
            ],
            [
              95.347278248000066,
              5.5816424710000661,
              0,
              null
            ],
            [
              95.347308460000079,
              5.5816591920000747,
              0,
              null
            ],
            [
              95.347356456000057,
              5.5816885130000742,
              0,
              null
            ],
            [
              95.347359216000086,
              5.5816929670000377,
              0,
              null
            ],
            [
              95.347381461000055,
              5.5817091400000436,
              0,
              null
            ],
            [
              95.347503674000052,
              5.5817973880000409,
              0,
              null
            ],
            [
              95.347575449000033,
              5.5818489290000457,
              0,
              null
            ],
            [
              95.347610688000032,
              5.581871657000022,
              0,
              null
            ],
            [
              95.347889985000052,
              5.5819855890000554,
              0,
              null
            ],
            [
              95.34787876300004,
              5.5820151850000457,
              0,
              null
            ],
            [
              95.347876909000036,
              5.5820313440000291,
              0,
              null
            ],
            [
              95.347883345000071,
              5.5820512450000592,
              0,
              null
            ],
            [
              95.347891122000078,
              5.5820583150000402,
              0,
              null
            ],
            [
              95.347899260000077,
              5.5820656280000662,
              0,
              null
            ],
            [
              95.347903969000072,
              5.5820698840000205,
              0,
              null
            ],
            [
              95.347931668000058,
              5.5820840440000552,
              0,
              null
            ],
            [
              95.34795984200008,
              5.5820984460000318,
              0,
              null
            ],
            [
              95.347987837000062,
              5.5821127570000613,
              0,
              null
            ],
            [
              95.348046791000058,
              5.5821428940000715,
              0,
              null
            ],
            [
              95.348108628000034,
              5.5821742170000448,
              0,
              null
            ],
            [
              95.348169468000037,
              5.5822050330000366,
              0,
              null
            ],
            [
              95.348298829000043,
              5.5822705580000616,
              0,
              null
            ],
            [
              95.348311337000041,
              5.5822767220000742,
              0,
              null
            ],
            [
              95.34833589200008,
              5.5822888210000201,
              0,
              null
            ],
            [
              95.348436762000063,
              5.5823385230000326,
              0,
              null
            ],
            [
              95.348515476000046,
              5.5823773070000584,
              0,
              null
            ],
            [
              95.348558338000032,
              5.5823984270000437,
              0,
              null
            ],
            [
              95.348570532000053,
              5.5824044350000577,
              0,
              null
            ],
            [
              95.34856867600007,
              5.5824092940000583,
              0,
              null
            ],
            [
              95.348566683000058,
              5.5824151300000722,
              0,
              null
            ],
            [
              95.348564231000069,
              5.5824223140000413,
              0,
              null
            ],
            [
              95.348551070000042,
              5.582460870000034,
              0,
              null
            ],
            [
              95.348547688000053,
              5.5824707780000722,
              0,
              null
            ],
            [
              95.348542073000033,
              5.5824873610000623,
              0,
              null
            ],
            [
              95.348517959000048,
              5.5825585780000324,
              0,
              null
            ],
            [
              95.348495740000033,
              5.5826241960000402,
              0,
              null
            ],
            [
              95.348480876000053,
              5.5826680940000415,
              0,
              null
            ],
            [
              95.348462879000067,
              5.5827196350000463,
              0,
              null
            ],
            [
              95.348457637000081,
              5.5827346470000521,
              0,
              null
            ],
            [
              95.348453150000068,
              5.5827474960000245,
              0,
              null
            ],
            [
              95.348441903000037,
              5.5827797070000429,
              0,
              null
            ],
            [
              95.348416265000083,
              5.5828653430000372,
              0,
              null
            ],
            [
              95.348357275000069,
              5.5830623830000263,
              0,
              null
            ],
            [
              95.348342511000055,
              5.583109291000028,
              0,
              null
            ],
            [
              95.348339520000081,
              5.5831188180000595,
              0,
              null
            ],
            [
              95.348335375000033,
              5.5831320260000439,
              0,
              null
            ],
            [
              95.348332086000084,
              5.5831425040000227,
              0,
              null
            ],
            [
              95.348329430000035,
              5.5831512430000316,
              0,
              null
            ],
            [
              95.348274071000048,
              5.5833334080000441,
              0,
              null
            ],
            [
              95.348246102000076,
              5.5834169900000461,
              0,
              null
            ],
            [
              95.348232801000051,
              5.5834567370000627,
              0,
              null
            ],
            [
              95.348204923000083,
              5.5835462830000324,
              0,
              null
            ],
            [
              95.348179230000085,
              5.5836288130000753,
              0,
              null
            ],
            [
              95.348168353000062,
              5.5836637520000636,
              0,
              null
            ],
            [
              95.348131499000033,
              5.583770310000034,
              0,
              null
            ],
            [
              95.348130465000054,
              5.5837733010000647,
              0,
              null
            ],
            [
              95.348123196000074,
              5.5837943190000487,
              0,
              null
            ],
            [
              95.348122168000032,
              5.5838013640000668,
              0,
              null
            ],
            [
              95.348122132000071,
              5.5838082520000398,
              0,
              null
            ],
            [
              95.348122913000054,
              5.5838139980000392,
              0,
              null
            ],
            [
              95.34812762200005,
              5.5838292910000291,
              0,
              null
            ],
            [
              95.348129809000056,
              5.5838363930000696,
              0,
              null
            ],
            [
              95.34813282500005,
              5.5838461890000417,
              0,
              null
            ],
            [
              95.348140729000079,
              5.583867362000035,
              0,
              null
            ],
            [
              95.348191545000077,
              5.5838498270000514,
              0,
              null
            ],
            [
              95.34823506500004,
              5.5838348090000522,
              0,
              null
            ],
            [
              95.348258703000056,
              5.5838276580000752,
              0,
              null
            ],
            [
              95.348338889000047,
              5.5838034000000221,
              0,
              null
            ],
            [
              95.348383627000032,
              5.5837938740000368,
              0,
              null
            ],
            [
              95.348386360000063,
              5.5837934770000288,
              0,
              null
            ],
            [
              95.348448194000071,
              5.583784478000041,
              0,
              null
            ],
            [
              95.34847286300004,
              5.5837830970000368,
              0,
              null
            ],
            [
              95.348490777000052,
              5.5837820930000248,
              0,
              null
            ],
            [
              95.348553696000067,
              5.5837822210000354,
              0,
              null
            ],
            [
              95.348558890000049,
              5.5837822530000381,
              0,
              null
            ],
            [
              95.348627451000084,
              5.5837826770000447,
              0,
              null
            ],
            [
              95.348670264000077,
              5.5837861210000597,
              0,
              null
            ],
            [
              95.348753024000075,
              5.5837976280000703,
              0,
              null
            ],
            [
              95.348819766000076,
              5.5838069090000317,
              0,
              null
            ],
            [
              95.348932464000086,
              5.5838256290000459,
              0,
              null
            ],
            [
              95.348978754000086,
              5.5838333180000745,
              0,
              null
            ],
            [
              95.349076202000049,
              5.5838513260000582,
              0,
              null
            ],
            [
              95.349199500000054,
              5.5838741120000464,
              0,
              null
            ],
            [
              95.349253129000033,
              5.5838840230000528,
              0,
              null
            ],
            [
              95.349315898000043,
              5.5838921990000472,
              0,
              null
            ],
            [
              95.349449526000058,
              5.5839096040000413,
              0,
              null
            ],
            [
              95.349460233000059,
              5.5839109980000217,
              0,
              null
            ],
            [
              95.349577662000058,
              5.5839167470000461,
              0,
              null
            ],
            [
              95.349653494000052,
              5.5839204590000691,
              0,
              null
            ],
            [
              95.349653627000066,
              5.5839204660000519,
              0,
              null
            ],
            [
              95.349821215000077,
              5.5839169540000739,
              0,
              null
            ],
            [
              95.349883402000046,
              5.5839156510000407,
              0,
              null
            ],
            [
              95.349938272000031,
              5.5839109930000745,
              0,
              null
            ],
            [
              95.349956765000059,
              5.5839080990000411,
              0,
              null
            ],
            [
              95.350022691000049,
              5.5838977840000439,
              0,
              null
            ],
            [
              95.350051850000057,
              5.5838910460000761,
              0,
              null
            ],
            [
              95.350146138000071,
              5.5838692550000246,
              0,
              null
            ],
            [
              95.350233201000037,
              5.5838491350000368,
              0,
              null
            ],
            [
              95.350269487000048,
              5.5838382340000408,
              0,
              null
            ],
            [
              95.350330352000071,
              5.5838199500000201,
              0,
              null
            ],
            [
              95.350535974000081,
              5.5837581790000286,
              0,
              null
            ],
            [
              95.350549524000087,
              5.5837541080000506,
              0,
              null
            ],
            [
              95.35065417800007,
              5.583720784000036,
              0,
              null
            ],
            [
              95.350717015000043,
              5.583700775000068,
              0,
              null
            ],
            [
              95.350833498000043,
              5.5836636840000438,
              0,
              null
            ],
            [
              95.350896540000065,
              5.5836436110000705,
              0,
              null
            ],
            [
              95.351056705000076,
              5.5835765040000638,
              0,
              null
            ],
            [
              95.351091617000066,
              5.5835618770000224,
              0,
              null
            ],
            [
              95.35120383900005,
              5.5835126950000245,
              0,
              null
            ],
            [
              95.351283698000032,
              5.5834776970000348,
              0,
              null
            ],
            [
              95.351322755000069,
              5.5834605120000447,
              0,
              null
            ],
            [
              95.351353568000036,
              5.5834469540000669,
              0,
              null
            ],
            [
              95.351408521000053,
              5.5834227740000415,
              0,
              null
            ],
            [
              95.351437151000084,
              5.5834135030000311,
              0,
              null
            ],
            [
              95.351468003000036,
              5.5834035130000643,
              0,
              null
            ],
            [
              95.351512023000055,
              5.5833892570000216,
              0,
              null
            ],
            [
              95.351530528000069,
              5.5833832650000659,
              0,
              null
            ],
            [
              95.351584888000048,
              5.5833724920000236,
              0,
              null
            ],
            [
              95.351601617000085,
              5.5833691780000549,
              0,
              null
            ],
            [
              95.351634563000061,
              5.5833663520000414,
              0,
              null
            ],
            [
              95.351670910000053,
              5.5833648890000518,
              0,
              null
            ],
            [
              95.351703508000071,
              5.5833635760000675,
              0,
              null
            ],
            [
              95.351712841000051,
              5.5833632010000542,
              0,
              null
            ],
            [
              95.351822595000044,
              5.583362227000066,
              0,
              null
            ],
            [
              95.351831307000054,
              5.5833621500000277,
              0,
              null
            ],
            [
              95.351893345000065,
              5.5833615990000567,
              0,
              null
            ],
            [
              95.351954265000074,
              5.5833610590000262,
              0,
              null
            ],
            [
              95.35213462300004,
              5.5833642960000702,
              0,
              null
            ],
            [
              95.352147464000041,
              5.5833649580000611,
              0,
              null
            ],
            [
              95.352201371000035,
              5.5833677350000244,
              0,
              null
            ],
            [
              95.352245022000034,
              5.5833736950000343,
              0,
              null
            ],
            [
              95.352254809000044,
              5.583375032000049,
              0,
              null
            ],
            [
              95.352309571000035,
              5.5833896080000613,
              0,
              null
            ],
            [
              95.352313025000058,
              5.5833905260000734,
              0,
              null
            ],
            [
              95.35233891300004,
              5.583403302000022,
              0,
              null
            ],
            [
              95.352361992000056,
              5.583417488000066,
              0,
              null
            ],
            [
              95.352337564000038,
              5.5834601330000737,
              0,
              null
            ],
            [
              95.352337043000034,
              5.5834610420000672,
              0,
              null
            ],
            [
              95.352291903000037,
              5.5835413620000622,
              0,
              null
            ],
            [
              95.352261959000032,
              5.5836024690000272,
              0,
              null
            ],
            [
              95.352258631000041,
              5.5836092600000597,
              0,
              null
            ],
            [
              95.35223678400007,
              5.5836602100000619,
              0,
              null
            ],
            [
              95.352216689000045,
              5.5837225230000627,
              0,
              null
            ],
            [
              95.352209916000049,
              5.5837490650000632,
              0,
              null
            ],
            [
              95.352200433000064,
              5.5837862220000716,
              0,
              null
            ],
            [
              95.352192610000031,
              5.5838424760000294,
              0,
              null
            ],
            [
              95.352192380000076,
              5.5839160360000619,
              0,
              null
            ],
            [
              95.352194338000061,
              5.5839657690000308,
              0,
              null
            ],
            [
              95.352203747000033,
              5.5840198560000545,
              0,
              null
            ],
            [
              95.352206630000069,
              5.5840296080000371,
              0,
              null
            ],
            [
              95.352228165000042,
              5.5841024290000405,
              0,
              null
            ],
            [
              95.352233803000047,
              5.5841172690000462,
              0,
              null
            ],
            [
              95.352241606000064,
              5.5841378050000685,
              0,
              null
            ],
            [
              95.352253584000039,
              5.5841693320000445,
              0,
              null
            ],
            [
              95.352288310000063,
              5.584235159000059,
              0,
              null
            ],
            [
              95.352334786000085,
              5.5843040120000751,
              0,
              null
            ],
            [
              95.352376535000076,
              5.5843490610000686,
              0,
              null
            ],
            [
              95.352377109000031,
              5.58434967900007,
              0,
              null
            ],
            [
              95.352416498000082,
              5.5843861570000399,
              0,
              null
            ],
            [
              95.352431056000057,
              5.5843960180000636,
              0,
              null
            ],
            [
              95.352527003000034,
              5.5844610100000409,
              0,
              null
            ],
            [
              95.352654627000049,
              5.5845229050000285,
              0,
              null
            ],
            [
              95.353940677000082,
              5.58503530400003,
              0,
              null
            ]
          ]
        ]
      },
      "properties" : {
        "FID" : 0,
        "OBJECTID" : 21630,
        "KDPPUM" : "11",
        "NAMOBJ" : "Tibang",
        "REMARK" : " ",
        "KDPBPS" : " ",
        "FCODE" : "BA03070040",
        "LUASWH" : 0,
        "UUPP" : "RBI",
        "SRS_ID" : "SRGI 2013",
        "METADATA" : "TASWIL1000020200326DATA_BATAS_DESA_KELURAHAN",
        "KDEBPS" : " ",
        "KDEPUM" : "11.71.04.2002",
        "KDCBPS" : " ",
        "KDCPUM" : "11.71.04",
        "KDBBPS" : " ",
        "WADMKD" : "Tibang",
        "WIADKD" : "0",
        "WADMKC" : "Syiah Kuala",
        "WIADKC" : " ",
        "WADMKK" : "Kota Banda Aceh",
        "WIADKK" : " ",
        "WADMPR" : "Aceh",
        "WIADPR" : " ",
        "TIPADM" : 9,
        "KDPKAB" : "11.71",
        "SHAPE_Leng" : 0.056512087277758999,
        "SHAPE_Area" : 0.00016440283548400001
      }
    }
  ]
}