{
  "hasZ" : true,
  "hasM" : true,
  "type" : "FeatureCollection",
  "features" : [
    {
      "type" : "Feature",
      "id" : 0,
      "geometry" : {
        "type" : "Polygon",
        "coordinates" : [
          [
            [
              95.327078957000083,
              5.541956262000042,
              0,
              null
            ],
            [
              95.327097636000076,
              5.5420210860000338,
              0,
              null
            ],
            [
              95.327106207000043,
              5.5420586820000608,
              0,
              null
            ],
            [
              95.327110367000046,
              5.5420769260000498,
              0,
              null
            ],
            [
              95.327117729000065,
              5.54213276400003,
              0,
              null
            ],
            [
              95.327118282000072,
              5.5422739130000309,
              0,
              null
            ],
            [
              95.327118574000053,
              5.5423483810000675,
              0,
              null
            ],
            [
              95.327118979000034,
              5.5424517240000455,
              0,
              null
            ],
            [
              95.327119215000039,
              5.5425120780000725,
              0,
              null
            ],
            [
              95.327120128000047,
              5.5427452250000329,
              0,
              null
            ],
            [
              95.327120373000071,
              5.5428076750000628,
              0,
              null
            ],
            [
              95.327121011000031,
              5.5429704060000518,
              0,
              null
            ],
            [
              95.32712114900005,
              5.5430056960000229,
              0,
              null
            ],
            [
              95.327121740000052,
              5.5431566120000753,
              0,
              null
            ],
            [
              95.327122065000083,
              5.5432395910000309,
              0,
              null
            ],
            [
              95.327122621000058,
              5.543381441000065,
              0,
              null
            ],
            [
              95.327132259000052,
              5.5435308470000564,
              0,
              null
            ],
            [
              95.327135702000078,
              5.543584208000027,
              0,
              null
            ],
            [
              95.327145840000071,
              5.5437334930000475,
              0,
              null
            ],
            [
              95.327146522000078,
              5.5437395890000403,
              0,
              null
            ],
            [
              95.327160110000079,
              5.5438609440000732,
              0,
              null
            ],
            [
              95.327178777000086,
              5.5439099440000632,
              0,
              null
            ],
            [
              95.327208733000077,
              5.5439617610000482,
              0,
              null
            ],
            [
              95.327225200000044,
              5.5439853640000365,
              0,
              null
            ],
            [
              95.327265321000084,
              5.5440428700000552,
              0,
              null
            ],
            [
              95.327354255000046,
              5.5441402080000444,
              0,
              null
            ],
            [
              95.327449301000058,
              5.5442272070000627,
              0,
              null
            ],
            [
              95.327509070000076,
              5.5442819160000454,
              0,
              null
            ],
            [
              95.327606898000056,
              5.5443760240000302,
              0,
              null
            ],
            [
              95.327627891000077,
              5.5443960120000497,
              0,
              null
            ],
            [
              95.327494807000051,
              5.5444892620000701,
              0,
              null
            ],
            [
              95.327479645000039,
              5.5444831030000614,
              0,
              null
            ],
            [
              95.327453061000085,
              5.5444788240000662,
              0,
              null
            ],
            [
              95.327451121000081,
              5.5444788010000252,
              0,
              null
            ],
            [
              95.327433556000074,
              5.5444785930000648,
              0,
              null
            ],
            [
              95.327406288000077,
              5.5444796140000676,
              0,
              null
            ],
            [
              95.327375815000039,
              5.5444822820000468,
              0,
              null
            ],
            [
              95.327359186000081,
              5.5444859950000591,
              0,
              null
            ],
            [
              95.327326818000074,
              5.5444932230000745,
              0,
              null
            ],
            [
              95.327243296000063,
              5.5445133470000201,
              0,
              null
            ],
            [
              95.327226144000065,
              5.5445159810000746,
              0,
              null
            ],
            [
              95.327178598000046,
              5.544523282000057,
              0,
              null
            ],
            [
              95.327091311000061,
              5.5445334600000251,
              0,
              null
            ],
            [
              95.327022429000067,
              5.5445371210000758,
              0,
              null
            ],
            [
              95.326975649000076,
              5.5445358500000452,
              0,
              null
            ],
            [
              95.326928782000039,
              5.5445354520000478,
              0,
              null
            ],
            [
              95.326906823000058,
              5.5445352650000359,
              0,
              null
            ],
            [
              95.326843960000076,
              5.5445347320000451,
              0,
              null
            ],
            [
              95.326747272000034,
              5.5445285500000523,
              0,
              null
            ],
            [
              95.326716425000086,
              5.5445254880000334,
              0,
              null
            ],
            [
              95.326638802000048,
              5.5445177860000285,
              0,
              null
            ],
            [
              95.326499930000068,
              5.5445023510000624,
              0,
              null
            ],
            [
              95.326472418000037,
              5.5444954350000444,
              0,
              null
            ],
            [
              95.326457774000062,
              5.5444917540000347,
              0,
              null
            ],
            [
              95.326451876000078,
              5.5444904370000359,
              0,
              null
            ],
            [
              95.32639537700004,
              5.544478520000041,
              0,
              null
            ],
            [
              95.326289853000048,
              5.5444713060000481,
              0,
              null
            ],
            [
              95.326175413000044,
              5.5444731190000311,
              0,
              null
            ],
            [
              95.32616769100008,
              5.5443860050000353,
              0,
              null
            ],
            [
              95.325987945000065,
              5.544383124000035,
              0,
              null
            ],
            [
              95.325903462000042,
              5.5443863260000512,
              0,
              null
            ],
            [
              95.325855775000036,
              5.5442774570000211,
              0,
              null
            ],
            [
              95.325809211000035,
              5.5442726180000363,
              0,
              null
            ],
            [
              95.325736934000076,
              5.5442843820000576,
              0,
              null
            ],
            [
              95.325430682000047,
              5.544397153000034,
              0,
              null
            ],
            [
              95.325168647000055,
              5.5443998540000621,
              0,
              null
            ],
            [
              95.325172029000043,
              5.5443416730000763,
              0,
              null
            ],
            [
              95.325180314000079,
              5.5441792640000358,
              0,
              null
            ],
            [
              95.32518439200004,
              5.5440322580000725,
              0,
              null
            ],
            [
              95.325188941000079,
              5.5439166670000759,
              0,
              null
            ],
            [
              95.325183173000084,
              5.5438335710000501,
              0,
              null
            ],
            [
              95.325180255000078,
              5.5438205330000301,
              0,
              null
            ],
            [
              95.325112602000047,
              5.5438339060000317,
              0,
              null
            ],
            [
              95.325062441000057,
              5.5438403400000311,
              0,
              null
            ],
            [
              95.324981363000063,
              5.5438487580000242,
              0,
              null
            ],
            [
              95.324863766000078,
              5.5438592900000572,
              0,
              null
            ],
            [
              95.324819876000049,
              5.5438626290000457,
              0,
              null
            ],
            [
              95.324743908000073,
              5.5438684110000622,
              0,
              null
            ],
            [
              95.324658827000064,
              5.5438729490000469,
              0,
              null
            ],
            [
              95.324488264000081,
              5.5438923660000228,
              0,
              null
            ],
            [
              95.324371909000035,
              5.5439075920000391,
              0,
              null
            ],
            [
              95.324222626000051,
              5.5439258960000757,
              0,
              null
            ],
            [
              95.324039159000051,
              5.5439422820000459,
              0,
              null
            ],
            [
              95.323876867000081,
              5.5439534400000525,
              0,
              null
            ],
            [
              95.323778549000053,
              5.5439602000000718,
              0,
              null
            ],
            [
              95.323743554000032,
              5.5439623960000404,
              0,
              null
            ],
            [
              95.323691509000071,
              5.5439629650000484,
              0,
              null
            ],
            [
              95.323694833000047,
              5.5438179350000496,
              0,
              null
            ],
            [
              95.323693881000054,
              5.5435746240000299,
              0,
              null
            ],
            [
              95.323693320000075,
              5.543431359000067,
              0,
              null
            ],
            [
              95.323691182000061,
              5.5434139190000451,
              0,
              null
            ],
            [
              95.323686602000066,
              5.5433765730000459,
              0,
              null
            ],
            [
              95.323675706000074,
              5.5433498420000547,
              0,
              null
            ],
            [
              95.323667230000069,
              5.5433322230000499,
              0,
              null
            ],
            [
              95.323655118000033,
              5.5433170330000507,
              0,
              null
            ],
            [
              95.323627663000082,
              5.5432938710000599,
              0,
              null
            ],
            [
              95.323608152000077,
              5.5432878260000393,
              0,
              null
            ],
            [
              95.323596333000069,
              5.5432841650000455,
              0,
              null
            ],
            [
              95.323559283000066,
              5.5432843100000468,
              0,
              null
            ],
            [
              95.323358270000085,
              5.5432937060000427,
              0,
              null
            ],
            [
              95.323358356000085,
              5.5432531450000511,
              0,
              null
            ],
            [
              95.323359929000048,
              5.543221011000071,
              0,
              null
            ],
            [
              95.323363459000063,
              5.5431488340000215,
              0,
              null
            ],
            [
              95.323372556000038,
              5.5430392080000388,
              0,
              null
            ],
            [
              95.323378093000031,
              5.542978579000021,
              0,
              null
            ],
            [
              95.323388807000072,
              5.5428623390000666,
              0,
              null
            ],
            [
              95.323400253000045,
              5.5427373910000597,
              0,
              null
            ],
            [
              95.323403370000051,
              5.5427337630000579,
              0,
              null
            ],
            [
              95.323414390000039,
              5.5427327350000724,
              0,
              null
            ],
            [
              95.323424450000061,
              5.5427331020000565,
              0,
              null
            ],
            [
              95.323547748000067,
              5.5427523770000562,
              0,
              null
            ],
            [
              95.323655977000044,
              5.5427662340000552,
              0,
              null
            ],
            [
              95.323751369000036,
              5.5427800420000608,
              0,
              null
            ],
            [
              95.323803460000079,
              5.542782938000073,
              0,
              null
            ],
            [
              95.32386574800006,
              5.5427816990000451,
              0,
              null
            ],
            [
              95.323933082000053,
              5.5427769420000459,
              0,
              null
            ],
            [
              95.324053941000045,
              5.5427723050000282,
              0,
              null
            ],
            [
              95.324173968000082,
              5.5428077130000588,
              0,
              null
            ],
            [
              95.324258214000054,
              5.5428076650000548,
              0,
              null
            ],
            [
              95.32427560800005,
              5.5428066620000322,
              0,
              null
            ],
            [
              95.324294654000084,
              5.5428002420000553,
              0,
              null
            ],
            [
              95.32432652500006,
              5.5427677930000527,
              0,
              null
            ],
            [
              95.324333654000043,
              5.5427544140000577,
              0,
              null
            ],
            [
              95.324363492000032,
              5.5426643910000735,
              0,
              null
            ],
            [
              95.324361452000062,
              5.5426447250000592,
              0,
              null
            ],
            [
              95.324358238000059,
              5.5426047120000703,
              0,
              null
            ],
            [
              95.324356322000085,
              5.5425601930000425,
              0,
              null
            ],
            [
              95.324355041000047,
              5.5425139540000714,
              0,
              null
            ],
            [
              95.324355264000076,
              5.5424672750000354,
              0,
              null
            ],
            [
              95.324356136000063,
              5.5424087790000272,
              0,
              null
            ],
            [
              95.324362818000054,
              5.5422788700000751,
              0,
              null
            ],
            [
              95.324364345000049,
              5.5421919710000225,
              0,
              null
            ],
            [
              95.324363548000065,
              5.5420916830000237,
              0,
              null
            ],
            [
              95.324363075000065,
              5.5420769350000683,
              0,
              null
            ],
            [
              95.324359227000059,
              5.5419975420000469,
              0,
              null
            ],
            [
              95.324348322000048,
              5.5418181580000692,
              0,
              null
            ],
            [
              95.324345558000061,
              5.5417134150000606,
              0,
              null
            ],
            [
              95.324344840000037,
              5.5416814680000357,
              0,
              null
            ],
            [
              95.324344837000069,
              5.54166675700003,
              0,
              null
            ],
            [
              95.32434479300008,
              5.5414458460000446,
              0,
              null
            ],
            [
              95.324349807000033,
              5.5413737210000704,
              0,
              null
            ],
            [
              95.324361593000049,
              5.5413194850000309,
              0,
              null
            ],
            [
              95.324379123000085,
              5.5412782790000392,
              0,
              null
            ],
            [
              95.324405202000037,
              5.541238685000053,
              0,
              null
            ],
            [
              95.324453310000081,
              5.54118315300002,
              0,
              null
            ],
            [
              95.324524024000084,
              5.5412101400000324,
              0,
              null
            ],
            [
              95.324592008000081,
              5.5412237390000314,
              0,
              null
            ],
            [
              95.324682705000043,
              5.5412364720000369,
              0,
              null
            ],
            [
              95.324732589000064,
              5.5412425760000588,
              0,
              null
            ],
            [
              95.324880355000062,
              5.541243717000043,
              0,
              null
            ],
            [
              95.324939989000086,
              5.541233916000067,
              0,
              null
            ],
            [
              95.32499954900004,
              5.5412049830000569,
              0,
              null
            ],
            [
              95.325054268000031,
              5.5411593280000488,
              0,
              null
            ],
            [
              95.325128036000081,
              5.5411016390000327,
              0,
              null
            ],
            [
              95.325185227000077,
              5.5410774980000497,
              0,
              null
            ],
            [
              95.325435086000084,
              5.5410546620000218,
              0,
              null
            ],
            [
              95.325476369000057,
              5.5410529180000481,
              0,
              null
            ],
            [
              95.325566150000043,
              5.5410460390000367,
              0,
              null
            ],
            [
              95.325647117000074,
              5.5410418430000732,
              0,
              null
            ],
            [
              95.325749642000062,
              5.5410434110000324,
              0,
              null
            ],
            [
              95.326019089000056,
              5.5410500080000702,
              0,
              null
            ],
            [
              95.326520279000079,
              5.5410184310000545,
              0,
              null
            ],
            [
              95.326534602000038,
              5.5410432720000244,
              0,
              null
            ],
            [
              95.326551351000035,
              5.54107293200002,
              0,
              null
            ],
            [
              95.326566357000047,
              5.5410969610000507,
              0,
              null
            ],
            [
              95.326580417000059,
              5.5411193640000533,
              0,
              null
            ],
            [
              95.326593464000041,
              5.5411407430000281,
              0,
              null
            ],
            [
              95.326606698000035,
              5.5411603670000318,
              0,
              null
            ],
            [
              95.326624849000041,
              5.5411913030000619,
              0,
              null
            ],
            [
              95.326669163000076,
              5.5412597970000661,
              0,
              null
            ],
            [
              95.326680981000038,
              5.5412804220000567,
              0,
              null
            ],
            [
              95.326692208000054,
              5.5412984410000377,
              0,
              null
            ],
            [
              95.326708172000053,
              5.5413186370000744,
              0,
              null
            ],
            [
              95.326718460000052,
              5.5413339770000221,
              0,
              null
            ],
            [
              95.326728071000048,
              5.5413486080000212,
              0,
              null
            ],
            [
              95.326736217000075,
              5.5413595300000225,
              0,
              null
            ],
            [
              95.326749455000083,
              5.5413778560000537,
              0,
              null
            ],
            [
              95.326770765000049,
              5.5414159150000728,
              0,
              null
            ],
            [
              95.326779202000068,
              5.5414332390000709,
              0,
              null
            ],
            [
              95.326786872000071,
              5.5414499410000531,
              0,
              null
            ],
            [
              95.326792676000082,
              5.5414626280000334,
              0,
              null
            ],
            [
              95.326807989000031,
              5.5414920930000449,
              0,
              null
            ],
            [
              95.326822203000063,
              5.5415152170000397,
              0,
              null
            ],
            [
              95.326842120000038,
              5.5415336640000419,
              0,
              null
            ],
            [
              95.32685695400005,
              5.5415524180000375,
              0,
              null
            ],
            [
              95.326881121000042,
              5.5415901270000631,
              0,
              null
            ],
            [
              95.326901451000083,
              5.5416234180000288,
              0,
              null
            ],
            [
              95.326930096000069,
              5.5416667450000432,
              0,
              null
            ],
            [
              95.326949046000038,
              5.5416975810000508,
              0,
              null
            ],
            [
              95.326960501000087,
              5.5417162200000689,
              0,
              null
            ],
            [
              95.326971338000078,
              5.5417338540000287,
              0,
              null
            ],
            [
              95.326987014000053,
              5.5417593630000397,
              0,
              null
            ],
            [
              95.326989016000084,
              5.5417629430000375,
              0,
              null
            ],
            [
              95.327033283000048,
              5.5418421220000482,
              0,
              null
            ],
            [
              95.327040955000086,
              5.5418604240000491,
              0,
              null
            ],
            [
              95.327048227000034,
              5.5418777710000313,
              0,
              null
            ],
            [
              95.327074178000032,
              5.5419396790000519,
              0,
              null
            ],
            [
              95.327078957000083,
              5.541956262000042,
              0,
              null
            ]
          ]
        ]
      },
      "properties" : {
        "FID" : 0,
        "OBJECTID" : 1437,
        "KDPPUM" : "11",
        "NAMOBJ" : "Ateuk Deah Tanoh",
        "REMARK" : " ",
        "KDPBPS" : " ",
        "FCODE" : "BA03070040",
        "LUASWH" : 0,
        "UUPP" : "RBI",
        "SRS_ID" : "SRGI 2013",
        "METADATA" : "TASWIL1000020200326DATA_BATAS_DESA_KELURAHAN",
        "KDEBPS" : " ",
        "KDEPUM" : "11.71.01.2009",
        "KDCBPS" : " ",
        "KDCPUM" : "11.71.01",
        "KDBBPS" : " ",
        "WADMKD" : "Ateuk Deah Tanoh",
        "WIADKD" : "0",
        "WADMKC" : "Baiturrahman",
        "WIADKC" : " ",
        "WADMKK" : "Kota Banda Aceh",
        "WIADKK" : " ",
        "WADMPR" : "Aceh",
        "WIADPR" : " ",
        "TIPADM" : 9,
        "KDPKAB" : "11.71",
        "SHAPE_Leng" : 0.014693170714021001,
        "SHAPE_Area" : 9.6105531229999994e-06
      }
    }
  ]
}