{
  "hasZ" : true,
  "hasM" : true,
  "type" : "FeatureCollection",
  "features" : [
    {
      "type" : "Feature",
      "id" : 0,
      "geometry" : {
        "type" : "Polygon",
        "coordinates" : [
          [
            [
              95.30615838600005,
              5.5544936970000549,
              0,
              null
            ],
            [
              95.306140935000087,
              5.5544983080000634,
              0,
              null
            ],
            [
              95.306025096000042,
              5.5545285400000353,
              0,
              null
            ],
            [
              95.305753347000064,
              5.5546228750000637,
              0,
              null
            ],
            [
              95.305519632000085,
              5.5546764030000304,
              0,
              null
            ],
            [
              95.305336022000063,
              5.5547249530000613,
              0,
              null
            ],
            [
              95.30514039500008,
              5.5547520250000275,
              0,
              null
            ],
            [
              95.304911556000036,
              5.5548318420000555,
              0,
              null
            ],
            [
              95.304768438000053,
              5.5548800920000758,
              0,
              null
            ],
            [
              95.304403338000043,
              5.5549043860000324,
              0,
              null
            ],
            [
              95.304219638000063,
              5.5549293010000724,
              0,
              null
            ],
            [
              95.303863662000083,
              5.5548880660000464,
              0,
              null
            ],
            [
              95.30343010100006,
              5.5548122330000638,
              0,
              null
            ],
            [
              95.303319971000064,
              5.5547769560000688,
              0,
              null
            ],
            [
              95.303282203000037,
              5.5547648580000555,
              0,
              null
            ],
            [
              95.303211992000058,
              5.5547346420000281,
              0,
              null
            ],
            [
              95.303125735000037,
              5.5546507920000749,
              0,
              null
            ],
            [
              95.303047004000064,
              5.554538214000047,
              0,
              null
            ],
            [
              95.303011844000082,
              5.5544383320000748,
              0,
              null
            ],
            [
              95.302993446000073,
              5.5543860650000738,
              0,
              null
            ],
            [
              95.302989620000062,
              5.5543241510000598,
              0,
              null
            ],
            [
              95.302992987000039,
              5.5542691310000691,
              0,
              null
            ],
            [
              95.302931043000058,
              5.5541529590000209,
              0,
              null
            ],
            [
              95.302860018000047,
              5.5540575700000545,
              0,
              null
            ],
            [
              95.302641533000042,
              5.5538657370000237,
              0,
              null
            ],
            [
              95.302597510000055,
              5.5538270840000337,
              0,
              null
            ],
            [
              95.302509975000078,
              5.5537464860000227,
              0,
              null
            ],
            [
              95.302498623000076,
              5.5537208550000514,
              0,
              null
            ],
            [
              95.302501996000046,
              5.5537092340000527,
              0,
              null
            ],
            [
              95.302537762000043,
              5.5535592690000612,
              0,
              null
            ],
            [
              95.302539650000085,
              5.5535509040000761,
              0,
              null
            ],
            [
              95.302564164000046,
              5.5534423280000738,
              0,
              null
            ],
            [
              95.30256995700006,
              5.5534166660000324,
              0,
              null
            ],
            [
              95.302582586000085,
              5.5533623070000431,
              0,
              null
            ],
            [
              95.302590082000052,
              5.5533300460000419,
              0,
              null
            ],
            [
              95.302597836000075,
              5.5533080240000459,
              0,
              null
            ],
            [
              95.302609447000066,
              5.5532942300000627,
              0,
              null
            ],
            [
              95.302597917000071,
              5.55327988800002,
              0,
              null
            ],
            [
              95.30259363600004,
              5.5532630110000696,
              0,
              null
            ],
            [
              95.302568456000074,
              5.5532332140000449,
              0,
              null
            ],
            [
              95.302555216000087,
              5.5532045660000335,
              0,
              null
            ],
            [
              95.302546705000054,
              5.5531639400000472,
              0,
              null
            ],
            [
              95.302544146000059,
              5.5531197050000287,
              0,
              null
            ],
            [
              95.302520161000075,
              5.5530899030000569,
              0,
              null
            ],
            [
              95.302497377000066,
              5.5530624880000232,
              0,
              null
            ],
            [
              95.302473429000031,
              5.5530422530000578,
              0,
              null
            ],
            [
              95.302455462000069,
              5.5530255810000426,
              0,
              null
            ],
            [
              95.302431519000038,
              5.5530065410000589,
              0,
              null
            ],
            [
              95.302417021000053,
              5.552961157000027,
              0,
              null
            ],
            [
              95.302419253000039,
              5.5529216860000474,
              0,
              null
            ],
            [
              95.302429796000069,
              5.5528702240000598,
              0,
              null
            ],
            [
              95.302442775000031,
              5.5528319080000301,
              0,
              null
            ],
            [
              95.30247249100006,
              5.5528007010000238,
              0,
              null
            ],
            [
              95.302518100000043,
              5.5527613880000217,
              0,
              null
            ],
            [
              95.302524145000064,
              5.5527261950000479,
              0,
              null
            ],
            [
              95.302537035000057,
              5.5526515220000761,
              0,
              null
            ],
            [
              95.302544763000071,
              5.5526067490000628,
              0,
              null
            ],
            [
              95.302548601000069,
              5.5525869900000657,
              0,
              null
            ],
            [
              95.302560221000078,
              5.5525271670000507,
              0,
              null
            ],
            [
              95.302563638000038,
              5.5525095750000446,
              0,
              null
            ],
            [
              95.302565704000074,
              5.5524974770000313,
              0,
              null
            ],
            [
              95.302579189000085,
              5.5524184810000747,
              0,
              null
            ],
            [
              95.302579914000034,
              5.5524108620000447,
              0,
              null
            ],
            [
              95.302584606000039,
              5.5523615570000402,
              0,
              null
            ],
            [
              95.302591432000042,
              5.552289806000033,
              0,
              null
            ],
            [
              95.302594947000046,
              5.5522528650000709,
              0,
              null
            ],
            [
              95.302595789000065,
              5.5522323660000552,
              0,
              null
            ],
            [
              95.302596447000042,
              5.5522163320000573,
              0,
              null
            ],
            [
              95.302596544000039,
              5.55220128600007,
              0,
              null
            ],
            [
              95.302596622000067,
              5.552189277000025,
              0,
              null
            ],
            [
              95.302590789000078,
              5.5521623260000297,
              0,
              null
            ],
            [
              95.302581320000058,
              5.5521354350000252,
              0,
              null
            ],
            [
              95.30256647300007,
              5.5521081140000206,
              0,
              null
            ],
            [
              95.302565600000037,
              5.5521065080000653,
              0,
              null
            ],
            [
              95.302552283000068,
              5.5520923500000663,
              0,
              null
            ],
            [
              95.302545617000078,
              5.5520885340000632,
              0,
              null
            ],
            [
              95.302518078000048,
              5.5520727690000626,
              0,
              null
            ],
            [
              95.30245691600004,
              5.5520435660000658,
              0,
              null
            ],
            [
              95.302437292000036,
              5.5520292210000548,
              0,
              null
            ],
            [
              95.302425611000047,
              5.5520181340000363,
              0,
              null
            ],
            [
              95.30241273200005,
              5.5519978190000643,
              0,
              null
            ],
            [
              95.302394871000047,
              5.5519606680000493,
              0,
              null
            ],
            [
              95.302379252000037,
              5.5519228610000368,
              0,
              null
            ],
            [
              95.302374418000056,
              5.5519122700000594,
              0,
              null
            ],
            [
              95.302329120000081,
              5.551926318000028,
              0,
              null
            ],
            [
              95.30213838700007,
              5.5519844610000746,
              0,
              null
            ],
            [
              95.302028709000069,
              5.5520159800000215,
              0,
              null
            ],
            [
              95.301972024000065,
              5.5520364010000662,
              0,
              null
            ],
            [
              95.301139553000041,
              5.552285993000055,
              0,
              null
            ],
            [
              95.301126780000061,
              5.55221582300004,
              0,
              null
            ],
            [
              95.300978889000078,
              5.550530598000023,
              0,
              null
            ],
            [
              95.301386185000069,
              5.550530737000031,
              0,
              null
            ],
            [
              95.301455298000064,
              5.5505537240000535,
              0,
              null
            ],
            [
              95.301531129000068,
              5.550538596000024,
              0,
              null
            ],
            [
              95.301563779000048,
              5.550533779000034,
              0,
              null
            ],
            [
              95.301565743000083,
              5.5505334890000313,
              0,
              null
            ],
            [
              95.301595004000035,
              5.5505269020000583,
              0,
              null
            ],
            [
              95.301657431000081,
              5.5505128480000394,
              0,
              null
            ],
            [
              95.301672771000085,
              5.5505088100000535,
              0,
              null
            ],
            [
              95.301738342000078,
              5.550491548000025,
              0,
              null
            ],
            [
              95.301767060000032,
              5.5504839880000532,
              0,
              null
            ],
            [
              95.301781090000077,
              5.5504802950000567,
              0,
              null
            ],
            [
              95.301795195000068,
              5.5504697820000501,
              0,
              null
            ],
            [
              95.301800977000084,
              5.5504555770000366,
              0,
              null
            ],
            [
              95.301767363000067,
              5.5503220640000563,
              0,
              null
            ],
            [
              95.301763959000084,
              5.5503085440000746,
              0,
              null
            ],
            [
              95.301764527000046,
              5.5503012870000248,
              0,
              null
            ],
            [
              95.301765747000047,
              5.5502856940000243,
              0,
              null
            ],
            [
              95.30177427700005,
              5.5502683510000566,
              0,
              null
            ],
            [
              95.301788594000072,
              5.550258976000066,
              0,
              null
            ],
            [
              95.301840859000038,
              5.5502411190000203,
              0,
              null
            ],
            [
              95.301884102000031,
              5.5502262010000436,
              0,
              null
            ],
            [
              95.301928726000085,
              5.5502108080000312,
              0,
              null
            ],
            [
              95.301954432000059,
              5.5502019390000328,
              0,
              null
            ],
            [
              95.302029132000087,
              5.5501761700000429,
              0,
              null
            ],
            [
              95.302137092000066,
              5.5501416740000309,
              0,
              null
            ],
            [
              95.302150241000049,
              5.550137472000074,
              0,
              null
            ],
            [
              95.302189113000054,
              5.5501231920000578,
              0,
              null
            ],
            [
              95.302200920000075,
              5.5501183410000294,
              0,
              null
            ],
            [
              95.302215234000073,
              5.5501124600000367,
              0,
              null
            ],
            [
              95.30226734300004,
              5.5500869940000257,
              0,
              null
            ],
            [
              95.302280064000058,
              5.550080777000062,
              0,
              null
            ],
            [
              95.302301297000042,
              5.5500577990000579,
              0,
              null
            ],
            [
              95.30236797200007,
              5.5500322540000298,
              0,
              null
            ],
            [
              95.302429643000039,
              5.5500086280000573,
              0,
              null
            ],
            [
              95.302456354000071,
              5.5499983940000561,
              0,
              null
            ],
            [
              95.302464794000059,
              5.5499939850000715,
              0,
              null
            ],
            [
              95.302581959000065,
              5.5499327860000562,
              0,
              null
            ],
            [
              95.302648298000065,
              5.5498870780000402,
              0,
              null
            ],
            [
              95.302707134000059,
              5.5498352980000618,
              0,
              null
            ],
            [
              95.302737370000045,
              5.5497991050000337,
              0,
              null
            ],
            [
              95.302779550000082,
              5.5497374460000515,
              0,
              null
            ],
            [
              95.302804195000078,
              5.5496881500000654,
              0,
              null
            ],
            [
              95.302856809000048,
              5.5495626790000756,
              0,
              null
            ],
            [
              95.302875583000059,
              5.5495083910000744,
              0,
              null
            ],
            [
              95.302877184000067,
              5.5495037640000646,
              0,
              null
            ],
            [
              95.302919232000079,
              5.549382175000062,
              0,
              null
            ],
            [
              95.302934335000032,
              5.5493451640000444,
              0,
              null
            ],
            [
              95.302951629000063,
              5.5493093380000573,
              0,
              null
            ],
            [
              95.302954491000037,
              5.5493034110000394,
              0,
              null
            ],
            [
              95.302956748000042,
              5.5492946780000239,
              0,
              null
            ],
            [
              95.302960279000047,
              5.5492810180000447,
              0,
              null
            ],
            [
              95.302961842000059,
              5.5492749710000453,
              0,
              null
            ],
            [
              95.302985726000031,
              5.5492809180000222,
              0,
              null
            ],
            [
              95.303023275000044,
              5.5492902700000286,
              0,
              null
            ],
            [
              95.303083750000042,
              5.5493050750000634,
              0,
              null
            ],
            [
              95.303089804000081,
              5.5493059880000715,
              0,
              null
            ],
            [
              95.303094916000077,
              5.549306758000057,
              0,
              null
            ],
            [
              95.303110323000055,
              5.5493061830000556,
              0,
              null
            ],
            [
              95.303126705000068,
              5.5493036880000659,
              0,
              null
            ],
            [
              95.303141413000048,
              5.5492997340000443,
              0,
              null
            ],
            [
              95.303155060000051,
              5.5492942030000449,
              0,
              null
            ],
            [
              95.303172844000073,
              5.5492834140000582,
              0,
              null
            ],
            [
              95.303176810000082,
              5.5492801740000459,
              0,
              null
            ],
            [
              95.303182908000053,
              5.5492751940000744,
              0,
              null
            ],
            [
              95.303191783000045,
              5.5492655140000693,
              0,
              null
            ],
            [
              95.303204441000048,
              5.5492493750000449,
              0,
              null
            ],
            [
              95.303238339000075,
              5.5491899280000325,
              0,
              null
            ],
            [
              95.303250651000042,
              5.5491729310000437,
              0,
              null
            ],
            [
              95.303267194000057,
              5.5491538120000428,
              0,
              null
            ],
            [
              95.30328028100007,
              5.549143574000027,
              0,
              null
            ],
            [
              95.303299351000078,
              5.5491350020000709,
              0,
              null
            ],
            [
              95.303304599000057,
              5.5491331200000218,
              0,
              null
            ],
            [
              95.303306968000072,
              5.5491322700000296,
              0,
              null
            ],
            [
              95.303326625000068,
              5.5491274030000568,
              0,
              null
            ],
            [
              95.303348046000053,
              5.5491260360000751,
              0,
              null
            ],
            [
              95.303364160000058,
              5.5491264340000725,
              0,
              null
            ],
            [
              95.303405463000047,
              5.5491339470000298,
              0,
              null
            ],
            [
              95.303431733000082,
              5.549140244000057,
              0,
              null
            ],
            [
              95.303465989000074,
              5.5491484540000329,
              0,
              null
            ],
            [
              95.303539612000066,
              5.5491661010000257,
              0,
              null
            ],
            [
              95.303603783000085,
              5.5491821580000646,
              0,
              null
            ],
            [
              95.303613282000072,
              5.5491845340000623,
              0,
              null
            ],
            [
              95.30363720400004,
              5.549189904000059,
              0,
              null
            ],
            [
              95.30368456900004,
              5.5492005360000576,
              0,
              null
            ],
            [
              95.303706301000034,
              5.5492048440000303,
              0,
              null
            ],
            [
              95.303768337000065,
              5.5492199060000758,
              0,
              null
            ],
            [
              95.303783829000054,
              5.5492225850000523,
              0,
              null
            ],
            [
              95.303787114000045,
              5.5492228620000219,
              0,
              null
            ],
            [
              95.303792986000076,
              5.5492233570000735,
              0,
              null
            ],
            [
              95.303822643000046,
              5.5492258590000461,
              0,
              null
            ],
            [
              95.303917091000073,
              5.5492354520000617,
              0,
              null
            ],
            [
              95.303928288000066,
              5.5492364610000209,
              0,
              null
            ],
            [
              95.303949408000051,
              5.5492383640000753,
              0,
              null
            ],
            [
              95.30396660100007,
              5.5492399140000543,
              0,
              null
            ],
            [
              95.304010344000062,
              5.5492438300000231,
              0,
              null
            ],
            [
              95.304025403000082,
              5.5492460750000419,
              0,
              null
            ],
            [
              95.304039762000059,
              5.5492482170000699,
              0,
              null
            ],
            [
              95.304082267000069,
              5.5492562220000536,
              0,
              null
            ],
            [
              95.304105177000054,
              5.5492621080000504,
              0,
              null
            ],
            [
              95.304159275000075,
              5.5492772090000244,
              0,
              null
            ],
            [
              95.304165095000087,
              5.549279398000067,
              0,
              null
            ],
            [
              95.304189234000035,
              5.5492884730000469,
              0,
              null
            ],
            [
              95.304197095000063,
              5.5492918960000566,
              0,
              null
            ],
            [
              95.304214989000059,
              5.5492996900000549,
              0,
              null
            ],
            [
              95.304242751000061,
              5.5493141800000672,
              0,
              null
            ],
            [
              95.304260794000072,
              5.5493259240000725,
              0,
              null
            ],
            [
              95.304287456000054,
              5.5493429310000693,
              0,
              null
            ],
            [
              95.304305843000066,
              5.5493570870000326,
              0,
              null
            ],
            [
              95.304319743000065,
              5.5493693180000605,
              0,
              null
            ],
            [
              95.30432301500008,
              5.5493721970000252,
              0,
              null
            ],
            [
              95.304339853000045,
              5.5493893300000536,
              0,
              null
            ],
            [
              95.304351238000038,
              5.5494009130000563,
              0,
              null
            ],
            [
              95.304356417000065,
              5.5494068450000213,
              0,
              null
            ],
            [
              95.304356924000047,
              5.549407426000073,
              0,
              null
            ],
            [
              95.304363970000054,
              5.5494154980000303,
              0,
              null
            ],
            [
              95.304371378000042,
              5.5494243640000605,
              0,
              null
            ],
            [
              95.304379306000044,
              5.5494338510000603,
              0,
              null
            ],
            [
              95.304357530000061,
              5.5494535540000243,
              0,
              null
            ],
            [
              95.304338428000051,
              5.5494803570000499,
              0,
              null
            ],
            [
              95.304336444000057,
              5.5494878240000389,
              0,
              null
            ],
            [
              95.304334444000062,
              5.5494953500000292,
              0,
              null
            ],
            [
              95.304319126000053,
              5.5495752410000705,
              0,
              null
            ],
            [
              95.304310844000042,
              5.549618439000028,
              0,
              null
            ],
            [
              95.304294092000077,
              5.5496939560000556,
              0,
              null
            ],
            [
              95.304290132000062,
              5.5497118050000722,
              0,
              null
            ],
            [
              95.304279289000078,
              5.5497755750000692,
              0,
              null
            ],
            [
              95.304278679000049,
              5.5497791660000644,
              0,
              null
            ],
            [
              95.30426181100006,
              5.5498783820000313,
              0,
              null
            ],
            [
              95.304259222000042,
              5.549892605000025,
              0,
              null
            ],
            [
              95.304258903000061,
              5.5498943570000279,
              0,
              null
            ],
            [
              95.304245876000039,
              5.5499659170000655,
              0,
              null
            ],
            [
              95.304230435000079,
              5.5500251930000672,
              0,
              null
            ],
            [
              95.304229531000033,
              5.5500295890000757,
              0,
              null
            ],
            [
              95.304224866000084,
              5.5500522780000665,
              0,
              null
            ],
            [
              95.304213772000082,
              5.5501202370000442,
              0,
              null
            ],
            [
              95.304211549000058,
              5.5501338600000736,
              0,
              null
            ],
            [
              95.304210067000042,
              5.5501429350000535,
              0,
              null
            ],
            [
              95.304205330000059,
              5.5501719520000279,
              0,
              null
            ],
            [
              95.304201832000047,
              5.5501977620000389,
              0,
              null
            ],
            [
              95.304201234000061,
              5.5502021680000553,
              0,
              null
            ],
            [
              95.304200600000058,
              5.5503059960000201,
              0,
              null
            ],
            [
              95.304202642000064,
              5.5503508860000466,
              0,
              null
            ],
            [
              95.30421775800005,
              5.550463528000023,
              0,
              null
            ],
            [
              95.304222698000046,
              5.5504918520000501,
              0,
              null
            ],
            [
              95.304225075000033,
              5.5505054780000478,
              0,
              null
            ],
            [
              95.304225247000034,
              5.5505061540000611,
              0,
              null
            ],
            [
              95.304241482000066,
              5.5505698180000422,
              0,
              null
            ],
            [
              95.304244407000056,
              5.5505782350000459,
              0,
              null
            ],
            [
              95.304253067000047,
              5.5506031530000541,
              0,
              null
            ],
            [
              95.304263306000053,
              5.5506323230000589,
              0,
              null
            ],
            [
              95.30429900300004,
              5.5507340250000539,
              0,
              null
            ],
            [
              95.304321715000071,
              5.5507992650000233,
              0,
              null
            ],
            [
              95.304325892000065,
              5.5508112660000393,
              0,
              null
            ],
            [
              95.304340761000049,
              5.5508539750000523,
              0,
              null
            ],
            [
              95.304341678000071,
              5.5508565910000698,
              0,
              null
            ],
            [
              95.304380536000053,
              5.5509674800000539,
              0,
              null
            ],
            [
              95.304384619000075,
              5.5509800810000343,
              0,
              null
            ],
            [
              95.304411241000082,
              5.5510622400000216,
              0,
              null
            ],
            [
              95.304421078000075,
              5.5510925960000463,
              0,
              null
            ],
            [
              95.304437080000071,
              5.5511461320000421,
              0,
              null
            ],
            [
              95.304443869000067,
              5.5511688450000634,
              0,
              null
            ],
            [
              95.30445185700006,
              5.5511955730000295,
              0,
              null
            ],
            [
              95.304464866000046,
              5.5512341230000288,
              0,
              null
            ],
            [
              95.304478859000085,
              5.5512822450000385,
              0,
              null
            ],
            [
              95.304431456000032,
              5.5512981400000285,
              0,
              null
            ],
            [
              95.304448757000046,
              5.5513439880000419,
              0,
              null
            ],
            [
              95.304462988000068,
              5.5513822000000346,
              0,
              null
            ],
            [
              95.304468532000044,
              5.5513979380000364,
              0,
              null
            ],
            [
              95.304492856000081,
              5.5513992060000419,
              0,
              null
            ],
            [
              95.30449806300004,
              5.5513994780000644,
              0,
              null
            ],
            [
              95.304519294000045,
              5.551414889000057,
              0,
              null
            ],
            [
              95.304539575000035,
              5.5514254570000503,
              0,
              null
            ],
            [
              95.304557353000064,
              5.5514376910000465,
              0,
              null
            ],
            [
              95.304569074000085,
              5.5514429600000312,
              0,
              null
            ],
            [
              95.304583834000084,
              5.5514454700000329,
              0,
              null
            ],
            [
              95.304625864000059,
              5.551449213000069,
              0,
              null
            ],
            [
              95.304645601000061,
              5.5514509710000652,
              0,
              null
            ],
            [
              95.304651653000064,
              5.5514515110000389,
              0,
              null
            ],
            [
              95.304889394000043,
              5.5514726880000467,
              0,
              null
            ],
            [
              95.305082327000036,
              5.5514907370000515,
              0,
              null
            ],
            [
              95.305152937000059,
              5.5515017690000263,
              0,
              null
            ],
            [
              95.305186847000073,
              5.5515105770000446,
              0,
              null
            ],
            [
              95.305272927000033,
              5.5515441290000354,
              0,
              null
            ],
            [
              95.305287638000038,
              5.5515549550000287,
              0,
              null
            ],
            [
              95.305302277000067,
              5.551570373000061,
              0,
              null
            ],
            [
              95.305316890000086,
              5.5515954090000719,
              0,
              null
            ],
            [
              95.305322438000076,
              5.5516209680000657,
              0,
              null
            ],
            [
              95.305324007000081,
              5.5516344380000646,
              0,
              null
            ],
            [
              95.305330335000065,
              5.5516887750000592,
              0,
              null
            ],
            [
              95.305341412000075,
              5.5517838980000533,
              0,
              null
            ],
            [
              95.305350011000087,
              5.5518506700000216,
              0,
              null
            ],
            [
              95.305356591000077,
              5.5519017670000608,
              0,
              null
            ],
            [
              95.305360238000048,
              5.5519300820000694,
              0,
              null
            ],
            [
              95.305361730000072,
              5.5519383390000598,
              0,
              null
            ],
            [
              95.30537911600004,
              5.5520345380000435,
              0,
              null
            ],
            [
              95.305388918000062,
              5.5520680350000475,
              0,
              null
            ],
            [
              95.30539454500007,
              5.5520856400000298,
              0,
              null
            ],
            [
              95.30541009600006,
              5.5521342910000726,
              0,
              null
            ],
            [
              95.305433366000045,
              5.5521952780000561,
              0,
              null
            ],
            [
              95.305455416000086,
              5.5522491110000374,
              0,
              null
            ],
            [
              95.305456894000031,
              5.5522529450000206,
              0,
              null
            ],
            [
              95.305479048000052,
              5.5523104100000751,
              0,
              null
            ],
            [
              95.305499735000069,
              5.5523686360000397,
              0,
              null
            ],
            [
              95.305499845000043,
              5.5523689270000318,
              0,
              null
            ],
            [
              95.305522050000036,
              5.5524277650000613,
              0,
              null
            ],
            [
              95.305529474000082,
              5.552448408000032,
              0,
              null
            ],
            [
              95.30553498200004,
              5.5524637270000312,
              0,
              null
            ],
            [
              95.305535180000049,
              5.5524643000000538,
              0,
              null
            ],
            [
              95.305540294000082,
              5.5524790820000476,
              0,
              null
            ],
            [
              95.305548089000069,
              5.5525004110000395,
              0,
              null
            ],
            [
              95.305555849000086,
              5.5525216590000355,
              0,
              null
            ],
            [
              95.305562701000042,
              5.5525413290000643,
              0,
              null
            ],
            [
              95.305571200000031,
              5.5525671480000369,
              0,
              null
            ],
            [
              95.305578206000064,
              5.5525894560000211,
              0,
              null
            ],
            [
              95.30558671700004,
              5.5526169970000296,
              0,
              null
            ],
            [
              95.30559347600007,
              5.5526395370000614,
              0,
              null
            ],
            [
              95.305615017000036,
              5.5527106100000765,
              0,
              null
            ],
            [
              95.305629805000081,
              5.5527553330000501,
              0,
              null
            ],
            [
              95.305637365000052,
              5.5527808390000359,
              0,
              null
            ],
            [
              95.30563860400008,
              5.5527855710000722,
              0,
              null
            ],
            [
              95.305642750000061,
              5.5528014090000397,
              0,
              null
            ],
            [
              95.305646688000081,
              5.5528189120000206,
              0,
              null
            ],
            [
              95.305651152000053,
              5.5528532070000551,
              0,
              null
            ],
            [
              95.305651498000032,
              5.5528794470000662,
              0,
              null
            ],
            [
              95.305649197000037,
              5.5529118700000595,
              0,
              null
            ],
            [
              95.305645931000072,
              5.5529582910000386,
              0,
              null
            ],
            [
              95.305644846000064,
              5.5529661150000607,
              0,
              null
            ],
            [
              95.305638534000082,
              5.5530116330000396,
              0,
              null
            ],
            [
              95.30563253300005,
              5.5530438990000448,
              0,
              null
            ],
            [
              95.305621879000057,
              5.5530947550000747,
              0,
              null
            ],
            [
              95.305614615000081,
              5.553129426000055,
              0,
              null
            ],
            [
              95.305606759000057,
              5.553169356000069,
              0,
              null
            ],
            [
              95.305596251000054,
              5.5532115380000278,
              0,
              null
            ],
            [
              95.30559235000004,
              5.5532241240000531,
              0,
              null
            ],
            [
              95.305588838000062,
              5.5532367410000347,
              0,
              null
            ],
            [
              95.305594558000053,
              5.5532422250000764,
              0,
              null
            ],
            [
              95.305608149000079,
              5.553255259000025,
              0,
              null
            ],
            [
              95.305621557000052,
              5.5532649780000725,
              0,
              null
            ],
            [
              95.305624937000061,
              5.5532669400000714,
              0,
              null
            ],
            [
              95.305636982000067,
              5.5532739300000458,
              0,
              null
            ],
            [
              95.305651377000061,
              5.5532799750000663,
              0,
              null
            ],
            [
              95.30566774600004,
              5.5532854440000392,
              0,
              null
            ],
            [
              95.305668711000067,
              5.5532856440000273,
              0,
              null
            ],
            [
              95.305684901000063,
              5.5532890100000714,
              0,
              null
            ],
            [
              95.30570438400008,
              5.553292812000052,
              0,
              null
            ],
            [
              95.305723307000051,
              5.5532962360000511,
              0,
              null
            ],
            [
              95.305740624000066,
              5.553299748000029,
              0,
              null
            ],
            [
              95.305767692000074,
              5.5533052920000614,
              0,
              null
            ],
            [
              95.305787355000064,
              5.5533106900000462,
              0,
              null
            ],
            [
              95.305796069000053,
              5.5533130820000451,
              0,
              null
            ],
            [
              95.305813442000044,
              5.5533194140000433,
              0,
              null
            ],
            [
              95.305834184000048,
              5.5533292130000405,
              0,
              null
            ],
            [
              95.305855500000064,
              5.5533400580000603,
              0,
              null
            ],
            [
              95.305880552000076,
              5.5533538170000725,
              0,
              null
            ],
            [
              95.305892889000063,
              5.5533609610000667,
              0,
              null
            ],
            [
              95.305908799000065,
              5.553370176000044,
              0,
              null
            ],
            [
              95.305931736000048,
              5.5533851370000207,
              0,
              null
            ],
            [
              95.305955238000081,
              5.5534014700000398,
              0,
              null
            ],
            [
              95.305985640000074,
              5.553424365000069,
              0,
              null
            ],
            [
              95.305998982000062,
              5.5534357040000373,
              0,
              null
            ],
            [
              95.306012551000038,
              5.5534476440000731,
              0,
              null
            ],
            [
              95.30600202100004,
              5.5534586680000757,
              0,
              null
            ],
            [
              95.305984157000069,
              5.553481616000056,
              0,
              null
            ],
            [
              95.305963223000049,
              5.5535108220000211,
              0,
              null
            ],
            [
              95.305958989000032,
              5.5535170750000589,
              0,
              null
            ],
            [
              95.305953034000083,
              5.5535258700000441,
              0,
              null
            ],
            [
              95.30592828500005,
              5.553562419000059,
              0,
              null
            ],
            [
              95.305865610000069,
              5.5536431400000765,
              0,
              null
            ],
            [
              95.305858761000081,
              5.553651172000059,
              0,
              null
            ],
            [
              95.305850971000041,
              5.5536603080000759,
              0,
              null
            ],
            [
              95.305838088000087,
              5.5536735270000577,
              0,
              null
            ],
            [
              95.305821520000052,
              5.5536910170000624,
              0,
              null
            ],
            [
              95.305781859000035,
              5.5537328830000661,
              0,
              null
            ],
            [
              95.305776564000041,
              5.5537389350000694,
              0,
              null
            ],
            [
              95.305732361000082,
              5.5537894540000252,
              0,
              null
            ],
            [
              95.305720866000058,
              5.5538076580000393,
              0,
              null
            ],
            [
              95.305714465000051,
              5.5538249300000757,
              0,
              null
            ],
            [
              95.305713240000046,
              5.5538369840000428,
              0,
              null
            ],
            [
              95.305714302000069,
              5.553854923000074,
              0,
              null
            ],
            [
              95.305716078000046,
              5.5538643760000355,
              0,
              null
            ],
            [
              95.30572459800004,
              5.5538903530000425,
              0,
              null
            ],
            [
              95.305738729000041,
              5.5539121820000332,
              0,
              null
            ],
            [
              95.305742332000079,
              5.5539160500000548,
              0,
              null
            ],
            [
              95.305749809000076,
              5.553924079000069,
              0,
              null
            ],
            [
              95.305780047000042,
              5.553955869000049,
              0,
              null
            ],
            [
              95.305839469000034,
              5.554012293000028,
              0,
              null
            ],
            [
              95.305850251000038,
              5.5540225310000437,
              0,
              null
            ],
            [
              95.305867785000032,
              5.5540399260000299,
              0,
              null
            ],
            [
              95.305885697000065,
              5.5540597060000323,
              0,
              null
            ],
            [
              95.305896154000038,
              5.5540719560000298,
              0,
              null
            ],
            [
              95.305905563000067,
              5.5540829770000641,
              0,
              null
            ],
            [
              95.305927593000035,
              5.5541083000000526,
              0,
              null
            ],
            [
              95.305941873000052,
              5.5541241720000585,
              0,
              null
            ],
            [
              95.30594891800007,
              5.5541310140000633,
              0,
              null
            ],
            [
              95.305975207000074,
              5.5541541240000356,
              0,
              null
            ],
            [
              95.305996282000081,
              5.5541727980000246,
              0,
              null
            ],
            [
              95.306012857000042,
              5.5541895640000689,
              0,
              null
            ],
            [
              95.306033753000065,
              5.5542154620000588,
              0,
              null
            ],
            [
              95.30606918400008,
              5.5542627790000552,
              0,
              null
            ],
            [
              95.306083054000055,
              5.5542869050000263,
              0,
              null
            ],
            [
              95.306087557000069,
              5.554296407000038,
              0,
              null
            ],
            [
              95.30610444000007,
              5.5543320360000621,
              0,
              null
            ],
            [
              95.306122802000061,
              5.5543770240000754,
              0,
              null
            ],
            [
              95.306134889000077,
              5.5544149740000535,
              0,
              null
            ],
            [
              95.306142493000038,
              5.5544388480000748,
              0,
              null
            ],
            [
              95.30615838600005,
              5.5544936970000549,
              0,
              null
            ]
          ]
        ]
      },
      "properties" : {
        "FID" : 0,
        "OBJECTID" : 16469,
        "KDPPUM" : "11",
        "NAMOBJ" : "Punge Ujong",
        "REMARK" : " ",
        "KDPBPS" : " ",
        "FCODE" : "BA03070040",
        "LUASWH" : 0,
        "UUPP" : "RBI",
        "SRS_ID" : "SRGI 2013",
        "METADATA" : "TASWIL1000020200326DATA_BATAS_DESA_KELURAHAN",
        "KDEBPS" : " ",
        "KDEPUM" : "11.71.03.2016",
        "KDCBPS" : " ",
        "KDCPUM" : "11.71.03",
        "KDBBPS" : " ",
        "WADMKD" : "Punge Ujong",
        "WIADKD" : "0",
        "WADMKC" : "Meuraxa",
        "WIADKC" : " ",
        "WADMKK" : "Kota Banda Aceh",
        "WIADKK" : " ",
        "WADMPR" : "Aceh",
        "WIADPR" : " ",
        "TIPADM" : 9,
        "KDPKAB" : "11.71",
        "SHAPE_Leng" : 0.02012183688613,
        "SHAPE_Area" : 1.6500097955999999e-05
      }
    }
  ]
}