{
  "hasZ" : true,
  "hasM" : true,
  "type" : "FeatureCollection",
  "features" : [
    {
      "type" : "Feature",
      "id" : 0,
      "geometry" : {
        "type" : "Polygon",
        "coordinates" : [
          [
            [
              95.29055610000006,
              5.5452816650000614,
              0,
              null
            ],
            [
              95.29055214400006,
              5.5452663130000701,
              0,
              null
            ],
            [
              95.29054155700004,
              5.5452465670000493,
              0,
              null
            ],
            [
              95.290529027000048,
              5.5452350270000466,
              0,
              null
            ],
            [
              95.290515794000044,
              5.5452283800000259,
              0,
              null
            ],
            [
              95.290495281000062,
              5.5452220150000358,
              0,
              null
            ],
            [
              95.290475493000031,
              5.5452185930000724,
              0,
              null
            ],
            [
              95.290438278000067,
              5.5452161970000589,
              0,
              null
            ],
            [
              95.290409036000085,
              5.5452153430000521,
              0,
              null
            ],
            [
              95.290405833000079,
              5.5452151580000759,
              0,
              null
            ],
            [
              95.290395266000075,
              5.5452145470000573,
              0,
              null
            ],
            [
              95.290339915000061,
              5.5452140440000335,
              0,
              null
            ],
            [
              95.290336392000086,
              5.5452140130000203,
              0,
              null
            ],
            [
              95.290323289000071,
              5.5452138950000744,
              0,
              null
            ],
            [
              95.290316260000054,
              5.5452158020000297,
              0,
              null
            ],
            [
              95.290299402000073,
              5.5452159170000641,
              0,
              null
            ],
            [
              95.290276726000059,
              5.5452160710000271,
              0,
              null
            ],
            [
              95.290155535000054,
              5.5452168940000206,
              0,
              null
            ],
            [
              95.290143464000039,
              5.5452144910000243,
              0,
              null
            ],
            [
              95.290136278000034,
              5.5452132450000704,
              0,
              null
            ],
            [
              95.290107238000076,
              5.5452129170000717,
              0,
              null
            ],
            [
              95.290097547000073,
              5.5452128070000413,
              0,
              null
            ],
            [
              95.290091723000046,
              5.545212781000032,
              0,
              null
            ],
            [
              95.290001149000034,
              5.5452123760000518,
              0,
              null
            ],
            [
              95.289958050000052,
              5.5452131340000506,
              0,
              null
            ],
            [
              95.289929974000074,
              5.5452136280000559,
              0,
              null
            ],
            [
              95.289919629000053,
              5.54521436400006,
              0,
              null
            ],
            [
              95.289880946000039,
              5.5452171170000497,
              0,
              null
            ],
            [
              95.289861564000034,
              5.5452208530000462,
              0,
              null
            ],
            [
              95.289846527000066,
              5.5452260090000323,
              0,
              null
            ],
            [
              95.289834991000077,
              5.5452339090000464,
              0,
              null
            ],
            [
              95.289826694000055,
              5.5452462260000743,
              0,
              null
            ],
            [
              95.289813024000068,
              5.5452714260000562,
              0,
              null
            ],
            [
              95.289807938000081,
              5.5452837120000709,
              0,
              null
            ],
            [
              95.289804183000058,
              5.5452971320000302,
              0,
              null
            ],
            [
              95.289801204000071,
              5.5453153040000416,
              0,
              null
            ],
            [
              95.289801057000034,
              5.5453309870000567,
              0,
              null
            ],
            [
              95.289801221000062,
              5.5453324530000714,
              0,
              null
            ],
            [
              95.28980249500006,
              5.5453437720000238,
              0,
              null
            ],
            [
              95.289805647000037,
              5.5453610070000536,
              0,
              null
            ],
            [
              95.289809950000063,
              5.5453795120000677,
              0,
              null
            ],
            [
              95.289811141000087,
              5.5453936810000641,
              0,
              null
            ],
            [
              95.289810616000068,
              5.545412051000028,
              0,
              null
            ],
            [
              95.289812406000067,
              5.5454388390000418,
              0,
              null
            ],
            [
              95.289812630000085,
              5.5454421860000593,
              0,
              null
            ],
            [
              95.289812786000084,
              5.5454445290000649,
              0,
              null
            ],
            [
              95.28981321100008,
              5.5454508830000577,
              0,
              null
            ],
            [
              95.289818186000048,
              5.5454987090000714,
              0,
              null
            ],
            [
              95.289823646000059,
              5.5455436680000503,
              0,
              null
            ],
            [
              95.289825541000084,
              5.5455541800000674,
              0,
              null
            ],
            [
              95.289832358000069,
              5.5455920120000428,
              0,
              null
            ],
            [
              95.28983575500007,
              5.5456236820000413,
              0,
              null
            ],
            [
              95.289833945000055,
              5.5456456910000611,
              0,
              null
            ],
            [
              95.289828429000067,
              5.5456702990000508,
              0,
              null
            ],
            [
              95.289821755000048,
              5.5456848420000711,
              0,
              null
            ],
            [
              95.289805066000042,
              5.5457039440000244,
              0,
              null
            ],
            [
              95.289785750000078,
              5.5457153810000364,
              0,
              null
            ],
            [
              95.289772378000066,
              5.5457219500000292,
              0,
              null
            ],
            [
              95.289757947000055,
              5.5457275830000299,
              0,
              null
            ],
            [
              95.289753571000062,
              5.5457289460000538,
              0,
              null
            ],
            [
              95.289744485000085,
              5.5457317750000357,
              0,
              null
            ],
            [
              95.289725359000045,
              5.5457363510000732,
              0,
              null
            ],
            [
              95.289640667000072,
              5.5457510960000604,
              0,
              null
            ],
            [
              95.289530609000053,
              5.5457641130000752,
              0,
              null
            ],
            [
              95.289508795000074,
              5.5457666940000649,
              0,
              null
            ],
            [
              95.289485591000073,
              5.5457697280000389,
              0,
              null
            ],
            [
              95.289425243000039,
              5.5457776200000239,
              0,
              null
            ],
            [
              95.289381034000087,
              5.5457827170000655,
              0,
              null
            ],
            [
              95.289369957000076,
              5.5457839940000326,
              0,
              null
            ],
            [
              95.289305814000045,
              5.5457913880000547,
              0,
              null
            ],
            [
              95.289288121000084,
              5.5457936150000364,
              0,
              null
            ],
            [
              95.289215894000051,
              5.5458027010000706,
              0,
              null
            ],
            [
              95.289021157000036,
              5.5459513120000565,
              0,
              null
            ],
            [
              95.28902097100007,
              5.5459600560000695,
              0,
              null
            ],
            [
              95.289020821000065,
              5.5459670600000663,
              0,
              null
            ],
            [
              95.289017943000033,
              5.54598379600003,
              0,
              null
            ],
            [
              95.289015403000064,
              5.5459985650000476,
              0,
              null
            ],
            [
              95.289010470000051,
              5.5460200200000713,
              0,
              null
            ],
            [
              95.288998722000031,
              5.5460711160000642,
              0,
              null
            ],
            [
              95.288994357000036,
              5.5460754980000502,
              0,
              null
            ],
            [
              95.288993977000075,
              5.5460758800000463,
              0,
              null
            ],
            [
              95.288961721000078,
              5.5460669360000452,
              0,
              null
            ],
            [
              95.288934080000047,
              5.5460592700000575,
              0,
              null
            ],
            [
              95.288917593000065,
              5.5460546980000345,
              0,
              null
            ],
            [
              95.288885438000079,
              5.5460457810000321,
              0,
              null
            ],
            [
              95.288874323000073,
              5.5460435070000358,
              0,
              null
            ],
            [
              95.288522549000049,
              5.5459600480000404,
              0,
              null
            ],
            [
              95.288512250000053,
              5.5459586680000257,
              0,
              null
            ],
            [
              95.288490769000077,
              5.5459562120000214,
              0,
              null
            ],
            [
              95.28848927100006,
              5.5459560050000505,
              0,
              null
            ],
            [
              95.288484908000044,
              5.5459554030000504,
              0,
              null
            ],
            [
              95.288462805000052,
              5.5459523510000395,
              0,
              null
            ],
            [
              95.288439553000046,
              5.5459490340000457,
              0,
              null
            ],
            [
              95.288416287000075,
              5.5459445320000214,
              0,
              null
            ],
            [
              95.288406159000033,
              5.545942311000033,
              0,
              null
            ],
            [
              95.288395664000063,
              5.545940010000038,
              0,
              null
            ],
            [
              95.288375036000048,
              5.5459340160000465,
              0,
              null
            ],
            [
              95.288352940000038,
              5.5459289130000684,
              0,
              null
            ],
            [
              95.28833674200007,
              5.5459255310000231,
              0,
              null
            ],
            [
              95.288335301000075,
              5.5459252130000323,
              0,
              null
            ],
            [
              95.288317591000066,
              5.5459212850000768,
              0,
              null
            ],
            [
              95.288298435000058,
              5.5459158720000232,
              0,
              null
            ],
            [
              95.288283677000038,
              5.5459092310000528,
              0,
              null
            ],
            [
              95.288269478000075,
              5.5458999390000372,
              0,
              null
            ],
            [
              95.288254088000087,
              5.5458885910000504,
              0,
              null
            ],
            [
              95.288253958000041,
              5.5458884050000279,
              0,
              null
            ],
            [
              95.288247439000031,
              5.5458790350000413,
              0,
              null
            ],
            [
              95.28824360200008,
              5.545870945000047,
              0,
              null
            ],
            [
              95.288242454000056,
              5.5458685240000705,
              0,
              null
            ],
            [
              95.288242369000045,
              5.5458682660000704,
              0,
              null
            ],
            [
              95.288237233000075,
              5.5458527430000686,
              0,
              null
            ],
            [
              95.288231665000069,
              5.5458405340000354,
              0,
              null
            ],
            [
              95.288220910000064,
              5.5458216570000332,
              0,
              null
            ],
            [
              95.28822490500005,
              5.5458094380000489,
              0,
              null
            ],
            [
              95.288227126000038,
              5.5457887750000623,
              0,
              null
            ],
            [
              95.28822716500008,
              5.5457880580000278,
              0,
              null
            ],
            [
              95.288228229000083,
              5.5457683690000295,
              0,
              null
            ],
            [
              95.28822531600008,
              5.545761518000063,
              0,
              null
            ],
            [
              95.288224196000044,
              5.5457588840000653,
              0,
              null
            ],
            [
              95.288213274000043,
              5.5457526170000619,
              0,
              null
            ],
            [
              95.288199556000052,
              5.5457489550000219,
              0,
              null
            ],
            [
              95.28818246700007,
              5.5457462090000718,
              0,
              null
            ],
            [
              95.288160878000042,
              5.545743744000049,
              0,
              null
            ],
            [
              95.288163779000058,
              5.5456912230000626,
              0,
              null
            ],
            [
              95.288164788000074,
              5.5456598270000654,
              0,
              null
            ],
            [
              95.288166156000045,
              5.5456173350000313,
              0,
              null
            ],
            [
              95.288158622000083,
              5.5455329730000358,
              0,
              null
            ],
            [
              95.288157259000059,
              5.5455115370000385,
              0,
              null
            ],
            [
              95.288122949000069,
              5.5455161990000761,
              0,
              null
            ],
            [
              95.288080143000059,
              5.5455222610000305,
              0,
              null
            ],
            [
              95.288069796000059,
              5.5455237260000558,
              0,
              null
            ],
            [
              95.288077542000053,
              5.5455799550000506,
              0,
              null
            ],
            [
              95.288069858000085,
              5.5455991190000304,
              0,
              null
            ],
            [
              95.288047616000085,
              5.5456062100000736,
              0,
              null
            ],
            [
              95.28802285200004,
              5.5456141050000269,
              0,
              null
            ],
            [
              95.288018602000079,
              5.5456154600000218,
              0,
              null
            ],
            [
              95.287921572000073,
              5.5456266030000734,
              0,
              null
            ],
            [
              95.287913034000042,
              5.5456275840000444,
              0,
              null
            ],
            [
              95.287897952000037,
              5.5456293160000314,
              0,
              null
            ],
            [
              95.287843674000044,
              5.5456355490000533,
              0,
              null
            ],
            [
              95.287796688000071,
              5.5456348540000704,
              0,
              null
            ],
            [
              95.287773924000078,
              5.5456122220000452,
              0,
              null
            ],
            [
              95.287769286000071,
              5.545597606000058,
              0,
              null
            ],
            [
              95.287764259000085,
              5.5455817650000654,
              0,
              null
            ],
            [
              95.287764555000081,
              5.5455610710000656,
              0,
              null
            ],
            [
              95.287752183000066,
              5.5455579460000308,
              0,
              null
            ],
            [
              95.287734457000056,
              5.5455573930000241,
              0,
              null
            ],
            [
              95.287587029000065,
              5.5455723000000603,
              0,
              null
            ],
            [
              95.287567656000078,
              5.5455760090000581,
              0,
              null
            ],
            [
              95.287559190000081,
              5.5455819800000654,
              0,
              null
            ],
            [
              95.287556089000077,
              5.54559673600005,
              0,
              null
            ],
            [
              95.287555987000076,
              5.545617056000026,
              0,
              null
            ],
            [
              95.287556932000086,
              5.5456270750000272,
              0,
              null
            ],
            [
              95.287558493000063,
              5.5456436150000741,
              0,
              null
            ],
            [
              95.287567377000073,
              5.5457377150000298,
              0,
              null
            ],
            [
              95.287604075000047,
              5.5457348790000651,
              0,
              null
            ],
            [
              95.287605700000086,
              5.5457351200000744,
              0,
              null
            ],
            [
              95.287611016000085,
              5.5457359100000758,
              0,
              null
            ],
            [
              95.287611880000043,
              5.545736626000064,
              0,
              null
            ],
            [
              95.287617994000072,
              5.5457416950000606,
              0,
              null
            ],
            [
              95.287622483000064,
              5.5457548030000225,
              0,
              null
            ],
            [
              95.287627312000041,
              5.5458044280000536,
              0,
              null
            ],
            [
              95.287627831000066,
              5.5458107590000623,
              0,
              null
            ],
            [
              95.287634297000068,
              5.5458894610000584,
              0,
              null
            ],
            [
              95.287585727000078,
              5.5459203290000687,
              0,
              null
            ],
            [
              95.287552506000054,
              5.5459257430000548,
              0,
              null
            ],
            [
              95.287517376000039,
              5.5459314670000595,
              0,
              null
            ],
            [
              95.287422664000076,
              5.5459469020000256,
              0,
              null
            ],
            [
              95.28727925700008,
              5.545966902000032,
              0,
              null
            ],
            [
              95.287242797000033,
              5.5459719860000405,
              0,
              null
            ],
            [
              95.287191797000048,
              5.5459783930000413,
              0,
              null
            ],
            [
              95.287183735000042,
              5.5459794060000718,
              0,
              null
            ],
            [
              95.287146546000031,
              5.5459840760000247,
              0,
              null
            ],
            [
              95.28711783600005,
              5.5459876830000212,
              0,
              null
            ],
            [
              95.28708847200005,
              5.545992535000039,
              0,
              null
            ],
            [
              95.287030950000087,
              5.5460020390000295,
              0,
              null
            ],
            [
              95.287020742000038,
              5.5460034430000746,
              0,
              null
            ],
            [
              95.286989864000077,
              5.5460085960000356,
              0,
              null
            ],
            [
              95.286876242000062,
              5.5460356150000507,
              0,
              null
            ],
            [
              95.286865405000071,
              5.5460328550000213,
              0,
              null
            ],
            [
              95.286853390000033,
              5.5460308770000211,
              0,
              null
            ],
            [
              95.28683923300008,
              5.546030452000025,
              0,
              null
            ],
            [
              95.286827705000064,
              5.5460307230000581,
              0,
              null
            ],
            [
              95.286813729000073,
              5.5460327570000345,
              0,
              null
            ],
            [
              95.286800544000073,
              5.5460340010000664,
              0,
              null
            ],
            [
              95.286789405000036,
              5.5460346680000612,
              0,
              null
            ],
            [
              95.286724476000074,
              5.5460531210000568,
              0,
              null
            ],
            [
              95.286715224000034,
              5.5460557510000399,
              0,
              null
            ],
            [
              95.28668513000008,
              5.5460643040000264,
              0,
              null
            ],
            [
              95.286659026000052,
              5.5460724410000353,
              0,
              null
            ],
            [
              95.286657132000073,
              5.5460820210000747,
              0,
              null
            ],
            [
              95.286667805000036,
              5.5461234030000242,
              0,
              null
            ],
            [
              95.286669789000086,
              5.5461310920000528,
              0,
              null
            ],
            [
              95.286669283000037,
              5.5461333450000438,
              0,
              null
            ],
            [
              95.286662585000045,
              5.5461392820000697,
              0,
              null
            ],
            [
              95.286617009000054,
              5.546155097000053,
              0,
              null
            ],
            [
              95.286611978000053,
              5.5461568430000625,
              0,
              null
            ],
            [
              95.286592962000043,
              5.5461617660000684,
              0,
              null
            ],
            [
              95.286512296000069,
              5.5461826470000233,
              0,
              null
            ],
            [
              95.286483512000075,
              5.5461900980000678,
              0,
              null
            ],
            [
              95.286433257000056,
              5.5462033380000548,
              0,
              null
            ],
            [
              95.286274161000051,
              5.5462452520000625,
              0,
              null
            ],
            [
              95.28623501900006,
              5.5462507450000658,
              0,
              null
            ],
            [
              95.286235050000073,
              5.5462506610000446,
              0,
              null
            ],
            [
              95.286182113000052,
              5.5462579830000323,
              0,
              null
            ],
            [
              95.28603032500007,
              5.546264309000037,
              0,
              null
            ],
            [
              95.285864205000053,
              5.5462678220000612,
              0,
              null
            ],
            [
              95.285553514000071,
              5.5462919820000707,
              0,
              null
            ],
            [
              95.285265737000032,
              5.5463160550000339,
              0,
              null
            ],
            [
              95.285038111000063,
              5.5463398940000275,
              0,
              null
            ],
            [
              95.284348401000045,
              5.5463734110000473,
              0,
              null
            ],
            [
              95.283584799000039,
              5.5464337610000598,
              0,
              null
            ],
            [
              95.283297882000056,
              5.5464658410000425,
              0,
              null
            ],
            [
              95.283338678000064,
              5.5462158020000629,
              0,
              null
            ],
            [
              95.284718766000083,
              5.545121249000033,
              0,
              null
            ],
            [
              95.283833606000087,
              5.5436840570000641,
              0,
              null
            ],
            [
              95.283764847000043,
              5.5435843070000601,
              0,
              null
            ],
            [
              95.285504857000035,
              5.5424339930000315,
              0,
              null
            ],
            [
              95.285513949000062,
              5.5424309000000562,
              0,
              null
            ],
            [
              95.285557802000085,
              5.5424159820000227,
              0,
              null
            ],
            [
              95.285594877000051,
              5.542403370000045,
              0,
              null
            ],
            [
              95.285614572000043,
              5.5423966710000627,
              0,
              null
            ],
            [
              95.285656574000086,
              5.5423823830000742,
              0,
              null
            ],
            [
              95.28569673700008,
              5.54236872000007,
              0,
              null
            ],
            [
              95.285791584000037,
              5.5423364540000648,
              0,
              null
            ],
            [
              95.286020147000045,
              5.542200623000042,
              0,
              null
            ],
            [
              95.286371563000046,
              5.5419753060000403,
              0,
              null
            ],
            [
              95.28686721300005,
              5.541666732000067,
              0,
              null
            ],
            [
              95.287052729000038,
              5.5415464780000434,
              0,
              null
            ],
            [
              95.287339747000033,
              5.5413722920000623,
              0,
              null
            ],
            [
              95.287607417000061,
              5.5412107190000484,
              0,
              null
            ],
            [
              95.287924919000034,
              5.5410180020000439,
              0,
              null
            ],
            [
              95.288174741000034,
              5.5408697770000686,
              0,
              null
            ],
            [
              95.288317497000037,
              5.5407875180000588,
              0,
              null
            ],
            [
              95.288442449000058,
              5.5406970400000546,
              0,
              null
            ],
            [
              95.288525028000038,
              5.5406280390000688,
              0,
              null
            ],
            [
              95.288584557000036,
              5.5405708890000369,
              0,
              null
            ],
            [
              95.288686565000035,
              5.540444639000043,
              0,
              null
            ],
            [
              95.28878042100007,
              5.5403146610000249,
              0,
              null
            ],
            [
              95.28884929600008,
              5.5402167790000476,
              0,
              null
            ],
            [
              95.288885590000064,
              5.5401651990000573,
              0,
              null
            ],
            [
              95.28921396700008,
              5.5405471780000539,
              0,
              null
            ],
            [
              95.289375947000053,
              5.5407707700000515,
              0,
              null
            ],
            [
              95.289481113000079,
              5.5409616960000676,
              0,
              null
            ],
            [
              95.289580379000085,
              5.5411705830000528,
              0,
              null
            ],
            [
              95.289788186000067,
              5.5416666970000392,
              0,
              null
            ],
            [
              95.289971479000087,
              5.5419971660000442,
              0,
              null
            ],
            [
              95.290067162000071,
              5.5420506080000678,
              0,
              null
            ],
            [
              95.290431814000044,
              5.5422166130000505,
              0,
              null
            ],
            [
              95.290629241000033,
              5.5423473900000317,
              0,
              null
            ],
            [
              95.290784945000041,
              5.542490287000021,
              0,
              null
            ],
            [
              95.291037485000061,
              5.5429855790000602,
              0,
              null
            ],
            [
              95.291049788000066,
              5.5430811970000491,
              0,
              null
            ],
            [
              95.290952889000039,
              5.5433315000000221,
              0,
              null
            ],
            [
              95.29094972300004,
              5.5434391380000534,
              0,
              null
            ],
            [
              95.290986191000059,
              5.5436111960000289,
              0,
              null
            ],
            [
              95.291047459000083,
              5.5437149960000625,
              0,
              null
            ],
            [
              95.291055423000046,
              5.5439230390000489,
              0,
              null
            ],
            [
              95.291088588000036,
              5.5441668600000753,
              0,
              null
            ],
            [
              95.291157334000047,
              5.5443531430000235,
              0,
              null
            ],
            [
              95.291226040000083,
              5.5445286640000404,
              0,
              null
            ],
            [
              95.291230243000086,
              5.5446900850000702,
              0,
              null
            ],
            [
              95.291192617000036,
              5.5451458410000214,
              0,
              null
            ],
            [
              95.291153524000038,
              5.5452213300000608,
              0,
              null
            ],
            [
              95.291107089000036,
              5.5452502100000629,
              0,
              null
            ],
            [
              95.290692067000066,
              5.5453307420000328,
              0,
              null
            ],
            [
              95.290649089000055,
              5.5453273210000589,
              0,
              null
            ],
            [
              95.29055610000006,
              5.5452816650000614,
              0,
              null
            ]
          ]
        ]
      },
      "properties" : {
        "FID" : 0,
        "OBJECTID" : 1419,
        "KDPPUM" : "11",
        "NAMOBJ" : "Asoe Nanggroe",
        "REMARK" : " ",
        "KDPBPS" : " ",
        "FCODE" : "BA03070040",
        "LUASWH" : 0,
        "UUPP" : "RBI",
        "SRS_ID" : "SRGI 2013",
        "METADATA" : "TASWIL1000020200326DATA_BATAS_DESA_KELURAHAN",
        "KDEBPS" : " ",
        "KDEPUM" : "11.71.03.2009",
        "KDCBPS" : " ",
        "KDCPUM" : "11.71.03",
        "KDBBPS" : " ",
        "WADMKD" : "Asoe Nanggroe",
        "WIADKD" : "0",
        "WADMKC" : "Meuraxa",
        "WIADKC" : " ",
        "WADMKK" : "Kota Banda Aceh",
        "WIADKK" : " ",
        "WADMPR" : "Aceh",
        "WIADPR" : " ",
        "TIPADM" : 9,
        "KDPKAB" : "11.71",
        "SHAPE_Leng" : 0.025602159897230001,
        "SHAPE_Area" : 2.8728811018000001e-05
      }
    }
  ]
}