{
  "hasZ" : true,
  "hasM" : true,
  "type" : "FeatureCollection",
  "features" : [
    {
      "type" : "Feature",
      "id" : 0,
      "geometry" : {
        "type" : "Polygon",
        "coordinates" : [
          [
            [
              95.290782506000085,
              5.5345141240000544,
              0,
              null
            ],
            [
              95.290743649000035,
              5.5346234280000317,
              0,
              null
            ],
            [
              95.290714073000061,
              5.5348770580000632,
              0,
              null
            ],
            [
              95.290703732000054,
              5.5349191910000286,
              0,
              null
            ],
            [
              95.290662052000073,
              5.5350044950000665,
              0,
              null
            ],
            [
              95.290586606000033,
              5.5351182580000682,
              0,
              null
            ],
            [
              95.290573774000052,
              5.53513877000006,
              0,
              null
            ],
            [
              95.29051718900007,
              5.5352185150000537,
              0,
              null
            ],
            [
              95.29050972400006,
              5.5352290340000536,
              0,
              null
            ],
            [
              95.290502260000039,
              5.535239554000043,
              0,
              null
            ],
            [
              95.290443627000059,
              5.5353507230000218,
              0,
              null
            ],
            [
              95.290406649000033,
              5.5354005800000436,
              0,
              null
            ],
            [
              95.290362512000058,
              5.5354681960000676,
              0,
              null
            ],
            [
              95.290331243000082,
              5.5355300220000458,
              0,
              null
            ],
            [
              95.29031715900004,
              5.5355917810000506,
              0,
              null
            ],
            [
              95.290307558000052,
              5.5356838700000708,
              0,
              null
            ],
            [
              95.290304331000073,
              5.5357525000000578,
              0,
              null
            ],
            [
              95.290300338000065,
              5.5358445450000318,
              0,
              null
            ],
            [
              95.290288819000068,
              5.5360020180000333,
              0,
              null
            ],
            [
              95.290286819000073,
              5.5360472490000348,
              0,
              null
            ],
            [
              95.290283095000063,
              5.5360711010000614,
              0,
              null
            ],
            [
              95.29028044000006,
              5.536081384000056,
              0,
              null
            ],
            [
              95.290279637000083,
              5.5360844920000432,
              0,
              null
            ],
            [
              95.290277119000052,
              5.5360920930000361,
              0,
              null
            ],
            [
              95.290273546000037,
              5.5361028750000401,
              0,
              null
            ],
            [
              95.290278454000031,
              5.5361076190000631,
              0,
              null
            ],
            [
              95.290285272000062,
              5.5361164520000443,
              0,
              null
            ],
            [
              95.290297843000076,
              5.5361338850000266,
              0,
              null
            ],
            [
              95.290308296000035,
              5.5361472410000374,
              0,
              null
            ],
            [
              95.29032856300006,
              5.5361670670000649,
              0,
              null
            ],
            [
              95.290350557000068,
              5.5361858380000513,
              0,
              null
            ],
            [
              95.290377475000071,
              5.5362063350000312,
              0,
              null
            ],
            [
              95.29039434300006,
              5.5362199280000368,
              0,
              null
            ],
            [
              95.290417472000058,
              5.5362430340000515,
              0,
              null
            ],
            [
              95.290425244000062,
              5.536254136000025,
              0,
              null
            ],
            [
              95.290418005000049,
              5.5362590480000335,
              0,
              null
            ],
            [
              95.290408256000035,
              5.5362692550000361,
              0,
              null
            ],
            [
              95.290398277000065,
              5.5362807010000665,
              0,
              null
            ],
            [
              95.290386142000045,
              5.536296802000038,
              0,
              null
            ],
            [
              95.290374000000043,
              5.5363157500000284,
              0,
              null
            ],
            [
              95.290356639000038,
              5.5363475000000335,
              0,
              null
            ],
            [
              95.290339045000053,
              5.5363820980000469,
              0,
              null
            ],
            [
              95.290322024000034,
              5.5364180590000274,
              0,
              null
            ],
            [
              95.290305325000077,
              5.5364624170000525,
              0,
              null
            ],
            [
              95.290294539000058,
              5.5364939510000681,
              0,
              null
            ],
            [
              95.290282481000077,
              5.5365417170000342,
              0,
              null
            ],
            [
              95.290272581000067,
              5.5365876660000595,
              0,
              null
            ],
            [
              95.290265852000061,
              5.536632265000037,
              0,
              null
            ],
            [
              95.290259460000073,
              5.5366803790000745,
              0,
              null
            ],
            [
              95.290255001000048,
              5.5367171410000537,
              0,
              null
            ],
            [
              95.290247808000061,
              5.5367797750000705,
              0,
              null
            ],
            [
              95.290239340000085,
              5.5368624990000512,
              0,
              null
            ],
            [
              95.290234665000071,
              5.5368924560000323,
              0,
              null
            ],
            [
              95.290227385000037,
              5.536922865000065,
              0,
              null
            ],
            [
              95.290216250000071,
              5.5369575740000414,
              0,
              null
            ],
            [
              95.290201033000073,
              5.5369930850000628,
              0,
              null
            ],
            [
              95.290184689000057,
              5.5370266570000695,
              0,
              null
            ],
            [
              95.290166881000061,
              5.5370573960000229,
              0,
              null
            ],
            [
              95.290148495000039,
              5.5370877940000582,
              0,
              null
            ],
            [
              95.290119802000049,
              5.5371263500000509,
              0,
              null
            ],
            [
              95.290091910000058,
              5.5371595680000496,
              0,
              null
            ],
            [
              95.290071500000067,
              5.5371798590000481,
              0,
              null
            ],
            [
              95.290051886000072,
              5.5371959620000553,
              0,
              null
            ],
            [
              95.290033190000031,
              5.5372067190000394,
              0,
              null
            ],
            [
              95.290011655000058,
              5.5372160040000722,
              0,
              null
            ],
            [
              95.289989110000079,
              5.5372229070000571,
              0,
              null
            ],
            [
              95.289974501000074,
              5.5372267510000484,
              0,
              null
            ],
            [
              95.289954790000081,
              5.5372292220000645,
              0,
              null
            ],
            [
              95.289934289000087,
              5.5372305670000515,
              0,
              null
            ],
            [
              95.289904949000061,
              5.5372298490000276,
              0,
              null
            ],
            [
              95.289881735000051,
              5.537227218000055,
              0,
              null
            ],
            [
              95.289860674000067,
              5.5372235660000229,
              0,
              null
            ],
            [
              95.289841649000039,
              5.5372192370000448,
              0,
              null
            ],
            [
              95.289805192000074,
              5.5372095530000252,
              0,
              null
            ],
            [
              95.289791080000043,
              5.5372052680000365,
              0,
              null
            ],
            [
              95.289757178000059,
              5.5371949770000697,
              0,
              null
            ],
            [
              95.289690952000058,
              5.537169489000064,
              0,
              null
            ],
            [
              95.289628675000074,
              5.5371479720000707,
              0,
              null
            ],
            [
              95.289560856000037,
              5.5371255450000376,
              0,
              null
            ],
            [
              95.289494497000078,
              5.5371075430000474,
              0,
              null
            ],
            [
              95.289469588000031,
              5.5371028660000547,
              0,
              null
            ],
            [
              95.289435505000085,
              5.537098062000041,
              0,
              null
            ],
            [
              95.289397227000052,
              5.5370934920000536,
              0,
              null
            ],
            [
              95.28936959300006,
              5.5370907330000705,
              0,
              null
            ],
            [
              95.289338676000057,
              5.5370882040000424,
              0,
              null
            ],
            [
              95.289228356000081,
              5.5370869040000343,
              0,
              null
            ],
            [
              95.289194624000061,
              5.537086256000066,
              0,
              null
            ],
            [
              95.289128429000073,
              5.5370828150000762,
              0,
              null
            ],
            [
              95.289073977000044,
              5.5370784690000505,
              0,
              null
            ],
            [
              95.28898315400005,
              5.5370682170000691,
              0,
              null
            ],
            [
              95.288929946000053,
              5.5370635330000368,
              0,
              null
            ],
            [
              95.288845106000053,
              5.5370584910000389,
              0,
              null
            ],
            [
              95.288773258000049,
              5.5370534540000449,
              0,
              null
            ],
            [
              95.288687970000069,
              5.5370468230000256,
              0,
              null
            ],
            [
              95.288539643000036,
              5.5370338010000637,
              0,
              null
            ],
            [
              95.288457971000071,
              5.5370243450000203,
              0,
              null
            ],
            [
              95.288357553000083,
              5.5370103420000305,
              0,
              null
            ],
            [
              95.288303220000046,
              5.5370015850000414,
              0,
              null
            ],
            [
              95.28825611700006,
              5.5369941920000656,
              0,
              null
            ],
            [
              95.288209461000065,
              5.5369856670000672,
              0,
              null
            ],
            [
              95.28817106300005,
              5.5369770120000226,
              0,
              null
            ],
            [
              95.288160098000048,
              5.5369745410000633,
              0,
              null
            ],
            [
              95.288114692000079,
              5.5369627300000275,
              0,
              null
            ],
            [
              95.288055060000033,
              5.5369462740000586,
              0,
              null
            ],
            [
              95.288001969000049,
              5.5369321970000556,
              0,
              null
            ],
            [
              95.287968869000053,
              5.5369252650000362,
              0,
              null
            ],
            [
              95.287942782000073,
              5.5369212800000582,
              0,
              null
            ],
            [
              95.287918044000037,
              5.5369186640000407,
              0,
              null
            ],
            [
              95.287876579000056,
              5.5369156870000324,
              0,
              null
            ],
            [
              95.287842687000079,
              5.5369138470000507,
              0,
              null
            ],
            [
              95.287746555000069,
              5.5369117420000293,
              0,
              null
            ],
            [
              95.287646903000052,
              5.5369139260000679,
              0,
              null
            ],
            [
              95.287572456000078,
              5.5369181720000711,
              0,
              null
            ],
            [
              95.287503426000058,
              5.536923555000044,
              0,
              null
            ],
            [
              95.287456199000076,
              5.5369282660000749,
              0,
              null
            ],
            [
              95.287439142000039,
              5.5369289380000737,
              0,
              null
            ],
            [
              95.287425355000039,
              5.5369282500000736,
              0,
              null
            ],
            [
              95.287411013000053,
              5.5369265340000311,
              0,
              null
            ],
            [
              95.287393445000077,
              5.5369235950000757,
              0,
              null
            ],
            [
              95.287370800000076,
              5.5369184720000248,
              0,
              null
            ],
            [
              95.287283375000072,
              5.5368908960000454,
              0,
              null
            ],
            [
              95.287239353000075,
              5.5368789670000638,
              0,
              null
            ],
            [
              95.287228485000071,
              5.5368760210000687,
              0,
              null
            ],
            [
              95.287178327000049,
              5.5368668140000636,
              0,
              null
            ],
            [
              95.287143538000066,
              5.5368640740000501,
              0,
              null
            ],
            [
              95.287070330000063,
              5.53686435700007,
              0,
              null
            ],
            [
              95.286994519000075,
              5.5368657700000767,
              0,
              null
            ],
            [
              95.286917588000051,
              5.53686684500002,
              0,
              null
            ],
            [
              95.286787781000044,
              5.5368676530000585,
              0,
              null
            ],
            [
              95.286696273000075,
              5.5368670120000729,
              0,
              null
            ],
            [
              95.286605782000038,
              5.5368630950000579,
              0,
              null
            ],
            [
              95.286593766000067,
              5.5368619240000498,
              0,
              null
            ],
            [
              95.286506373000066,
              5.5368534000000409,
              0,
              null
            ],
            [
              95.286424925000063,
              5.5368437170000675,
              0,
              null
            ],
            [
              95.286375788000043,
              5.536837452000043,
              0,
              null
            ],
            [
              95.286336253000059,
              5.5368318740000291,
              0,
              null
            ],
            [
              95.286305189000075,
              5.536826417000043,
              0,
              null
            ],
            [
              95.286289603000057,
              5.5368225540000253,
              0,
              null
            ],
            [
              95.286270400000035,
              5.5368166530000735,
              0,
              null
            ],
            [
              95.286248483000065,
              5.5368086020000646,
              0,
              null
            ],
            [
              95.286213706000069,
              5.5367922750000389,
              0,
              null
            ],
            [
              95.286180168000044,
              5.5367722110000273,
              0,
              null
            ],
            [
              95.286137147000034,
              5.5367424120000237,
              0,
              null
            ],
            [
              95.286102708000044,
              5.5367130670000506,
              0,
              null
            ],
            [
              95.286050896000063,
              5.5366611820000458,
              0,
              null
            ],
            [
              95.285997946000066,
              5.5366134870000678,
              0,
              null
            ],
            [
              95.285966899000073,
              5.536588785000049,
              0,
              null
            ],
            [
              95.285942962000036,
              5.5365717840000457,
              0,
              null
            ],
            [
              95.285923087000072,
              5.5365596570000548,
              0,
              null
            ],
            [
              95.285906486000044,
              5.5365499140000338,
              0,
              null
            ],
            [
              95.285891355000047,
              5.5365425420000633,
              0,
              null
            ],
            [
              95.285867298000085,
              5.536533921000057,
              0,
              null
            ],
            [
              95.285832739000057,
              5.5365251770000441,
              0,
              null
            ],
            [
              95.285793195000053,
              5.5365198250000276,
              0,
              null
            ],
            [
              95.285764735000043,
              5.5365179910000393,
              0,
              null
            ],
            [
              95.285691076000035,
              5.5365183930000512,
              0,
              null
            ],
            [
              95.285590409000065,
              5.5365265730000601,
              0,
              null
            ],
            [
              95.285480469000049,
              5.5365394000000379,
              0,
              null
            ],
            [
              95.285426578000056,
              5.5365475080000692,
              0,
              null
            ],
            [
              95.285305332000064,
              5.5365716410000232,
              0,
              null
            ],
            [
              95.285211437000044,
              5.5365883190000318,
              0,
              null
            ],
            [
              95.285101614000041,
              5.5366082680000659,
              0,
              null
            ],
            [
              95.285027920000061,
              5.5366182170000684,
              0,
              null
            ],
            [
              95.285008592000054,
              5.5366196460000765,
              0,
              null
            ],
            [
              95.284984471000087,
              5.5366202900000303,
              0,
              null
            ],
            [
              95.284965630000045,
              5.5366169730000365,
              0,
              null
            ],
            [
              95.284929658000067,
              5.5366078430000698,
              0,
              null
            ],
            [
              95.284907521000036,
              5.5366016100000479,
              0,
              null
            ],
            [
              95.284876373000031,
              5.5365915910000467,
              0,
              null
            ],
            [
              95.284921646000043,
              5.5365579130000242,
              0,
              null
            ],
            [
              95.284957633000033,
              5.5365311430000475,
              0,
              null
            ],
            [
              95.285015034000082,
              5.5364884420000635,
              0,
              null
            ],
            [
              95.285162502000048,
              5.5363810910000666,
              0,
              null
            ],
            [
              95.285335099000065,
              5.5362559620000411,
              0,
              null
            ],
            [
              95.28546061600008,
              5.5361646410000276,
              0,
              null
            ],
            [
              95.285518220000085,
              5.5361232110000742,
              0,
              null
            ],
            [
              95.285589591000075,
              5.536071879000076,
              0,
              null
            ],
            [
              95.285682445000077,
              5.5360035260000586,
              0,
              null
            ],
            [
              95.285694602000035,
              5.5359945760000642,
              0,
              null
            ],
            [
              95.28577937700004,
              5.5359337480000477,
              0,
              null
            ],
            [
              95.285843947000046,
              5.5358876610000607,
              0,
              null
            ],
            [
              95.285883554000065,
              5.5358576300000664,
              0,
              null
            ],
            [
              95.285991978000084,
              5.5357784440000728,
              0,
              null
            ],
            [
              95.286030121000067,
              5.5357508280000616,
              0,
              null
            ],
            [
              95.286090786000045,
              5.5357073400000445,
              0,
              null
            ],
            [
              95.286156210000058,
              5.5356582120000439,
              0,
              null
            ],
            [
              95.286221643000033,
              5.5356113980000714,
              0,
              null
            ],
            [
              95.286284760000058,
              5.5355651620000685,
              0,
              null
            ],
            [
              95.286348310000051,
              5.5355189250000763,
              0,
              null
            ],
            [
              95.286388898000041,
              5.5354907460000504,
              0,
              null
            ],
            [
              95.286364811000055,
              5.5354738680000537,
              0,
              null
            ],
            [
              95.286350488000039,
              5.5354618950000258,
              0,
              null
            ],
            [
              95.286344309000071,
              5.5354561460000582,
              0,
              null
            ],
            [
              95.28633650200004,
              5.535447050000073,
              0,
              null
            ],
            [
              95.286329883000064,
              5.5354383620000362,
              0,
              null
            ],
            [
              95.286321713000063,
              5.5354298060000247,
              0,
              null
            ],
            [
              95.286311883000053,
              5.53542365200002,
              0,
              null
            ],
            [
              95.286266866000062,
              5.5354026650000492,
              0,
              null
            ],
            [
              95.286191993000045,
              5.5353781590000608,
              0,
              null
            ],
            [
              95.286155352000037,
              5.5353676590000305,
              0,
              null
            ],
            [
              95.286050407000062,
              5.5353375850000361,
              0,
              null
            ],
            [
              95.285988367000073,
              5.5353235150000728,
              0,
              null
            ],
            [
              95.285966611000049,
              5.5353174430000536,
              0,
              null
            ],
            [
              95.285953795000069,
              5.5353114270000674,
              0,
              null
            ],
            [
              95.285945985000069,
              5.535302626000032,
              0,
              null
            ],
            [
              95.285939692000056,
              5.5352896330000476,
              0,
              null
            ],
            [
              95.285934821000069,
              5.5352756680000539,
              0,
              null
            ],
            [
              95.285934151000049,
              5.5352633590000551,
              0,
              null
            ],
            [
              95.285934849000057,
              5.5352431450000381,
              0,
              null
            ],
            [
              95.285949220000077,
              5.5351652940000236,
              0,
              null
            ],
            [
              95.285963389000074,
              5.5350989650000315,
              0,
              null
            ],
            [
              95.28599723800005,
              5.5349627650000457,
              0,
              null
            ],
            [
              95.286043714000073,
              5.5347672820000753,
              0,
              null
            ],
            [
              95.286057200000073,
              5.5347154520000572,
              0,
              null
            ],
            [
              95.28606181300006,
              5.5346951500000614,
              0,
              null
            ],
            [
              95.28576462400008,
              5.53461638400006,
              0,
              null
            ],
            [
              95.285754263000058,
              5.5346107380000262,
              0,
              null
            ],
            [
              95.28574493900004,
              5.5346093640000618,
              0,
              null
            ],
            [
              95.285729766000031,
              5.5346095760000367,
              0,
              null
            ],
            [
              95.285716705000084,
              5.5346103230000381,
              0,
              null
            ],
            [
              95.285703118000072,
              5.5346124000000714,
              0,
              null
            ],
            [
              95.285687391000067,
              5.5346163390000243,
              0,
              null
            ],
            [
              95.285670592000031,
              5.5346208150000393,
              0,
              null
            ],
            [
              95.28565833600004,
              5.5346218290000593,
              0,
              null
            ],
            [
              95.28564556300006,
              5.5346199080000247,
              0,
              null
            ],
            [
              95.285630971000046,
              5.534609352000075,
              0,
              null
            ],
            [
              95.28542716700008,
              5.5345686640000622,
              0,
              null
            ],
            [
              95.285047207000048,
              5.5344842770000469,
              0,
              null
            ],
            [
              95.284770506000086,
              5.534407854000051,
              0,
              null
            ],
            [
              95.284040258000061,
              5.5343079710000325,
              0,
              null
            ],
            [
              95.283952233000036,
              5.5342861630000471,
              0,
              null
            ],
            [
              95.283909348000066,
              5.5342775150000421,
              0,
              null
            ],
            [
              95.283867789000055,
              5.5342688620000331,
              0,
              null
            ],
            [
              95.283822056000076,
              5.534260803000052,
              0,
              null
            ],
            [
              95.283773489000055,
              5.5342525840000576,
              0,
              null
            ],
            [
              95.28368449900006,
              5.5342379670000241,
              0,
              null
            ],
            [
              95.28364788600004,
              5.5342323230000261,
              0,
              null
            ],
            [
              95.283619818000034,
              5.534229276000076,
              0,
              null
            ],
            [
              95.283581702000049,
              5.5342268650000506,
              0,
              null
            ],
            [
              95.283526903000052,
              5.5342246530000239,
              0,
              null
            ],
            [
              95.283513431000074,
              5.5342233080000369,
              0,
              null
            ],
            [
              95.283516370000086,
              5.5341797080000674,
              0,
              null
            ],
            [
              95.283530567000071,
              5.5339908030000515,
              0,
              null
            ],
            [
              95.283554073000062,
              5.5336903030000713,
              0,
              null
            ],
            [
              95.283572133000064,
              5.5334889930000486,
              0,
              null
            ],
            [
              95.28357292000004,
              5.5334376740000266,
              0,
              null
            ],
            [
              95.283572184000036,
              5.533412773000066,
              0,
              null
            ],
            [
              95.283567946000062,
              5.5333851020000679,
              0,
              null
            ],
            [
              95.28357400200008,
              5.5333665070000393,
              0,
              null
            ],
            [
              95.283580795000034,
              5.5333277760000215,
              0,
              null
            ],
            [
              95.283588129000066,
              5.5332665150000366,
              0,
              null
            ],
            [
              95.283593379000081,
              5.5332004540000526,
              0,
              null
            ],
            [
              95.283597394000083,
              5.5331230070000288,
              0,
              null
            ],
            [
              95.283602827000038,
              5.5330391280000413,
              0,
              null
            ],
            [
              95.283608302000061,
              5.5329610790000743,
              0,
              null
            ],
            [
              95.283614079000074,
              5.5328866900000548,
              0,
              null
            ],
            [
              95.283618345000036,
              5.5328254580000475,
              0,
              null
            ],
            [
              95.283618761000071,
              5.5327997400000299,
              0,
              null
            ],
            [
              95.283616013000085,
              5.5327794570000606,
              0,
              null
            ],
            [
              95.283612566000045,
              5.5327653060000443,
              0,
              null
            ],
            [
              95.283618343000057,
              5.5327429250000364,
              0,
              null
            ],
            [
              95.283627116000048,
              5.5326635840000336,
              0,
              null
            ],
            [
              95.283634819000042,
              5.5325622230000704,
              0,
              null
            ],
            [
              95.283653796000067,
              5.5322274310000239,
              0,
              null
            ],
            [
              95.283661261000077,
              5.5321234490000393,
              0,
              null
            ],
            [
              95.283666706000076,
              5.5321226600000273,
              0,
              null
            ],
            [
              95.283672145000082,
              5.5321222680000233,
              0,
              null
            ],
            [
              95.283677192000084,
              5.5321210830000496,
              0,
              null
            ],
            [
              95.283680293000032,
              5.5321179610000399,
              0,
              null
            ],
            [
              95.283681449000085,
              5.5321113400000286,
              0,
              null
            ],
            [
              95.283685130000038,
              5.532005439000045,
              0,
              null
            ],
            [
              95.283688188000042,
              5.5319379100000674,
              0,
              null
            ],
            [
              95.28368848100007,
              5.5319314570000415,
              0,
              null
            ],
            [
              95.283689638000055,
              5.5319295090000651,
              0,
              null
            ],
            [
              95.283690810000053,
              5.5319295040000611,
              0,
              null
            ],
            [
              95.283808563000036,
              5.5319378370000436,
              0,
              null
            ],
            [
              95.283833163000054,
              5.5319399230000386,
              0,
              null
            ],
            [
              95.283880460000034,
              5.5319439330000364,
              0,
              null
            ],
            [
              95.283964790000084,
              5.5319527200000493,
              0,
              null
            ],
            [
              95.284133455000074,
              5.5319621210000491,
              0,
              null
            ],
            [
              95.284192527000073,
              5.5319666850000431,
              0,
              null
            ],
            [
              95.284203017000038,
              5.5319686060000208,
              0,
              null
            ],
            [
              95.284208073000059,
              5.5319721030000437,
              0,
              null
            ],
            [
              95.284210032000033,
              5.5319771570000285,
              0,
              null
            ],
            [
              95.284329373000048,
              5.5319833320000384,
              0,
              null
            ],
            [
              95.284327998000037,
              5.5319940850000648,
              0,
              null
            ],
            [
              95.284403069000064,
              5.5319948720000411,
              0,
              null
            ],
            [
              95.284563021000054,
              5.5320048410000595,
              0,
              null
            ],
            [
              95.284576925000067,
              5.5319632330000559,
              0,
              null
            ],
            [
              95.284594822000031,
              5.5318146200000342,
              0,
              null
            ],
            [
              95.284616385000049,
              5.531631897000068,
              0,
              null
            ],
            [
              95.284619086000077,
              5.5315809680000712,
              0,
              null
            ],
            [
              95.284616227000072,
              5.5315482650000263,
              0,
              null
            ],
            [
              95.284596108000073,
              5.5314940070000489,
              0,
              null
            ],
            [
              95.284599989000071,
              5.5314920580000262,
              0,
              null
            ],
            [
              95.284602311000071,
              5.5314858210000466,
              0,
              null
            ],
            [
              95.284601015000078,
              5.5314208050000389,
              0,
              null
            ],
            [
              95.28460178000006,
              5.5314134080000485,
              0,
              null
            ],
            [
              95.284636976000058,
              5.5311315900000295,
              0,
              null
            ],
            [
              95.284782157000052,
              5.5311242380000749,
              0,
              null
            ],
            [
              95.285560242000031,
              5.5311313780000546,
              0,
              null
            ],
            [
              95.285581656000033,
              5.5310956870000609,
              0,
              null
            ],
            [
              95.285624488000053,
              5.5307958720000556,
              0,
              null
            ],
            [
              95.285988545000066,
              5.5308315660000744,
              0,
              null
            ],
            [
              95.286459678000085,
              5.5308743950000689,
              0,
              null
            ],
            [
              95.28673333100005,
              5.5309226860000535,
              0,
              null
            ],
            [
              95.286822111000049,
              5.5309473420000472,
              0,
              null
            ],
            [
              95.286887670000056,
              5.5309639020000532,
              0,
              null
            ],
            [
              95.286962267000035,
              5.5309807850000539,
              0,
              null
            ],
            [
              95.287027697000042,
              5.530996397000024,
              0,
              null
            ],
            [
              95.287070619000076,
              5.531007010000053,
              0,
              null
            ],
            [
              95.28716154600005,
              5.5310283360000767,
              0,
              null
            ],
            [
              95.28725040900008,
              5.5310476170000697,
              0,
              null
            ],
            [
              95.287329342000078,
              5.5310630050000213,
              0,
              null
            ],
            [
              95.287393931000054,
              5.5310737300000596,
              0,
              null
            ],
            [
              95.287441179000041,
              5.5310791790000735,
              0,
              null
            ],
            [
              95.287457864000032,
              5.5310803530000499,
              0,
              null
            ],
            [
              95.287477072000058,
              5.5310807310000314,
              0,
              null
            ],
            [
              95.287489348000065,
              5.5310802050000234,
              0,
              null
            ],
            [
              95.287498307000078,
              5.5310781090000205,
              0,
              null
            ],
            [
              95.287507740000081,
              5.5310747460000584,
              0,
              null
            ],
            [
              95.287515264000035,
              5.5310699810000301,
              0,
              null
            ],
            [
              95.287531346000037,
              5.531058038000026,
              0,
              null
            ],
            [
              95.287541717000067,
              5.5310494410000501,
              0,
              null
            ],
            [
              95.287534599000082,
              5.5310331970000561,
              0,
              null
            ],
            [
              95.287534022000045,
              5.5310311490000572,
              0,
              null
            ],
            [
              95.287887355000066,
              5.5310599930000421,
              0,
              null
            ],
            [
              95.287976708000087,
              5.5310612690000767,
              0,
              null
            ],
            [
              95.287978380000084,
              5.5310615140000436,
              0,
              null
            ],
            [
              95.288101859000051,
              5.5310787360000404,
              0,
              null
            ],
            [
              95.288234318000036,
              5.5310946500000568,
              0,
              null
            ],
            [
              95.28833449800004,
              5.5311102540000547,
              0,
              null
            ],
            [
              95.288359387000071,
              5.5311148580000236,
              0,
              null
            ],
            [
              95.288374680000061,
              5.5311199870000678,
              0,
              null
            ],
            [
              95.288384791000055,
              5.5311265650000223,
              0,
              null
            ],
            [
              95.288394588000074,
              5.5311358200000313,
              0,
              null
            ],
            [
              95.288403310000035,
              5.5311494990000369,
              0,
              null
            ],
            [
              95.288408583000034,
              5.5311646190000374,
              0,
              null
            ],
            [
              95.288409444000081,
              5.5311752270000625,
              0,
              null
            ],
            [
              95.288420812000084,
              5.5311759080000229,
              0,
              null
            ],
            [
              95.288426727000058,
              5.531176045000052,
              0,
              null
            ],
            [
              95.288677712000037,
              5.5311757400000374,
              0,
              null
            ],
            [
              95.288791100000083,
              5.5311782920000496,
              0,
              null
            ],
            [
              95.288789812000061,
              5.5312075940000227,
              0,
              null
            ],
            [
              95.288786702000039,
              5.5312365590000354,
              0,
              null
            ],
            [
              95.288780128000042,
              5.53129592800002,
              0,
              null
            ],
            [
              95.288774940000053,
              5.5313424550000718,
              0,
              null
            ],
            [
              95.288774986000078,
              5.5313520460000518,
              0,
              null
            ],
            [
              95.288776078000069,
              5.5313547540000627,
              0,
              null
            ],
            [
              95.288779341000065,
              5.531356368000047,
              0,
              null
            ],
            [
              95.288853234000044,
              5.5313654110000243,
              0,
              null
            ],
            [
              95.288890457000036,
              5.5313701130000368,
              0,
              null
            ],
            [
              95.288914297000076,
              5.5313716300000237,
              0,
              null
            ],
            [
              95.288947893000056,
              5.531373995000024,
              0,
              null
            ],
            [
              95.28900913800004,
              5.5313807550000433,
              0,
              null
            ],
            [
              95.28904996600005,
              5.5313847190000729,
              0,
              null
            ],
            [
              95.289056850000065,
              5.5313844590000372,
              0,
              null
            ],
            [
              95.289061479000054,
              5.5313828130000502,
              0,
              null
            ],
            [
              95.289064325000083,
              5.5313815540000633,
              0,
              null
            ],
            [
              95.289067507000084,
              5.5313761820000309,
              0,
              null
            ],
            [
              95.289071479000086,
              5.5313511820000372,
              0,
              null
            ],
            [
              95.289097828000081,
              5.5311651050000705,
              0,
              null
            ],
            [
              95.289117748000081,
              5.5310129680000273,
              0,
              null
            ],
            [
              95.289135366000039,
              5.5308649440000295,
              0,
              null
            ],
            [
              95.289142505000086,
              5.5307988050000745,
              0,
              null
            ],
            [
              95.289145336000047,
              5.5307835670000713,
              0,
              null
            ],
            [
              95.289148829000055,
              5.5307765420000692,
              0,
              null
            ],
            [
              95.28915343500006,
              5.5307708110000249,
              0,
              null
            ],
            [
              95.289171528000054,
              5.5307557270000416,
              0,
              null
            ],
            [
              95.289194945000077,
              5.5307363370000644,
              0,
              null
            ],
            [
              95.289202058000058,
              5.530734882000047,
              0,
              null
            ],
            [
              95.289207581000085,
              5.5307353850000709,
              0,
              null
            ],
            [
              95.289218112000071,
              5.5307385530000488,
              0,
              null
            ],
            [
              95.289280716000064,
              5.5307585870000366,
              0,
              null
            ],
            [
              95.289369986000054,
              5.5307893360000548,
              0,
              null
            ],
            [
              95.289478554000084,
              5.530820947000052,
              0,
              null
            ],
            [
              95.289555279000069,
              5.5308391920000304,
              0,
              null
            ],
            [
              95.289633594000065,
              5.5308573810000325,
              0,
              null
            ],
            [
              95.289708346000054,
              5.5308749480000756,
              0,
              null
            ],
            [
              95.289855727000031,
              5.5309126390000642,
              0,
              null
            ],
            [
              95.289911167000071,
              5.530901229000051,
              0,
              null
            ],
            [
              95.289922584000067,
              5.5309071240000662,
              0,
              null
            ],
            [
              95.289952024000058,
              5.5309173690000648,
              0,
              null
            ],
            [
              95.290003578000039,
              5.5309331150000389,
              0,
              null
            ],
            [
              95.290141360000064,
              5.5309837020000714,
              0,
              null
            ],
            [
              95.290154539000071,
              5.5309885400000667,
              0,
              null
            ],
            [
              95.29023079600006,
              5.5310187980000478,
              0,
              null
            ],
            [
              95.290294464000056,
              5.5310433380000745,
              0,
              null
            ],
            [
              95.290315055000065,
              5.5310515750000491,
              0,
              null
            ],
            [
              95.290328664000072,
              5.5310550840000587,
              0,
              null
            ],
            [
              95.290344703000073,
              5.5312505760000477,
              0,
              null
            ],
            [
              95.290349645000049,
              5.531294563000074,
              0,
              null
            ],
            [
              95.290414703000067,
              5.5315774850000707,
              0,
              null
            ],
            [
              95.290465303000076,
              5.5318250650000209,
              0,
              null
            ],
            [
              95.29052673700005,
              5.5321587030000501,
              0,
              null
            ],
            [
              95.290589478000072,
              5.5323354450000579,
              0,
              null
            ],
            [
              95.29060770500007,
              5.5323901000000433,
              0,
              null
            ],
            [
              95.290601220000042,
              5.5323949680000624,
              0,
              null
            ],
            [
              95.29048479100004,
              5.5324796020000235,
              0,
              null
            ],
            [
              95.290309767000053,
              5.5326110500000709,
              0,
              null
            ],
            [
              95.290271435000079,
              5.5326399250000691,
              0,
              null
            ],
            [
              95.290166139000064,
              5.5327192450000666,
              0,
              null
            ],
            [
              95.290007340000045,
              5.532836011000029,
              0,
              null
            ],
            [
              95.290022595000039,
              5.5328584290000435,
              0,
              null
            ],
            [
              95.290022623000084,
              5.5328584620000356,
              0,
              null
            ],
            [
              95.290035313000033,
              5.5328715520000742,
              0,
              null
            ],
            [
              95.290047989000072,
              5.5328856010000322,
              0,
              null
            ],
            [
              95.290059911000071,
              5.5328942740000571,
              0,
              null
            ],
            [
              95.290070593000053,
              5.5328997730000538,
              0,
              null
            ],
            [
              95.290091315000041,
              5.532906826000044,
              0,
              null
            ],
            [
              95.290121961000068,
              5.5329139660000237,
              0,
              null
            ],
            [
              95.290172098000085,
              5.5329244480000739,
              0,
              null
            ],
            [
              95.290232967000065,
              5.5329389470000478,
              0,
              null
            ],
            [
              95.290434937000043,
              5.5329828950000319,
              0,
              null
            ],
            [
              95.290555900000072,
              5.5330077270000402,
              0,
              null
            ],
            [
              95.290664111000069,
              5.5330310100000588,
              0,
              null
            ],
            [
              95.290661106000073,
              5.5330442310000763,
              0,
              null
            ],
            [
              95.290620084000068,
              5.5332246850000502,
              0,
              null
            ],
            [
              95.290582373000063,
              5.5333932420000451,
              0,
              null
            ],
            [
              95.290541893000068,
              5.5335639620000734,
              0,
              null
            ],
            [
              95.290508332000059,
              5.5337065420000613,
              0,
              null
            ],
            [
              95.290487190000078,
              5.5338021260000687,
              0,
              null
            ],
            [
              95.290448446000084,
              5.533982672000036,
              0,
              null
            ],
            [
              95.290415006000046,
              5.5341497130000334,
              0,
              null
            ],
            [
              95.29038937100006,
              5.5342913950000252,
              0,
              null
            ],
            [
              95.290384629000073,
              5.5343295950000311,
              0,
              null
            ],
            [
              95.290384073000041,
              5.5343469800000662,
              0,
              null
            ],
            [
              95.290383876000078,
              5.534360720000052,
              0,
              null
            ],
            [
              95.290382464000061,
              5.5343788490000634,
              0,
              null
            ],
            [
              95.290404157000069,
              5.5343826980000586,
              0,
              null
            ],
            [
              95.29042282000006,
              5.5343914030000292,
              0,
              null
            ],
            [
              95.290487366000036,
              5.534414249000065,
              0,
              null
            ],
            [
              95.29063893600005,
              5.5344613460000573,
              0,
              null
            ],
            [
              95.290782506000085,
              5.5345141240000544,
              0,
              null
            ]
          ]
        ]
      },
      "properties" : {
        "FID" : 0,
        "OBJECTID" : 10406,
        "KDPPUM" : "11",
        "NAMOBJ" : "Lampoh Daya",
        "REMARK" : " ",
        "KDPBPS" : " ",
        "FCODE" : "BA03070040",
        "LUASWH" : 0,
        "UUPP" : "RBI",
        "SRS_ID" : "SRGI 2013",
        "METADATA" : "TASWIL1000020200326DATA_BATAS_DESA_KELURAHAN",
        "KDEBPS" : " ",
        "KDEPUM" : "11.71.08.2005",
        "KDCBPS" : " ",
        "KDCPUM" : "11.71.08",
        "KDBBPS" : " ",
        "WADMKD" : "Lampoh Daya",
        "WIADKD" : "0",
        "WADMKC" : "Jaya Baru",
        "WIADKC" : " ",
        "WADMKK" : "Kota Banda Aceh",
        "WIADKK" : " ",
        "WADMPR" : "Aceh",
        "WIADPR" : " ",
        "TIPADM" : 9,
        "KDPKAB" : "11.71",
        "SHAPE_Leng" : 0.029467016949325998,
        "SHAPE_Area" : 3.4087850589999999e-05
      }
    }
  ]
}