{
  "hasZ" : true,
  "hasM" : true,
  "type" : "FeatureCollection",
  "features" : [
    {
      "type" : "Feature",
      "id" : 0,
      "geometry" : {
        "type" : "Polygon",
        "coordinates" : [
          [
            [
              95.311989707000066,
              5.5285028450000482,
              0,
              null
            ],
            [
              95.311985293000077,
              5.5285549250000372,
              0,
              null
            ],
            [
              95.311984261000077,
              5.5285656910000398,
              0,
              null
            ],
            [
              95.311957280000058,
              5.5286246310000706,
              0,
              null
            ],
            [
              95.311956945000077,
              5.5286307310000211,
              0,
              null
            ],
            [
              95.311965627000063,
              5.5286727440000618,
              0,
              null
            ],
            [
              95.312026223000032,
              5.5288542040000266,
              0,
              null
            ],
            [
              95.31203196000007,
              5.528870907000055,
              0,
              null
            ],
            [
              95.312050832000068,
              5.5289258530000325,
              0,
              null
            ],
            [
              95.312053287000083,
              5.5289447800000744,
              0,
              null
            ],
            [
              95.312053182000056,
              5.5289618740000606,
              0,
              null
            ],
            [
              95.312049382000055,
              5.5289893040000493,
              0,
              null
            ],
            [
              95.312035381000044,
              5.5290751820000423,
              0,
              null
            ],
            [
              95.312033437000082,
              5.5290871050000305,
              0,
              null
            ],
            [
              95.312032676000058,
              5.5290917740000509,
              0,
              null
            ],
            [
              95.311998307000067,
              5.5292876340000703,
              0,
              null
            ],
            [
              95.311986494000053,
              5.5293538650000755,
              0,
              null
            ],
            [
              95.311978585000077,
              5.5293776420000427,
              0,
              null
            ],
            [
              95.311973097000077,
              5.5293839360000447,
              0,
              null
            ],
            [
              95.311965562000069,
              5.5293925800000352,
              0,
              null
            ],
            [
              95.31193440900006,
              5.5294128320000482,
              0,
              null
            ],
            [
              95.311926322000033,
              5.5294234030000666,
              0,
              null
            ],
            [
              95.311924404000081,
              5.5294313020000345,
              0,
              null
            ],
            [
              95.311920186000066,
              5.5294531480000728,
              0,
              null
            ],
            [
              95.311916033000045,
              5.5295047020000538,
              0,
              null
            ],
            [
              95.311913430000061,
              5.5295370310000749,
              0,
              null
            ],
            [
              95.311913376000064,
              5.5295836550000672,
              0,
              null
            ],
            [
              95.311915569000064,
              5.5296324000000254,
              0,
              null
            ],
            [
              95.311915637000084,
              5.5296339220000732,
              0,
              null
            ],
            [
              95.311918253000044,
              5.5296613490000368,
              0,
              null
            ],
            [
              95.311921970000071,
              5.5297002970000335,
              0,
              null
            ],
            [
              95.311923377000085,
              5.5297150460000353,
              0,
              null
            ],
            [
              95.311926401000051,
              5.5297666120000599,
              0,
              null
            ],
            [
              95.311926449000055,
              5.5297976980000385,
              0,
              null
            ],
            [
              95.311912914000061,
              5.5297969730000318,
              0,
              null
            ],
            [
              95.311858162000078,
              5.529796579000049,
              0,
              null
            ],
            [
              95.311792334000074,
              5.5297961050000595,
              0,
              null
            ],
            [
              95.31163465800006,
              5.5297825910000711,
              0,
              null
            ],
            [
              95.311369264000064,
              5.5298037130000353,
              0,
              null
            ],
            [
              95.311357353000062,
              5.5298097380000399,
              0,
              null
            ],
            [
              95.311346111000034,
              5.5300039020000327,
              0,
              null
            ],
            [
              95.311346997000044,
              5.5300926910000499,
              0,
              null
            ],
            [
              95.311350892000064,
              5.5301083670000253,
              0,
              null
            ],
            [
              95.311349885000084,
              5.5302087140000253,
              0,
              null
            ],
            [
              95.311332186000072,
              5.5306775160000257,
              0,
              null
            ],
            [
              95.311329631000035,
              5.5307594620000486,
              0,
              null
            ],
            [
              95.31133027900006,
              5.5308392920000529,
              0,
              null
            ],
            [
              95.31130965300008,
              5.531127644000037,
              0,
              null
            ],
            [
              95.311367098000062,
              5.5311342750000563,
              0,
              null
            ],
            [
              95.311392210000065,
              5.5311379340000713,
              0,
              null
            ],
            [
              95.311423017000038,
              5.5311431370000719,
              0,
              null
            ],
            [
              95.311479990000066,
              5.5311527590000651,
              0,
              null
            ],
            [
              95.311513942000033,
              5.5311602450000237,
              0,
              null
            ],
            [
              95.311537641000086,
              5.5311654710000653,
              0,
              null
            ],
            [
              95.311539212000071,
              5.531179699000063,
              0,
              null
            ],
            [
              95.311539915000083,
              5.5311888010000416,
              0,
              null
            ],
            [
              95.311540135000087,
              5.5311966100000518,
              0,
              null
            ],
            [
              95.311540381000043,
              5.5312089290000586,
              0,
              null
            ],
            [
              95.311536652000086,
              5.5312963080000372,
              0,
              null
            ],
            [
              95.311535839000044,
              5.5313178210000729,
              0,
              null
            ],
            [
              95.311533073000078,
              5.5313910420000525,
              0,
              null
            ],
            [
              95.311532750000083,
              5.5313995870000667,
              0,
              null
            ],
            [
              95.311530866000055,
              5.5314472530000671,
              0,
              null
            ],
            [
              95.31152789500004,
              5.531522457000051,
              0,
              null
            ],
            [
              95.311523564000083,
              5.531587322000064,
              0,
              null
            ],
            [
              95.311522644000036,
              5.531598787000064,
              0,
              null
            ],
            [
              95.311529162000056,
              5.5315980920000243,
              0,
              null
            ],
            [
              95.31155255200008,
              5.5315975670000626,
              0,
              null
            ],
            [
              95.311660355000072,
              5.5315995870000734,
              0,
              null
            ],
            [
              95.311753915000054,
              5.5316018710000208,
              0,
              null
            ],
            [
              95.311753941000063,
              5.5316131720000499,
              0,
              null
            ],
            [
              95.311754011000062,
              5.5316587290000712,
              0,
              null
            ],
            [
              95.311754216000054,
              5.5317926410000382,
              0,
              null
            ],
            [
              95.311754217000043,
              5.5317933840000251,
              0,
              null
            ],
            [
              95.311756990000049,
              5.5318702350000422,
              0,
              null
            ],
            [
              95.311758524000084,
              5.5319127200000366,
              0,
              null
            ],
            [
              95.311759722000033,
              5.5319510640000544,
              0,
              null
            ],
            [
              95.311760628000059,
              5.531980112000042,
              0,
              null
            ],
            [
              95.311590202000048,
              5.5319827560000476,
              0,
              null
            ],
            [
              95.311576680000087,
              5.5321157240000502,
              0,
              null
            ],
            [
              95.311576520000074,
              5.5321277380000424,
              0,
              null
            ],
            [
              95.311565981000058,
              5.5322765690000324,
              0,
              null
            ],
            [
              95.311564789000045,
              5.5322892080000656,
              0,
              null
            ],
            [
              95.311549933000038,
              5.5322866260000296,
              0,
              null
            ],
            [
              95.311515141000086,
              5.5322804160000487,
              0,
              null
            ],
            [
              95.311386025000047,
              5.5322562150000749,
              0,
              null
            ],
            [
              95.311328393000053,
              5.5322444820000669,
              0,
              null
            ],
            [
              95.311313707000068,
              5.5322414920000256,
              0,
              null
            ],
            [
              95.311238599000035,
              5.5322235890000684,
              0,
              null
            ],
            [
              95.311189019000039,
              5.5322100250000403,
              0,
              null
            ],
            [
              95.311175405000085,
              5.5322073300000625,
              0,
              null
            ],
            [
              95.311159955000051,
              5.5322054470000239,
              0,
              null
            ],
            [
              95.311159730000043,
              5.5322054200000252,
              0,
              null
            ],
            [
              95.311148482000078,
              5.5322041990000344,
              0,
              null
            ],
            [
              95.311147985000048,
              5.5322223780000286,
              0,
              null
            ],
            [
              95.311141005000081,
              5.5322904980000658,
              0,
              null
            ],
            [
              95.31113681000005,
              5.5323198300000627,
              0,
              null
            ],
            [
              95.31112495900004,
              5.5324027010000236,
              0,
              null
            ],
            [
              95.311123748000057,
              5.5324117590000697,
              0,
              null
            ],
            [
              95.311112133000051,
              5.532498657000076,
              0,
              null
            ],
            [
              95.31110672300008,
              5.5325313840000376,
              0,
              null
            ],
            [
              95.311105311000063,
              5.5325399290000519,
              0,
              null
            ],
            [
              95.311104641000043,
              5.5325461330000394,
              0,
              null
            ],
            [
              95.311097099000051,
              5.5326158720000649,
              0,
              null
            ],
            [
              95.311095139000031,
              5.5326324990000444,
              0,
              null
            ],
            [
              95.311088680000069,
              5.5326873060000707,
              0,
              null
            ],
            [
              95.311074165000036,
              5.532775015000027,
              0,
              null
            ],
            [
              95.311073061000059,
              5.5327816910000251,
              0,
              null
            ],
            [
              95.311060692000069,
              5.5328512680000586,
              0,
              null
            ],
            [
              95.31105935100004,
              5.5328586600000449,
              0,
              null
            ],
            [
              95.311048486000061,
              5.5329184140000507,
              0,
              null
            ],
            [
              95.311047221000081,
              5.532934201000046,
              0,
              null
            ],
            [
              95.311049116000049,
              5.5329530140000429,
              0,
              null
            ],
            [
              95.311055395000039,
              5.532969205000029,
              0,
              null
            ],
            [
              95.311063889000081,
              5.532979757000021,
              0,
              null
            ],
            [
              95.311074283000039,
              5.5329871380000668,
              0,
              null
            ],
            [
              95.311087468000039,
              5.5329930430000331,
              0,
              null
            ],
            [
              95.311099203000083,
              5.5329974620000257,
              0,
              null
            ],
            [
              95.311128999000061,
              5.5330086820000588,
              0,
              null
            ],
            [
              95.311149618000059,
              5.5330170440000757,
              0,
              null
            ],
            [
              95.311146233000045,
              5.5330278380000664,
              0,
              null
            ],
            [
              95.311139256000047,
              5.5330502950000664,
              0,
              null
            ],
            [
              95.311133750000067,
              5.5330727510000202,
              0,
              null
            ],
            [
              95.311128974000042,
              5.5331067660000599,
              0,
              null
            ],
            [
              95.311120841000047,
              5.5331634300000587,
              0,
              null
            ],
            [
              95.311112540000067,
              5.5332212670000445,
              0,
              null
            ],
            [
              95.311097645000075,
              5.5333442040000591,
              0,
              null
            ],
            [
              95.31109175000006,
              5.5333989050000696,
              0,
              null
            ],
            [
              95.31108615800008,
              5.5334735090000322,
              0,
              null
            ],
            [
              95.311084127000072,
              5.5335473490000595,
              0,
              null
            ],
            [
              95.311081123000065,
              5.5337192590000654,
              0,
              null
            ],
            [
              95.31108191900006,
              5.5337461540000277,
              0,
              null
            ],
            [
              95.311131457000045,
              5.5337545390000287,
              0,
              null
            ],
            [
              95.311299871000074,
              5.5337770240000737,
              0,
              null
            ],
            [
              95.311278480000055,
              5.5338693670000225,
              0,
              null
            ],
            [
              95.311259213000085,
              5.5339657240000406,
              0,
              null
            ],
            [
              95.311201638000057,
              5.5341790020000303,
              0,
              null
            ],
            [
              95.311195269000052,
              5.5342031300000372,
              0,
              null
            ],
            [
              95.311156054000037,
              5.5343517080000311,
              0,
              null
            ],
            [
              95.311147859000073,
              5.5343827560000705,
              0,
              null
            ],
            [
              95.311116714000036,
              5.5345073500000694,
              0,
              null
            ],
            [
              95.311109274000046,
              5.5345402430000377,
              0,
              null
            ],
            [
              95.311086279000051,
              5.5345287810000627,
              0,
              null
            ],
            [
              95.310959615000058,
              5.5344602170000599,
              0,
              null
            ],
            [
              95.310934926000073,
              5.5344468520000305,
              0,
              null
            ],
            [
              95.310826386000031,
              5.534385185000076,
              0,
              null
            ],
            [
              95.310761355000068,
              5.5343491370000493,
              0,
              null
            ],
            [
              95.310717956000076,
              5.5343241600000397,
              0,
              null
            ],
            [
              95.310681673000033,
              5.5343013570000608,
              0,
              null
            ],
            [
              95.310670091000077,
              5.5342940770000268,
              0,
              null
            ],
            [
              95.310642598000072,
              5.5342767990000539,
              0,
              null
            ],
            [
              95.310634833000051,
              5.534270556000024,
              0,
              null
            ],
            [
              95.310636239000075,
              5.5343027290000464,
              0,
              null
            ],
            [
              95.310641560000079,
              5.5344137470000305,
              0,
              null
            ],
            [
              95.310649658000045,
              5.5345383390000507,
              0,
              null
            ],
            [
              95.310650249000048,
              5.5345627510000668,
              0,
              null
            ],
            [
              95.310647822000078,
              5.5345744030000219,
              0,
              null
            ],
            [
              95.310641773000043,
              5.5345823810000638,
              0,
              null
            ],
            [
              95.310590657000034,
              5.5346192620000352,
              0,
              null
            ],
            [
              95.310339386000066,
              5.5352239460000305,
              0,
              null
            ],
            [
              95.310315622000076,
              5.5352720360000376,
              0,
              null
            ],
            [
              95.31021503900007,
              5.5355780910000476,
              0,
              null
            ],
            [
              95.310155930000064,
              5.5361851640000737,
              0,
              null
            ],
            [
              95.310150387000078,
              5.5361909160000664,
              0,
              null
            ],
            [
              95.310145696000063,
              5.5362003080000477,
              0,
              null
            ],
            [
              95.310143627000059,
              5.5362065930000313,
              0,
              null
            ],
            [
              95.310140498000067,
              5.5362161020000258,
              0,
              null
            ],
            [
              95.310132782000039,
              5.5362502280000285,
              0,
              null
            ],
            [
              95.31012757700006,
              5.5362828710000258,
              0,
              null
            ],
            [
              95.310117585000057,
              5.5363412380000341,
              0,
              null
            ],
            [
              95.310115651000046,
              5.5363525370000275,
              0,
              null
            ],
            [
              95.310102412000049,
              5.5364326310000251,
              0,
              null
            ],
            [
              95.310095544000035,
              5.5364766500000542,
              0,
              null
            ],
            [
              95.310095176000061,
              5.5364790030000677,
              0,
              null
            ],
            [
              95.310087481000039,
              5.5365323640000383,
              0,
              null
            ],
            [
              95.310079646000077,
              5.5365869740000448,
              0,
              null
            ],
            [
              95.310075968000035,
              5.5366177390000644,
              0,
              null
            ],
            [
              95.310071053000058,
              5.5366438460000609,
              0,
              null
            ],
            [
              95.310066583000037,
              5.5366589040000349,
              0,
              null
            ],
            [
              95.310061355000073,
              5.5366739480000433,
              0,
              null
            ],
            [
              95.310053610000068,
              5.5366912430000639,
              0,
              null
            ],
            [
              95.310042205000059,
              5.5367116620000729,
              0,
              null
            ],
            [
              95.310024359000067,
              5.5367413440000632,
              0,
              null
            ],
            [
              95.310001083000031,
              5.5367761360000713,
              0,
              null
            ],
            [
              95.309975086000065,
              5.536811948000036,
              0,
              null
            ],
            [
              95.309953848000077,
              5.5368412050000302,
              0,
              null
            ],
            [
              95.309946107000087,
              5.5368527500000368,
              0,
              null
            ],
            [
              95.309856614000068,
              5.5369536970000581,
              0,
              null
            ],
            [
              95.309769559000074,
              5.5368687960000216,
              0,
              null
            ],
            [
              95.309729296000057,
              5.5368281720000709,
              0,
              null
            ],
            [
              95.309665214000063,
              5.5367635140000289,
              0,
              null
            ],
            [
              95.309657363000042,
              5.5367555930000663,
              0,
              null
            ],
            [
              95.309559197000056,
              5.5366569780000532,
              0,
              null
            ],
            [
              95.309426339000083,
              5.5365288590000432,
              0,
              null
            ],
            [
              95.309410054000068,
              5.5365120600000637,
              0,
              null
            ],
            [
              95.309340660000032,
              5.5364404750000631,
              0,
              null
            ],
            [
              95.309311153000067,
              5.5364100360000634,
              0,
              null
            ],
            [
              95.309252912000034,
              5.5363483830000746,
              0,
              null
            ],
            [
              95.309250624000072,
              5.5363459600000624,
              0,
              null
            ],
            [
              95.309233530000085,
              5.5363278640000431,
              0,
              null
            ],
            [
              95.309179913000037,
              5.5362707690000548,
              0,
              null
            ],
            [
              95.309166622000077,
              5.5362566160000597,
              0,
              null
            ],
            [
              95.309105532000046,
              5.5361945750000245,
              0,
              null
            ],
            [
              95.309100424000064,
              5.5361893870000358,
              0,
              null
            ],
            [
              95.309086377000085,
              5.5361752680000222,
              0,
              null
            ],
            [
              95.309063581000032,
              5.5361523530000341,
              0,
              null
            ],
            [
              95.309058440000058,
              5.5361474760000533,
              0,
              null
            ],
            [
              95.309024238000063,
              5.5361150390000375,
              0,
              null
            ],
            [
              95.308992446000047,
              5.5360853760000737,
              0,
              null
            ],
            [
              95.308971444000065,
              5.536065782000037,
              0,
              null
            ],
            [
              95.308925266000074,
              5.536022216000049,
              0,
              null
            ],
            [
              95.308917905000044,
              5.5360152710000534,
              0,
              null
            ],
            [
              95.308875557000079,
              5.5359776800000304,
              0,
              null
            ],
            [
              95.30884565100007,
              5.535952016000067,
              0,
              null
            ],
            [
              95.308825938000041,
              5.5359377660000746,
              0,
              null
            ],
            [
              95.308803466000086,
              5.5359239870000465,
              0,
              null
            ],
            [
              95.308786464000036,
              5.5359155390000296,
              0,
              null
            ],
            [
              95.308767941000042,
              5.5359100970000554,
              0,
              null
            ],
            [
              95.308744170000068,
              5.5359010870000702,
              0,
              null
            ],
            [
              95.308717971000078,
              5.5358819990000256,
              0,
              null
            ],
            [
              95.308691324000051,
              5.5358571190000703,
              0,
              null
            ],
            [
              95.308646770000053,
              5.5358134700000505,
              0,
              null
            ],
            [
              95.308630390000076,
              5.5357969120000234,
              0,
              null
            ],
            [
              95.308585790000052,
              5.5357518250000339,
              0,
              null
            ],
            [
              95.308529798000052,
              5.5356947530000298,
              0,
              null
            ],
            [
              95.308437920000074,
              5.5356074300000273,
              0,
              null
            ],
            [
              95.308390704000033,
              5.5355589660000533,
              0,
              null
            ],
            [
              95.308347618000084,
              5.5355147420000321,
              0,
              null
            ],
            [
              95.308343727000079,
              5.5355110330000343,
              0,
              null
            ],
            [
              95.30827804900008,
              5.5354484300000308,
              0,
              null
            ],
            [
              95.308212163000064,
              5.5353869940000209,
              0,
              null
            ],
            [
              95.308191483000087,
              5.5353657580000686,
              0,
              null
            ],
            [
              95.30817385000006,
              5.5353476510000519,
              0,
              null
            ],
            [
              95.308122667000077,
              5.5352951520000602,
              0,
              null
            ],
            [
              95.308079544000066,
              5.5352500160000204,
              0,
              null
            ],
            [
              95.308059648000039,
              5.5352291920000312,
              0,
              null
            ],
            [
              95.308042090000072,
              5.5352108140000382,
              0,
              null
            ],
            [
              95.307992547000083,
              5.5351589580000677,
              0,
              null
            ],
            [
              95.307930680000084,
              5.535097052000026,
              0,
              null
            ],
            [
              95.307911156000046,
              5.535077516000058,
              0,
              null
            ],
            [
              95.307846535000067,
              5.5350179020000496,
              0,
              null
            ],
            [
              95.307835195000052,
              5.5350074410000616,
              0,
              null
            ],
            [
              95.307786875000033,
              5.5349627590000523,
              0,
              null
            ],
            [
              95.307725293000033,
              5.5349131830000715,
              0,
              null
            ],
            [
              95.307667993000052,
              5.5348628860000417,
              0,
              null
            ],
            [
              95.307625457000086,
              5.5348164910000719,
              0,
              null
            ],
            [
              95.307597435000048,
              5.5347765020000566,
              0,
              null
            ],
            [
              95.307548967000059,
              5.5346913250000398,
              0,
              null
            ],
            [
              95.307531732000086,
              5.5346536910000736,
              0,
              null
            ],
            [
              95.307518938000044,
              5.5346257540000465,
              0,
              null
            ],
            [
              95.307511264000084,
              5.534608998000067,
              0,
              null
            ],
            [
              95.307486144000052,
              5.5345521930000245,
              0,
              null
            ],
            [
              95.307460205000041,
              5.534474747000047,
              0,
              null
            ],
            [
              95.30740159700008,
              5.5342732650000244,
              0,
              null
            ],
            [
              95.307393675000071,
              5.5342485050000505,
              0,
              null
            ],
            [
              95.307373032000044,
              5.5341839870000626,
              0,
              null
            ],
            [
              95.307350740000061,
              5.5341047730000241,
              0,
              null
            ],
            [
              95.307340380000085,
              5.5340503970000441,
              0,
              null
            ],
            [
              95.307339867000053,
              5.5340405020000389,
              0,
              null
            ],
            [
              95.307337231000076,
              5.5339897290000408,
              0,
              null
            ],
            [
              95.307339417000037,
              5.533920571000067,
              0,
              null
            ],
            [
              95.307343166000067,
              5.5338545520000366,
              0,
              null
            ],
            [
              95.307346701000085,
              5.5337881540000353,
              0,
              null
            ],
            [
              95.307348489000049,
              5.5337545840000644,
              0,
              null
            ],
            [
              95.307356001000073,
              5.5336583870000595,
              0,
              null
            ],
            [
              95.307357701000058,
              5.5336422260000404,
              0,
              null
            ],
            [
              95.307361952000065,
              5.5336018050000462,
              0,
              null
            ],
            [
              95.307372609000083,
              5.5335398720000626,
              0,
              null
            ],
            [
              95.307384199000069,
              5.5334716620000677,
              0,
              null
            ],
            [
              95.30739925000006,
              5.5334028150000449,
              0,
              null
            ],
            [
              95.307413060000044,
              5.5333539450000444,
              0,
              null
            ],
            [
              95.307415242000047,
              5.5333462220000342,
              0,
              null
            ],
            [
              95.307438445000059,
              5.5332811480000714,
              0,
              null
            ],
            [
              95.307471064000083,
              5.5331968930000244,
              0,
              null
            ],
            [
              95.307474536000086,
              5.5331861650000747,
              0,
              null
            ],
            [
              95.307494260000055,
              5.5331252210000343,
              0,
              null
            ],
            [
              95.307505864000063,
              5.5330654900000695,
              0,
              null
            ],
            [
              95.30751525800008,
              5.5329963310000494,
              0,
              null
            ],
            [
              95.307520283000031,
              5.5329519810000534,
              0,
              null
            ],
            [
              95.307530610000072,
              5.5328608360000544,
              0,
              null
            ],
            [
              95.307542514000033,
              5.532766845000026,
              0,
              null
            ],
            [
              95.307545019000031,
              5.5327434380000682,
              0,
              null
            ],
            [
              95.307554424000045,
              5.532655562000059,
              0,
              null
            ],
            [
              95.307562247000078,
              5.5325816810000674,
              0,
              null
            ],
            [
              95.307570188000057,
              5.5325381540000649,
              0,
              null
            ],
            [
              95.307572282000081,
              5.5325266750000424,
              0,
              null
            ],
            [
              95.307587015000081,
              5.5324641110000243,
              0,
              null
            ],
            [
              95.307596237000041,
              5.5324207180000258,
              0,
              null
            ],
            [
              95.307599995000032,
              5.5324030340000263,
              0,
              null
            ],
            [
              95.307603317000087,
              5.532387404000076,
              0,
              null
            ],
            [
              95.307603706000066,
              5.5323853420000546,
              0,
              null
            ],
            [
              95.307611130000055,
              5.5323459970000499,
              0,
              null
            ],
            [
              95.307622384000069,
              5.5322863530000745,
              0,
              null
            ],
            [
              95.307627892000085,
              5.5322553020000669,
              0,
              null
            ],
            [
              95.30763625700007,
              5.5322081400000229,
              0,
              null
            ],
            [
              95.307642368000074,
              5.5321736920000717,
              0,
              null
            ],
            [
              95.30764842800005,
              5.5321395270000266,
              0,
              null
            ],
            [
              95.307664612000053,
              5.5320269980000489,
              0,
              null
            ],
            [
              95.307667855000034,
              5.532004445000041,
              0,
              null
            ],
            [
              95.307670037000037,
              5.5319892740000682,
              0,
              null
            ],
            [
              95.307692232000079,
              5.531833984000059,
              0,
              null
            ],
            [
              95.307699852000042,
              5.5317354540000565,
              0,
              null
            ],
            [
              95.307707106000066,
              5.5315588990000606,
              0,
              null
            ],
            [
              95.307707802000039,
              5.5315506560000358,
              0,
              null
            ],
            [
              95.30771119800005,
              5.5315104490000522,
              0,
              null
            ],
            [
              95.307716784000036,
              5.5314442980000535,
              0,
              null
            ],
            [
              95.307720334000066,
              5.5313846020000597,
              0,
              null
            ],
            [
              95.307721128000082,
              5.5313712450000594,
              0,
              null
            ],
            [
              95.307727680000085,
              5.5313299370000664,
              0,
              null
            ],
            [
              95.307736181000053,
              5.5312910980000538,
              0,
              null
            ],
            [
              95.307746276000046,
              5.5312445070000535,
              0,
              null
            ],
            [
              95.307762145000083,
              5.5311632460000624,
              0,
              null
            ],
            [
              95.307776081000043,
              5.5310814590000632,
              0,
              null
            ],
            [
              95.30778493400004,
              5.5310193710000704,
              0,
              null
            ],
            [
              95.307785367000065,
              5.5310136720000287,
              0,
              null
            ],
            [
              95.307788153000047,
              5.530976982000027,
              0,
              null
            ],
            [
              95.307788023000057,
              5.5308429160000401,
              0,
              null
            ],
            [
              95.307788014000039,
              5.5308341360000668,
              0,
              null
            ],
            [
              95.307788347000042,
              5.530705140000066,
              0,
              null
            ],
            [
              95.307788584000036,
              5.5306134860000498,
              0,
              null
            ],
            [
              95.307789441000068,
              5.5304576110000312,
              0,
              null
            ],
            [
              95.307791160000079,
              5.530350062000025,
              0,
              null
            ],
            [
              95.307791583000039,
              5.5303236050000351,
              0,
              null
            ],
            [
              95.307792345000053,
              5.5302524450000305,
              0,
              null
            ],
            [
              95.30779517600007,
              5.5302125080000337,
              0,
              null
            ],
            [
              95.307800383000085,
              5.5301874940000744,
              0,
              null
            ],
            [
              95.307807407000041,
              5.5301632690000702,
              0,
              null
            ],
            [
              95.307818786000041,
              5.5301313610000307,
              0,
              null
            ],
            [
              95.307837957000061,
              5.5300711940000724,
              0,
              null
            ],
            [
              95.307845930000042,
              5.5300405200000569,
              0,
              null
            ],
            [
              95.307847538000033,
              5.5300177530000383,
              0,
              null
            ],
            [
              95.307845709000048,
              5.5299928030000274,
              0,
              null
            ],
            [
              95.307842571000037,
              5.5299708050000618,
              0,
              null
            ],
            [
              95.307838652000044,
              5.5299433410000347,
              0,
              null
            ],
            [
              95.30783384700004,
              5.5299092490000703,
              0,
              null
            ],
            [
              95.307821732000036,
              5.529823284000031,
              0,
              null
            ],
            [
              95.307803432000071,
              5.529687549000073,
              0,
              null
            ],
            [
              95.30780261700005,
              5.5296815060000313,
              0,
              null
            ],
            [
              95.307791794000082,
              5.5295942500000592,
              0,
              null
            ],
            [
              95.307789645000071,
              5.5295769190000215,
              0,
              null
            ],
            [
              95.307785296000077,
              5.5295161560000565,
              0,
              null
            ],
            [
              95.307788075000076,
              5.5294883490000757,
              0,
              null
            ],
            [
              95.307791775000055,
              5.5294773700000519,
              0,
              null
            ],
            [
              95.30779767100006,
              5.5294598750000432,
              0,
              null
            ],
            [
              95.307808297000065,
              5.5294340080000666,
              0,
              null
            ],
            [
              95.307837834000054,
              5.5293876400000386,
              0,
              null
            ],
            [
              95.307843373000082,
              5.52937875300006,
              0,
              null
            ],
            [
              95.307875686000045,
              5.5293269120000446,
              0,
              null
            ],
            [
              95.307897808000064,
              5.5292832290000433,
              0,
              null
            ],
            [
              95.307910156000048,
              5.5292476840000404,
              0,
              null
            ],
            [
              95.307914111000059,
              5.5292236210000283,
              0,
              null
            ],
            [
              95.307915691000062,
              5.5292140100000324,
              0,
              null
            ],
            [
              95.307919555000069,
              5.5291497530000697,
              0,
              null
            ],
            [
              95.307919795000032,
              5.5291363950000232,
              0,
              null
            ],
            [
              95.307920742000078,
              5.5290835000000698,
              0,
              null
            ],
            [
              95.307923740000035,
              5.5290098280000279,
              0,
              null
            ],
            [
              95.307921700000065,
              5.5289792650000322,
              0,
              null
            ],
            [
              95.307917245000056,
              5.5289586280000549,
              0,
              null
            ],
            [
              95.307907385000078,
              5.5289353360000746,
              0,
              null
            ],
            [
              95.307888676000061,
              5.5289008500000705,
              0,
              null
            ],
            [
              95.307888476000073,
              5.52890048200004,
              0,
              null
            ],
            [
              95.307851640000081,
              5.528841572000033,
              0,
              null
            ],
            [
              95.307815753000057,
              5.5287807870000734,
              0,
              null
            ],
            [
              95.307767086000069,
              5.5286954380000566,
              0,
              null
            ],
            [
              95.307757543000037,
              5.5286782200000744,
              0,
              null
            ],
            [
              95.307702066000047,
              5.5285781180000413,
              0,
              null
            ],
            [
              95.307688329000086,
              5.5285518480000633,
              0,
              null
            ],
            [
              95.307666012000084,
              5.5285091720000423,
              0,
              null
            ],
            [
              95.307648651000079,
              5.5284684990000414,
              0,
              null
            ],
            [
              95.307641919000048,
              5.5284376930000576,
              0,
              null
            ],
            [
              95.307643707000068,
              5.5284124750000387,
              0,
              null
            ],
            [
              95.307646225000042,
              5.5284017030000427,
              0,
              null
            ],
            [
              95.307656690000044,
              5.5283569330000546,
              0,
              null
            ],
            [
              95.307662168000036,
              5.5283172530000684,
              0,
              null
            ],
            [
              95.307665421000081,
              5.5282936880000761,
              0,
              null
            ],
            [
              95.307666026000049,
              5.5282402460000526,
              0,
              null
            ],
            [
              95.307655108000063,
              5.5281837840000208,
              0,
              null
            ],
            [
              95.307647772000053,
              5.5281627720000301,
              0,
              null
            ],
            [
              95.307640311000057,
              5.5281414020000739,
              0,
              null
            ],
            [
              95.307621231000041,
              5.5281041540000615,
              0,
              null
            ],
            [
              95.307596637000074,
              5.5280570460000718,
              0,
              null
            ],
            [
              95.307591344000059,
              5.5280485680000311,
              0,
              null
            ],
            [
              95.307562669000049,
              5.5280026360000534,
              0,
              null
            ],
            [
              95.30754190600004,
              5.5279593920000707,
              0,
              null
            ],
            [
              95.307523370000069,
              5.5278977850000501,
              0,
              null
            ],
            [
              95.307512863000056,
              5.5278628660000209,
              0,
              null
            ],
            [
              95.307505831000071,
              5.5278360670000666,
              0,
              null
            ],
            [
              95.307493076000071,
              5.5277874570000449,
              0,
              null
            ],
            [
              95.307477205000055,
              5.5276983280000422,
              0,
              null
            ],
            [
              95.307473667000068,
              5.5276741220000645,
              0,
              null
            ],
            [
              95.307467577000068,
              5.5276324610000529,
              0,
              null
            ],
            [
              95.307461816000057,
              5.5275658910000516,
              0,
              null
            ],
            [
              95.30745918100007,
              5.5275099040000555,
              0,
              null
            ],
            [
              95.307462517000033,
              5.527455691000057,
              0,
              null
            ],
            [
              95.307473658000049,
              5.527378977000069,
              0,
              null
            ],
            [
              95.30747651300004,
              5.5273576970000704,
              0,
              null
            ],
            [
              95.307484092000038,
              5.5273012000000676,
              0,
              null
            ],
            [
              95.307486160000053,
              5.5272748260000526,
              0,
              null
            ],
            [
              95.307489224000051,
              5.5272357270000612,
              0,
              null
            ],
            [
              95.307488076000084,
              5.5272034020000547,
              0,
              null
            ],
            [
              95.30748671300006,
              5.527165013000058,
              0,
              null
            ],
            [
              95.307478515000071,
              5.5270794800000544,
              0,
              null
            ],
            [
              95.307475055000054,
              5.5270499000000655,
              0,
              null
            ],
            [
              95.307468953000068,
              5.5269977430000381,
              0,
              null
            ],
            [
              95.307462328000042,
              5.5269411070000274,
              0,
              null
            ],
            [
              95.307458542000063,
              5.5269114040000318,
              0,
              null
            ],
            [
              95.307447912000043,
              5.5268279960000655,
              0,
              null
            ],
            [
              95.307574748000036,
              5.5268567590000544,
              0,
              null
            ],
            [
              95.307641211000032,
              5.5268718310000509,
              0,
              null
            ],
            [
              95.307669735000047,
              5.5268761490000315,
              0,
              null
            ],
            [
              95.307704295000065,
              5.5268804130000717,
              0,
              null
            ],
            [
              95.307749435000062,
              5.5268824740000468,
              0,
              null
            ],
            [
              95.307782061000069,
              5.5268839560000629,
              0,
              null
            ],
            [
              95.307839379000086,
              5.5268856560000472,
              0,
              null
            ],
            [
              95.307879592000063,
              5.52688684900005,
              0,
              null
            ],
            [
              95.307895494000036,
              5.5268886310000767,
              0,
              null
            ],
            [
              95.307903952000061,
              5.5268922950000388,
              0,
              null
            ],
            [
              95.30790588800005,
              5.5268936440000402,
              0,
              null
            ],
            [
              95.307941551000056,
              5.5269185220000736,
              0,
              null
            ],
            [
              95.307945861000064,
              5.5269215280000594,
              0,
              null
            ],
            [
              95.30796207700007,
              5.5269298990000379,
              0,
              null
            ],
            [
              95.307979169000077,
              5.5269360150000466,
              0,
              null
            ],
            [
              95.307998868000084,
              5.5269397080000431,
              0,
              null
            ],
            [
              95.308053761000053,
              5.5269441580000489,
              0,
              null
            ],
            [
              95.308149918000083,
              5.526949380000076,
              0,
              null
            ],
            [
              95.308162038000034,
              5.5269500370000628,
              0,
              null
            ],
            [
              95.308211097000083,
              5.5269527030000631,
              0,
              null
            ],
            [
              95.308233828000084,
              5.5269541170000593,
              0,
              null
            ],
            [
              95.308262801000069,
              5.526955919000045,
              0,
              null
            ],
            [
              95.308358698000063,
              5.5269679660000293,
              0,
              null
            ],
            [
              95.308414265000067,
              5.5269742400000723,
              0,
              null
            ],
            [
              95.308447449000084,
              5.5269751770000539,
              0,
              null
            ],
            [
              95.308493122000073,
              5.5269730760000471,
              0,
              null
            ],
            [
              95.308495389000086,
              5.5269729720000669,
              0,
              null
            ],
            [
              95.308531809000044,
              5.5269712960000561,
              0,
              null
            ],
            [
              95.308536997000033,
              5.5269708380000679,
              0,
              null
            ],
            [
              95.308581770000046,
              5.5269668790000424,
              0,
              null
            ],
            [
              95.308591553000042,
              5.5269660140000383,
              0,
              null
            ],
            [
              95.308628852000083,
              5.5269627150000247,
              0,
              null
            ],
            [
              95.308636383000078,
              5.5269620490000761,
              0,
              null
            ],
            [
              95.308709882000073,
              5.5269557610000675,
              0,
              null
            ],
            [
              95.308722549000038,
              5.5269549740000343,
              0,
              null
            ],
            [
              95.308768541000063,
              5.526952116000075,
              0,
              null
            ],
            [
              95.308841940000036,
              5.5269479170000295,
              0,
              null
            ],
            [
              95.308851444000084,
              5.5269469670000717,
              0,
              null
            ],
            [
              95.308859621000067,
              5.5269455340000491,
              0,
              null
            ],
            [
              95.308868987000039,
              5.5269437170000515,
              0,
              null
            ],
            [
              95.308881643000063,
              5.5269411360000618,
              0,
              null
            ],
            [
              95.30888161200005,
              5.5269565570000623,
              0,
              null
            ],
            [
              95.308894189000057,
              5.5269565640000451,
              0,
              null
            ],
            [
              95.308897228000035,
              5.5269565780000676,
              0,
              null
            ],
            [
              95.308914643000037,
              5.5269562320000318,
              0,
              null
            ],
            [
              95.308919048000064,
              5.526956144000053,
              0,
              null
            ],
            [
              95.30895313700006,
              5.5269554660000608,
              0,
              null
            ],
            [
              95.308983789000081,
              5.5269542380000303,
              0,
              null
            ],
            [
              95.309020416000067,
              5.5269527720000724,
              0,
              null
            ],
            [
              95.309022097000081,
              5.5269527230000222,
              0,
              null
            ],
            [
              95.30909471700005,
              5.5269506100000285,
              0,
              null
            ],
            [
              95.309116213000038,
              5.5269499840000549,
              0,
              null
            ],
            [
              95.309155222000072,
              5.526948849000064,
              0,
              null
            ],
            [
              95.309195337000062,
              5.5269478710000612,
              0,
              null
            ],
            [
              95.30922619200004,
              5.5269471180000664,
              0,
              null
            ],
            [
              95.309287109000081,
              5.5269456330000253,
              0,
              null
            ],
            [
              95.309309705000032,
              5.5269454440000345,
              0,
              null
            ],
            [
              95.309320994000075,
              5.5269453480000266,
              0,
              null
            ],
            [
              95.309418961000063,
              5.5269445270000688,
              0,
              null
            ],
            [
              95.309442175000072,
              5.5269439430000489,
              0,
              null
            ],
            [
              95.309447922000061,
              5.5269441210000423,
              0,
              null
            ],
            [
              95.309455967000076,
              5.5269439680000687,
              0,
              null
            ],
            [
              95.309484831000077,
              5.5269434180000303,
              0,
              null
            ],
            [
              95.30952241500006,
              5.5269427010000527,
              0,
              null
            ],
            [
              95.309563851000064,
              5.5269433950000462,
              0,
              null
            ],
            [
              95.309598926000035,
              5.5269439830000238,
              0,
              null
            ],
            [
              95.309665176000067,
              5.5269450920000622,
              0,
              null
            ],
            [
              95.309700579000037,
              5.5269456990000663,
              0,
              null
            ],
            [
              95.309703374000037,
              5.5269457470000702,
              0,
              null
            ],
            [
              95.30976531500005,
              5.5269468100000267,
              0,
              null
            ],
            [
              95.30981038200008,
              5.526947582000048,
              0,
              null
            ],
            [
              95.309821984000052,
              5.5269477810000467,
              0,
              null
            ],
            [
              95.309822126000086,
              5.5269477840000718,
              0,
              null
            ],
            [
              95.309865459000036,
              5.5269485160000613,
              0,
              null
            ],
            [
              95.30988308700006,
              5.5269488140000362,
              0,
              null
            ],
            [
              95.309939800000052,
              5.5269497730000694,
              0,
              null
            ],
            [
              95.309942909000085,
              5.5269498750000707,
              0,
              null
            ],
            [
              95.309959802000037,
              5.5269504270000311,
              0,
              null
            ],
            [
              95.309979894000037,
              5.5269484240000679,
              0,
              null
            ],
            [
              95.310004500000048,
              5.526946194000061,
              0,
              null
            ],
            [
              95.31001881800006,
              5.5269448960000318,
              0,
              null
            ],
            [
              95.310035345000074,
              5.5269433980000713,
              0,
              null
            ],
            [
              95.310045039000045,
              5.5269427140000289,
              0,
              null
            ],
            [
              95.310072627000068,
              5.5269407670000419,
              0,
              null
            ],
            [
              95.310144115000071,
              5.5269357240000545,
              0,
              null
            ],
            [
              95.310151678000068,
              5.5269351900000743,
              0,
              null
            ],
            [
              95.310177679000049,
              5.5269333350000238,
              0,
              null
            ],
            [
              95.310181268000065,
              5.5269330160000436,
              0,
              null
            ],
            [
              95.310205128000064,
              5.5269309010000711,
              0,
              null
            ],
            [
              95.310205923000069,
              5.5269308300000262,
              0,
              null
            ],
            [
              95.310247387000061,
              5.5269276260000311,
              0,
              null
            ],
            [
              95.310273968000047,
              5.5269255720000388,
              0,
              null
            ],
            [
              95.310295738000036,
              5.5269238890000452,
              0,
              null
            ],
            [
              95.310325545000069,
              5.5269215870000608,
              0,
              null
            ],
            [
              95.310353172000077,
              5.5269204400000262,
              0,
              null
            ],
            [
              95.310371872000076,
              5.5269203220000236,
              0,
              null
            ],
            [
              95.310382354000069,
              5.5269224410000675,
              0,
              null
            ],
            [
              95.310391375000052,
              5.5269268530000204,
              0,
              null
            ],
            [
              95.31039923700007,
              5.5269166180000298,
              0,
              null
            ],
            [
              95.310410556000079,
              5.5269119950000345,
              0,
              null
            ],
            [
              95.310446317000071,
              5.5268973890000552,
              0,
              null
            ],
            [
              95.310456332000058,
              5.5268968240000618,
              0,
              null
            ],
            [
              95.310469252000075,
              5.5268960970000762,
              0,
              null
            ],
            [
              95.310489514000039,
              5.526896109000063,
              0,
              null
            ],
            [
              95.310515445000078,
              5.5268971190000684,
              0,
              null
            ],
            [
              95.310581791000061,
              5.5269038720000481,
              0,
              null
            ],
            [
              95.31060244400004,
              5.5269059740000444,
              0,
              null
            ],
            [
              95.310633407000068,
              5.5269091250000315,
              0,
              null
            ],
            [
              95.310645703000034,
              5.5269104620000462,
              0,
              null
            ],
            [
              95.310700914000051,
              5.5269164640000668,
              0,
              null
            ],
            [
              95.310730326000055,
              5.5269195590000209,
              0,
              null
            ],
            [
              95.310752172000036,
              5.5269232430000557,
              0,
              null
            ],
            [
              95.310787462000064,
              5.5269319740000356,
              0,
              null
            ],
            [
              95.310798758000033,
              5.5269351200000756,
              0,
              null
            ],
            [
              95.31080266500004,
              5.5269211750000409,
              0,
              null
            ],
            [
              95.310807121000039,
              5.5269090950000646,
              0,
              null
            ],
            [
              95.310814770000036,
              5.526888361000033,
              0,
              null
            ],
            [
              95.310820276000072,
              5.5268659670000488,
              0,
              null
            ],
            [
              95.310820427000067,
              5.5268651990000421,
              0,
              null
            ],
            [
              95.310830512000052,
              5.5268714150000733,
              0,
              null
            ],
            [
              95.310835093000037,
              5.5268739550000419,
              0,
              null
            ],
            [
              95.310841483000047,
              5.5268769310000607,
              0,
              null
            ],
            [
              95.31085078600006,
              5.5268800490000558,
              0,
              null
            ],
            [
              95.310862686000064,
              5.5268826150000336,
              0,
              null
            ],
            [
              95.310943985000051,
              5.5269010470000239,
              0,
              null
            ],
            [
              95.31100168100005,
              5.5269141270000546,
              0,
              null
            ],
            [
              95.311087313000087,
              5.5269339130000503,
              0,
              null
            ],
            [
              95.311103016000061,
              5.5269375420000415,
              0,
              null
            ],
            [
              95.31124357200008,
              5.5269720360000747,
              0,
              null
            ],
            [
              95.311265263000053,
              5.5269773600000462,
              0,
              null
            ],
            [
              95.311368252000079,
              5.5270060840000497,
              0,
              null
            ],
            [
              95.311394524000036,
              5.5270134110000413,
              0,
              null
            ],
            [
              95.311515627000063,
              5.5270468090000691,
              0,
              null
            ],
            [
              95.311536404000037,
              5.5270550420000291,
              0,
              null
            ],
            [
              95.311561010000048,
              5.5270647920000329,
              0,
              null
            ],
            [
              95.311607185000071,
              5.5270869210000342,
              0,
              null
            ],
            [
              95.31164455000004,
              5.527107620000038,
              0,
              null
            ],
            [
              95.311694270000032,
              5.5271386370000641,
              0,
              null
            ],
            [
              95.311729926000055,
              5.527160881000043,
              0,
              null
            ],
            [
              95.311822947000053,
              5.5272160780000377,
              0,
              null
            ],
            [
              95.311835361000078,
              5.5272234430000253,
              0,
              null
            ],
            [
              95.311856053000042,
              5.5272357220000572,
              0,
              null
            ],
            [
              95.311938858000076,
              5.5272843830000511,
              0,
              null
            ],
            [
              95.311955079000086,
              5.5272940360000575,
              0,
              null
            ],
            [
              95.311955691000037,
              5.5272943210000562,
              0,
              null
            ],
            [
              95.311960531000068,
              5.5272965710000221,
              0,
              null
            ],
            [
              95.311968789000048,
              5.5273004100000662,
              0,
              null
            ],
            [
              95.311984554000048,
              5.5273061970000299,
              0,
              null
            ],
            [
              95.312027504000071,
              5.5274387090000232,
              0,
              null
            ],
            [
              95.31204198100005,
              5.5274788310000531,
              0,
              null
            ],
            [
              95.31204791600004,
              5.5275319030000674,
              0,
              null
            ],
            [
              95.312013366000087,
              5.5282236960000546,
              0,
              null
            ],
            [
              95.311989707000066,
              5.5285028450000482,
              0,
              null
            ]
          ]
        ]
      },
      "properties" : {
        "FID" : 0,
        "OBJECTID" : 5318,
        "KDPPUM" : "11",
        "NAMOBJ" : "Geuceu Komplek",
        "REMARK" : " ",
        "KDPBPS" : " ",
        "FCODE" : "BA03070040",
        "LUASWH" : 0,
        "UUPP" : "RBI",
        "SRS_ID" : "SRGI 2013",
        "METADATA" : "TASWIL1000020200326DATA_BATAS_DESA_KELURAHAN",
        "KDEBPS" : " ",
        "KDEPUM" : "11.71.07.2001",
        "KDCBPS" : " ",
        "KDCPUM" : "11.71.07",
        "KDBBPS" : " ",
        "WADMKD" : "Geuceu Komplek",
        "WIADKD" : "0",
        "WADMKC" : "Banda Raya",
        "WIADKC" : " ",
        "WADMKK" : "Kota Banda Aceh",
        "WIADKK" : " ",
        "WADMPR" : "Aceh",
        "WIADPR" : " ",
        "TIPADM" : 9,
        "KDPKAB" : "11.71",
        "SHAPE_Leng" : 0.028737710664502002,
        "SHAPE_Area" : 3.3678983972000001e-05
      }
    }
  ]
}