{
  "hasZ" : true,
  "hasM" : true,
  "type" : "FeatureCollection",
  "features" : [
    {
      "type" : "Feature",
      "id" : 0,
      "geometry" : {
        "type" : "Polygon",
        "coordinates" : [
          [
            [
              95.303299351000078,
              5.5491350020000709,
              0,
              null
            ],
            [
              95.30328028100007,
              5.549143574000027,
              0,
              null
            ],
            [
              95.303267194000057,
              5.5491538120000428,
              0,
              null
            ],
            [
              95.303250651000042,
              5.5491729310000437,
              0,
              null
            ],
            [
              95.303238339000075,
              5.5491899280000325,
              0,
              null
            ],
            [
              95.303204441000048,
              5.5492493750000449,
              0,
              null
            ],
            [
              95.303191783000045,
              5.5492655140000693,
              0,
              null
            ],
            [
              95.303182908000053,
              5.5492751940000744,
              0,
              null
            ],
            [
              95.303176810000082,
              5.5492801740000459,
              0,
              null
            ],
            [
              95.303172844000073,
              5.5492834140000582,
              0,
              null
            ],
            [
              95.303155060000051,
              5.5492942030000449,
              0,
              null
            ],
            [
              95.303141413000048,
              5.5492997340000443,
              0,
              null
            ],
            [
              95.303126705000068,
              5.5493036880000659,
              0,
              null
            ],
            [
              95.303110323000055,
              5.5493061830000556,
              0,
              null
            ],
            [
              95.303094916000077,
              5.549306758000057,
              0,
              null
            ],
            [
              95.303089804000081,
              5.5493059880000715,
              0,
              null
            ],
            [
              95.303083750000042,
              5.5493050750000634,
              0,
              null
            ],
            [
              95.303023275000044,
              5.5492902700000286,
              0,
              null
            ],
            [
              95.302985726000031,
              5.5492809180000222,
              0,
              null
            ],
            [
              95.302961842000059,
              5.5492749710000453,
              0,
              null
            ],
            [
              95.302960279000047,
              5.5492810180000447,
              0,
              null
            ],
            [
              95.302956748000042,
              5.5492946780000239,
              0,
              null
            ],
            [
              95.302954491000037,
              5.5493034110000394,
              0,
              null
            ],
            [
              95.302951629000063,
              5.5493093380000573,
              0,
              null
            ],
            [
              95.302934335000032,
              5.5493451640000444,
              0,
              null
            ],
            [
              95.302919232000079,
              5.549382175000062,
              0,
              null
            ],
            [
              95.302877184000067,
              5.5495037640000646,
              0,
              null
            ],
            [
              95.302875583000059,
              5.5495083910000744,
              0,
              null
            ],
            [
              95.302856809000048,
              5.5495626790000756,
              0,
              null
            ],
            [
              95.302804195000078,
              5.5496881500000654,
              0,
              null
            ],
            [
              95.302779550000082,
              5.5497374460000515,
              0,
              null
            ],
            [
              95.302737370000045,
              5.5497991050000337,
              0,
              null
            ],
            [
              95.302707134000059,
              5.5498352980000618,
              0,
              null
            ],
            [
              95.302648298000065,
              5.5498870780000402,
              0,
              null
            ],
            [
              95.302581959000065,
              5.5499327860000562,
              0,
              null
            ],
            [
              95.302464794000059,
              5.5499939850000715,
              0,
              null
            ],
            [
              95.302456354000071,
              5.5499983940000561,
              0,
              null
            ],
            [
              95.302429643000039,
              5.5500086280000573,
              0,
              null
            ],
            [
              95.30236797200007,
              5.5500322540000298,
              0,
              null
            ],
            [
              95.302301297000042,
              5.5500577990000579,
              0,
              null
            ],
            [
              95.302280064000058,
              5.550080777000062,
              0,
              null
            ],
            [
              95.30226734300004,
              5.5500869940000257,
              0,
              null
            ],
            [
              95.302215234000073,
              5.5501124600000367,
              0,
              null
            ],
            [
              95.302200920000075,
              5.5501183410000294,
              0,
              null
            ],
            [
              95.302189113000054,
              5.5501231920000578,
              0,
              null
            ],
            [
              95.302150241000049,
              5.550137472000074,
              0,
              null
            ],
            [
              95.302137092000066,
              5.5501416740000309,
              0,
              null
            ],
            [
              95.302029132000087,
              5.5501761700000429,
              0,
              null
            ],
            [
              95.301954432000059,
              5.5502019390000328,
              0,
              null
            ],
            [
              95.301928726000085,
              5.5502108080000312,
              0,
              null
            ],
            [
              95.301884102000031,
              5.5502262010000436,
              0,
              null
            ],
            [
              95.301840859000038,
              5.5502411190000203,
              0,
              null
            ],
            [
              95.301788594000072,
              5.550258976000066,
              0,
              null
            ],
            [
              95.30177427700005,
              5.5502683510000566,
              0,
              null
            ],
            [
              95.301765747000047,
              5.5502856940000243,
              0,
              null
            ],
            [
              95.301764527000046,
              5.5503012870000248,
              0,
              null
            ],
            [
              95.301763959000084,
              5.5503085440000746,
              0,
              null
            ],
            [
              95.301767363000067,
              5.5503220640000563,
              0,
              null
            ],
            [
              95.301800977000084,
              5.5504555770000366,
              0,
              null
            ],
            [
              95.301795195000068,
              5.5504697820000501,
              0,
              null
            ],
            [
              95.301781090000077,
              5.5504802950000567,
              0,
              null
            ],
            [
              95.301767060000032,
              5.5504839880000532,
              0,
              null
            ],
            [
              95.301738342000078,
              5.550491548000025,
              0,
              null
            ],
            [
              95.301672771000085,
              5.5505088100000535,
              0,
              null
            ],
            [
              95.301657431000081,
              5.5505128480000394,
              0,
              null
            ],
            [
              95.301595004000035,
              5.5505269020000583,
              0,
              null
            ],
            [
              95.301565743000083,
              5.5505334890000313,
              0,
              null
            ],
            [
              95.301563779000048,
              5.550533779000034,
              0,
              null
            ],
            [
              95.301531129000068,
              5.550538596000024,
              0,
              null
            ],
            [
              95.301455298000064,
              5.5505537240000535,
              0,
              null
            ],
            [
              95.301386185000069,
              5.550530737000031,
              0,
              null
            ],
            [
              95.300978889000078,
              5.550530598000023,
              0,
              null
            ],
            [
              95.30092907900007,
              5.5501402390000294,
              0,
              null
            ],
            [
              95.300781596000036,
              5.5501261440000462,
              0,
              null
            ],
            [
              95.300730061000081,
              5.5501212180000721,
              0,
              null
            ],
            [
              95.300521941000056,
              5.5500955430000545,
              0,
              null
            ],
            [
              95.300508674000071,
              5.5500919520000593,
              0,
              null
            ],
            [
              95.300480136000033,
              5.5500771480000708,
              0,
              null
            ],
            [
              95.300462631000073,
              5.5500648600000204,
              0,
              null
            ],
            [
              95.300422511000079,
              5.5500319410000429,
              0,
              null
            ],
            [
              95.300372853000056,
              5.5499847330000307,
              0,
              null
            ],
            [
              95.300349941000036,
              5.5499597650000396,
              0,
              null
            ],
            [
              95.300268755000047,
              5.5498665610000444,
              0,
              null
            ],
            [
              95.300254049000046,
              5.5498499770000649,
              0,
              null
            ],
            [
              95.300177376000079,
              5.5497703410000554,
              0,
              null
            ],
            [
              95.300154989000077,
              5.54974708900005,
              0,
              null
            ],
            [
              95.299963149000064,
              5.5495526150000387,
              0,
              null
            ],
            [
              95.299842993000084,
              5.5494322180000495,
              0,
              null
            ],
            [
              95.299823051000033,
              5.549412453000059,
              0,
              null
            ],
            [
              95.299818007000056,
              5.5494074550000505,
              0,
              null
            ],
            [
              95.29976169400004,
              5.5493516420000333,
              0,
              null
            ],
            [
              95.299674335000077,
              5.5492718850000529,
              0,
              null
            ],
            [
              95.299597164000033,
              5.5491925680000236,
              0,
              null
            ],
            [
              95.299578131000032,
              5.5491769860000204,
              0,
              null
            ],
            [
              95.299471568000058,
              5.5491003310000337,
              0,
              null
            ],
            [
              95.29943651800005,
              5.5490790540000603,
              0,
              null
            ],
            [
              95.299416743000052,
              5.5490696940000248,
              0,
              null
            ],
            [
              95.299358231000042,
              5.5490447380000205,
              0,
              null
            ],
            [
              95.299293082000077,
              5.5490172670000675,
              0,
              null
            ],
            [
              95.29915707300006,
              5.5489599190000263,
              0,
              null
            ],
            [
              95.299052857000049,
              5.5489159790000713,
              0,
              null
            ],
            [
              95.299044415000083,
              5.5489124190000325,
              0,
              null
            ],
            [
              95.29902732000005,
              5.548905211000033,
              0,
              null
            ],
            [
              95.298997197000062,
              5.5488937400000395,
              0,
              null
            ],
            [
              95.298969045000035,
              5.5488829360000409,
              0,
              null
            ],
            [
              95.298942797000052,
              5.5488762540000494,
              0,
              null
            ],
            [
              95.298935821000043,
              5.5489001620000522,
              0,
              null
            ],
            [
              95.298935718000052,
              5.5489004200000522,
              0,
              null
            ],
            [
              95.298926598000037,
              5.5489232080000761,
              0,
              null
            ],
            [
              95.298883524000075,
              5.5490057030000344,
              0,
              null
            ],
            [
              95.298882603000038,
              5.5490074660000346,
              0,
              null
            ],
            [
              95.298874268000077,
              5.5490188960000637,
              0,
              null
            ],
            [
              95.298861928000065,
              5.549035821000075,
              0,
              null
            ],
            [
              95.298825269000076,
              5.5490790450000418,
              0,
              null
            ],
            [
              95.298756492000052,
              5.5491569060000643,
              0,
              null
            ],
            [
              95.298706544000083,
              5.5492115070000523,
              0,
              null
            ],
            [
              95.298660738000081,
              5.5492622390000292,
              0,
              null
            ],
            [
              95.298645996000062,
              5.5492785670000444,
              0,
              null
            ],
            [
              95.298637787000075,
              5.5492876590000719,
              0,
              null
            ],
            [
              95.298600959000055,
              5.5493284820000213,
              0,
              null
            ],
            [
              95.29856994000005,
              5.549362866000024,
              0,
              null
            ],
            [
              95.29854087800004,
              5.5493950790000213,
              0,
              null
            ],
            [
              95.298522502000083,
              5.5494161040000449,
              0,
              null
            ],
            [
              95.298519045000035,
              5.5494199180000692,
              0,
              null
            ],
            [
              95.298500885000067,
              5.5494399610000755,
              0,
              null
            ],
            [
              95.29849187800005,
              5.5494499030000384,
              0,
              null
            ],
            [
              95.298434551000071,
              5.5495137640000394,
              0,
              null
            ],
            [
              95.298395824000067,
              5.5495569040000419,
              0,
              null
            ],
            [
              95.298376370000085,
              5.5495793070000445,
              0,
              null
            ],
            [
              95.298365735000061,
              5.5495912440000552,
              0,
              null
            ],
            [
              95.298348005000037,
              5.5496116330000405,
              0,
              null
            ],
            [
              95.298299112000052,
              5.5496662490000404,
              0,
              null
            ],
            [
              95.298278953000079,
              5.5496894380000299,
              0,
              null
            ],
            [
              95.298251716000038,
              5.5497207680000429,
              0,
              null
            ],
            [
              95.298240630000066,
              5.5497338140000352,
              0,
              null
            ],
            [
              95.29820753100006,
              5.5497727620000319,
              0,
              null
            ],
            [
              95.298161798000081,
              5.5498266460000423,
              0,
              null
            ],
            [
              95.298146985000074,
              5.5498449290000735,
              0,
              null
            ],
            [
              95.298135588000036,
              5.549858997000058,
              0,
              null
            ],
            [
              95.298125160000041,
              5.5498719000000278,
              0,
              null
            ],
            [
              95.298114822000059,
              5.5498859690000586,
              0,
              null
            ],
            [
              95.298100155000043,
              5.5499076750000427,
              0,
              null
            ],
            [
              95.298092242000052,
              5.5499190420000559,
              0,
              null
            ],
            [
              95.298087915000053,
              5.5499252560000514,
              0,
              null
            ],
            [
              95.298067077000042,
              5.5499551880000695,
              0,
              null
            ],
            [
              95.298032973000034,
              5.5500053640000715,
              0,
              null
            ],
            [
              95.298026216000039,
              5.5500153040000555,
              0,
              null
            ],
            [
              95.297968626000056,
              5.550093367000045,
              0,
              null
            ],
            [
              95.297963063000054,
              5.5501031950000765,
              0,
              null
            ],
            [
              95.297939521000046,
              5.5500898150000353,
              0,
              null
            ],
            [
              95.297939211000084,
              5.5500896380000313,
              0,
              null
            ],
            [
              95.297922189000076,
              5.550081738000074,
              0,
              null
            ],
            [
              95.297916652000083,
              5.5500791680000248,
              0,
              null
            ],
            [
              95.297888676000071,
              5.5500696770000673,
              0,
              null
            ],
            [
              95.297867968000048,
              5.5500642070000481,
              0,
              null
            ],
            [
              95.297846235000065,
              5.5500594650000608,
              0,
              null
            ],
            [
              95.297768622000035,
              5.5500431710000271,
              0,
              null
            ],
            [
              95.29775344400008,
              5.5500399840000227,
              0,
              null
            ],
            [
              95.297649264000086,
              5.5500193730000547,
              0,
              null
            ],
            [
              95.297618626000087,
              5.5500135240000645,
              0,
              null
            ],
            [
              95.297551641000041,
              5.5500007340000366,
              0,
              null
            ],
            [
              95.297482044000049,
              5.5499858640000639,
              0,
              null
            ],
            [
              95.297422991000076,
              5.5499700760000223,
              0,
              null
            ],
            [
              95.297412066000049,
              5.5499654360000363,
              0,
              null
            ],
            [
              95.297392596000066,
              5.549953381000023,
              0,
              null
            ],
            [
              95.297382466000045,
              5.5499423020000336,
              0,
              null
            ],
            [
              95.297376282000073,
              5.5499316960000442,
              0,
              null
            ],
            [
              95.297372458000041,
              5.5499180430000479,
              0,
              null
            ],
            [
              95.297369482000079,
              5.5498928170000568,
              0,
              null
            ],
            [
              95.297369350000054,
              5.5498447740000643,
              0,
              null
            ],
            [
              95.297369686000081,
              5.5498242720000235,
              0,
              null
            ],
            [
              95.297366734000036,
              5.5498120890000564,
              0,
              null
            ],
            [
              95.297361285000079,
              5.5498006120000696,
              0,
              null
            ],
            [
              95.297353013000077,
              5.5497937930000489,
              0,
              null
            ],
            [
              95.29733757300005,
              5.549788086000035,
              0,
              null
            ],
            [
              95.297295441000074,
              5.5497761190000574,
              0,
              null
            ],
            [
              95.297248890000049,
              5.5497668900000576,
              0,
              null
            ],
            [
              95.297234161000063,
              5.5497630870000307,
              0,
              null
            ],
            [
              95.297165406000033,
              5.5497370950000686,
              0,
              null
            ],
            [
              95.297157269000081,
              5.5497326250000469,
              0,
              null
            ],
            [
              95.297156483000037,
              5.5497317370000587,
              0,
              null
            ],
            [
              95.29714511800006,
              5.5497188880000294,
              0,
              null
            ],
            [
              95.297138953000058,
              5.5497054770000318,
              0,
              null
            ],
            [
              95.297133081000084,
              5.549692703000062,
              0,
              null
            ],
            [
              95.297131293000064,
              5.5496806780000725,
              0,
              null
            ],
            [
              95.297136653000052,
              5.5496354110000539,
              0,
              null
            ],
            [
              95.29714272800004,
              5.5495841120000478,
              0,
              null
            ],
            [
              95.29715757300005,
              5.5494332300000337,
              0,
              null
            ],
            [
              95.297160019000046,
              5.5494083670000691,
              0,
              null
            ],
            [
              95.297165562000032,
              5.5493477740000685,
              0,
              null
            ],
            [
              95.297172898000042,
              5.5492675840000629,
              0,
              null
            ],
            [
              95.297188562000031,
              5.549156268000047,
              0,
              null
            ],
            [
              95.29719179600005,
              5.5491226110000298,
              0,
              null
            ],
            [
              95.297192063000068,
              5.5491164410000238,
              0,
              null
            ],
            [
              95.297193104000087,
              5.5490922970000724,
              0,
              null
            ],
            [
              95.297191489000056,
              5.5490619680000464,
              0,
              null
            ],
            [
              95.297182031000034,
              5.5489795570000524,
              0,
              null
            ],
            [
              95.297176471000057,
              5.5489423900000361,
              0,
              null
            ],
            [
              95.297162916000048,
              5.5488517980000438,
              0,
              null
            ],
            [
              95.297156623000035,
              5.5488061920000291,
              0,
              null
            ],
            [
              95.297155731000032,
              5.5487984450000454,
              0,
              null
            ],
            [
              95.297154825000064,
              5.5487890420000667,
              0,
              null
            ],
            [
              95.297154123000041,
              5.5487827280000488,
              0,
              null
            ],
            [
              95.297152892000042,
              5.5487674820000734,
              0,
              null
            ],
            [
              95.297152422000067,
              5.5487623250000411,
              0,
              null
            ],
            [
              95.297151993000057,
              5.5487576020000233,
              0,
              null
            ],
            [
              95.297150385000066,
              5.5487399350000715,
              0,
              null
            ],
            [
              95.297148783000068,
              5.5487223380000614,
              0,
              null
            ],
            [
              95.297140933000037,
              5.5486324530000388,
              0,
              null
            ],
            [
              95.297138362000055,
              5.5486030060000644,
              0,
              null
            ],
            [
              95.297135426000068,
              5.5485414590000346,
              0,
              null
            ],
            [
              95.297135471000047,
              5.5485158790000355,
              0,
              null
            ],
            [
              95.29713571800005,
              5.5483762120000506,
              0,
              null
            ],
            [
              95.297135754000067,
              5.5483559630000627,
              0,
              null
            ],
            [
              95.297136657000067,
              5.5482920170000511,
              0,
              null
            ],
            [
              95.297136974000068,
              5.5482695760000524,
              0,
              null
            ],
            [
              95.297137668000062,
              5.5482582990000537,
              0,
              null
            ],
            [
              95.297138361000066,
              5.5482470210000656,
              0,
              null
            ],
            [
              95.297147585000062,
              5.5482039120000763,
              0,
              null
            ],
            [
              95.297154615000068,
              5.5481710550000685,
              0,
              null
            ],
            [
              95.297166016000062,
              5.548126049000075,
              0,
              null
            ],
            [
              95.297169706000034,
              5.5481139500000722,
              0,
              null
            ],
            [
              95.297199043000035,
              5.5480177560000357,
              0,
              null
            ],
            [
              95.297215164000079,
              5.5479648950000637,
              0,
              null
            ],
            [
              95.297246182000038,
              5.5478510970000343,
              0,
              null
            ],
            [
              95.29727237600008,
              5.5477566430000707,
              0,
              null
            ],
            [
              95.297281332000068,
              5.5477237250000258,
              0,
              null
            ],
            [
              95.297283260000086,
              5.547716638000054,
              0,
              null
            ],
            [
              95.297293259000071,
              5.5476889720000599,
              0,
              null
            ],
            [
              95.297275332000083,
              5.5476835940000342,
              0,
              null
            ],
            [
              95.297238268000058,
              5.5476710240000671,
              0,
              null
            ],
            [
              95.297207509000032,
              5.5476605910000671,
              0,
              null
            ],
            [
              95.297137686000042,
              5.5476382280000394,
              0,
              null
            ],
            [
              95.297067067000057,
              5.5476155870000525,
              0,
              null
            ],
            [
              95.297014367000031,
              5.5475992650000308,
              0,
              null
            ],
            [
              95.297000543000081,
              5.5475949830000673,
              0,
              null
            ],
            [
              95.296932156000082,
              5.5475754350000557,
              0,
              null
            ],
            [
              95.296862670000053,
              5.5475586660000431,
              0,
              null
            ],
            [
              95.296791841000072,
              5.5475445410000361,
              0,
              null
            ],
            [
              95.296748980000075,
              5.5475376120000419,
              0,
              null
            ],
            [
              95.296727930000031,
              5.5475348540000482,
              0,
              null
            ],
            [
              95.296721640000044,
              5.5475340300000653,
              0,
              null
            ],
            [
              95.296691638000084,
              5.5475304130000609,
              0,
              null
            ],
            [
              95.296677560000035,
              5.5475292210000475,
              0,
              null
            ],
            [
              95.296679737000034,
              5.5474999230000321,
              0,
              null
            ],
            [
              95.296685638000042,
              5.5474767800000677,
              0,
              null
            ],
            [
              95.296693450000078,
              5.5474461370000654,
              0,
              null
            ],
            [
              95.296698812000045,
              5.547426822000034,
              0,
              null
            ],
            [
              95.296734201000049,
              5.54729932500004,
              0,
              null
            ],
            [
              95.296769210000036,
              5.5471699670000589,
              0,
              null
            ],
            [
              95.296771753000087,
              5.5471605710000631,
              0,
              null
            ],
            [
              95.296782015000076,
              5.5471207120000372,
              0,
              null
            ],
            [
              95.296769117000053,
              5.547116524000046,
              0,
              null
            ],
            [
              95.296764701000086,
              5.5471150890000445,
              0,
              null
            ],
            [
              95.296709784000086,
              5.5470972540000503,
              0,
              null
            ],
            [
              95.296530336000046,
              5.5469873380000649,
              0,
              null
            ],
            [
              95.296496084000069,
              5.5469566420000547,
              0,
              null
            ],
            [
              95.296317756000064,
              5.5467968320000409,
              0,
              null
            ],
            [
              95.296163670000055,
              5.5465353530000243,
              0,
              null
            ],
            [
              95.296098192000045,
              5.5463432700000226,
              0,
              null
            ],
            [
              95.296067153000081,
              5.5460324760000503,
              0,
              null
            ],
            [
              95.296081608000065,
              5.5459128370000599,
              0,
              null
            ],
            [
              95.296121676000041,
              5.545800090000057,
              0,
              null
            ],
            [
              95.296195112000078,
              5.5455934450000655,
              0,
              null
            ],
            [
              95.296428263000053,
              5.545393175000072,
              0,
              null
            ],
            [
              95.296597681000037,
              5.5452680780000492,
              0,
              null
            ],
            [
              95.296843220000085,
              5.5450829680000311,
              0,
              null
            ],
            [
              95.29696324400004,
              5.5449121930000729,
              0,
              null
            ],
            [
              95.296984615000042,
              5.5448703100000216,
              0,
              null
            ],
            [
              95.297005956000078,
              5.5448737890000643,
              0,
              null
            ],
            [
              95.297040722000077,
              5.5448591640000586,
              0,
              null
            ],
            [
              95.297080677000054,
              5.5448226990000649,
              0,
              null
            ],
            [
              95.297090667000077,
              5.5448135810000281,
              0,
              null
            ],
            [
              95.297090707000052,
              5.5448135450000677,
              0,
              null
            ],
            [
              95.29713472800006,
              5.5447733690000405,
              0,
              null
            ],
            [
              95.29715882000005,
              5.5447513800000365,
              0,
              null
            ],
            [
              95.297192254000038,
              5.5447208670000236,
              0,
              null
            ],
            [
              95.297206225000082,
              5.544708116000038,
              0,
              null
            ],
            [
              95.297341267000036,
              5.5445758950000368,
              0,
              null
            ],
            [
              95.29736104300008,
              5.5445565320000583,
              0,
              null
            ],
            [
              95.297464772000069,
              5.5444652840000686,
              0,
              null
            ],
            [
              95.297595088000037,
              5.5444139140000743,
              0,
              null
            ],
            [
              95.297635944000035,
              5.5444063160000496,
              0,
              null
            ],
            [
              95.297796818000052,
              5.5444045880000203,
              0,
              null
            ],
            [
              95.297831379000058,
              5.5444020680000676,
              0,
              null
            ],
            [
              95.297854284000039,
              5.5443948560000536,
              0,
              null
            ],
            [
              95.297872901000062,
              5.5443754670000658,
              0,
              null
            ],
            [
              95.297953633000077,
              5.5442163780000442,
              0,
              null
            ],
            [
              95.298021640000059,
              5.5440818120000586,
              0,
              null
            ],
            [
              95.298027132000072,
              5.544071898000027,
              0,
              null
            ],
            [
              95.298036596000031,
              5.5440549600000395,
              0,
              null
            ],
            [
              95.298044144000073,
              5.5440416180000511,
              0,
              null
            ],
            [
              95.298052237000036,
              5.5440273090000574,
              0,
              null
            ],
            [
              95.298063988000081,
              5.5440143940000439,
              0,
              null
            ],
            [
              95.298070104000033,
              5.5440076710000312,
              0,
              null
            ],
            [
              95.298078424000039,
              5.5439985260000526,
              0,
              null
            ],
            [
              95.298082992000047,
              5.5439970530000551,
              0,
              null
            ],
            [
              95.298086409000064,
              5.5439954640000337,
              0,
              null
            ],
            [
              95.298108180000042,
              5.5439870130000486,
              0,
              null
            ],
            [
              95.298297575000049,
              5.5439824580000732,
              0,
              null
            ],
            [
              95.298354416000052,
              5.5439831690000574,
              0,
              null
            ],
            [
              95.298430928000073,
              5.5439841250000654,
              0,
              null
            ],
            [
              95.298457602000042,
              5.5439844590000575,
              0,
              null
            ],
            [
              95.298483626000063,
              5.5439847850000206,
              0,
              null
            ],
            [
              95.298573530000056,
              5.5439822980000599,
              0,
              null
            ],
            [
              95.298585036000077,
              5.5439819790000229,
              0,
              null
            ],
            [
              95.298603676000084,
              5.5439814640000691,
              0,
              null
            ],
            [
              95.298653211000044,
              5.5439800930000729,
              0,
              null
            ],
            [
              95.298661333000041,
              5.5439798690000544,
              0,
              null
            ],
            [
              95.298735381000085,
              5.5439778210000554,
              0,
              null
            ],
            [
              95.298781054000074,
              5.5439765570000645,
              0,
              null
            ],
            [
              95.298785336000037,
              5.5439764390000619,
              0,
              null
            ],
            [
              95.298789280000051,
              5.5439763290000315,
              0,
              null
            ],
            [
              95.298815132000072,
              5.5439756140000327,
              0,
              null
            ],
            [
              95.298842430000036,
              5.5439750420000564,
              0,
              null
            ],
            [
              95.298847711000064,
              5.543974932000026,
              0,
              null
            ],
            [
              95.298924056000033,
              5.5439733310000747,
              0,
              null
            ],
            [
              95.298968918000071,
              5.543972391000068,
              0,
              null
            ],
            [
              95.299004013000058,
              5.5439716550000639,
              0,
              null
            ],
            [
              95.299023684000076,
              5.5439712420000546,
              0,
              null
            ],
            [
              95.299065846000076,
              5.5439703880000479,
              0,
              null
            ],
            [
              95.299082489000057,
              5.5439700500000413,
              0,
              null
            ],
            [
              95.299094471000046,
              5.5439698080000426,
              0,
              null
            ],
            [
              95.299176147000082,
              5.5439681510000582,
              0,
              null
            ],
            [
              95.299199084000065,
              5.5439676860000304,
              0,
              null
            ],
            [
              95.299248025000054,
              5.5439719880000666,
              0,
              null
            ],
            [
              95.299251496000068,
              5.5439730390000364,
              0,
              null
            ],
            [
              95.299256914000068,
              5.5439746780000405,
              0,
              null
            ],
            [
              95.299271776000069,
              5.5439791760000503,
              0,
              null
            ],
            [
              95.299384367000073,
              5.5440132450000306,
              0,
              null
            ],
            [
              95.299397054000053,
              5.5440170850000641,
              0,
              null
            ],
            [
              95.299420812000051,
              5.5440267320000203,
              0,
              null
            ],
            [
              95.299450462000038,
              5.5440400090000708,
              0,
              null
            ],
            [
              95.299468904000037,
              5.5440493530000481,
              0,
              null
            ],
            [
              95.299480912000035,
              5.5440560220000634,
              0,
              null
            ],
            [
              95.299496790000035,
              5.5440361800000346,
              0,
              null
            ],
            [
              95.299549518000049,
              5.5439864760000432,
              0,
              null
            ],
            [
              95.299619352000036,
              5.5439303150000683,
              0,
              null
            ],
            [
              95.299651924000045,
              5.5439198020000617,
              0,
              null
            ],
            [
              95.299679583000056,
              5.543919613000071,
              0,
              null
            ],
            [
              95.29972500100007,
              5.5439272230000256,
              0,
              null
            ],
            [
              95.299727618000077,
              5.5439276610000547,
              0,
              null
            ],
            [
              95.29982016200006,
              5.543949059000056,
              0,
              null
            ],
            [
              95.299846521000063,
              5.5439508820000469,
              0,
              null
            ],
            [
              95.299874855000041,
              5.543947825000032,
              0,
              null
            ],
            [
              95.299908342000037,
              5.5439406710000299,
              0,
              null
            ],
            [
              95.299929925000072,
              5.5439342700000225,
              0,
              null
            ],
            [
              95.299936628000069,
              5.5439322810000249,
              0,
              null
            ],
            [
              95.299959228000034,
              5.543925459000036,
              0,
              null
            ],
            [
              95.299973228000056,
              5.5439232340000331,
              0,
              null
            ],
            [
              95.29997617500004,
              5.5439227650000475,
              0,
              null
            ],
            [
              95.299979748000055,
              5.543922473000066,
              0,
              null
            ],
            [
              95.300027124000053,
              5.5439186060000338,
              0,
              null
            ],
            [
              95.300057361000086,
              5.5439223750000224,
              0,
              null
            ],
            [
              95.300131856000064,
              5.5439305460000696,
              0,
              null
            ],
            [
              95.300172479000082,
              5.5439331350000316,
              0,
              null
            ],
            [
              95.300326092000034,
              5.5439429250000671,
              0,
              null
            ],
            [
              95.300477755000031,
              5.543952794000063,
              0,
              null
            ],
            [
              95.300508027000035,
              5.5439549880000527,
              0,
              null
            ],
            [
              95.300576790000036,
              5.5439599720000388,
              0,
              null
            ],
            [
              95.300580363000051,
              5.5439602310000282,
              0,
              null
            ],
            [
              95.300586053000075,
              5.5439606430000481,
              0,
              null
            ],
            [
              95.300662586000044,
              5.5439657020000368,
              0,
              null
            ],
            [
              95.300671292000061,
              5.5439662780000276,
              0,
              null
            ],
            [
              95.300803392000034,
              5.543975165000063,
              0,
              null
            ],
            [
              95.30086226700007,
              5.5439790510000648,
              0,
              null
            ],
            [
              95.30090627900006,
              5.5439814540000611,
              0,
              null
            ],
            [
              95.300984620000065,
              5.5439872750000632,
              0,
              null
            ],
            [
              95.30111067100006,
              5.5440010220000318,
              0,
              null
            ],
            [
              95.301157166000053,
              5.5440060930000641,
              0,
              null
            ],
            [
              95.301265163000039,
              5.5440227200000436,
              0,
              null
            ],
            [
              95.301291281000033,
              5.5440251500000386,
              0,
              null
            ],
            [
              95.301496976000067,
              5.5440245410000557,
              0,
              null
            ],
            [
              95.301515111000072,
              5.544024433000061,
              0,
              null
            ],
            [
              95.301530817000071,
              5.5440267400000494,
              0,
              null
            ],
            [
              95.30166601500008,
              5.5440668090000713,
              0,
              null
            ],
            [
              95.301695592000044,
              5.5440760180000552,
              0,
              null
            ],
            [
              95.301847787000042,
              5.5441383620000693,
              0,
              null
            ],
            [
              95.302062916000068,
              5.5442320210000275,
              0,
              null
            ],
            [
              95.302148840000086,
              5.5442633940000405,
              0,
              null
            ],
            [
              95.302160848000085,
              5.5442677790000516,
              0,
              null
            ],
            [
              95.302182999000081,
              5.5442708110000467,
              0,
              null
            ],
            [
              95.302183561000049,
              5.5442845730000272,
              0,
              null
            ],
            [
              95.302184540000042,
              5.5443337140000608,
              0,
              null
            ],
            [
              95.302182719000086,
              5.5443759610000711,
              0,
              null
            ],
            [
              95.302175545000068,
              5.5444710550000309,
              0,
              null
            ],
            [
              95.302174033000085,
              5.5445206950000738,
              0,
              null
            ],
            [
              95.302173804000063,
              5.5445758000000751,
              0,
              null
            ],
            [
              95.302172182000049,
              5.5445900970000253,
              0,
              null
            ],
            [
              95.302162822000071,
              5.544637797000064,
              0,
              null
            ],
            [
              95.302125471000068,
              5.5447584000000347,
              0,
              null
            ],
            [
              95.301986961000068,
              5.5451182490000406,
              0,
              null
            ],
            [
              95.301955083000053,
              5.5452218280000238,
              0,
              null
            ],
            [
              95.301938504000077,
              5.5452712830000337,
              0,
              null
            ],
            [
              95.301930274000085,
              5.545314974000064,
              0,
              null
            ],
            [
              95.301902871000038,
              5.5454299610000248,
              0,
              null
            ],
            [
              95.301885614000071,
              5.5455118690000518,
              0,
              null
            ],
            [
              95.301872869000078,
              5.5455729070000643,
              0,
              null
            ],
            [
              95.301864619000071,
              5.5456254300000296,
              0,
              null
            ],
            [
              95.301836374000061,
              5.5457990500000278,
              0,
              null
            ],
            [
              95.301833904000034,
              5.5458123820000651,
              0,
              null
            ],
            [
              95.301822695000055,
              5.5458740640000315,
              0,
              null
            ],
            [
              95.301814006000086,
              5.5459503980000591,
              0,
              null
            ],
            [
              95.301806734000081,
              5.5459922060000508,
              0,
              null
            ],
            [
              95.301797664000048,
              5.5460331620000716,
              0,
              null
            ],
            [
              95.301787140000044,
              5.5460877280000318,
              0,
              null
            ],
            [
              95.301772117000041,
              5.5461687960000745,
              0,
              null
            ],
            [
              95.301768970000069,
              5.5461875920000239,
              0,
              null
            ],
            [
              95.301764588000083,
              5.5462301110000567,
              0,
              null
            ],
            [
              95.301761681000073,
              5.5462458960000731,
              0,
              null
            ],
            [
              95.301775063000036,
              5.5462479530000337,
              0,
              null
            ],
            [
              95.301800140000068,
              5.5462529010000594,
              0,
              null
            ],
            [
              95.301824833000069,
              5.5462599280000404,
              0,
              null
            ],
            [
              95.302004656000065,
              5.5463125960000639,
              0,
              null
            ],
            [
              95.302084384000068,
              5.5463324880000755,
              0,
              null
            ],
            [
              95.302125990000036,
              5.5463415100000475,
              0,
              null
            ],
            [
              95.302147540000078,
              5.5463500670000485,
              0,
              null
            ],
            [
              95.302167486000087,
              5.5463617500000737,
              0,
              null
            ],
            [
              95.302199079000047,
              5.5463824260000365,
              0,
              null
            ],
            [
              95.30223019400006,
              5.5463986570000543,
              0,
              null
            ],
            [
              95.302273278000087,
              5.5464165680000406,
              0,
              null
            ],
            [
              95.302351171000055,
              5.5464415210000766,
              0,
              null
            ],
            [
              95.302386766000041,
              5.5464529250000396,
              0,
              null
            ],
            [
              95.302485595000064,
              5.5464780670000664,
              0,
              null
            ],
            [
              95.302525906000085,
              5.546488160000024,
              0,
              null
            ],
            [
              95.302553203000059,
              5.546494616000075,
              0,
              null
            ],
            [
              95.302579813000079,
              5.5465004970000678,
              0,
              null
            ],
            [
              95.302714987000058,
              5.5465248650000376,
              0,
              null
            ],
            [
              95.302841911000087,
              5.5465457840000454,
              0,
              null
            ],
            [
              95.30285777000006,
              5.5465457950000427,
              0,
              null
            ],
            [
              95.302873074000047,
              5.5465441170000531,
              0,
              null
            ],
            [
              95.30288588500008,
              5.5465397460000645,
              0,
              null
            ],
            [
              95.302896757000042,
              5.5465329610000254,
              0,
              null
            ],
            [
              95.302919426000074,
              5.54651268300006,
              0,
              null
            ],
            [
              95.302930836000087,
              5.5465045060000762,
              0,
              null
            ],
            [
              95.302938752000045,
              5.5465259550000496,
              0,
              null
            ],
            [
              95.302947338000081,
              5.5465370030000258,
              0,
              null
            ],
            [
              95.302959871000041,
              5.546546825000064,
              0,
              null
            ],
            [
              95.302975803000038,
              5.5465537330000529,
              0,
              null
            ],
            [
              95.303037619000065,
              5.5465713130000722,
              0,
              null
            ],
            [
              95.303033158000062,
              5.5465841390000605,
              0,
              null
            ],
            [
              95.303022857000087,
              5.5466229800000519,
              0,
              null
            ],
            [
              95.302998461000072,
              5.5467386140000485,
              0,
              null
            ],
            [
              95.302966540000057,
              5.5468868920000318,
              0,
              null
            ],
            [
              95.302961545000073,
              5.5468991320000214,
              0,
              null
            ],
            [
              95.302951243000052,
              5.5469203610000477,
              0,
              null
            ],
            [
              95.302941931000078,
              5.5469314790000226,
              0,
              null
            ],
            [
              95.302886399000045,
              5.5469652850000557,
              0,
              null
            ],
            [
              95.302869871000041,
              5.5469766940000227,
              0,
              null
            ],
            [
              95.302859424000076,
              5.5469930410000643,
              0,
              null
            ],
            [
              95.302856551000048,
              5.5470103720000452,
              0,
              null
            ],
            [
              95.302857642000049,
              5.5470288160000223,
              0,
              null
            ],
            [
              95.302885574000072,
              5.5471617740000738,
              0,
              null
            ],
            [
              95.302901563000034,
              5.5472251950000668,
              0,
              null
            ],
            [
              95.302906374000031,
              5.5472492840000314,
              0,
              null
            ],
            [
              95.302910810000071,
              5.547295059000021,
              0,
              null
            ],
            [
              95.302913227000033,
              5.547492476000059,
              0,
              null
            ],
            [
              95.302910037000061,
              5.5475421590000451,
              0,
              null
            ],
            [
              95.302904812000065,
              5.5475603660000274,
              0,
              null
            ],
            [
              95.302894585000047,
              5.547572917000025,
              0,
              null
            ],
            [
              95.302879352000048,
              5.5475810840000577,
              0,
              null
            ],
            [
              95.302859092000062,
              5.5475863150000464,
              0,
              null
            ],
            [
              95.30273709100004,
              5.547608991000061,
              0,
              null
            ],
            [
              95.302726950000078,
              5.547613406000039,
              0,
              null
            ],
            [
              95.302720351000062,
              5.5476240070000244,
              0,
              null
            ],
            [
              95.302718398000081,
              5.5476391740000395,
              0,
              null
            ],
            [
              95.302723094000044,
              5.5476759490000518,
              0,
              null
            ],
            [
              95.302726279000069,
              5.5477008900000442,
              0,
              null
            ],
            [
              95.302727369000081,
              5.5477377840000486,
              0,
              null
            ],
            [
              95.302729425000052,
              5.5478793400000654,
              0,
              null
            ],
            [
              95.302731056000084,
              5.5478972490000729,
              0,
              null
            ],
            [
              95.302735146000032,
              5.5479215130000625,
              0,
              null
            ],
            [
              95.302737683000032,
              5.5479297440000437,
              0,
              null
            ],
            [
              95.302741677000085,
              5.547942699000032,
              0,
              null
            ],
            [
              95.302751284000067,
              5.547939700000029,
              0,
              null
            ],
            [
              95.302775052000072,
              5.5479341020000561,
              0,
              null
            ],
            [
              95.302788800000087,
              5.5479314550000254,
              0,
              null
            ],
            [
              95.302825832000053,
              5.5479288520000409,
              0,
              null
            ],
            [
              95.302851812000085,
              5.5479281450000713,
              0,
              null
            ],
            [
              95.302873002000069,
              5.5479278270000236,
              0,
              null
            ],
            [
              95.302928156000064,
              5.5479290680000304,
              0,
              null
            ],
            [
              95.302970545000051,
              5.5479284330000382,
              0,
              null
            ],
            [
              95.303077587000075,
              5.547926253000071,
              0,
              null
            ],
            [
              95.303180006000048,
              5.5479255920000696,
              0,
              null
            ],
            [
              95.303229888000033,
              5.5479237250000324,
              0,
              null
            ],
            [
              95.303247759000044,
              5.5479215700000282,
              0,
              null
            ],
            [
              95.303343709000046,
              5.5479084150000517,
              0,
              null
            ],
            [
              95.303365265000082,
              5.548249750000025,
              0,
              null
            ],
            [
              95.303398901000037,
              5.5485717620000514,
              0,
              null
            ],
            [
              95.303072392000047,
              5.5486449560000324,
              0,
              null
            ],
            [
              95.303092508000077,
              5.548653646000048,
              0,
              null
            ],
            [
              95.303111117000071,
              5.5486693740000419,
              0,
              null
            ],
            [
              95.303120131000071,
              5.5486821930000474,
              0,
              null
            ],
            [
              95.303132271000038,
              5.5487023560000353,
              0,
              null
            ],
            [
              95.303152605000037,
              5.548781100000042,
              0,
              null
            ],
            [
              95.303156259000048,
              5.5487952470000437,
              0,
              null
            ],
            [
              95.303175918000079,
              5.5488713750000329,
              0,
              null
            ],
            [
              95.30321196400007,
              5.5489596440000355,
              0,
              null
            ],
            [
              95.303219032000072,
              5.5489769550000574,
              0,
              null
            ],
            [
              95.303221186000087,
              5.5489822270000673,
              0,
              null
            ],
            [
              95.303239745000042,
              5.5490223350000747,
              0,
              null
            ],
            [
              95.303250044000038,
              5.5490425060000348,
              0,
              null
            ],
            [
              95.30325778100007,
              5.5490576620000525,
              0,
              null
            ],
            [
              95.303284491000056,
              5.5491088140000215,
              0,
              null
            ],
            [
              95.303299351000078,
              5.5491350020000709,
              0,
              null
            ]
          ]
        ]
      },
      "properties" : {
        "FID" : 0,
        "OBJECTID" : 5194,
        "KDPPUM" : "11",
        "NAMOBJ" : "Gampong Baro",
        "REMARK" : " ",
        "KDPBPS" : " ",
        "FCODE" : "BA03070040",
        "LUASWH" : 0,
        "UUPP" : "RBI",
        "SRS_ID" : "SRGI 2013",
        "METADATA" : "TASWIL1000020200326DATA_BATAS_DESA_KELURAHAN",
        "KDEBPS" : " ",
        "KDEPUM" : "11.71.03.2015",
        "KDCBPS" : " ",
        "KDCPUM" : "11.71.03",
        "KDBBPS" : " ",
        "WADMKD" : "Gampong Baro",
        "WIADKD" : "0",
        "WADMKC" : "Meuraxa",
        "WIADKC" : " ",
        "WADMKK" : "Kota Banda Aceh",
        "WIADKK" : " ",
        "WADMPR" : "Aceh",
        "WIADPR" : " ",
        "TIPADM" : 9,
        "KDPKAB" : "11.71",
        "SHAPE_Leng" : 0.027421194676383001,
        "SHAPE_Area" : 3.3338977974999999e-05
      }
    }
  ]
}