{
  "hasZ" : true,
  "hasM" : true,
  "type" : "FeatureCollection",
  "features" : [
    {
      "type" : "Feature",
      "id" : 0,
      "geometry" : {
        "type" : "Polygon",
        "coordinates" : [
          [
            [
              95.296972918000051,
              5.5637832050000497,
              0,
              null
            ],
            [
              95.296927793000066,
              5.5643900380000559,
              0,
              null
            ],
            [
              95.296427028000039,
              5.5640839460000393,
              0,
              null
            ],
            [
              95.294874905000086,
              5.5632617420000656,
              0,
              null
            ],
            [
              95.293848129000082,
              5.5627178260000392,
              0,
              null
            ],
            [
              95.293565125000043,
              5.5625679100000411,
              0,
              null
            ],
            [
              95.293439872000079,
              5.5625083110000446,
              0,
              null
            ],
            [
              95.293422466000038,
              5.5625000290000344,
              0,
              null
            ],
            [
              95.29340824600007,
              5.5624932620000322,
              0,
              null
            ],
            [
              95.293498057000079,
              5.5622871480000526,
              0,
              null
            ],
            [
              95.293604631000051,
              5.5620687390000398,
              0,
              null
            ],
            [
              95.293699288000084,
              5.5618559930000515,
              0,
              null
            ],
            [
              95.293735411000057,
              5.5617770360000236,
              0,
              null
            ],
            [
              95.293775302000086,
              5.5617148060000545,
              0,
              null
            ],
            [
              95.293776823000087,
              5.561712190000037,
              0,
              null
            ],
            [
              95.293798170000059,
              5.5616705890000731,
              0,
              null
            ],
            [
              95.293812913000068,
              5.5616361370000504,
              0,
              null
            ],
            [
              95.293837742000051,
              5.5615779900000462,
              0,
              null
            ],
            [
              95.293858314000033,
              5.5615343860000621,
              0,
              null
            ],
            [
              95.293860955000071,
              5.5615268210000295,
              0,
              null
            ],
            [
              95.293867054000032,
              5.5615037000000598,
              0,
              null
            ],
            [
              95.293871221000074,
              5.561470780000036,
              0,
              null
            ],
            [
              95.293903554000053,
              5.56141360700002,
              0,
              null
            ],
            [
              95.293920510000078,
              5.5614123840000502,
              0,
              null
            ],
            [
              95.293939893000072,
              5.5614087920000657,
              0,
              null
            ],
            [
              95.293958517000078,
              5.5614024920000702,
              0,
              null
            ],
            [
              95.293983177000086,
              5.5613927700000545,
              0,
              null
            ],
            [
              95.293999192000058,
              5.5613790220000396,
              0,
              null
            ],
            [
              95.294013336000035,
              5.5613597220000202,
              0,
              null
            ],
            [
              95.29402215500005,
              5.561339973000031,
              0,
              null
            ],
            [
              95.294042678000039,
              5.5612815270000624,
              0,
              null
            ],
            [
              95.294042750000074,
              5.561281344000065,
              0,
              null
            ],
            [
              95.294078036000087,
              5.561191023000049,
              0,
              null
            ],
            [
              95.29410671800008,
              5.5611168710000243,
              0,
              null
            ],
            [
              95.294159739000065,
              5.5609864350000748,
              0,
              null
            ],
            [
              95.294208834000074,
              5.5608719420000625,
              0,
              null
            ],
            [
              95.294214413000077,
              5.5608636680000245,
              0,
              null
            ],
            [
              95.294227465000063,
              5.5608467050000741,
              0,
              null
            ],
            [
              95.294237140000064,
              5.5608292340000389,
              0,
              null
            ],
            [
              95.29429388300008,
              5.560787623000067,
              0,
              null
            ],
            [
              95.294303966000086,
              5.5607669250000527,
              0,
              null
            ],
            [
              95.294311729000071,
              5.5607509890000415,
              0,
              null
            ],
            [
              95.294361369000057,
              5.5605916090000278,
              0,
              null
            ],
            [
              95.294415482000034,
              5.5604192890000377,
              0,
              null
            ],
            [
              95.294440173000055,
              5.5603444170000671,
              0,
              null
            ],
            [
              95.294442084000082,
              5.5603386210000281,
              0,
              null
            ],
            [
              95.294451486000071,
              5.5603101090000564,
              0,
              null
            ],
            [
              95.294526018000056,
              5.5600840990000506,
              0,
              null
            ],
            [
              95.294562918000054,
              5.5599695980000661,
              0,
              null
            ],
            [
              95.294584851000081,
              5.5599057800000651,
              0,
              null
            ],
            [
              95.294597044000056,
              5.5598699600000714,
              0,
              null
            ],
            [
              95.294598090000079,
              5.5598670260000631,
              0,
              null
            ],
            [
              95.294607407000058,
              5.5598408790000349,
              0,
              null
            ],
            [
              95.294616082000061,
              5.5598140700000727,
              0,
              null
            ],
            [
              95.294617448000054,
              5.5598098500000219,
              0,
              null
            ],
            [
              95.294621163000045,
              5.559798613000055,
              0,
              null
            ],
            [
              95.294639723000046,
              5.5597424800000681,
              0,
              null
            ],
            [
              95.294674462000046,
              5.559643913000059,
              0,
              null
            ],
            [
              95.294683831000043,
              5.5596173290000479,
              0,
              null
            ],
            [
              95.294690070000058,
              5.5595996290000471,
              0,
              null
            ],
            [
              95.294727976000047,
              5.5594873500000404,
              0,
              null
            ],
            [
              95.294760136000036,
              5.5593920920000528,
              0,
              null
            ],
            [
              95.294768157000078,
              5.5593676190000565,
              0,
              null
            ],
            [
              95.294785115000082,
              5.5593158820000212,
              0,
              null
            ],
            [
              95.294800265000049,
              5.5592713940000635,
              0,
              null
            ],
            [
              95.294837443000063,
              5.5591652470000668,
              0,
              null
            ],
            [
              95.294840580000084,
              5.5591562880000538,
              0,
              null
            ],
            [
              95.294857033000085,
              5.5591067030000545,
              0,
              null
            ],
            [
              95.294888282000045,
              5.5590125290000287,
              0,
              null
            ],
            [
              95.29491093200005,
              5.558942537000064,
              0,
              null
            ],
            [
              95.294914130000052,
              5.5589326530000562,
              0,
              null
            ],
            [
              95.294957955000086,
              5.5588089350000587,
              0,
              null
            ],
            [
              95.29496645100005,
              5.5587849520000532,
              0,
              null
            ],
            [
              95.29500211800007,
              5.5586997090000523,
              0,
              null
            ],
            [
              95.295029324000041,
              5.5586405490000743,
              0,
              null
            ],
            [
              95.295077589000073,
              5.5585449160000735,
              0,
              null
            ],
            [
              95.295092884000042,
              5.5585165600000437,
              0,
              null
            ],
            [
              95.295112506000066,
              5.5584795120000763,
              0,
              null
            ],
            [
              95.295136336000041,
              5.5584912000000486,
              0,
              null
            ],
            [
              95.295175373000063,
              5.5585085300000401,
              0,
              null
            ],
            [
              95.295279150000056,
              5.5585298520000492,
              0,
              null
            ],
            [
              95.29535713000007,
              5.5585581690000367,
              0,
              null
            ],
            [
              95.295560926000064,
              5.5586321740000244,
              0,
              null
            ],
            [
              95.295713357000068,
              5.5586875270000746,
              0,
              null
            ],
            [
              95.295742959000052,
              5.5586982760000296,
              0,
              null
            ],
            [
              95.295771498000079,
              5.5587086390000309,
              0,
              null
            ],
            [
              95.295892446000039,
              5.5587534250000203,
              0,
              null
            ],
            [
              95.296435793000057,
              5.5588935440000569,
              0,
              null
            ],
            [
              95.296470269000054,
              5.5589020280000341,
              0,
              null
            ],
            [
              95.296642373000054,
              5.5589443860000642,
              0,
              null
            ],
            [
              95.296887239000057,
              5.5590046510000661,
              0,
              null
            ],
            [
              95.297001885000043,
              5.5590361300000382,
              0,
              null
            ],
            [
              95.297657120000054,
              5.5593930920000503,
              0,
              null
            ],
            [
              95.297664618000056,
              5.5594202720000681,
              0,
              null
            ],
            [
              95.297689818000038,
              5.5594294700000546,
              0,
              null
            ],
            [
              95.297716300000047,
              5.5594391380000729,
              0,
              null
            ],
            [
              95.297869732000038,
              5.5594951490000426,
              0,
              null
            ],
            [
              95.297871345000033,
              5.5594958090000546,
              0,
              null
            ],
            [
              95.297971271000051,
              5.559536769000033,
              0,
              null
            ],
            [
              95.298071592000042,
              5.5595821860000569,
              0,
              null
            ],
            [
              95.298195690000057,
              5.5596457370000394,
              0,
              null
            ],
            [
              95.298286800000085,
              5.5596875140000748,
              0,
              null
            ],
            [
              95.298311438000042,
              5.5597011850000513,
              0,
              null
            ],
            [
              95.29842999400006,
              5.5597667400000432,
              0,
              null
            ],
            [
              95.298461093000071,
              5.5597822180000662,
              0,
              null
            ],
            [
              95.298479240000063,
              5.5597912490000567,
              0,
              null
            ],
            [
              95.298506627000052,
              5.5597997480000458,
              0,
              null
            ],
            [
              95.298648796000066,
              5.5598355410000408,
              0,
              null
            ],
            [
              95.298805406000042,
              5.559874624000031,
              0,
              null
            ],
            [
              95.298852081000064,
              5.5598862720000284,
              0,
              null
            ],
            [
              95.298860751000063,
              5.5598884350000617,
              0,
              null
            ],
            [
              95.298890130000075,
              5.5598946400000386,
              0,
              null
            ],
            [
              95.298895552000033,
              5.559868687000062,
              0,
              null
            ],
            [
              95.298895984000069,
              5.5598539960000721,
              0,
              null
            ],
            [
              95.298894932000053,
              5.5598349030000236,
              0,
              null
            ],
            [
              95.298899227000049,
              5.5598079550000534,
              0,
              null
            ],
            [
              95.29890888500006,
              5.5597761630000377,
              0,
              null
            ],
            [
              95.298915432000058,
              5.5597546140000418,
              0,
              null
            ],
            [
              95.298923354000067,
              5.5597285360000228,
              0,
              null
            ],
            [
              95.298935473000085,
              5.5596920270000396,
              0,
              null
            ],
            [
              95.298962869000036,
              5.5596094950000747,
              0,
              null
            ],
            [
              95.299028899000064,
              5.5594105780000405,
              0,
              null
            ],
            [
              95.299032982000085,
              5.5593982790000496,
              0,
              null
            ],
            [
              95.299045504000048,
              5.5593605560000583,
              0,
              null
            ],
            [
              95.29908682100006,
              5.5592184510000493,
              0,
              null
            ],
            [
              95.299098940000079,
              5.559176773000047,
              0,
              null
            ],
            [
              95.299119332000032,
              5.5591066400000386,
              0,
              null
            ],
            [
              95.29912282500004,
              5.5590946240000676,
              0,
              null
            ],
            [
              95.299098579000031,
              5.5590838980000399,
              0,
              null
            ],
            [
              95.299054804000036,
              5.5590645310000468,
              0,
              null
            ],
            [
              95.299033306000069,
              5.5590508620000492,
              0,
              null
            ],
            [
              95.299018416000081,
              5.5590413960000546,
              0,
              null
            ],
            [
              95.299009636000051,
              5.5590239740000698,
              0,
              null
            ],
            [
              95.299016281000036,
              5.5589984460000323,
              0,
              null
            ],
            [
              95.299041827000053,
              5.5589003030000299,
              0,
              null
            ],
            [
              95.299068146000081,
              5.5587991910000483,
              0,
              null
            ],
            [
              95.299068748000082,
              5.5587968800000453,
              0,
              null
            ],
            [
              95.299097043000074,
              5.5586881730000641,
              0,
              null
            ],
            [
              95.299098334000064,
              5.5586832160000768,
              0,
              null
            ],
            [
              95.299139815000046,
              5.5585397400000716,
              0,
              null
            ],
            [
              95.299154767000061,
              5.5584880230000522,
              0,
              null
            ],
            [
              95.299164606000033,
              5.558453987000064,
              0,
              null
            ],
            [
              95.299186332000033,
              5.5583788410000352,
              0,
              null
            ],
            [
              95.299208652000061,
              5.558301641000071,
              0,
              null
            ],
            [
              95.299214340000049,
              5.5582710690000567,
              0,
              null
            ],
            [
              95.299193924000065,
              5.5582478730000275,
              0,
              null
            ],
            [
              95.299167571000055,
              5.5582397200000742,
              0,
              null
            ],
            [
              95.299026751000042,
              5.5581961530000399,
              0,
              null
            ],
            [
              95.299006373000054,
              5.5581831390000502,
              0,
              null
            ],
            [
              95.299000470000067,
              5.5581584320000275,
              0,
              null
            ],
            [
              95.299051836000046,
              5.5578933240000765,
              0,
              null
            ],
            [
              95.29908534100008,
              5.5577789550000603,
              0,
              null
            ],
            [
              95.299110967000047,
              5.5576914780000379,
              0,
              null
            ],
            [
              95.299134759000083,
              5.5576239050000709,
              0,
              null
            ],
            [
              95.299153465000074,
              5.5575707740000553,
              0,
              null
            ],
            [
              95.299165577000053,
              5.5575549420000243,
              0,
              null
            ],
            [
              95.299184895000053,
              5.557550562000074,
              0,
              null
            ],
            [
              95.299206416000061,
              5.5575605230000633,
              0,
              null
            ],
            [
              95.299318480000068,
              5.5576512080000384,
              0,
              null
            ],
            [
              95.299428637000062,
              5.5577350220000312,
              0,
              null
            ],
            [
              95.299432697000043,
              5.5577381110000488,
              0,
              null
            ],
            [
              95.299572731000069,
              5.5578446580000218,
              0,
              null
            ],
            [
              95.299645282000085,
              5.5579024920000393,
              0,
              null
            ],
            [
              95.299764303000075,
              5.5579688150000379,
              0,
              null
            ],
            [
              95.299826848000066,
              5.5580036680000262,
              0,
              null
            ],
            [
              95.299891418000072,
              5.5580349860000524,
              0,
              null
            ],
            [
              95.300118776000033,
              5.5581259390000355,
              0,
              null
            ],
            [
              95.300139620000039,
              5.5581459480000603,
              0,
              null
            ],
            [
              95.300146168000083,
              5.558172470000045,
              0,
              null
            ],
            [
              95.300138847000085,
              5.5582115400000589,
              0,
              null
            ],
            [
              95.300136347000034,
              5.5582248850000724,
              0,
              null
            ],
            [
              95.300096747000055,
              5.5583382940000661,
              0,
              null
            ],
            [
              95.300056317000042,
              5.5584540770000217,
              0,
              null
            ],
            [
              95.30002795200005,
              5.5585362790000659,
              0,
              null
            ],
            [
              95.300001343000076,
              5.5586133880000261,
              0,
              null
            ],
            [
              95.299938058000066,
              5.5587967820000586,
              0,
              null
            ],
            [
              95.299897204000047,
              5.5588969700000348,
              0,
              null
            ],
            [
              95.299877396000056,
              5.5589455470000644,
              0,
              null
            ],
            [
              95.299841592000064,
              5.5590101970000205,
              0,
              null
            ],
            [
              95.29980325300005,
              5.5590794220000248,
              0,
              null
            ],
            [
              95.299736974000041,
              5.5591785340000683,
              0,
              null
            ],
            [
              95.299702410000066,
              5.5592044950000741,
              0,
              null
            ],
            [
              95.299699589000056,
              5.5592062180000426,
              0,
              null
            ],
            [
              95.299659846000054,
              5.5592304880000256,
              0,
              null
            ],
            [
              95.29964566600006,
              5.5592412300000547,
              0,
              null
            ],
            [
              95.299634187000038,
              5.5592608670000345,
              0,
              null
            ],
            [
              95.299634057000048,
              5.5592646470000204,
              0,
              null
            ],
            [
              95.299633389000064,
              5.5592840250000677,
              0,
              null
            ],
            [
              95.299631718000057,
              5.5593116390000432,
              0,
              null
            ],
            [
              95.29962213500005,
              5.559361549000073,
              0,
              null
            ],
            [
              95.299594951000074,
              5.5594569470000579,
              0,
              null
            ],
            [
              95.29959333000005,
              5.5594618370000717,
              0,
              null
            ],
            [
              95.299587262000045,
              5.559480140000062,
              0,
              null
            ],
            [
              95.299525450000033,
              5.5596666130000472,
              0,
              null
            ],
            [
              95.299500066000064,
              5.5597431910000523,
              0,
              null
            ],
            [
              95.299485974000049,
              5.5597859530000733,
              0,
              null
            ],
            [
              95.299425761000066,
              5.5599686680000673,
              0,
              null
            ],
            [
              95.299419368000031,
              5.5600106770000366,
              0,
              null
            ],
            [
              95.299411588000055,
              5.5600520490000349,
              0,
              null
            ],
            [
              95.299399828000048,
              5.5601167030000624,
              0,
              null
            ],
            [
              95.299399418000064,
              5.5601190870000323,
              0,
              null
            ],
            [
              95.299365794000039,
              5.5603146870000728,
              0,
              null
            ],
            [
              95.299357047000058,
              5.5603655700000445,
              0,
              null
            ],
            [
              95.299354272000073,
              5.560380561000045,
              0,
              null
            ],
            [
              95.299330238000039,
              5.5605103910000366,
              0,
              null
            ],
            [
              95.299319106000041,
              5.5605705260000491,
              0,
              null
            ],
            [
              95.299311162000038,
              5.5606134380000753,
              0,
              null
            ],
            [
              95.299281277000034,
              5.5607593120000729,
              0,
              null
            ],
            [
              95.299251291000076,
              5.5609056870000586,
              0,
              null
            ],
            [
              95.299244825000073,
              5.5609378190000598,
              0,
              null
            ],
            [
              95.299207166000087,
              5.5611249780000662,
              0,
              null
            ],
            [
              95.299190396000085,
              5.5612203200000749,
              0,
              null
            ],
            [
              95.299185545000057,
              5.5612650160000499,
              0,
              null
            ],
            [
              95.299327774000062,
              5.5612931340000387,
              0,
              null
            ],
            [
              95.29948870700008,
              5.561326073000032,
              0,
              null
            ],
            [
              95.29948898400005,
              5.5613261300000545,
              0,
              null
            ],
            [
              95.299511343000063,
              5.5613308250000273,
              0,
              null
            ],
            [
              95.299548629000071,
              5.5613386550000428,
              0,
              null
            ],
            [
              95.299535757000058,
              5.5613640100000339,
              0,
              null
            ],
            [
              95.299529423000081,
              5.5613844310000218,
              0,
              null
            ],
            [
              95.299509458000045,
              5.5614260980000267,
              0,
              null
            ],
            [
              95.299493268000049,
              5.5614598870000691,
              0,
              null
            ],
            [
              95.29948736700004,
              5.5614707410000506,
              0,
              null
            ],
            [
              95.299461952000058,
              5.5615174800000204,
              0,
              null
            ],
            [
              95.299458711000057,
              5.5615236370000503,
              0,
              null
            ],
            [
              95.299446062000072,
              5.5615476730000637,
              0,
              null
            ],
            [
              95.299432188000083,
              5.5615740350000351,
              0,
              null
            ],
            [
              95.299405316000048,
              5.5616250970000465,
              0,
              null
            ],
            [
              95.299356524000075,
              5.5617178290000311,
              0,
              null
            ],
            [
              95.299352008000085,
              5.5617264120000414,
              0,
              null
            ],
            [
              95.299351967000064,
              5.5617264900000691,
              0,
              null
            ],
            [
              95.299300925000068,
              5.5618199290000234,
              0,
              null
            ],
            [
              95.299279084000034,
              5.5618599140000242,
              0,
              null
            ],
            [
              95.299265755000079,
              5.5618849760000444,
              0,
              null
            ],
            [
              95.299260893000053,
              5.5618941170000653,
              0,
              null
            ],
            [
              95.299258962000067,
              5.5618977690000406,
              0,
              null
            ],
            [
              95.29923229700006,
              5.5619481930000347,
              0,
              null
            ],
            [
              95.299209086000076,
              5.5619910510000636,
              0,
              null
            ],
            [
              95.299186757000086,
              5.5620322820000752,
              0,
              null
            ],
            [
              95.299173369000073,
              5.5620564310000304,
              0,
              null
            ],
            [
              95.299129060000041,
              5.5621363590000215,
              0,
              null
            ],
            [
              95.299127015000067,
              5.5621406100000286,
              0,
              null
            ],
            [
              95.299102632000086,
              5.5621912670000597,
              0,
              null
            ],
            [
              95.299096676000033,
              5.5622163200000614,
              0,
              null
            ],
            [
              95.299097635000066,
              5.5622378840000692,
              0,
              null
            ],
            [
              95.299105118000057,
              5.56225528300007,
              0,
              null
            ],
            [
              95.299132669000073,
              5.5622897410000292,
              0,
              null
            ],
            [
              95.299136914000087,
              5.5622971360000406,
              0,
              null
            ],
            [
              95.299148211000045,
              5.5623168170000667,
              0,
              null
            ],
            [
              95.299153106000063,
              5.5623367740000731,
              0,
              null
            ],
            [
              95.299153881000052,
              5.5623667460000661,
              0,
              null
            ],
            [
              95.299147287000039,
              5.5624087500000314,
              0,
              null
            ],
            [
              95.299140281000064,
              5.5624269600000389,
              0,
              null
            ],
            [
              95.299129433000076,
              5.562455155000066,
              0,
              null
            ],
            [
              95.299107311000057,
              5.5625000850000674,
              0,
              null
            ],
            [
              95.299097674000052,
              5.5625196560000632,
              0,
              null
            ],
            [
              95.299076773000081,
              5.5625517760000207,
              0,
              null
            ],
            [
              95.29906285900006,
              5.5625731600000563,
              0,
              null
            ],
            [
              95.29902777500007,
              5.5626107060000436,
              0,
              null
            ],
            [
              95.299024743000075,
              5.5626139510000598,
              0,
              null
            ],
            [
              95.299018880000062,
              5.5626202270000249,
              0,
              null
            ],
            [
              95.298998753000035,
              5.5626351750000254,
              0,
              null
            ],
            [
              95.298994188000052,
              5.5626421020000407,
              0,
              null
            ],
            [
              95.298987155000077,
              5.5626527770000394,
              0,
              null
            ],
            [
              95.298983814000053,
              5.5626742980000472,
              0,
              null
            ],
            [
              95.298982574000036,
              5.5626841120000563,
              0,
              null
            ],
            [
              95.298982295000087,
              5.5626840850000576,
              0,
              null
            ],
            [
              95.298872356000061,
              5.5626729930000351,
              0,
              null
            ],
            [
              95.298836583000082,
              5.5626690550000717,
              0,
              null
            ],
            [
              95.298703488000058,
              5.5626544050000462,
              0,
              null
            ],
            [
              95.298657744000081,
              5.5626493690000416,
              0,
              null
            ],
            [
              95.29860943500006,
              5.5626444010000569,
              0,
              null
            ],
            [
              95.298395504000041,
              5.5626219110000648,
              0,
              null
            ],
            [
              95.298349445000042,
              5.5626166500000522,
              0,
              null
            ],
            [
              95.298310928000035,
              5.5626122500000292,
              0,
              null
            ],
            [
              95.298235323000085,
              5.5626042120000534,
              0,
              null
            ],
            [
              95.298174209000081,
              5.5625977140000487,
              0,
              null
            ],
            [
              95.298059400000056,
              5.5625798030000624,
              0,
              null
            ],
            [
              95.298046867000039,
              5.5625776400000291,
              0,
              null
            ],
            [
              95.298025719000066,
              5.562573991000022,
              0,
              null
            ],
            [
              95.29799541400007,
              5.562568762000069,
              0,
              null
            ],
            [
              95.297988707000059,
              5.5625997070000608,
              0,
              null
            ],
            [
              95.297984363000069,
              5.5626169230000642,
              0,
              null
            ],
            [
              95.297980019000079,
              5.562634140000057,
              0,
              null
            ],
            [
              95.297968491000063,
              5.562679825000032,
              0,
              null
            ],
            [
              95.297957088000032,
              5.5627250200000731,
              0,
              null
            ],
            [
              95.297951161000071,
              5.562746359000073,
              0,
              null
            ],
            [
              95.297942908000039,
              5.5627760710000302,
              0,
              null
            ],
            [
              95.297941055000081,
              5.5627827440000601,
              0,
              null
            ],
            [
              95.297928420000062,
              5.5628236150000703,
              0,
              null
            ],
            [
              95.297928162000062,
              5.5628244470000254,
              0,
              null
            ],
            [
              95.297916356000087,
              5.5628486640000574,
              0,
              null
            ],
            [
              95.297909378000043,
              5.5628590690000692,
              0,
              null
            ],
            [
              95.297900120000065,
              5.5628655680000634,
              0,
              null
            ],
            [
              95.297877993000043,
              5.5628735540000207,
              0,
              null
            ],
            [
              95.297849918000054,
              5.5628830830000311,
              0,
              null
            ],
            [
              95.297845319000032,
              5.5628847630000564,
              0,
              null
            ],
            [
              95.297827062000067,
              5.5628914340000506,
              0,
              null
            ],
            [
              95.297811870000032,
              5.5628972830000407,
              0,
              null
            ],
            [
              95.297796677000065,
              5.5629031310000414,
              0,
              null
            ],
            [
              95.297769431000063,
              5.5629147360000388,
              0,
              null
            ],
            [
              95.29774582500005,
              5.5629273290000469,
              0,
              null
            ],
            [
              95.297745391000035,
              5.5629276140000457,
              0,
              null
            ],
            [
              95.297737436000034,
              5.5629328500000383,
              0,
              null
            ],
            [
              95.29772463200004,
              5.5629412780000393,
              0,
              null
            ],
            [
              95.29770633000004,
              5.5629581620000295,
              0,
              null
            ],
            [
              95.297687885000073,
              5.5629779670000516,
              0,
              null
            ],
            [
              95.297682319000046,
              5.562984651000022,
              0,
              null
            ],
            [
              95.297670284000048,
              5.5629991060000634,
              0,
              null
            ],
            [
              95.297658833000071,
              5.5630129710000347,
              0,
              null
            ],
            [
              95.297648033000087,
              5.5630260480000402,
              0,
              null
            ],
            [
              95.297626732000083,
              5.5630562770000438,
              0,
              null
            ],
            [
              95.297606539000071,
              5.5630842010000379,
              0,
              null
            ],
            [
              95.297599192000064,
              5.563094359000047,
              0,
              null
            ],
            [
              95.297598294000068,
              5.5630955030000564,
              0,
              null
            ],
            [
              95.297589286000061,
              5.5631069890000617,
              0,
              null
            ],
            [
              95.297573508000085,
              5.5631271090000496,
              0,
              null
            ],
            [
              95.297562736000032,
              5.5631412980000619,
              0,
              null
            ],
            [
              95.297553321000066,
              5.5631536990000541,
              0,
              null
            ],
            [
              95.297545090000085,
              5.5631691980000255,
              0,
              null
            ],
            [
              95.297537074000047,
              5.5631890700000213,
              0,
              null
            ],
            [
              95.297529710000049,
              5.5632023780000281,
              0,
              null
            ],
            [
              95.297525094000036,
              5.5632080350000592,
              0,
              null
            ],
            [
              95.297519760000057,
              5.5632118800000399,
              0,
              null
            ],
            [
              95.297512896000057,
              5.5632145380000679,
              0,
              null
            ],
            [
              95.297499359000085,
              5.5632145720000494,
              0,
              null
            ],
            [
              95.297486462000052,
              5.5632146040000521,
              0,
              null
            ],
            [
              95.297466942000085,
              5.5632132520000255,
              0,
              null
            ],
            [
              95.297440176000066,
              5.5632089450000421,
              0,
              null
            ],
            [
              95.297408580000081,
              5.5632014390000677,
              0,
              null
            ],
            [
              95.297381579000046,
              5.5631949370000484,
              0,
              null
            ],
            [
              95.297359795000034,
              5.5631888390000768,
              0,
              null
            ],
            [
              95.297333905000073,
              5.5631802800000401,
              0,
              null
            ],
            [
              95.297302325000032,
              5.5631704100000547,
              0,
              null
            ],
            [
              95.297277140000062,
              5.5631644070000448,
              0,
              null
            ],
            [
              95.297247110000058,
              5.5631581830000414,
              0,
              null
            ],
            [
              95.297209561000045,
              5.563153312000054,
              0,
              null
            ],
            [
              95.297191135000048,
              5.5631524620000619,
              0,
              null
            ],
            [
              95.297178380000048,
              5.5631552870000291,
              0,
              null
            ],
            [
              95.29716705800007,
              5.56316238200003,
              0,
              null
            ],
            [
              95.297155480000072,
              5.5631708060000733,
              0,
              null
            ],
            [
              95.297138264000068,
              5.5631887980000556,
              0,
              null
            ],
            [
              95.297126201000083,
              5.5632094870000515,
              0,
              null
            ],
            [
              95.297116674000051,
              5.563225826000064,
              0,
              null
            ],
            [
              95.297100777000082,
              5.5632628950000367,
              0,
              null
            ],
            [
              95.297094909000066,
              5.563276108000025,
              0,
              null
            ],
            [
              95.297064741000042,
              5.5633472490000599,
              0,
              null
            ],
            [
              95.297051472000078,
              5.56338125700006,
              0,
              null
            ],
            [
              95.297033107000061,
              5.5634263260000694,
              0,
              null
            ],
            [
              95.297027201000049,
              5.5634386950000589,
              0,
              null
            ],
            [
              95.297000612000033,
              5.5634900250000214,
              0,
              null
            ],
            [
              95.296983873000045,
              5.5636358920000362,
              0,
              null
            ],
            [
              95.296972918000051,
              5.5637832050000497,
              0,
              null
            ]
          ]
        ]
      },
      "properties" : {
        "FID" : 0,
        "OBJECTID" : 4615,
        "KDPPUM" : "11",
        "NAMOBJ" : "Deah Baro",
        "REMARK" : " ",
        "KDPBPS" : " ",
        "FCODE" : "BA03070040",
        "LUASWH" : 0,
        "UUPP" : "RBI",
        "SRS_ID" : "SRGI 2013",
        "METADATA" : "TASWIL1000020200326DATA_BATAS_DESA_KELURAHAN",
        "KDEBPS" : " ",
        "KDEPUM" : "11.71.03.2005",
        "KDCBPS" : " ",
        "KDCPUM" : "11.71.03",
        "KDBBPS" : " ",
        "WADMKD" : "Deah Baro",
        "WIADKD" : "0",
        "WADMKC" : "Meuraxa",
        "WIADKC" : " ",
        "WADMKK" : "Kota Banda Aceh",
        "WIADKK" : " ",
        "WADMPR" : "Aceh",
        "WIADPR" : " ",
        "TIPADM" : 9,
        "KDPKAB" : "11.71",
        "SHAPE_Leng" : 0.024960739572601,
        "SHAPE_Area" : 2.2633290239e-05
      }
    }
  ]
}