{
  "hasZ" : true,
  "hasM" : true,
  "type" : "FeatureCollection",
  "features" : [
    {
      "type" : "Feature",
      "id" : 0,
      "geometry" : {
        "type" : "Polygon",
        "coordinates" : [
          [
            [
              95.318184677000033,
              5.5624493840000468,
              0,
              null
            ],
            [
              95.317907901000069,
              5.562446317000024,
              0,
              null
            ],
            [
              95.317767310000079,
              5.5624524410000618,
              0,
              null
            ],
            [
              95.317697188000068,
              5.5624502360000747,
              0,
              null
            ],
            [
              95.317575042000044,
              5.5624432540000726,
              0,
              null
            ],
            [
              95.317205253000054,
              5.5624286330000245,
              0,
              null
            ],
            [
              95.317209798000079,
              5.5622824900000296,
              0,
              null
            ],
            [
              95.317188139000052,
              5.5622848250000629,
              0,
              null
            ],
            [
              95.317177838000077,
              5.5622859360000234,
              0,
              null
            ],
            [
              95.317128279000087,
              5.562291278000032,
              0,
              null
            ],
            [
              95.316898559000037,
              5.5623048790000666,
              0,
              null
            ],
            [
              95.316747928000041,
              5.5623122810000609,
              0,
              null
            ],
            [
              95.316693497000074,
              5.5623152160000586,
              0,
              null
            ],
            [
              95.316623600000071,
              5.5623189850000472,
              0,
              null
            ],
            [
              95.316379879000067,
              5.5623321870000382,
              0,
              null
            ],
            [
              95.316319285000077,
              5.5623365530000228,
              0,
              null
            ],
            [
              95.316100903000063,
              5.562352287000067,
              0,
              null
            ],
            [
              95.316095467000082,
              5.5623526710000419,
              0,
              null
            ],
            [
              95.315970929000059,
              5.5623614690000522,
              0,
              null
            ],
            [
              95.315837277000071,
              5.5623709100000269,
              0,
              null
            ],
            [
              95.31560685900007,
              5.5623880720000329,
              0,
              null
            ],
            [
              95.315401527000063,
              5.562407596000071,
              0,
              null
            ],
            [
              95.315350786000067,
              5.5624124210000332,
              0,
              null
            ],
            [
              95.31514444000004,
              5.5624269990000244,
              0,
              null
            ],
            [
              95.31484296800005,
              5.5624492560000363,
              0,
              null
            ],
            [
              95.314766260000056,
              5.5624550870000462,
              0,
              null
            ],
            [
              95.314598277000073,
              5.5624678590000372,
              0,
              null
            ],
            [
              95.31459060800006,
              5.5624684360000742,
              0,
              null
            ],
            [
              95.314395650000051,
              5.5624823140000217,
              0,
              null
            ],
            [
              95.314146582000035,
              5.5625000270000555,
              0,
              null
            ],
            [
              95.314116976000037,
              5.5625024240000585,
              0,
              null
            ],
            [
              95.314085782000063,
              5.5625049500000614,
              0,
              null
            ],
            [
              95.314068890000044,
              5.5625063690000616,
              0,
              null
            ],
            [
              95.314030991000038,
              5.5625055290000205,
              0,
              null
            ],
            [
              95.313998028000071,
              5.5625000250000767,
              0,
              null
            ],
            [
              95.313972903000035,
              5.5624895250000463,
              0,
              null
            ],
            [
              95.313945871000044,
              5.5624671800000556,
              0,
              null
            ],
            [
              95.313925204000043,
              5.5624399080000444,
              0,
              null
            ],
            [
              95.313903121000067,
              5.5624081230000684,
              0,
              null
            ],
            [
              95.313886244000059,
              5.5623904810000226,
              0,
              null
            ],
            [
              95.31386365600008,
              5.5623793970000293,
              0,
              null
            ],
            [
              95.313826646000052,
              5.5623718320000535,
              0,
              null
            ],
            [
              95.313726676000044,
              5.5623577710000518,
              0,
              null
            ],
            [
              95.313575300000082,
              5.5623436850000303,
              0,
              null
            ],
            [
              95.313392672000077,
              5.5623273000000495,
              0,
              null
            ],
            [
              95.313213019000045,
              5.562312448000057,
              0,
              null
            ],
            [
              95.313037856000051,
              5.5622969460000604,
              0,
              null
            ],
            [
              95.312895640000079,
              5.5622835930000747,
              0,
              null
            ],
            [
              95.312822959000073,
              5.562277158000029,
              0,
              null
            ],
            [
              95.312800684000081,
              5.5622751860000221,
              0,
              null
            ],
            [
              95.31277332600007,
              5.5622727640000562,
              0,
              null
            ],
            [
              95.312645598000074,
              5.5622569680000424,
              0,
              null
            ],
            [
              95.312590693000061,
              5.5622501870000747,
              0,
              null
            ],
            [
              95.312539317000073,
              5.5622416110000472,
              0,
              null
            ],
            [
              95.312499998000078,
              5.5622311810000724,
              0,
              null
            ],
            [
              95.312488273000042,
              5.562228072000039,
              0,
              null
            ],
            [
              95.31244268100005,
              5.562210536000066,
              0,
              null
            ],
            [
              95.312429674000043,
              5.5622065890000272,
              0,
              null
            ],
            [
              95.31243605700007,
              5.5621753430000354,
              0,
              null
            ],
            [
              95.312442713000053,
              5.5621194550000723,
              0,
              null
            ],
            [
              95.312452361000055,
              5.5620137830000544,
              0,
              null
            ],
            [
              95.312454414000058,
              5.5619912960000306,
              0,
              null
            ],
            [
              95.312440947000084,
              5.5619899090000331,
              0,
              null
            ],
            [
              95.312162747000059,
              5.5619595040000718,
              0,
              null
            ],
            [
              95.311770017000072,
              5.5619028720000756,
              0,
              null
            ],
            [
              95.311742334000087,
              5.5618954430000258,
              0,
              null
            ],
            [
              95.311764418000053,
              5.5617505130000495,
              0,
              null
            ],
            [
              95.311728062000043,
              5.5617462360000332,
              0,
              null
            ],
            [
              95.311691181000072,
              5.5617421340000419,
              0,
              null
            ],
            [
              95.311650585000052,
              5.5617376200000308,
              0,
              null
            ],
            [
              95.311616380000032,
              5.5617338150000251,
              0,
              null
            ],
            [
              95.311425201000077,
              5.5617125530000635,
              0,
              null
            ],
            [
              95.311397534000037,
              5.5617094760000327,
              0,
              null
            ],
            [
              95.311243448000084,
              5.561688828000058,
              0,
              null
            ],
            [
              95.311181092000083,
              5.5616804720000346,
              0,
              null
            ],
            [
              95.311131785000043,
              5.5616738640000563,
              0,
              null
            ],
            [
              95.311120143000039,
              5.5616723040000693,
              0,
              null
            ],
            [
              95.31109325500006,
              5.5616692060000332,
              0,
              null
            ],
            [
              95.311080583000034,
              5.5616677460000687,
              0,
              null
            ],
            [
              95.31106636700008,
              5.561666108000054,
              0,
              null
            ],
            [
              95.311051065000072,
              5.5616640420000749,
              0,
              null
            ],
            [
              95.311038837000069,
              5.5616623910000271,
              0,
              null
            ],
            [
              95.310965252000074,
              5.5616524560000471,
              0,
              null
            ],
            [
              95.310935855000082,
              5.5616484860000241,
              0,
              null
            ],
            [
              95.310918067000046,
              5.5616460840000741,
              0,
              null
            ],
            [
              95.310838756000066,
              5.5616353760000266,
              0,
              null
            ],
            [
              95.310837460000073,
              5.5616352380000649,
              0,
              null
            ],
            [
              95.310823087000074,
              5.5616337090000343,
              0,
              null
            ],
            [
              95.310797341000068,
              5.561630970000067,
              0,
              null
            ],
            [
              95.310757703000036,
              5.5616267540000308,
              0,
              null
            ],
            [
              95.310724555000036,
              5.5616232290000767,
              0,
              null
            ],
            [
              95.31069298500006,
              5.5616198710000617,
              0,
              null
            ],
            [
              95.310688564000031,
              5.5616194010000299,
              0,
              null
            ],
            [
              95.310683843000049,
              5.5616188980000629,
              0,
              null
            ],
            [
              95.310660744000074,
              5.5616156820000242,
              0,
              null
            ],
            [
              95.310616755000069,
              5.5616095540000288,
              0,
              null
            ],
            [
              95.310574957000085,
              5.5616037320000373,
              0,
              null
            ],
            [
              95.310548413000049,
              5.5616000350000263,
              0,
              null
            ],
            [
              95.310521625000035,
              5.5615963030000444,
              0,
              null
            ],
            [
              95.310481528000082,
              5.5615909560000318,
              0,
              null
            ],
            [
              95.310470730000077,
              5.5615895160000264,
              0,
              null
            ],
            [
              95.310465056000055,
              5.5615887590000739,
              0,
              null
            ],
            [
              95.310443626000051,
              5.5615859020000471,
              0,
              null
            ],
            [
              95.310436916000072,
              5.5615850070000761,
              0,
              null
            ],
            [
              95.310413821000054,
              5.5615819280000665,
              0,
              null
            ],
            [
              95.310405353000078,
              5.5615807980000227,
              0,
              null
            ],
            [
              95.310398226000075,
              5.5615798470000755,
              0,
              null
            ],
            [
              95.310384947000045,
              5.5615780770000356,
              0,
              null
            ],
            [
              95.310369816000048,
              5.5615760590000605,
              0,
              null
            ],
            [
              95.310358510000071,
              5.5615745510000352,
              0,
              null
            ],
            [
              95.310337642000036,
              5.5615717690000679,
              0,
              null
            ],
            [
              95.310325337000052,
              5.5615701270000386,
              0,
              null
            ],
            [
              95.310308447000068,
              5.561567875000037,
              0,
              null
            ],
            [
              95.310284426000067,
              5.5615646720000314,
              0,
              null
            ],
            [
              95.310269055000049,
              5.5615626220000536,
              0,
              null
            ],
            [
              95.31025612500008,
              5.5615608980000388,
              0,
              null
            ],
            [
              95.310239330000059,
              5.561558658000024,
              0,
              null
            ],
            [
              95.310238767000044,
              5.5615585840000676,
              0,
              null
            ],
            [
              95.310227036000072,
              5.5615570190000767,
              0,
              null
            ],
            [
              95.310225564000064,
              5.5615568220000569,
              0,
              null
            ],
            [
              95.310220564000076,
              5.5615561560000515,
              0,
              null
            ],
            [
              95.310212517000082,
              5.5615550830000302,
              0,
              null
            ],
            [
              95.310186645000044,
              5.5615516320000324,
              0,
              null
            ],
            [
              95.310192502000064,
              5.5615011260000529,
              0,
              null
            ],
            [
              95.31019567900006,
              5.5614689530000305,
              0,
              null
            ],
            [
              95.31019937800005,
              5.5614111410000646,
              0,
              null
            ],
            [
              95.310200903000066,
              5.5613618630000587,
              0,
              null
            ],
            [
              95.310207069000057,
              5.5611626690000548,
              0,
              null
            ],
            [
              95.310204717000033,
              5.561043666000046,
              0,
              null
            ],
            [
              95.310203541000078,
              5.5610300640000219,
              0,
              null
            ],
            [
              95.310216569000033,
              5.5610289840000746,
              0,
              null
            ],
            [
              95.31022474100007,
              5.5610283070000719,
              0,
              null
            ],
            [
              95.310311286000058,
              5.5610211320000644,
              0,
              null
            ],
            [
              95.310393267000052,
              5.5610214890000407,
              0,
              null
            ],
            [
              95.310460075000037,
              5.5610219320000738,
              0,
              null
            ],
            [
              95.31050844400005,
              5.5610228810000422,
              0,
              null
            ],
            [
              95.31056807300007,
              5.5610258130000716,
              0,
              null
            ],
            [
              95.310594902000048,
              5.5610271320000493,
              0,
              null
            ],
            [
              95.31060128300004,
              5.5610274460000255,
              0,
              null
            ],
            [
              95.310710569000037,
              5.5610328190000473,
              0,
              null
            ],
            [
              95.310873189000063,
              5.5610406720000469,
              0,
              null
            ],
            [
              95.310919373000047,
              5.5610429020000538,
              0,
              null
            ],
            [
              95.31102052500006,
              5.5610494360000757,
              0,
              null
            ],
            [
              95.311147481000035,
              5.5610576360000437,
              0,
              null
            ],
            [
              95.311173874000076,
              5.561059341000032,
              0,
              null
            ],
            [
              95.311266120000084,
              5.5610658420000618,
              0,
              null
            ],
            [
              95.311472410000079,
              5.5610857830000668,
              0,
              null
            ],
            [
              95.311526548000074,
              5.5610910160000344,
              0,
              null
            ],
            [
              95.31164936600004,
              5.561104614000044,
              0,
              null
            ],
            [
              95.311741858000062,
              5.5611136100000635,
              0,
              null
            ],
            [
              95.311794388000067,
              5.5611243960000252,
              0,
              null
            ],
            [
              95.311822718000087,
              5.561134093000021,
              0,
              null
            ],
            [
              95.311852019000071,
              5.5611534180000604,
              0,
              null
            ],
            [
              95.311859748000074,
              5.5611585160000345,
              0,
              null
            ],
            [
              95.311900939000054,
              5.5611994760000698,
              0,
              null
            ],
            [
              95.311932053000078,
              5.5612367020000306,
              0,
              null
            ],
            [
              95.311983455000075,
              5.5612904640000238,
              0,
              null
            ],
            [
              95.311996960000045,
              5.5613020870000582,
              0,
              null
            ],
            [
              95.31201806100006,
              5.5613202480000723,
              0,
              null
            ],
            [
              95.312049730000069,
              5.5613393680000627,
              0,
              null
            ],
            [
              95.312084651000077,
              5.5613551860000712,
              0,
              null
            ],
            [
              95.312119927000083,
              5.5613651980000327,
              0,
              null
            ],
            [
              95.312222560000066,
              5.5613943320000203,
              0,
              null
            ],
            [
              95.312225282000043,
              5.5613810120000267,
              0,
              null
            ],
            [
              95.312225639000076,
              5.5613617100000283,
              0,
              null
            ],
            [
              95.312250179000046,
              5.5608087530000603,
              0,
              null
            ],
            [
              95.312499989000059,
              5.5608148200000755,
              0,
              null
            ],
            [
              95.312620885000058,
              5.5608131660000595,
              0,
              null
            ],
            [
              95.312619044000087,
              5.560762402000023,
              0,
              null
            ],
            [
              95.312619185000074,
              5.5607488450000346,
              0,
              null
            ],
            [
              95.312709171000051,
              5.5607497850000414,
              0,
              null
            ],
            [
              95.312853620000055,
              5.5607542630000353,
              0,
              null
            ],
            [
              95.31285996400004,
              5.5606707450000386,
              0,
              null
            ],
            [
              95.312862682000059,
              5.5606574200000409,
              0,
              null
            ],
            [
              95.312871449000056,
              5.5606478310000398,
              0,
              null
            ],
            [
              95.313087479000046,
              5.5605590510000411,
              0,
              null
            ],
            [
              95.313157324000031,
              5.5605334400000288,
              0,
              null
            ],
            [
              95.313247408000052,
              5.5605017570000541,
              0,
              null
            ],
            [
              95.313280902000031,
              5.5604915920000622,
              0,
              null
            ],
            [
              95.313298626000062,
              5.5604885120000631,
              0,
              null
            ],
            [
              95.313316344000043,
              5.5604860470000403,
              0,
              null
            ],
            [
              95.313332600000081,
              5.5604857760000641,
              0,
              null
            ],
            [
              95.313351907000083,
              5.5604859350000311,
              0,
              null
            ],
            [
              95.313459643000044,
              5.5604971370000271,
              0,
              null
            ],
            [
              95.313497442000084,
              5.5605058470000586,
              0,
              null
            ],
            [
              95.313565078000067,
              5.5605220960000565,
              0,
              null
            ],
            [
              95.313603355000055,
              5.5605329410000763,
              0,
              null
            ],
            [
              95.313628706000031,
              5.560540124000056,
              0,
              null
            ],
            [
              95.313684978000083,
              5.5605550350000499,
              0,
              null
            ],
            [
              95.313731266000048,
              5.5605658900000208,
              0,
              null
            ],
            [
              95.313859592000085,
              5.5605916910000701,
              0,
              null
            ],
            [
              95.313938315000087,
              5.5606056000000308,
              0,
              null
            ],
            [
              95.313998767000044,
              5.5606169420000242,
              0,
              null
            ],
            [
              95.314156647000061,
              5.5606465590000766,
              0,
              null
            ],
            [
              95.314251637000041,
              5.5606629090000297,
              0,
              null
            ],
            [
              95.314315395000051,
              5.5606727010000441,
              0,
              null
            ],
            [
              95.314360678000071,
              5.5606804690000331,
              0,
              null
            ],
            [
              95.314391525000076,
              5.5606855450000694,
              0,
              null
            ],
            [
              95.314404109000066,
              5.5606852970000205,
              0,
              null
            ],
            [
              95.314417364000064,
              5.5606812590000345,
              0,
              null
            ],
            [
              95.314435824000043,
              5.56067017700002,
              0,
              null
            ],
            [
              95.314453210000067,
              5.5606543170000577,
              0,
              null
            ],
            [
              95.314464991000079,
              5.5606353430000581,
              0,
              null
            ],
            [
              95.314476166000077,
              5.5606139210000265,
              0,
              null
            ],
            [
              95.314484315000072,
              5.5605915720000212,
              0,
              null
            ],
            [
              95.314489090000052,
              5.5605712330000756,
              0,
              null
            ],
            [
              95.314491910000072,
              5.5605541740000604,
              0,
              null
            ],
            [
              95.31449251500004,
              5.5605382990000294,
              0,
              null
            ],
            [
              95.314504297000042,
              5.5605381800000373,
              0,
              null
            ],
            [
              95.314538086000084,
              5.5605388250000374,
              0,
              null
            ],
            [
              95.314678308000055,
              5.5605359790000648,
              0,
              null
            ],
            [
              95.314853018000065,
              5.5605397220000441,
              0,
              null
            ],
            [
              95.314929649000078,
              5.5605386920000228,
              0,
              null
            ],
            [
              95.314982389000079,
              5.5605373340000597,
              0,
              null
            ],
            [
              95.315120957000033,
              5.5605361220000304,
              0,
              null
            ],
            [
              95.315249995000045,
              5.5605272900000386,
              0,
              null
            ],
            [
              95.315266756000085,
              5.5605259130000491,
              0,
              null
            ],
            [
              95.315305659000046,
              5.5605227150000474,
              0,
              null
            ],
            [
              95.315384124000047,
              5.5605125050000765,
              0,
              null
            ],
            [
              95.315430165000066,
              5.5605153380000729,
              0,
              null
            ],
            [
              95.315537701000039,
              5.5605123130000607,
              0,
              null
            ],
            [
              95.31559407900005,
              5.5605105640000261,
              0,
              null
            ],
            [
              95.315652915000044,
              5.560502108000037,
              0,
              null
            ],
            [
              95.31576543500006,
              5.5604822400000558,
              0,
              null
            ],
            [
              95.315892760000054,
              5.5604621620000216,
              0,
              null
            ],
            [
              95.316003960000046,
              5.5604411340000297,
              0,
              null
            ],
            [
              95.316090116000055,
              5.5604247960000635,
              0,
              null
            ],
            [
              95.316149291000045,
              5.5604135990000714,
              0,
              null
            ],
            [
              95.316170297000042,
              5.5604091440000616,
              0,
              null
            ],
            [
              95.316192719000071,
              5.5604004790000658,
              0,
              null
            ],
            [
              95.316195623000056,
              5.560388114000034,
              0,
              null
            ],
            [
              95.316202714000042,
              5.5603579160000436,
              0,
              null
            ],
            [
              95.31621651200004,
              5.5603245050000396,
              0,
              null
            ],
            [
              95.316230909000069,
              5.5603077350000376,
              0,
              null
            ],
            [
              95.316270613000086,
              5.5602732360000573,
              0,
              null
            ],
            [
              95.316309599000078,
              5.5602393610000718,
              0,
              null
            ],
            [
              95.316478076000067,
              5.5602593950000596,
              0,
              null
            ],
            [
              95.31653592400005,
              5.5602612660000545,
              0,
              null
            ],
            [
              95.316714926000031,
              5.560279855000033,
              0,
              null
            ],
            [
              95.316816469000059,
              5.5602904010000316,
              0,
              null
            ],
            [
              95.317072774000053,
              5.5603228940000236,
              0,
              null
            ],
            [
              95.317328992000057,
              5.5603677100000368,
              0,
              null
            ],
            [
              95.317349870000044,
              5.5603731650000441,
              0,
              null
            ],
            [
              95.317364711000039,
              5.5603770410000379,
              0,
              null
            ],
            [
              95.317440889000068,
              5.5604503470000282,
              0,
              null
            ],
            [
              95.317514363000043,
              5.5605095560000564,
              0,
              null
            ],
            [
              95.317603448000057,
              5.5605356310000502,
              0,
              null
            ],
            [
              95.317685685000072,
              5.5605362160000595,
              0,
              null
            ],
            [
              95.317732652000075,
              5.560541176000072,
              0,
              null
            ],
            [
              95.31774869700007,
              5.5605424530000391,
              0,
              null
            ],
            [
              95.317816023000034,
              5.5605446980000579,
              0,
              null
            ],
            [
              95.317914280000082,
              5.5605474540000728,
              0,
              null
            ],
            [
              95.318086382000047,
              5.560548256000061,
              0,
              null
            ],
            [
              95.318213592000063,
              5.5605488510000214,
              0,
              null
            ],
            [
              95.318213696000043,
              5.5605536580000603,
              0,
              null
            ],
            [
              95.318214160000082,
              5.5605750490000219,
              0,
              null
            ],
            [
              95.318214270000055,
              5.5605786330000342,
              0,
              null
            ],
            [
              95.318215059000067,
              5.5606042900000716,
              0,
              null
            ],
            [
              95.318217329000049,
              5.5606780690000619,
              0,
              null
            ],
            [
              95.318221925000046,
              5.5608274230000347,
              0,
              null
            ],
            [
              95.318229882000082,
              5.5610860070000285,
              0,
              null
            ],
            [
              95.318230128000039,
              5.5611056390000613,
              0,
              null
            ],
            [
              95.318231469000068,
              5.561212825000041,
              0,
              null
            ],
            [
              95.318234393000068,
              5.5614466510000398,
              0,
              null
            ],
            [
              95.318235004000087,
              5.5614955240000654,
              0,
              null
            ],
            [
              95.31823729000007,
              5.5616782310000303,
              0,
              null
            ],
            [
              95.318235184000059,
              5.5620505980000416,
              0,
              null
            ],
            [
              95.318226921000075,
              5.5622626710000418,
              0,
              null
            ],
            [
              95.318184677000033,
              5.5624493840000468,
              0,
              null
            ]
          ]
        ]
      },
      "properties" : {
        "FID" : 0,
        "OBJECTID" : 8828,
        "KDPPUM" : "11",
        "NAMOBJ" : "Keudah",
        "REMARK" : " ",
        "KDPBPS" : " ",
        "FCODE" : "BA03070040",
        "LUASWH" : 0,
        "UUPP" : "RBI",
        "SRS_ID" : "SRGI 2013",
        "METADATA" : "TASWIL1000020200326DATA_BATAS_DESA_KELURAHAN",
        "KDEBPS" : " ",
        "KDEPUM" : "11.71.06.2001",
        "KDCBPS" : " ",
        "KDCPUM" : "11.71.06",
        "KDBBPS" : " ",
        "WADMKD" : "Keudah",
        "WIADKD" : "0",
        "WADMKC" : "Kuta Raja",
        "WIADKC" : " ",
        "WADMKK" : "Kota Banda Aceh",
        "WIADKK" : " ",
        "WADMPR" : "Aceh",
        "WIADPR" : " ",
        "TIPADM" : 9,
        "KDPKAB" : "11.71",
        "SHAPE_Leng" : 0.020213772110107001,
        "SHAPE_Area" : 1.2330685725e-05
      }
    }
  ]
}