{
  "hasZ" : true,
  "hasM" : true,
  "type" : "FeatureCollection",
  "features" : [
    {
      "type" : "Feature",
      "id" : 0,
      "geometry" : {
        "type" : "Polygon",
        "coordinates" : [
          [
            [
              95.341544734000081,
              5.5480000320000613,
              0,
              null
            ],
            [
              95.341384347000087,
              5.5481929270000592,
              0,
              null
            ],
            [
              95.34131728300008,
              5.5482637180000438,
              0,
              null
            ],
            [
              95.341262103000076,
              5.5483219640000243,
              0,
              null
            ],
            [
              95.341071528000043,
              5.5484887740000204,
              0,
              null
            ],
            [
              95.340912103000051,
              5.5486216000000468,
              0,
              null
            ],
            [
              95.340848627000071,
              5.5486835070000211,
              0,
              null
            ],
            [
              95.340754979000053,
              5.5487748370000531,
              0,
              null
            ],
            [
              95.340565791000074,
              5.5489458450000484,
              0,
              null
            ],
            [
              95.340401948000078,
              5.549120341000048,
              0,
              null
            ],
            [
              95.340375033000043,
              5.5491460730000313,
              0,
              null
            ],
            [
              95.340126923000071,
              5.5493832810000754,
              0,
              null
            ],
            [
              95.339968989000056,
              5.5495348760000525,
              0,
              null
            ],
            [
              95.339859515000057,
              5.5496330540000258,
              0,
              null
            ],
            [
              95.33979959900006,
              5.5496867880000309,
              0,
              null
            ],
            [
              95.339661943000067,
              5.5498106700000562,
              0,
              null
            ],
            [
              95.339540860000056,
              5.5499092770000402,
              0,
              null
            ],
            [
              95.33938493800008,
              5.5500153880000767,
              0,
              null
            ],
            [
              95.339211587000079,
              5.5501008610000326,
              0,
              null
            ],
            [
              95.339117890000068,
              5.5501435550000338,
              0,
              null
            ],
            [
              95.339071970000077,
              5.5501644790000455,
              0,
              null
            ],
            [
              95.338954622000074,
              5.5502082270000415,
              0,
              null
            ],
            [
              95.338819193000063,
              5.5502587170000766,
              0,
              null
            ],
            [
              95.338566530000037,
              5.550338211000053,
              0,
              null
            ],
            [
              95.338476633000084,
              5.5503602830000318,
              0,
              null
            ],
            [
              95.338226816000031,
              5.5504216170000404,
              0,
              null
            ],
            [
              95.338124415000038,
              5.550446758000021,
              0,
              null
            ],
            [
              95.337961261000032,
              5.5504689070000381,
              0,
              null
            ],
            [
              95.337753209000084,
              5.5504917040000237,
              0,
              null
            ],
            [
              95.33769664600004,
              5.5504956780000612,
              0,
              null
            ],
            [
              95.337688624000066,
              5.5502989860000298,
              0,
              null
            ],
            [
              95.337626986000032,
              5.5498454320000405,
              0,
              null
            ],
            [
              95.337624420000054,
              5.549827538000045,
              0,
              null
            ],
            [
              95.337621855000066,
              5.5498096430000601,
              0,
              null
            ],
            [
              95.337598337000031,
              5.5496095210000362,
              0,
              null
            ],
            [
              95.337579430000062,
              5.5496030150000593,
              0,
              null
            ],
            [
              95.337548455000046,
              5.5495927240000356,
              0,
              null
            ],
            [
              95.337476214000048,
              5.5495702500000448,
              0,
              null
            ],
            [
              95.337454403000038,
              5.5495618760000411,
              0,
              null
            ],
            [
              95.337436361000073,
              5.5495574820000684,
              0,
              null
            ],
            [
              95.337407929000051,
              5.5495513750000214,
              0,
              null
            ],
            [
              95.337366855000084,
              5.5495399770000517,
              0,
              null
            ],
            [
              95.337345312000082,
              5.5495376670000383,
              0,
              null
            ],
            [
              95.337336386000061,
              5.5495366540000646,
              0,
              null
            ],
            [
              95.337325294000038,
              5.5495331360000364,
              0,
              null
            ],
            [
              95.337307640000063,
              5.5495242030000327,
              0,
              null
            ],
            [
              95.337300822000032,
              5.5495201440000415,
              0,
              null
            ],
            [
              95.337299186000052,
              5.5495194190000348,
              0,
              null
            ],
            [
              95.337269664000075,
              5.5494931410000277,
              0,
              null
            ],
            [
              95.337267529000087,
              5.5494895070000325,
              0,
              null
            ],
            [
              95.337267003000079,
              5.5494865350000282,
              0,
              null
            ],
            [
              95.337182717000076,
              5.5494422140000665,
              0,
              null
            ],
            [
              95.337172860000067,
              5.5494370300000355,
              0,
              null
            ],
            [
              95.337168999000085,
              5.5494371360000514,
              0,
              null
            ],
            [
              95.337097295000035,
              5.5494067410000412,
              0,
              null
            ],
            [
              95.337051583000061,
              5.5493883100000403,
              0,
              null
            ],
            [
              95.337021631000084,
              5.5493720230000463,
              0,
              null
            ],
            [
              95.336986714000034,
              5.5493549420000363,
              0,
              null
            ],
            [
              95.336930428000073,
              5.5493337420000444,
              0,
              null
            ],
            [
              95.336907083000085,
              5.5493256110000289,
              0,
              null
            ],
            [
              95.336833207000041,
              5.5492998840000496,
              0,
              null
            ],
            [
              95.336821689000033,
              5.5492958730000623,
              0,
              null
            ],
            [
              95.336771013000032,
              5.5492790990000458,
              0,
              null
            ],
            [
              95.336729925000043,
              5.5492620050000596,
              0,
              null
            ],
            [
              95.336698648000038,
              5.5492460490000326,
              0,
              null
            ],
            [
              95.336669468000082,
              5.5492308610000691,
              0,
              null
            ],
            [
              95.336624656000083,
              5.5492028270000446,
              0,
              null
            ],
            [
              95.336590636000039,
              5.5491774720000535,
              0,
              null
            ],
            [
              95.336552130000086,
              5.5491399490000504,
              0,
              null
            ],
            [
              95.336513942000067,
              5.5491033200000288,
              0,
              null
            ],
            [
              95.336481684000034,
              5.549070954000058,
              0,
              null
            ],
            [
              95.336469272000045,
              5.5490585010000473,
              0,
              null
            ],
            [
              95.336435283000071,
              5.5490203280000401,
              0,
              null
            ],
            [
              95.336376525000048,
              5.5489626740000517,
              0,
              null
            ],
            [
              95.336367732000042,
              5.5489495120000356,
              0,
              null
            ],
            [
              95.336346283000069,
              5.5489253900000222,
              0,
              null
            ],
            [
              95.33619606700006,
              5.5487898020000443,
              0,
              null
            ],
            [
              95.336160389000042,
              5.5487524760000611,
              0,
              null
            ],
            [
              95.336097817000052,
              5.548687009000048,
              0,
              null
            ],
            [
              95.336052923000068,
              5.5486425160000294,
              0,
              null
            ],
            [
              95.336047033000057,
              5.548638004000054,
              0,
              null
            ],
            [
              95.33601186900006,
              5.5486110690000601,
              0,
              null
            ],
            [
              95.335977094000043,
              5.5485796330000312,
              0,
              null
            ],
            [
              95.335966260000077,
              5.5485694940000485,
              0,
              null
            ],
            [
              95.335954236000077,
              5.5485582430000591,
              0,
              null
            ],
            [
              95.335943746000055,
              5.5485484260000248,
              0,
              null
            ],
            [
              95.335907580000082,
              5.5484960070000398,
              0,
              null
            ],
            [
              95.335890871000061,
              5.5484725530000674,
              0,
              null
            ],
            [
              95.335877451000044,
              5.5484575110000378,
              0,
              null
            ],
            [
              95.335864150000077,
              5.5484338450000337,
              0,
              null
            ],
            [
              95.335846149000076,
              5.5483940450000659,
              0,
              null
            ],
            [
              95.335837587000071,
              5.5483676960000707,
              0,
              null
            ],
            [
              95.33576772300006,
              5.5483815290000393,
              0,
              null
            ],
            [
              95.335664889000043,
              5.5484047680000685,
              0,
              null
            ],
            [
              95.335652381000045,
              5.5484074300000543,
              0,
              null
            ],
            [
              95.335638623000079,
              5.5484103580000692,
              0,
              null
            ],
            [
              95.335558973000047,
              5.5484286340000608,
              0,
              null
            ],
            [
              95.335502816000087,
              5.548444719000031,
              0,
              null
            ],
            [
              95.335427221000032,
              5.5484620620000555,
              0,
              null
            ],
            [
              95.335425924000049,
              5.5484623600000305,
              0,
              null
            ],
            [
              95.335406471000056,
              5.5484660800000256,
              0,
              null
            ],
            [
              95.335354790000054,
              5.5484759640000334,
              0,
              null
            ],
            [
              95.335329268000066,
              5.5484804940000458,
              0,
              null
            ],
            [
              95.335316934000048,
              5.5484822790000408,
              0,
              null
            ],
            [
              95.335305172000062,
              5.5484843360000582,
              0,
              null
            ],
            [
              95.335293527000033,
              5.5484863730000598,
              0,
              null
            ],
            [
              95.335287067000081,
              5.5484738640000728,
              0,
              null
            ],
            [
              95.335266451000052,
              5.5484526040000333,
              0,
              null
            ],
            [
              95.335240484000053,
              5.5484425290000559,
              0,
              null
            ],
            [
              95.33521322200005,
              5.5484312830000704,
              0,
              null
            ],
            [
              95.335187545000053,
              5.5484078020000425,
              0,
              null
            ],
            [
              95.335170189000053,
              5.5483805630000234,
              0,
              null
            ],
            [
              95.335137477000046,
              5.5482978410000214,
              0,
              null
            ],
            [
              95.335126949000085,
              5.5482694450000736,
              0,
              null
            ],
            [
              95.335099080000077,
              5.5481942780000395,
              0,
              null
            ],
            [
              95.335089020000055,
              5.5481595000000539,
              0,
              null
            ],
            [
              95.335087256000065,
              5.5481283850000409,
              0,
              null
            ],
            [
              95.335088993000056,
              5.5481013010000311,
              0,
              null
            ],
            [
              95.335094250000054,
              5.548050786000033,
              0,
              null
            ],
            [
              95.335096888000066,
              5.5480289830000515,
              0,
              null
            ],
            [
              95.335097870000084,
              5.5480010570000218,
              0,
              null
            ],
            [
              95.335096559000078,
              5.5479820080000763,
              0,
              null
            ],
            [
              95.335093793000055,
              5.5479554440000243,
              0,
              null
            ],
            [
              95.335092306000035,
              5.5479304750000438,
              0,
              null
            ],
            [
              95.335093051000058,
              5.547913597000047,
              0,
              null
            ],
            [
              95.335096414000077,
              5.5478833250000434,
              0,
              null
            ],
            [
              95.335097216000065,
              5.5478761040000677,
              0,
              null
            ],
            [
              95.335097183000073,
              5.547858442000063,
              0,
              null
            ],
            [
              95.335093743000073,
              5.547828030000062,
              0,
              null
            ],
            [
              95.335091372000079,
              5.5478008770000429,
              0,
              null
            ],
            [
              95.335091269000031,
              5.5477725580000765,
              0,
              null
            ],
            [
              95.335094851000065,
              5.5477061430000276,
              0,
              null
            ],
            [
              95.335096269000076,
              5.5476872370000478,
              0,
              null
            ],
            [
              95.335097395000048,
              5.5476722250000421,
              0,
              null
            ],
            [
              95.334511496000061,
              5.5476925660000234,
              0,
              null
            ],
            [
              95.334504851000077,
              5.547702159000039,
              0,
              null
            ],
            [
              95.334498280000048,
              5.5478092140000399,
              0,
              null
            ],
            [
              95.334414590000051,
              5.5478066140000237,
              0,
              null
            ],
            [
              95.334290921000047,
              5.5477961840000489,
              0,
              null
            ],
            [
              95.334165428000063,
              5.547779318000039,
              0,
              null
            ],
            [
              95.333957591000058,
              5.5477659650000533,
              0,
              null
            ],
            [
              95.333893983000053,
              5.5477306270000213,
              0,
              null
            ],
            [
              95.333854356000074,
              5.5477123830000323,
              0,
              null
            ],
            [
              95.333917798000073,
              5.5475849540000581,
              0,
              null
            ],
            [
              95.333813857000052,
              5.5475283710000554,
              0,
              null
            ],
            [
              95.333696442000075,
              5.5474777200000744,
              0,
              null
            ],
            [
              95.333698803000061,
              5.5474710340000684,
              0,
              null
            ],
            [
              95.33356193700007,
              5.5474293530000409,
              0,
              null
            ],
            [
              95.333528396000077,
              5.5473928620000379,
              0,
              null
            ],
            [
              95.333519092000074,
              5.5473942540000394,
              0,
              null
            ],
            [
              95.333486785000048,
              5.5473939840000526,
              0,
              null
            ],
            [
              95.333448629000031,
              5.5473973250000768,
              0,
              null
            ],
            [
              95.333407320000049,
              5.5474019170000588,
              0,
              null
            ],
            [
              95.333393395000087,
              5.5474043480000432,
              0,
              null
            ],
            [
              95.333382259000075,
              5.5474061650000408,
              0,
              null
            ],
            [
              95.333374340000034,
              5.5473659440000347,
              0,
              null
            ],
            [
              95.333367381000073,
              5.5473444040000572,
              0,
              null
            ],
            [
              95.333356902000048,
              5.5473338520000652,
              0,
              null
            ],
            [
              95.333354950000057,
              5.5473215960000744,
              0,
              null
            ],
            [
              95.333347858000081,
              5.5472331880000638,
              0,
              null
            ],
            [
              95.333345695000048,
              5.5472062170000527,
              0,
              null
            ],
            [
              95.33339333300006,
              5.5471988740000597,
              0,
              null
            ],
            [
              95.333445181000059,
              5.5471890580000718,
              0,
              null
            ],
            [
              95.333491638000055,
              5.5471802630000298,
              0,
              null
            ],
            [
              95.333503467000071,
              5.5471763570000689,
              0,
              null
            ],
            [
              95.333511893000036,
              5.5471694090000483,
              0,
              null
            ],
            [
              95.333517712000059,
              5.5471602200000234,
              0,
              null
            ],
            [
              95.33352388600008,
              5.5471473880000417,
              0,
              null
            ],
            [
              95.333526125000049,
              5.5471339650000573,
              0,
              null
            ],
            [
              95.333530547000066,
              5.5470931000000405,
              0,
              null
            ],
            [
              95.333540608000078,
              5.5470225010000718,
              0,
              null
            ],
            [
              95.333545738000055,
              5.5470102420000558,
              0,
              null
            ],
            [
              95.333554555000035,
              5.5470018190000587,
              0,
              null
            ],
            [
              95.333561833000033,
              5.5470012660000521,
              0,
              null
            ],
            [
              95.333577784000056,
              5.5470016640000495,
              0,
              null
            ],
            [
              95.333657119000065,
              5.5470129750000297,
              0,
              null
            ],
            [
              95.333677474000069,
              5.5470164830000499,
              0,
              null
            ],
            [
              95.333760101000053,
              5.5470339710000758,
              0,
              null
            ],
            [
              95.333797700000048,
              5.5470412280000687,
              0,
              null
            ],
            [
              95.333814200000063,
              5.547006796000062,
              0,
              null
            ],
            [
              95.333828886000049,
              5.5470135630000641,
              0,
              null
            ],
            [
              95.333870475000083,
              5.5470276530000433,
              0,
              null
            ],
            [
              95.333906814000045,
              5.5470393600000421,
              0,
              null
            ],
            [
              95.333954687000073,
              5.5470568970000613,
              0,
              null
            ],
            [
              95.334013063000043,
              5.5470772300000704,
              0,
              null
            ],
            [
              95.334025269000051,
              5.5470817750000379,
              0,
              null
            ],
            [
              95.334025340000039,
              5.5470818010000471,
              0,
              null
            ],
            [
              95.334035532000087,
              5.5470866500000398,
              0,
              null
            ],
            [
              95.334103435000031,
              5.5471192080000264,
              0,
              null
            ],
            [
              95.334142206000081,
              5.5471372480000696,
              0,
              null
            ],
            [
              95.33428017600005,
              5.5468597070000669,
              0,
              null
            ],
            [
              95.334790313000042,
              5.5458378370000219,
              0,
              null
            ],
            [
              95.33514193600007,
              5.5451261870000508,
              0,
              null
            ],
            [
              95.335142399000063,
              5.5451252540000269,
              0,
              null
            ],
            [
              95.335160889000065,
              5.5450878310000462,
              0,
              null
            ],
            [
              95.335316089000059,
              5.5447776460000568,
              0,
              null
            ],
            [
              95.335357412000064,
              5.5446947310000496,
              0,
              null
            ],
            [
              95.335362106000048,
              5.5446853400000577,
              0,
              null
            ],
            [
              95.335398861000044,
              5.544611805000045,
              0,
              null
            ],
            [
              95.335472892000041,
              5.5444633540000723,
              0,
              null
            ],
            [
              95.335846876000062,
              5.5437022410000623,
              0,
              null
            ],
            [
              95.335994550000066,
              5.5434065440000495,
              0,
              null
            ],
            [
              95.336082330000067,
              5.5432287930000257,
              0,
              null
            ],
            [
              95.33618103200007,
              5.5432794030000423,
              0,
              null
            ],
            [
              95.336191159000066,
              5.5432843740000521,
              0,
              null
            ],
            [
              95.336207410000043,
              5.5432924380000372,
              0,
              null
            ],
            [
              95.336289961000034,
              5.5433334010000408,
              0,
              null
            ],
            [
              95.336390237000046,
              5.5433831600000758,
              0,
              null
            ],
            [
              95.336424934000036,
              5.5433977970000683,
              0,
              null
            ],
            [
              95.336477573000082,
              5.5434200020000617,
              0,
              null
            ],
            [
              95.336585740000032,
              5.5434687380000582,
              0,
              null
            ],
            [
              95.336590364000074,
              5.5434584330000689,
              0,
              null
            ],
            [
              95.336596805000056,
              5.5434366240000372,
              0,
              null
            ],
            [
              95.336740009000039,
              5.5434972970000445,
              0,
              null
            ],
            [
              95.336726613000053,
              5.5435157260000665,
              0,
              null
            ],
            [
              95.336723126000038,
              5.5435398740000323,
              0,
              null
            ],
            [
              95.336727023000037,
              5.5435626280000747,
              0,
              null
            ],
            [
              95.336740877000068,
              5.5435757520000379,
              0,
              null
            ],
            [
              95.336770332000071,
              5.5435897820000264,
              0,
              null
            ],
            [
              95.336792721000052,
              5.5435961110000562,
              0,
              null
            ],
            [
              95.336818190000031,
              5.5436126880000529,
              0,
              null
            ],
            [
              95.336834296000063,
              5.543631787000038,
              0,
              null
            ],
            [
              95.336853244000054,
              5.5436486240000704,
              0,
              null
            ],
            [
              95.336879852000038,
              5.5436657650000711,
              0,
              null
            ],
            [
              95.336911877000034,
              5.5436746870000206,
              0,
              null
            ],
            [
              95.336953006000044,
              5.5436773900000276,
              0,
              null
            ],
            [
              95.336983642000064,
              5.5436772150000593,
              0,
              null
            ],
            [
              95.337006332000044,
              5.5436775770000395,
              0,
              null
            ],
            [
              95.33711283100007,
              5.5437115930000687,
              0,
              null
            ],
            [
              95.337123628000086,
              5.543714861000069,
              0,
              null
            ],
            [
              95.337162230000047,
              5.5435803940000596,
              0,
              null
            ],
            [
              95.337162244000069,
              5.5435803450000662,
              0,
              null
            ],
            [
              95.337172899000052,
              5.5435840810000627,
              0,
              null
            ],
            [
              95.337218606000079,
              5.5435938050000573,
              0,
              null
            ],
            [
              95.337265203000072,
              5.5436012140000344,
              0,
              null
            ],
            [
              95.337325418000034,
              5.5436131520000345,
              0,
              null
            ],
            [
              95.337416236000081,
              5.5436311580000392,
              0,
              null
            ],
            [
              95.337462265000056,
              5.5436402840000483,
              0,
              null
            ],
            [
              95.337493832000064,
              5.5436600590000467,
              0,
              null
            ],
            [
              95.337512403000062,
              5.5436785210000608,
              0,
              null
            ],
            [
              95.33751901800008,
              5.5436916480000491,
              0,
              null
            ],
            [
              95.337521464000076,
              5.5437065860000416,
              0,
              null
            ],
            [
              95.337516701000084,
              5.5438608610000415,
              0,
              null
            ],
            [
              95.337513600000079,
              5.5439115840000568,
              0,
              null
            ],
            [
              95.337509973000067,
              5.5439709010000229,
              0,
              null
            ],
            [
              95.337513253000054,
              5.5440462230000662,
              0,
              null
            ],
            [
              95.337518064000051,
              5.5440557700000568,
              0,
              null
            ],
            [
              95.337640416000056,
              5.5440618630000245,
              0,
              null
            ],
            [
              95.337654048000047,
              5.5440608340000495,
              0,
              null
            ],
            [
              95.337665471000037,
              5.5440599710000242,
              0,
              null
            ],
            [
              95.337673780000046,
              5.5440485780000586,
              0,
              null
            ],
            [
              95.337684429000035,
              5.5440252180000584,
              0,
              null
            ],
            [
              95.337697794000064,
              5.5439336870000488,
              0,
              null
            ],
            [
              95.337715408000065,
              5.5438606750000758,
              0,
              null
            ],
            [
              95.337758954000037,
              5.5437894590000383,
              0,
              null
            ],
            [
              95.337972919000038,
              5.5438452930000608,
              0,
              null
            ],
            [
              95.33818903100007,
              5.5439007600000423,
              0,
              null
            ],
            [
              95.33821011100008,
              5.543913395000061,
              0,
              null
            ],
            [
              95.338204498000039,
              5.543920043000071,
              0,
              null
            ],
            [
              95.338193349000051,
              5.5439547420000395,
              0,
              null
            ],
            [
              95.338194383000086,
              5.5439699240000664,
              0,
              null
            ],
            [
              95.338202590000037,
              5.5439875540000685,
              0,
              null
            ],
            [
              95.338219784000046,
              5.5440102550000461,
              0,
              null
            ],
            [
              95.338289978000034,
              5.5440557950000766,
              0,
              null
            ],
            [
              95.338559241000041,
              5.5441524880000657,
              0,
              null
            ],
            [
              95.338569790000065,
              5.5441564830000516,
              0,
              null
            ],
            [
              95.338549663000038,
              5.5442056440000442,
              0,
              null
            ],
            [
              95.338559406000059,
              5.5442114210000568,
              0,
              null
            ],
            [
              95.338580690000072,
              5.5442240400000742,
              0,
              null
            ],
            [
              95.338611699000069,
              5.5442424270000288,
              0,
              null
            ],
            [
              95.338643535000074,
              5.5442607950000706,
              0,
              null
            ],
            [
              95.338725394000051,
              5.5443042020000348,
              0,
              null
            ],
            [
              95.338824251000062,
              5.5443513580000285,
              0,
              null
            ],
            [
              95.338714200000084,
              5.5446036220000678,
              0,
              null
            ],
            [
              95.338626923000049,
              5.5448670420000212,
              0,
              null
            ],
            [
              95.338639178000051,
              5.5449483060000375,
              0,
              null
            ],
            [
              95.338690382000038,
              5.5450406580000617,
              0,
              null
            ],
            [
              95.338808577000066,
              5.5452335630000675,
              0,
              null
            ],
            [
              95.338837204000072,
              5.5452824330000681,
              0,
              null
            ],
            [
              95.338839908000068,
              5.5452932060000535,
              0,
              null
            ],
            [
              95.338841449000086,
              5.5453087830000527,
              0,
              null
            ],
            [
              95.338836554000068,
              5.54534312800007,
              0,
              null
            ],
            [
              95.338820111000075,
              5.5453998360000583,
              0,
              null
            ],
            [
              95.33882142300007,
              5.5454167880000682,
              0,
              null
            ],
            [
              95.338829389000068,
              5.5454282630000762,
              0,
              null
            ],
            [
              95.338967656000079,
              5.5454917030000388,
              0,
              null
            ],
            [
              95.338972883000054,
              5.5454995100000701,
              0,
              null
            ],
            [
              95.338975585000071,
              5.5455098220000423,
              0,
              null
            ],
            [
              95.338974423000082,
              5.5455171490000339,
              0,
              null
            ],
            [
              95.338966343000038,
              5.5455409350000764,
              0,
              null
            ],
            [
              95.338919610000062,
              5.5456248280000295,
              0,
              null
            ],
            [
              95.338713127000062,
              5.5459923700000218,
              0,
              null
            ],
            [
              95.33870829500006,
              5.5460074290000421,
              0,
              null
            ],
            [
              95.33870412400006,
              5.5460157070000378,
              0,
              null
            ],
            [
              95.338706586000058,
              5.5460225130000254,
              0,
              null
            ],
            [
              95.338717816000042,
              5.5460288500000274,
              0,
              null
            ],
            [
              95.338730550000037,
              5.5460325420000345,
              0,
              null
            ],
            [
              95.338743400000055,
              5.5460384890000682,
              0,
              null
            ],
            [
              95.338793002000045,
              5.546061446000067,
              0,
              null
            ],
            [
              95.338826184000084,
              5.5460847800000579,
              0,
              null
            ],
            [
              95.33884714900006,
              5.546098445000041,
              0,
              null
            ],
            [
              95.338871894000079,
              5.5461212430000728,
              0,
              null
            ],
            [
              95.338897297000074,
              5.5461462080000388,
              0,
              null
            ],
            [
              95.338909305000072,
              5.5461638040000594,
              0,
              null
            ],
            [
              95.338915659000065,
              5.5461731150000446,
              0,
              null
            ],
            [
              95.338952764000055,
              5.5462274840000418,
              0,
              null
            ],
            [
              95.33899744100006,
              5.546281026000031,
              0,
              null
            ],
            [
              95.339020857000037,
              5.5463062230000446,
              0,
              null
            ],
            [
              95.339070636000031,
              5.5463597880000748,
              0,
              null
            ],
            [
              95.339076741000042,
              5.5463663570000676,
              0,
              null
            ],
            [
              95.339114264000045,
              5.5464081340000462,
              0,
              null
            ],
            [
              95.339114552000069,
              5.5464084540000727,
              0,
              null
            ],
            [
              95.339119821000054,
              5.5464140340000654,
              0,
              null
            ],
            [
              95.339158615000031,
              5.5464551200000756,
              0,
              null
            ],
            [
              95.339189819000069,
              5.5464935230000378,
              0,
              null
            ],
            [
              95.339197072000047,
              5.5465039190000311,
              0,
              null
            ],
            [
              95.33922754200006,
              5.5465475880000668,
              0,
              null
            ],
            [
              95.339245024000036,
              5.5465657320000332,
              0,
              null
            ],
            [
              95.339261744000055,
              5.5465826140000445,
              0,
              null
            ],
            [
              95.339283623000085,
              5.5466038060000642,
              0,
              null
            ],
            [
              95.339314952000052,
              5.5466283490000592,
              0,
              null
            ],
            [
              95.339337409000052,
              5.5466429760000437,
              0,
              null
            ],
            [
              95.339346160000048,
              5.546647470000039,
              0,
              null
            ],
            [
              95.339356170000087,
              5.5466512810000381,
              0,
              null
            ],
            [
              95.339364604000082,
              5.5466533170000503,
              0,
              null
            ],
            [
              95.339371086000085,
              5.5466545840000663,
              0,
              null
            ],
            [
              95.339380218000031,
              5.5466575130000706,
              0,
              null
            ],
            [
              95.339385059000051,
              5.5466611180000314,
              0,
              null
            ],
            [
              95.339390222000077,
              5.5466663050000307,
              0,
              null
            ],
            [
              95.339396568000041,
              5.5466743240000369,
              0,
              null
            ],
            [
              95.33940033500005,
              5.5466802660000667,
              0,
              null
            ],
            [
              95.339419880000037,
              5.5467043500000273,
              0,
              null
            ],
            [
              95.339444479000065,
              5.5467332430000624,
              0,
              null
            ],
            [
              95.339485058000037,
              5.5467818550000629,
              0,
              null
            ],
            [
              95.339493613000059,
              5.5467871720000517,
              0,
              null
            ],
            [
              95.339498714000058,
              5.5467880650000438,
              0,
              null
            ],
            [
              95.339504190000071,
              5.5467882060000306,
              0,
              null
            ],
            [
              95.339511062000042,
              5.5467877080000676,
              0,
              null
            ],
            [
              95.339517805000071,
              5.5467863980000516,
              0,
              null
            ],
            [
              95.33952460900008,
              5.5467845180000381,
              0,
              null
            ],
            [
              95.33953097300008,
              5.5467833360000327,
              0,
              null
            ],
            [
              95.339537273000076,
              5.5467839710000248,
              0,
              null
            ],
            [
              95.339543435000053,
              5.5467863870000542,
              0,
              null
            ],
            [
              95.339546961000053,
              5.5467908110000508,
              0,
              null
            ],
            [
              95.339549153000064,
              5.5467976270000463,
              0,
              null
            ],
            [
              95.33954932000006,
              5.546805518000042,
              0,
              null
            ],
            [
              95.339548110000067,
              5.5468145430000391,
              0,
              null
            ],
            [
              95.339543744000082,
              5.5468258320000245,
              0,
              null
            ],
            [
              95.339540196000087,
              5.5468344060000732,
              0,
              null
            ],
            [
              95.339537464000045,
              5.5468462670000349,
              0,
              null
            ],
            [
              95.339536827000074,
              5.5468539710000755,
              0,
              null
            ],
            [
              95.339536539000051,
              5.5468616570000222,
              0,
              null
            ],
            [
              95.339536084000031,
              5.546873769000058,
              0,
              null
            ],
            [
              95.339537570000061,
              5.5468868430000384,
              0,
              null
            ],
            [
              95.339540515000067,
              5.5468970730000251,
              0,
              null
            ],
            [
              95.33955168500006,
              5.5469181070000673,
              0,
              null
            ],
            [
              95.339575190000062,
              5.5469466230000535,
              0,
              null
            ],
            [
              95.339584251000076,
              5.5469545860000267,
              0,
              null
            ],
            [
              95.339597151000078,
              5.5469613060000711,
              0,
              null
            ],
            [
              95.339608604000034,
              5.5469647950000649,
              0,
              null
            ],
            [
              95.33961692400004,
              5.5469652590000464,
              0,
              null
            ],
            [
              95.339626366000061,
              5.5469645800000649,
              0,
              null
            ],
            [
              95.339636516000041,
              5.5469625150000752,
              0,
              null
            ],
            [
              95.339643319000061,
              5.5469627770000329,
              0,
              null
            ],
            [
              95.339648415000056,
              5.5469669600000202,
              0,
              null
            ],
            [
              95.339652239000031,
              5.5469735250000554,
              0,
              null
            ],
            [
              95.339652928000078,
              5.5469780480000281,
              0,
              null
            ],
            [
              95.339654424000059,
              5.5469878620000372,
              0,
              null
            ],
            [
              95.339656107000053,
              5.5469958820000329,
              0,
              null
            ],
            [
              95.339659423000057,
              5.5470064890000685,
              0,
              null
            ],
            [
              95.33966868300007,
              5.5470255720000523,
              0,
              null
            ],
            [
              95.339680012000031,
              5.5470458450000706,
              0,
              null
            ],
            [
              95.339700472000061,
              5.5470871630000715,
              0,
              null
            ],
            [
              95.339709505000087,
              5.5471037770000748,
              0,
              null
            ],
            [
              95.33972181300004,
              5.5471251330000655,
              0,
              null
            ],
            [
              95.339737398000068,
              5.5471470090000707,
              0,
              null
            ],
            [
              95.339752732000079,
              5.5471624320000501,
              0,
              null
            ],
            [
              95.33978744500007,
              5.5471942470000499,
              0,
              null
            ],
            [
              95.339797127000054,
              5.5472040520000405,
              0,
              null
            ],
            [
              95.339825687000086,
              5.5472265730000458,
              0,
              null
            ],
            [
              95.339833371000054,
              5.5472330580000744,
              0,
              null
            ],
            [
              95.339847574000032,
              5.5472450440000216,
              0,
              null
            ],
            [
              95.339877130000048,
              5.5472709140000234,
              0,
              null
            ],
            [
              95.339887183000087,
              5.5472830500000327,
              0,
              null
            ],
            [
              95.33989805300007,
              5.5472989150000558,
              0,
              null
            ],
            [
              95.339912688000084,
              5.5473224220000361,
              0,
              null
            ],
            [
              95.339940574000082,
              5.5473662770000374,
              0,
              null
            ],
            [
              95.339965078000034,
              5.5473964250000449,
              0,
              null
            ],
            [
              95.339986761000034,
              5.5474228500000322,
              0,
              null
            ],
            [
              95.34002567400006,
              5.547467485000027,
              0,
              null
            ],
            [
              95.340063173000033,
              5.547507213000074,
              0,
              null
            ],
            [
              95.340063270000087,
              5.5475073150000753,
              0,
              null
            ],
            [
              95.340124564000064,
              5.5475697950000722,
              0,
              null
            ],
            [
              95.340180856000075,
              5.5476178040000264,
              0,
              null
            ],
            [
              95.340220976000069,
              5.5476526530000569,
              0,
              null
            ],
            [
              95.340257643000086,
              5.5476835300000289,
              0,
              null
            ],
            [
              95.340270288000056,
              5.5476919490000682,
              0,
              null
            ],
            [
              95.340280234000033,
              5.5476953720000211,
              0,
              null
            ],
            [
              95.340288919000045,
              5.5476970280000728,
              0,
              null
            ],
            [
              95.340297989000078,
              5.5476978690000465,
              0,
              null
            ],
            [
              95.340306625000039,
              5.5476984490000518,
              0,
              null
            ],
            [
              95.340321537000079,
              5.5477053590000764,
              0,
              null
            ],
            [
              95.340329204000057,
              5.5477142780000577,
              0,
              null
            ],
            [
              95.340333164000072,
              5.5477209690000677,
              0,
              null
            ],
            [
              95.34033654600006,
              5.5477322090000598,
              0,
              null
            ],
            [
              95.340339613000083,
              5.5477411820000384,
              0,
              null
            ],
            [
              95.340345393000064,
              5.5477497100000619,
              0,
              null
            ],
            [
              95.340354198000057,
              5.5477566710000588,
              0,
              null
            ],
            [
              95.340365338000083,
              5.5477631890000225,
              0,
              null
            ],
            [
              95.340381189000084,
              5.5477724370000487,
              0,
              null
            ],
            [
              95.340417626000033,
              5.547790750000047,
              0,
              null
            ],
            [
              95.340425685000071,
              5.5477937910000605,
              0,
              null
            ],
            [
              95.340433362000056,
              5.5477960840000264,
              0,
              null
            ],
            [
              95.340444701000081,
              5.547797992000028,
              0,
              null
            ],
            [
              95.340454277000049,
              5.5477992730000665,
              0,
              null
            ],
            [
              95.340460068000084,
              5.5477989070000717,
              0,
              null
            ],
            [
              95.340463597000053,
              5.5477970850000702,
              0,
              null
            ],
            [
              95.340466319000086,
              5.5477942450000342,
              0,
              null
            ],
            [
              95.340467580000052,
              5.5477892690000203,
              0,
              null
            ],
            [
              95.341561568000031,
              5.5479635230000213,
              0,
              null
            ],
            [
              95.341544734000081,
              5.5480000320000613,
              0,
              null
            ]
          ]
        ]
      },
      "properties" : {
        "FID" : 0,
        "OBJECTID" : 14461,
        "KDPPUM" : "11",
        "NAMOBJ" : "Panteriek",
        "REMARK" : " ",
        "KDPBPS" : " ",
        "FCODE" : "BA03070040",
        "LUASWH" : 0,
        "UUPP" : "RBI",
        "SRS_ID" : "SRGI 2013",
        "METADATA" : "TASWIL1000020200326DATA_BATAS_DESA_KELURAHAN",
        "KDEBPS" : " ",
        "KDEPUM" : "11.71.05.2003",
        "KDCBPS" : " ",
        "KDCPUM" : "11.71.05",
        "KDBBPS" : " ",
        "WADMKD" : "Panteriek",
        "WIADKD" : "0",
        "WADMKC" : "Lueng Bata",
        "WIADKC" : " ",
        "WADMKK" : "Kota Banda Aceh",
        "WIADKK" : " ",
        "WADMPR" : "Aceh",
        "WIADPR" : " ",
        "TIPADM" : 9,
        "KDPKAB" : "11.71",
        "SHAPE_Leng" : 0.026566764984832,
        "SHAPE_Area" : 2.7599581609e-05
      }
    }
  ]
}