{
  "hasZ" : true,
  "hasM" : true,
  "type" : "FeatureCollection",
  "features" : [
    {
      "type" : "Feature",
      "id" : 0,
      "geometry" : {
        "type" : "Polygon",
        "coordinates" : [
          [
            [
              95.320610758000043,
              5.5540734340000313,
              0,
              null
            ],
            [
              95.320534575000067,
              5.5541366550000362,
              0,
              null
            ],
            [
              95.320516023000039,
              5.5541520500000274,
              0,
              null
            ],
            [
              95.320362914000043,
              5.554300640000065,
              0,
              null
            ],
            [
              95.32031995300008,
              5.5543329930000596,
              0,
              null
            ],
            [
              95.320165572000064,
              5.5544492510000509,
              0,
              null
            ],
            [
              95.320065656000054,
              5.5545119930000624,
              0,
              null
            ],
            [
              95.319880308000052,
              5.5546283800000538,
              0,
              null
            ],
            [
              95.319793960000084,
              5.5546765820000701,
              0,
              null
            ],
            [
              95.31953255600007,
              5.554822505000061,
              0,
              null
            ],
            [
              95.319510506000086,
              5.5548400950000314,
              0,
              null
            ],
            [
              95.319278832000066,
              5.5550248940000415,
              0,
              null
            ],
            [
              95.319226158000049,
              5.5550676880000651,
              0,
              null
            ],
            [
              95.319068930000071,
              5.5551954240000327,
              0,
              null
            ],
            [
              95.319034501000033,
              5.5552233950000414,
              0,
              null
            ],
            [
              95.318747070000086,
              5.5554668100000413,
              0,
              null
            ],
            [
              95.318720875000054,
              5.5554886830000214,
              0,
              null
            ],
            [
              95.318590190000066,
              5.5555978100000516,
              0,
              null
            ],
            [
              95.318522643000051,
              5.5556542140000715,
              0,
              null
            ],
            [
              95.318328002000044,
              5.5558920170000761,
              0,
              null
            ],
            [
              95.318307478000065,
              5.5559170910000262,
              0,
              null
            ],
            [
              95.318246316000057,
              5.5559918170000628,
              0,
              null
            ],
            [
              95.318122824000056,
              5.556202843000051,
              0,
              null
            ],
            [
              95.318101002000049,
              5.5562401330000739,
              0,
              null
            ],
            [
              95.318097761000047,
              5.5562473580000642,
              0,
              null
            ],
            [
              95.318003785000087,
              5.5564568400000667,
              0,
              null
            ],
            [
              95.317994072000033,
              5.5565060600000606,
              0,
              null
            ],
            [
              95.317958342000054,
              5.5566871200000492,
              0,
              null
            ],
            [
              95.317955299000062,
              5.5567245990000629,
              0,
              null
            ],
            [
              95.317940859000032,
              5.5569024150000246,
              0,
              null
            ],
            [
              95.317939295000087,
              5.5569216700000652,
              0,
              null
            ],
            [
              95.317943391000085,
              5.5571290350000595,
              0,
              null
            ],
            [
              95.31794469600004,
              5.5571950870000251,
              0,
              null
            ],
            [
              95.317945696000038,
              5.5572457350000377,
              0,
              null
            ],
            [
              95.317949805000069,
              5.5574362560000736,
              0,
              null
            ],
            [
              95.317953190000082,
              5.5575931520000381,
              0,
              null
            ],
            [
              95.317958135000083,
              5.5576656550000507,
              0,
              null
            ],
            [
              95.317970743000046,
              5.5578505180000661,
              0,
              null
            ],
            [
              95.317980000000034,
              5.5578928070000302,
              0,
              null
            ],
            [
              95.318042034000086,
              5.5581761730000494,
              0,
              null
            ],
            [
              95.31807036400005,
              5.5583055810000701,
              0,
              null
            ],
            [
              95.318096432000061,
              5.5584246610000605,
              0,
              null
            ],
            [
              95.318108392000056,
              5.5584792920000723,
              0,
              null
            ],
            [
              95.318137313000079,
              5.5586522080000691,
              0,
              null
            ],
            [
              95.318189564000079,
              5.5589646190000508,
              0,
              null
            ],
            [
              95.318195016000061,
              5.5590504730000703,
              0,
              null
            ],
            [
              95.318196191000084,
              5.5590558410000313,
              0,
              null
            ],
            [
              95.318196316000069,
              5.5590709530000595,
              0,
              null
            ],
            [
              95.318210389000058,
              5.5592925860000264,
              0,
              null
            ],
            [
              95.318211130000066,
              5.5593723750000663,
              0,
              null
            ],
            [
              95.318213447000062,
              5.5596219480000286,
              0,
              null
            ],
            [
              95.318214452000063,
              5.559730132000027,
              0,
              null
            ],
            [
              95.31821091200004,
              5.5599380930000279,
              0,
              null
            ],
            [
              95.318207744000063,
              5.5601242090000369,
              0,
              null
            ],
            [
              95.318206266000061,
              5.560211038000034,
              0,
              null
            ],
            [
              95.318209822000085,
              5.5603750060000721,
              0,
              null
            ],
            [
              95.318212260000053,
              5.5604874240000299,
              0,
              null
            ],
            [
              95.318212948000053,
              5.5605191210000271,
              0,
              null
            ],
            [
              95.318213592000063,
              5.5605488510000214,
              0,
              null
            ],
            [
              95.318086382000047,
              5.560548256000061,
              0,
              null
            ],
            [
              95.317914280000082,
              5.5605474540000728,
              0,
              null
            ],
            [
              95.317816023000034,
              5.5605446980000579,
              0,
              null
            ],
            [
              95.31774869700007,
              5.5605424530000391,
              0,
              null
            ],
            [
              95.317732652000075,
              5.560541176000072,
              0,
              null
            ],
            [
              95.317685685000072,
              5.5605362160000595,
              0,
              null
            ],
            [
              95.317603448000057,
              5.5605356310000502,
              0,
              null
            ],
            [
              95.317514363000043,
              5.5605095560000564,
              0,
              null
            ],
            [
              95.317440889000068,
              5.5604503470000282,
              0,
              null
            ],
            [
              95.317364711000039,
              5.5603770410000379,
              0,
              null
            ],
            [
              95.317349870000044,
              5.5603731650000441,
              0,
              null
            ],
            [
              95.317328992000057,
              5.5603677100000368,
              0,
              null
            ],
            [
              95.317072774000053,
              5.5603228940000236,
              0,
              null
            ],
            [
              95.316816469000059,
              5.5602904010000316,
              0,
              null
            ],
            [
              95.316714926000031,
              5.560279855000033,
              0,
              null
            ],
            [
              95.31653592400005,
              5.5602612660000545,
              0,
              null
            ],
            [
              95.316478076000067,
              5.5602593950000596,
              0,
              null
            ],
            [
              95.316309599000078,
              5.5602393610000718,
              0,
              null
            ],
            [
              95.316294736000032,
              5.5602360480000357,
              0,
              null
            ],
            [
              95.316267569000047,
              5.5602238790000342,
              0,
              null
            ],
            [
              95.316200507000076,
              5.5601813510000397,
              0,
              null
            ],
            [
              95.31618784300008,
              5.5601681220000501,
              0,
              null
            ],
            [
              95.316180723000059,
              5.5601559930000235,
              0,
              null
            ],
            [
              95.316129383000032,
              5.5600879770000233,
              0,
              null
            ],
            [
              95.316107743000032,
              5.5600478830000384,
              0,
              null
            ],
            [
              95.316090282000062,
              5.5599809970000251,
              0,
              null
            ],
            [
              95.316023979000079,
              5.5596866000000205,
              0,
              null
            ],
            [
              95.315951794000057,
              5.5593798850000553,
              0,
              null
            ],
            [
              95.315952533000086,
              5.5593569630000275,
              0,
              null
            ],
            [
              95.315935566000064,
              5.5592865860000416,
              0,
              null
            ],
            [
              95.315912806000085,
              5.559192180000025,
              0,
              null
            ],
            [
              95.315904492000072,
              5.5591656000000285,
              0,
              null
            ],
            [
              95.315832377000049,
              5.5588507640000557,
              0,
              null
            ],
            [
              95.315620738000064,
              5.5579036240000619,
              0,
              null
            ],
            [
              95.315604712000038,
              5.5578212120000217,
              0,
              null
            ],
            [
              95.31558480700005,
              5.5577398680000556,
              0,
              null
            ],
            [
              95.315542681000068,
              5.5575590640000314,
              0,
              null
            ],
            [
              95.315493850000053,
              5.5573411410000517,
              0,
              null
            ],
            [
              95.315456716000085,
              5.5571841570000515,
              0,
              null
            ],
            [
              95.315400625000052,
              5.5569404330000225,
              0,
              null
            ],
            [
              95.315254380000056,
              5.5563490810000644,
              0,
              null
            ],
            [
              95.315222430000063,
              5.5562635120000436,
              0,
              null
            ],
            [
              95.315144772000053,
              5.5561169710000513,
              0,
              null
            ],
            [
              95.315038818000062,
              5.5558502970000632,
              0,
              null
            ],
            [
              95.315035246000036,
              5.5558481420000589,
              0,
              null
            ],
            [
              95.314997892000065,
              5.5557795160000296,
              0,
              null
            ],
            [
              95.314921165000044,
              5.555555446000028,
              0,
              null
            ],
            [
              95.314897148000057,
              5.5554462180000428,
              0,
              null
            ],
            [
              95.314884089000032,
              5.5554095520000715,
              0,
              null
            ],
            [
              95.314871406000066,
              5.555369707000068,
              0,
              null
            ],
            [
              95.314784137000061,
              5.555095546000075,
              0,
              null
            ],
            [
              95.314247033000072,
              5.5535896080000384,
              0,
              null
            ],
            [
              95.314189171000066,
              5.5534373640000467,
              0,
              null
            ],
            [
              95.314187774000061,
              5.5534211160000382,
              0,
              null
            ],
            [
              95.314128115000074,
              5.5532444560000727,
              0,
              null
            ],
            [
              95.314017995000086,
              5.5529177130000562,
              0,
              null
            ],
            [
              95.313939788000084,
              5.5526948820000257,
              0,
              null
            ],
            [
              95.313871207000034,
              5.5524964610000325,
              0,
              null
            ],
            [
              95.313865644000032,
              5.5524660750000407,
              0,
              null
            ],
            [
              95.313845725000078,
              5.552405583000052,
              0,
              null
            ],
            [
              95.313827811000067,
              5.5523511810000628,
              0,
              null
            ],
            [
              95.313677044000087,
              5.5523799330000543,
              0,
              null
            ],
            [
              95.313525887000083,
              5.5523978700000498,
              0,
              null
            ],
            [
              95.313163642000063,
              5.5524248040000543,
              0,
              null
            ],
            [
              95.313122560000068,
              5.5524278590000335,
              0,
              null
            ],
            [
              95.312898422000046,
              5.5516849670000283,
              0,
              null
            ],
            [
              95.312882443000035,
              5.551626304000024,
              0,
              null
            ],
            [
              95.312868756000057,
              5.5515747910000641,
              0,
              null
            ],
            [
              95.312851617000035,
              5.5515051500000254,
              0,
              null
            ],
            [
              95.312709815000062,
              5.5510463360000699,
              0,
              null
            ],
            [
              95.312506555000084,
              5.5504121470000314,
              0,
              null
            ],
            [
              95.31249996300005,
              5.5503951710000479,
              0,
              null
            ],
            [
              95.312495722000051,
              5.5503810050000766,
              0,
              null
            ],
            [
              95.312323606000064,
              5.5498060970000438,
              0,
              null
            ],
            [
              95.312231267000072,
              5.5495124640000313,
              0,
              null
            ],
            [
              95.312187738000034,
              5.5493740450000359,
              0,
              null
            ],
            [
              95.312090310000087,
              5.5491080310000598,
              0,
              null
            ],
            [
              95.312080990000084,
              5.549082583000029,
              0,
              null
            ],
            [
              95.312077214000055,
              5.5490722740000251,
              0,
              null
            ],
            [
              95.312073318000046,
              5.5490616350000437,
              0,
              null
            ],
            [
              95.312069422000036,
              5.5490509970000517,
              0,
              null
            ],
            [
              95.312065500000074,
              5.5490402880000715,
              0,
              null
            ],
            [
              95.312060939000048,
              5.5490278350000608,
              0,
              null
            ],
            [
              95.312053448000086,
              5.5489970710000307,
              0,
              null
            ],
            [
              95.31207055200008,
              5.5489936540000713,
              0,
              null
            ],
            [
              95.312172328000031,
              5.5489715530000581,
              0,
              null
            ],
            [
              95.312499965000086,
              5.5488996240000574,
              0,
              null
            ],
            [
              95.312764651000066,
              5.5488403150000636,
              0,
              null
            ],
            [
              95.313198313000044,
              5.5487431450000599,
              0,
              null
            ],
            [
              95.313487894000048,
              5.5486808880000353,
              0,
              null
            ],
            [
              95.313796072000059,
              5.5486146330000565,
              0,
              null
            ],
            [
              95.314014511000039,
              5.5485658700000613,
              0,
              null
            ],
            [
              95.314576939000062,
              5.5484403140000609,
              0,
              null
            ],
            [
              95.314697362000061,
              5.5484160640000368,
              0,
              null
            ],
            [
              95.314994750000039,
              5.5483577050000576,
              0,
              null
            ],
            [
              95.315688347000048,
              5.5482007950000707,
              0,
              null
            ],
            [
              95.316385772000046,
              5.5480508600000462,
              0,
              null
            ],
            [
              95.31643232600004,
              5.5480381080000711,
              0,
              null
            ],
            [
              95.316637990000061,
              5.5479890120000732,
              0,
              null
            ],
            [
              95.316720555000074,
              5.5479680600000734,
              0,
              null
            ],
            [
              95.31682044300004,
              5.5479411660000437,
              0,
              null
            ],
            [
              95.316889288000084,
              5.547925249000059,
              0,
              null
            ],
            [
              95.316976867000051,
              5.5478956060000542,
              0,
              null
            ],
            [
              95.31695639600008,
              5.5478408450000529,
              0,
              null
            ],
            [
              95.316944172000035,
              5.5478067620000502,
              0,
              null
            ],
            [
              95.316923819000067,
              5.5477373440000406,
              0,
              null
            ],
            [
              95.316915624000046,
              5.5477075060000516,
              0,
              null
            ],
            [
              95.316874358000064,
              5.5475921530000392,
              0,
              null
            ],
            [
              95.316865380000081,
              5.547563101000037,
              0,
              null
            ],
            [
              95.316798786000049,
              5.5473717030000671,
              0,
              null
            ],
            [
              95.31675681300004,
              5.5473073970000542,
              0,
              null
            ],
            [
              95.316738698000051,
              5.5472656280000479,
              0,
              null
            ],
            [
              95.316431587000068,
              5.5467556670000704,
              0,
              null
            ],
            [
              95.316666473000055,
              5.5466018020000547,
              0,
              null
            ],
            [
              95.316734139000062,
              5.5465599120000206,
              0,
              null
            ],
            [
              95.316900027000031,
              5.5464419020000264,
              0,
              null
            ],
            [
              95.316949677000082,
              5.5464060400000221,
              0,
              null
            ],
            [
              95.316954569000075,
              5.5464137440000627,
              0,
              null
            ],
            [
              95.316972645000078,
              5.5464365250000469,
              0,
              null
            ],
            [
              95.316994363000049,
              5.5464638950000449,
              0,
              null
            ],
            [
              95.317008826000063,
              5.5464821220000431,
              0,
              null
            ],
            [
              95.317042991000051,
              5.5465078340000673,
              0,
              null
            ],
            [
              95.317103075000034,
              5.5465413330000501,
              0,
              null
            ],
            [
              95.317182377000051,
              5.5465855460000739,
              0,
              null
            ],
            [
              95.317392573000063,
              5.5466703930000563,
              0,
              null
            ],
            [
              95.317415231000041,
              5.5466724060000274,
              0,
              null
            ],
            [
              95.31753440600005,
              5.5466829910000683,
              0,
              null
            ],
            [
              95.317570300000057,
              5.5466796250000243,
              0,
              null
            ],
            [
              95.317685879000067,
              5.5466687860000548,
              0,
              null
            ],
            [
              95.317760093000061,
              5.5466659600000412,
              0,
              null
            ],
            [
              95.31792207500007,
              5.5466977600000291,
              0,
              null
            ],
            [
              95.317945801000064,
              5.5467024180000521,
              0,
              null
            ],
            [
              95.318129354000064,
              5.5467931090000206,
              0,
              null
            ],
            [
              95.318133585000055,
              5.5467934290000471,
              0,
              null
            ],
            [
              95.318182151000087,
              5.5467954090000262,
              0,
              null
            ],
            [
              95.318368124000074,
              5.5468029900000602,
              0,
              null
            ],
            [
              95.318484720000072,
              5.5468077430000449,
              0,
              null
            ],
            [
              95.318700905000071,
              5.5468362700000284,
              0,
              null
            ],
            [
              95.318794102000084,
              5.5468485690000762,
              0,
              null
            ],
            [
              95.319267485000069,
              5.5469059840000341,
              0,
              null
            ],
            [
              95.319430876000069,
              5.5469180800000686,
              0,
              null
            ],
            [
              95.319481566000036,
              5.5469218330000558,
              0,
              null
            ],
            [
              95.319505363000076,
              5.5469217390000267,
              0,
              null
            ],
            [
              95.319564408000076,
              5.5469215080000254,
              0,
              null
            ],
            [
              95.31958504000005,
              5.5469214270000293,
              0,
              null
            ],
            [
              95.319613234000087,
              5.5469213160000663,
              0,
              null
            ],
            [
              95.319641407000063,
              5.5469212060000359,
              0,
              null
            ],
            [
              95.319744658000047,
              5.5469208000000663,
              0,
              null
            ],
            [
              95.319758766000064,
              5.5469207450000226,
              0,
              null
            ],
            [
              95.320066359000066,
              5.546946068000068,
              0,
              null
            ],
            [
              95.320137455000065,
              5.5469519210000726,
              0,
              null
            ],
            [
              95.320210195000072,
              5.5469587030000298,
              0,
              null
            ],
            [
              95.320248347000074,
              5.546962259000054,
              0,
              null
            ],
            [
              95.320267174000037,
              5.5469640140000251,
              0,
              null
            ],
            [
              95.320323028000075,
              5.5469692200000509,
              0,
              null
            ],
            [
              95.320344501000079,
              5.54697806300004,
              0,
              null
            ],
            [
              95.32035716300004,
              5.5469913190000284,
              0,
              null
            ],
            [
              95.320367007000073,
              5.5470141990000457,
              0,
              null
            ],
            [
              95.320367619000081,
              5.5470156200000247,
              0,
              null
            ],
            [
              95.320368271000063,
              5.5470178520000673,
              0,
              null
            ],
            [
              95.320377363000034,
              5.5470489270000485,
              0,
              null
            ],
            [
              95.320394199000077,
              5.5471064730000421,
              0,
              null
            ],
            [
              95.320407008000075,
              5.5471847610000395,
              0,
              null
            ],
            [
              95.320420718000037,
              5.5472685560000627,
              0,
              null
            ],
            [
              95.320441062000043,
              5.5474801820000721,
              0,
              null
            ],
            [
              95.320443215000068,
              5.5475025760000563,
              0,
              null
            ],
            [
              95.320459141000072,
              5.5476682290000667,
              0,
              null
            ],
            [
              95.320466219000082,
              5.5477418570000623,
              0,
              null
            ],
            [
              95.320466319000047,
              5.5477673670000627,
              0,
              null
            ],
            [
              95.320466420000059,
              5.5477931350000631,
              0,
              null
            ],
            [
              95.320466521000071,
              5.5478190600000516,
              0,
              null
            ],
            [
              95.320466818000057,
              5.5478949190000435,
              0,
              null
            ],
            [
              95.320474309000076,
              5.5480104320000692,
              0,
              null
            ],
            [
              95.320483399000068,
              5.5481505860000766,
              0,
              null
            ],
            [
              95.320485982000037,
              5.5482219220000388,
              0,
              null
            ],
            [
              95.320492007000041,
              5.5483882750000362,
              0,
              null
            ],
            [
              95.320492426000044,
              5.5484953790000304,
              0,
              null
            ],
            [
              95.320492656000056,
              5.5485542570000348,
              0,
              null
            ],
            [
              95.320501317000037,
              5.5487127950000286,
              0,
              null
            ],
            [
              95.320502447000081,
              5.5487334840000244,
              0,
              null
            ],
            [
              95.320502920000081,
              5.5487421520000453,
              0,
              null
            ],
            [
              95.320503538000082,
              5.5487534520000281,
              0,
              null
            ],
            [
              95.320504772000049,
              5.5487760410000533,
              0,
              null
            ],
            [
              95.32050488200008,
              5.5487780440000734,
              0,
              null
            ],
            [
              95.320505628000035,
              5.5489688660000525,
              0,
              null
            ],
            [
              95.320505853000043,
              5.5490264500000421,
              0,
              null
            ],
            [
              95.320506711000064,
              5.549245810000059,
              0,
              null
            ],
            [
              95.320506757000032,
              5.5492575870000564,
              0,
              null
            ],
            [
              95.320509030000039,
              5.5493107650000297,
              0,
              null
            ],
            [
              95.320518048000054,
              5.5495217570000364,
              0,
              null
            ],
            [
              95.320526051000058,
              5.5497089920000349,
              0,
              null
            ],
            [
              95.320526817000086,
              5.5497328510000443,
              0,
              null
            ],
            [
              95.320536467000068,
              5.5500333500000352,
              0,
              null
            ],
            [
              95.320550736000087,
              5.5504041320000397,
              0,
              null
            ],
            [
              95.320553076000067,
              5.550464937000072,
              0,
              null
            ],
            [
              95.320563106000066,
              5.5505670150000697,
              0,
              null
            ],
            [
              95.320569886000044,
              5.5506315910000694,
              0,
              null
            ],
            [
              95.320606841000085,
              5.5509836130000281,
              0,
              null
            ],
            [
              95.320644222000055,
              5.5512137700000608,
              0,
              null
            ],
            [
              95.320649505000063,
              5.5512462970000342,
              0,
              null
            ],
            [
              95.320654386000058,
              5.5512763500000233,
              0,
              null
            ],
            [
              95.320657736000044,
              5.551296978000039,
              0,
              null
            ],
            [
              95.320662551000055,
              5.551326619000065,
              0,
              null
            ],
            [
              95.320667264000065,
              5.5513556410000433,
              0,
              null
            ],
            [
              95.320678551000071,
              5.5514251330000661,
              0,
              null
            ],
            [
              95.320682508000061,
              5.5514607060000571,
              0,
              null
            ],
            [
              95.320702288000064,
              5.5516385020000598,
              0,
              null
            ],
            [
              95.320731482000042,
              5.5519009380000739,
              0,
              null
            ],
            [
              95.32079520700006,
              5.5524408230000404,
              0,
              null
            ],
            [
              95.320819394000068,
              5.5526457420000384,
              0,
              null
            ],
            [
              95.320860151000034,
              5.5529910360000372,
              0,
              null
            ],
            [
              95.320888150000087,
              5.5532341280000423,
              0,
              null
            ],
            [
              95.320890324000061,
              5.5532530030000657,
              0,
              null
            ],
            [
              95.320892402000084,
              5.5532710440000415,
              0,
              null
            ],
            [
              95.320917001000055,
              5.553484615000059,
              0,
              null
            ],
            [
              95.320992526000055,
              5.553787471000021,
              0,
              null
            ],
            [
              95.320919789000072,
              5.5538366830000427,
              0,
              null
            ],
            [
              95.320791296000039,
              5.55392361600002,
              0,
              null
            ],
            [
              95.320758526000077,
              5.5539508100000603,
              0,
              null
            ],
            [
              95.320688091000079,
              5.5540092600000435,
              0,
              null
            ],
            [
              95.320654046000072,
              5.5540375120000363,
              0,
              null
            ],
            [
              95.320614112000044,
              5.5540706500000283,
              0,
              null
            ],
            [
              95.320610758000043,
              5.5540734340000313,
              0,
              null
            ]
          ]
        ]
      },
      "properties" : {
        "FID" : 0,
        "OBJECTID" : 7272,
        "KDPPUM" : "11",
        "NAMOBJ" : "Kampung Baru",
        "REMARK" : " ",
        "KDPBPS" : " ",
        "FCODE" : "BA03070040",
        "LUASWH" : 0,
        "UUPP" : "RBI",
        "SRS_ID" : "SRGI 2013",
        "METADATA" : "TASWIL1000020200326DATA_BATAS_DESA_KELURAHAN",
        "KDEBPS" : " ",
        "KDEPUM" : "11.71.01.2001",
        "KDCBPS" : " ",
        "KDCPUM" : "11.71.01",
        "KDBBPS" : " ",
        "WADMKD" : "Kampung Baru",
        "WIADKD" : "0",
        "WADMKC" : "Baiturrahman",
        "WIADKC" : " ",
        "WADMKK" : "Kota Banda Aceh",
        "WIADKK" : " ",
        "WADMPR" : "Aceh",
        "WIADPR" : " ",
        "TIPADM" : 9,
        "KDPKAB" : "11.71",
        "SHAPE_Leng" : 0.040109869305693997,
        "SHAPE_Area" : 6.8562230940000005e-05
      }
    }
  ]
}