{
  "hasZ" : true,
  "hasM" : true,
  "type" : "FeatureCollection",
  "features" : [
    {
      "type" : "Feature",
      "id" : 0,
      "geometry" : {
        "type" : "Polygon",
        "coordinates" : [
          [
            [
              95.306005148000054,
              5.5617744910000511,
              0,
              null
            ],
            [
              95.306002469000077,
              5.5619282580000231,
              0,
              null
            ],
            [
              95.306002940000042,
              5.561930936000067,
              0,
              null
            ],
            [
              95.306001472000048,
              5.5619344070000238,
              0,
              null
            ],
            [
              95.306016875000068,
              5.5622331250000343,
              0,
              null
            ],
            [
              95.306029125000066,
              5.5624706990000732,
              0,
              null
            ],
            [
              95.306025371000032,
              5.562500079000074,
              0,
              null
            ],
            [
              95.306022634000044,
              5.56252149900007,
              0,
              null
            ],
            [
              95.305943567000043,
              5.5626126420000332,
              0,
              null
            ],
            [
              95.30588300800008,
              5.5626615330000391,
              0,
              null
            ],
            [
              95.305785485000058,
              5.5627402660000485,
              0,
              null
            ],
            [
              95.305661717000078,
              5.562810814000045,
              0,
              null
            ],
            [
              95.305585304000033,
              5.5628034600000547,
              0,
              null
            ],
            [
              95.305384908000065,
              5.5627509640000312,
              0,
              null
            ],
            [
              95.304864802000054,
              5.5626147180000203,
              0,
              null
            ],
            [
              95.304484531000071,
              5.5625518590000524,
              0,
              null
            ],
            [
              95.304159678000076,
              5.5625000890000251,
              0,
              null
            ],
            [
              95.303948801000047,
              5.5623920310000585,
              0,
              null
            ],
            [
              95.303858944000069,
              5.5622772040000541,
              0,
              null
            ],
            [
              95.30381437300008,
              5.562232894000033,
              0,
              null
            ],
            [
              95.303737316000081,
              5.5622284550000245,
              0,
              null
            ],
            [
              95.303664723000054,
              5.5622242740000729,
              0,
              null
            ],
            [
              95.303651065000054,
              5.5622234870000398,
              0,
              null
            ],
            [
              95.303526727000076,
              5.562221333000025,
              0,
              null
            ],
            [
              95.303520078000076,
              5.5622212180000474,
              0,
              null
            ],
            [
              95.303386001000035,
              5.5622188960000472,
              0,
              null
            ],
            [
              95.303382983000063,
              5.5622188440000286,
              0,
              null
            ],
            [
              95.303363171000058,
              5.5622185010000749,
              0,
              null
            ],
            [
              95.303313040000035,
              5.5622176330000457,
              0,
              null
            ],
            [
              95.303219975000047,
              5.5622271780000574,
              0,
              null
            ],
            [
              95.303114878000031,
              5.5622379560000468,
              0,
              null
            ],
            [
              95.302999954000086,
              5.5622497430000521,
              0,
              null
            ],
            [
              95.30294940400006,
              5.5622549270000263,
              0,
              null
            ],
            [
              95.302919324000072,
              5.5622460970000702,
              0,
              null
            ],
            [
              95.302845689000037,
              5.5622244810000439,
              0,
              null
            ],
            [
              95.302825079000058,
              5.562219027000026,
              0,
              null
            ],
            [
              95.302776109000035,
              5.5622060700000588,
              0,
              null
            ],
            [
              95.302715438000064,
              5.5620369930000493,
              0,
              null
            ],
            [
              95.302695730000039,
              5.5620033260000241,
              0,
              null
            ],
            [
              95.302681958000051,
              5.561988131000021,
              0,
              null
            ],
            [
              95.302673993000042,
              5.5619538930000658,
              0,
              null
            ],
            [
              95.302674295000031,
              5.5619123340000556,
              0,
              null
            ],
            [
              95.302729217000035,
              5.5619176700000708,
              0,
              null
            ],
            [
              95.302899773000036,
              5.5619432360000474,
              0,
              null
            ],
            [
              95.302980295000054,
              5.5619741250000629,
              0,
              null
            ],
            [
              95.30300363300006,
              5.5619735260000311,
              0,
              null
            ],
            [
              95.303084026000079,
              5.561971460000052,
              0,
              null
            ],
            [
              95.303208132000066,
              5.561943445000054,
              0,
              null
            ],
            [
              95.303214622000041,
              5.5619419800000287,
              0,
              null
            ],
            [
              95.303220773000078,
              5.5619405920000418,
              0,
              null
            ],
            [
              95.303266584000085,
              5.5619302510000352,
              0,
              null
            ],
            [
              95.303322361000085,
              5.561911258000066,
              0,
              null
            ],
            [
              95.303347708000047,
              5.5619026260000624,
              0,
              null
            ],
            [
              95.303356061000045,
              5.561890834000053,
              0,
              null
            ],
            [
              95.303351343000031,
              5.561832794000054,
              0,
              null
            ],
            [
              95.303348358000051,
              5.5617960690000245,
              0,
              null
            ],
            [
              95.303333201000044,
              5.5616507250000495,
              0,
              null
            ],
            [
              95.303326681000044,
              5.5615882060000672,
              0,
              null
            ],
            [
              95.30331904500008,
              5.5615149820000624,
              0,
              null
            ],
            [
              95.303316402000064,
              5.5614702240000611,
              0,
              null
            ],
            [
              95.303311213000086,
              5.5613823470000625,
              0,
              null
            ],
            [
              95.303309761000037,
              5.5613577530000384,
              0,
              null
            ],
            [
              95.30330304000006,
              5.5612439270000209,
              0,
              null
            ],
            [
              95.303302530000053,
              5.5612352950000741,
              0,
              null
            ],
            [
              95.303300443000069,
              5.5611999470000342,
              0,
              null
            ],
            [
              95.303299350000032,
              5.561117639000031,
              0,
              null
            ],
            [
              95.303298733000076,
              5.5610711810000453,
              0,
              null
            ],
            [
              95.303303288000052,
              5.5610178320000614,
              0,
              null
            ],
            [
              95.303339677000054,
              5.5607775160000301,
              0,
              null
            ],
            [
              95.303376584000034,
              5.5606098010000551,
              0,
              null
            ],
            [
              95.303402654000081,
              5.5604913320000264,
              0,
              null
            ],
            [
              95.303421126000046,
              5.5604189330000509,
              0,
              null
            ],
            [
              95.303455388000032,
              5.5602846430000454,
              0,
              null
            ],
            [
              95.303470466000078,
              5.5602255490000516,
              0,
              null
            ],
            [
              95.303511924000077,
              5.5600813570000582,
              0,
              null
            ],
            [
              95.303533381000079,
              5.5600067280000758,
              0,
              null
            ],
            [
              95.303547320000064,
              5.5599582480000436,
              0,
              null
            ],
            [
              95.303578555000058,
              5.5598629800000481,
              0,
              null
            ],
            [
              95.303635044000032,
              5.5596906870000566,
              0,
              null
            ],
            [
              95.303692225000077,
              5.5595281850000333,
              0,
              null
            ],
            [
              95.303709301000083,
              5.559479657000054,
              0,
              null
            ],
            [
              95.30372778900005,
              5.5594211160000668,
              0,
              null
            ],
            [
              95.303768066000032,
              5.5592935720000582,
              0,
              null
            ],
            [
              95.303787518000036,
              5.5592104340000219,
              0,
              null
            ],
            [
              95.303788250000082,
              5.5592063750000307,
              0,
              null
            ],
            [
              95.303797552000049,
              5.5591547730000457,
              0,
              null
            ],
            [
              95.303819010000041,
              5.5590357460000632,
              0,
              null
            ],
            [
              95.303831690000038,
              5.5588775940000232,
              0,
              null
            ],
            [
              95.303832665000073,
              5.5588654300000258,
              0,
              null
            ],
            [
              95.30383800900006,
              5.5587987890000363,
              0,
              null
            ],
            [
              95.303856784000061,
              5.5586335490000351,
              0,
              null
            ],
            [
              95.303859607000049,
              5.5586087090000547,
              0,
              null
            ],
            [
              95.303874647000043,
              5.558492885000021,
              0,
              null
            ],
            [
              95.303877433000082,
              5.5583949880000318,
              0,
              null
            ],
            [
              95.303876640000055,
              5.5583823500000449,
              0,
              null
            ],
            [
              95.303873989000067,
              5.5583400880000227,
              0,
              null
            ],
            [
              95.303863094000064,
              5.5582425220000573,
              0,
              null
            ],
            [
              95.303861754000081,
              5.5582305170000268,
              0,
              null
            ],
            [
              95.303859135000039,
              5.5581766440000706,
              0,
              null
            ],
            [
              95.303859920000036,
              5.5581628630000637,
              0,
              null
            ],
            [
              95.303862834000086,
              5.5581116470000325,
              0,
              null
            ],
            [
              95.303882086000044,
              5.5579583840000737,
              0,
              null
            ],
            [
              95.303910761000054,
              5.5578040620000593,
              0,
              null
            ],
            [
              95.303928503000066,
              5.557696255000053,
              0,
              null
            ],
            [
              95.303931500000033,
              5.557666920000031,
              0,
              null
            ],
            [
              95.303885649000051,
              5.5576618340000437,
              0,
              null
            ],
            [
              95.30330568100004,
              5.5575564390000523,
              0,
              null
            ],
            [
              95.303151779000075,
              5.5575293370000622,
              0,
              null
            ],
            [
              95.303132220000066,
              5.5575279620000515,
              0,
              null
            ],
            [
              95.30313252500008,
              5.5575259460000552,
              0,
              null
            ],
            [
              95.303156281000042,
              5.5573692800000458,
              0,
              null
            ],
            [
              95.303164370000047,
              5.5573343660000205,
              0,
              null
            ],
            [
              95.303134010000065,
              5.5573244130000603,
              0,
              null
            ],
            [
              95.303075302000082,
              5.5573051700000633,
              0,
              null
            ],
            [
              95.302718653000056,
              5.5571882630000573,
              0,
              null
            ],
            [
              95.302693435000037,
              5.5571769650000533,
              0,
              null
            ],
            [
              95.302699056000051,
              5.5571608580000316,
              0,
              null
            ],
            [
              95.302731874000074,
              5.5570625180000661,
              0,
              null
            ],
            [
              95.302766525000038,
              5.5569508480000422,
              0,
              null
            ],
            [
              95.302774474000046,
              5.5569234710000615,
              0,
              null
            ],
            [
              95.302775980000035,
              5.5569182880000767,
              0,
              null
            ],
            [
              95.302797106000071,
              5.5568620900000383,
              0,
              null
            ],
            [
              95.302828454000064,
              5.5567522490000556,
              0,
              null
            ],
            [
              95.302846290000048,
              5.5566854360000661,
              0,
              null
            ],
            [
              95.302884375000076,
              5.5566818960000433,
              0,
              null
            ],
            [
              95.302904674000047,
              5.5566764600000624,
              0,
              null
            ],
            [
              95.303028399000084,
              5.5566874380000399,
              0,
              null
            ],
            [
              95.303089766000085,
              5.5566928830000393,
              0,
              null
            ],
            [
              95.303132133000076,
              5.556696296000041,
              0,
              null
            ],
            [
              95.303134603000046,
              5.5566964960000291,
              0,
              null
            ],
            [
              95.303194609000059,
              5.5567013310000561,
              0,
              null
            ],
            [
              95.303216421000059,
              5.556703088000063,
              0,
              null
            ],
            [
              95.303267361000053,
              5.556707192000033,
              0,
              null
            ],
            [
              95.303275998000061,
              5.5567078880000622,
              0,
              null
            ],
            [
              95.303277665000053,
              5.5566472070000259,
              0,
              null
            ],
            [
              95.303615848000049,
              5.5566631930000767,
              0,
              null
            ],
            [
              95.303879709000057,
              5.5566756660000465,
              0,
              null
            ],
            [
              95.30391110000005,
              5.5566742200000476,
              0,
              null
            ],
            [
              95.303914990000067,
              5.5566086340000425,
              0,
              null
            ],
            [
              95.303926316000059,
              5.5564843910000263,
              0,
              null
            ],
            [
              95.303941190000046,
              5.5563792600000284,
              0,
              null
            ],
            [
              95.30390828600008,
              5.5563862350000477,
              0,
              null
            ],
            [
              95.303773483000043,
              5.556383434000054,
              0,
              null
            ],
            [
              95.303751958000078,
              5.5563380660000234,
              0,
              null
            ],
            [
              95.303743209000061,
              5.55629792000002,
              0,
              null
            ],
            [
              95.303740194000056,
              5.5562591880000696,
              0,
              null
            ],
            [
              95.303739974000052,
              5.5562529000000609,
              0,
              null
            ],
            [
              95.303738629000065,
              5.5562145510000391,
              0,
              null
            ],
            [
              95.303736973000071,
              5.5561673610000639,
              0,
              null
            ],
            [
              95.303740934000075,
              5.5560812470000656,
              0,
              null
            ],
            [
              95.303765620000036,
              5.5557998940000743,
              0,
              null
            ],
            [
              95.303662829000075,
              5.5557997520000413,
              0,
              null
            ],
            [
              95.303634177000049,
              5.555421845000069,
              0,
              null
            ],
            [
              95.303779543000076,
              5.555421276000061,
              0,
              null
            ],
            [
              95.303789350000045,
              5.5551812450000284,
              0,
              null
            ],
            [
              95.303863662000083,
              5.5548880660000464,
              0,
              null
            ],
            [
              95.304219638000063,
              5.5549293010000724,
              0,
              null
            ],
            [
              95.304403338000043,
              5.5549043860000324,
              0,
              null
            ],
            [
              95.304768438000053,
              5.5548800920000758,
              0,
              null
            ],
            [
              95.304911556000036,
              5.5548318420000555,
              0,
              null
            ],
            [
              95.30514039500008,
              5.5547520250000275,
              0,
              null
            ],
            [
              95.305336022000063,
              5.5547249530000613,
              0,
              null
            ],
            [
              95.305519632000085,
              5.5546764030000304,
              0,
              null
            ],
            [
              95.305753347000064,
              5.5546228750000637,
              0,
              null
            ],
            [
              95.306025096000042,
              5.5545285400000353,
              0,
              null
            ],
            [
              95.306140935000087,
              5.5544983080000634,
              0,
              null
            ],
            [
              95.30615838600005,
              5.5544936970000549,
              0,
              null
            ],
            [
              95.306168848000084,
              5.5545297970000433,
              0,
              null
            ],
            [
              95.306195953000042,
              5.5546121740000558,
              0,
              null
            ],
            [
              95.306204518000072,
              5.5546403450000525,
              0,
              null
            ],
            [
              95.306205640000087,
              5.5546440360000702,
              0,
              null
            ],
            [
              95.306212744000049,
              5.5546683100000678,
              0,
              null
            ],
            [
              95.306221741000059,
              5.5546990580000397,
              0,
              null
            ],
            [
              95.306235491000052,
              5.5547385960000497,
              0,
              null
            ],
            [
              95.306253961000039,
              5.5548043210000628,
              0,
              null
            ],
            [
              95.306257560000063,
              5.554819989000066,
              0,
              null
            ],
            [
              95.306259343000079,
              5.5548277540000299,
              0,
              null
            ],
            [
              95.306267066000032,
              5.554861388000063,
              0,
              null
            ],
            [
              95.306281268000077,
              5.5549259510000297,
              0,
              null
            ],
            [
              95.306281899000055,
              5.554928817000075,
              0,
              null
            ],
            [
              95.30628895600006,
              5.5549550480000676,
              0,
              null
            ],
            [
              95.306303360000072,
              5.5549866300000303,
              0,
              null
            ],
            [
              95.306309030000079,
              5.5549947980000525,
              0,
              null
            ],
            [
              95.306335943000079,
              5.5550334000000703,
              0,
              null
            ],
            [
              95.306349399000055,
              5.5550349970000639,
              0,
              null
            ],
            [
              95.306364483000038,
              5.5550367860000733,
              0,
              null
            ],
            [
              95.30643321000008,
              5.555044940000073,
              0,
              null
            ],
            [
              95.306497638000053,
              5.5550551650000557,
              0,
              null
            ],
            [
              95.306505989000073,
              5.5550564700000677,
              0,
              null
            ],
            [
              95.306517046000067,
              5.5550581990000296,
              0,
              null
            ],
            [
              95.306536035000079,
              5.5550577180000573,
              0,
              null
            ],
            [
              95.306536944000072,
              5.5550575620000586,
              0,
              null
            ],
            [
              95.306551826000032,
              5.5550550020000742,
              0,
              null
            ],
            [
              95.30656577700006,
              5.5550526030000356,
              0,
              null
            ],
            [
              95.306621721000056,
              5.5550458040000308,
              0,
              null
            ],
            [
              95.306743193000045,
              5.5550402970000619,
              0,
              null
            ],
            [
              95.306750888000067,
              5.5550399480000578,
              0,
              null
            ],
            [
              95.306789564000042,
              5.5550376190000748,
              0,
              null
            ],
            [
              95.30682336700005,
              5.5550333900000624,
              0,
              null
            ],
            [
              95.306882432000066,
              5.5550260020000337,
              0,
              null
            ],
            [
              95.306890082000052,
              5.5550243780000415,
              0,
              null
            ],
            [
              95.306908646000068,
              5.5550204400000212,
              0,
              null
            ],
            [
              95.30692952000004,
              5.5550129640000705,
              0,
              null
            ],
            [
              95.306944836000071,
              5.555002997000031,
              0,
              null
            ],
            [
              95.306958965000035,
              5.5549871600000529,
              0,
              null
            ],
            [
              95.306965932000082,
              5.5549715220000735,
              0,
              null
            ],
            [
              95.306971020000049,
              5.5549506660000247,
              0,
              null
            ],
            [
              95.306974350000075,
              5.5548952250000525,
              0,
              null
            ],
            [
              95.306976590000033,
              5.5548634340000262,
              0,
              null
            ],
            [
              95.306980347000035,
              5.5548482070000205,
              0,
              null
            ],
            [
              95.30699032800004,
              5.5548327290000543,
              0,
              null
            ],
            [
              95.307000884000047,
              5.5548212710000371,
              0,
              null
            ],
            [
              95.307013863000066,
              5.5548135730000467,
              0,
              null
            ],
            [
              95.307036893000031,
              5.5548061250000274,
              0,
              null
            ],
            [
              95.307103747000042,
              5.5547953960000314,
              0,
              null
            ],
            [
              95.307179176000034,
              5.5547860170000263,
              0,
              null
            ],
            [
              95.307245670000043,
              5.5547777490000385,
              0,
              null
            ],
            [
              95.307259782000074,
              5.5547759940000674,
              0,
              null
            ],
            [
              95.307295865000071,
              5.5547729880000247,
              0,
              null
            ],
            [
              95.307339713000033,
              5.5547712890000298,
              0,
              null
            ],
            [
              95.307358571000066,
              5.5547708550000721,
              0,
              null
            ],
            [
              95.307366730000069,
              5.5547706680000601,
              0,
              null
            ],
            [
              95.307387995000056,
              5.5547704040000667,
              0,
              null
            ],
            [
              95.307394326000065,
              5.5547703250000495,
              0,
              null
            ],
            [
              95.307414086000051,
              5.5547687650000626,
              0,
              null
            ],
            [
              95.307438778000062,
              5.5547663190000662,
              0,
              null
            ],
            [
              95.30747996000008,
              5.554763582000021,
              0,
              null
            ],
            [
              95.307506183000044,
              5.5547627480000301,
              0,
              null
            ],
            [
              95.307643243000086,
              5.5547583890000283,
              0,
              null
            ],
            [
              95.307651079000038,
              5.5547581400000468,
              0,
              null
            ],
            [
              95.307735233000074,
              5.554753718000029,
              0,
              null
            ],
            [
              95.307761549000077,
              5.5547523360000355,
              0,
              null
            ],
            [
              95.307801078000068,
              5.554750259000059,
              0,
              null
            ],
            [
              95.307962621000058,
              5.5547505860000683,
              0,
              null
            ],
            [
              95.308014894000053,
              5.5547509690000538,
              0,
              null
            ],
            [
              95.308058696000046,
              5.5547532100000581,
              0,
              null
            ],
            [
              95.308105286000057,
              5.5547555950000742,
              0,
              null
            ],
            [
              95.308117301000038,
              5.5547562090000611,
              0,
              null
            ],
            [
              95.308177844000056,
              5.554758305000064,
              0,
              null
            ],
            [
              95.308221337000077,
              5.5547605570000655,
              0,
              null
            ],
            [
              95.308238048000078,
              5.5547618700000498,
              0,
              null
            ],
            [
              95.308326011000077,
              5.5547687800000745,
              0,
              null
            ],
            [
              95.308433318000084,
              5.5547837090000485,
              0,
              null
            ],
            [
              95.30851679500006,
              5.5547930190000443,
              0,
              null
            ],
            [
              95.308564231000048,
              5.5547998750000716,
              0,
              null
            ],
            [
              95.308578983000075,
              5.5548025650000454,
              0,
              null
            ],
            [
              95.308582791000049,
              5.5548030490000428,
              0,
              null
            ],
            [
              95.308639557000049,
              5.5548102650000715,
              0,
              null
            ],
            [
              95.308668017000059,
              5.5548140760000706,
              0,
              null
            ],
            [
              95.308688477000032,
              5.5548181690000433,
              0,
              null
            ],
            [
              95.308766266000077,
              5.5548440000000596,
              0,
              null
            ],
            [
              95.308726235000051,
              5.5550237670000229,
              0,
              null
            ],
            [
              95.30871204400006,
              5.5550872480000635,
              0,
              null
            ],
            [
              95.308662057000049,
              5.5553108310000425,
              0,
              null
            ],
            [
              95.308628531000068,
              5.5554607890000511,
              0,
              null
            ],
            [
              95.308586195000032,
              5.5556198800000516,
              0,
              null
            ],
            [
              95.308550084000046,
              5.5557380740000326,
              0,
              null
            ],
            [
              95.30852109500006,
              5.5557866310000463,
              0,
              null
            ],
            [
              95.308355468000059,
              5.5560259850000762,
              0,
              null
            ],
            [
              95.308241486000043,
              5.5561966820000634,
              0,
              null
            ],
            [
              95.308238953000057,
              5.5562012620000587,
              0,
              null
            ],
            [
              95.308236983000086,
              5.5562048260000552,
              0,
              null
            ],
            [
              95.308217357000046,
              5.5562403260000224,
              0,
              null
            ],
            [
              95.308204038000042,
              5.5562845290000382,
              0,
              null
            ],
            [
              95.308204027000045,
              5.5562845970000581,
              0,
              null
            ],
            [
              95.308199048000063,
              5.556315459000075,
              0,
              null
            ],
            [
              95.308198227000048,
              5.556365142000061,
              0,
              null
            ],
            [
              95.308198109000045,
              5.5563722900000698,
              0,
              null
            ],
            [
              95.308207288000062,
              5.5564259290000564,
              0,
              null
            ],
            [
              95.308222837000073,
              5.55651679500005,
              0,
              null
            ],
            [
              95.308243694000055,
              5.556643078000036,
              0,
              null
            ],
            [
              95.308259699000075,
              5.5567399840000462,
              0,
              null
            ],
            [
              95.308278776000066,
              5.5568555010000296,
              0,
              null
            ],
            [
              95.308290842000076,
              5.5569285620000528,
              0,
              null
            ],
            [
              95.30829185500005,
              5.5569346920000271,
              0,
              null
            ],
            [
              95.308314775000042,
              5.5570991070000559,
              0,
              null
            ],
            [
              95.308317291000037,
              5.5571171580000396,
              0,
              null
            ],
            [
              95.308319725000047,
              5.5571346220000351,
              0,
              null
            ],
            [
              95.308333653000034,
              5.5572833970000488,
              0,
              null
            ],
            [
              95.308342598000081,
              5.5573789420000708,
              0,
              null
            ],
            [
              95.308355088000042,
              5.5575123580000536,
              0,
              null
            ],
            [
              95.308361231000049,
              5.557577980000076,
              0,
              null
            ],
            [
              95.308363970000073,
              5.55760271500003,
              0,
              null
            ],
            [
              95.308372658000053,
              5.5576811780000526,
              0,
              null
            ],
            [
              95.308386762000055,
              5.5578085460000466,
              0,
              null
            ],
            [
              95.308390454000062,
              5.5578418800000691,
              0,
              null
            ],
            [
              95.308391420000078,
              5.5578549720000296,
              0,
              null
            ],
            [
              95.308397356000057,
              5.5579353730000207,
              0,
              null
            ],
            [
              95.308398297000053,
              5.5579677830000378,
              0,
              null
            ],
            [
              95.308399815000087,
              5.5580201050000255,
              0,
              null
            ],
            [
              95.308403894000037,
              5.5581606360000251,
              0,
              null
            ],
            [
              95.308403976000079,
              5.5581636350000281,
              0,
              null
            ],
            [
              95.308404766000081,
              5.558192406000046,
              0,
              null
            ],
            [
              95.30840868100006,
              5.5583350960000644,
              0,
              null
            ],
            [
              95.308409571000084,
              5.5583675090000497,
              0,
              null
            ],
            [
              95.308413269000084,
              5.5585022530000288,
              0,
              null
            ],
            [
              95.308414034000066,
              5.5585301190000678,
              0,
              null
            ],
            [
              95.308415014000047,
              5.558565834000035,
              0,
              null
            ],
            [
              95.308424689000049,
              5.5587310870000692,
              0,
              null
            ],
            [
              95.308426791000045,
              5.558766983000055,
              0,
              null
            ],
            [
              95.308430444000066,
              5.5588293610000505,
              0,
              null
            ],
            [
              95.308433432000072,
              5.558880413000054,
              0,
              null
            ],
            [
              95.30843543800006,
              5.5589146570000594,
              0,
              null
            ],
            [
              95.308438390000049,
              5.5589857420000612,
              0,
              null
            ],
            [
              95.308438472000034,
              5.5589877230000297,
              0,
              null
            ],
            [
              95.308444080000072,
              5.559122761000026,
              0,
              null
            ],
            [
              95.308446656000058,
              5.5591847730000268,
              0,
              null
            ],
            [
              95.308449830000086,
              5.5592612140000597,
              0,
              null
            ],
            [
              95.30845041200007,
              5.5592752280000468,
              0,
              null
            ],
            [
              95.30844959500007,
              5.5593054390000702,
              0,
              null
            ],
            [
              95.308448267000074,
              5.5593544740000311,
              0,
              null
            ],
            [
              95.308447947000047,
              5.5593663200000378,
              0,
              null
            ],
            [
              95.308446994000064,
              5.5594015550000222,
              0,
              null
            ],
            [
              95.308445899000048,
              5.5594420290000244,
              0,
              null
            ],
            [
              95.308444431000055,
              5.5594685890000619,
              0,
              null
            ],
            [
              95.308443315000034,
              5.5594887840000524,
              0,
              null
            ],
            [
              95.308440097000073,
              5.5595470130000422,
              0,
              null
            ],
            [
              95.308436354000037,
              5.5596147480000582,
              0,
              null
            ],
            [
              95.308433591000039,
              5.5596544610000365,
              0,
              null
            ],
            [
              95.308429373000081,
              5.5597151000000622,
              0,
              null
            ],
            [
              95.308419163000053,
              5.5598618720000559,
              0,
              null
            ],
            [
              95.308418750000044,
              5.5598678010000526,
              0,
              null
            ],
            [
              95.308414767000045,
              5.5599268290000623,
              0,
              null
            ],
            [
              95.308405640000046,
              5.5600621030000639,
              0,
              null
            ],
            [
              95.308399661000067,
              5.5601507280000533,
              0,
              null
            ],
            [
              95.308398723000039,
              5.5601646150000761,
              0,
              null
            ],
            [
              95.308392755000057,
              5.5602573110000435,
              0,
              null
            ],
            [
              95.308390744000064,
              5.560288546000038,
              0,
              null
            ],
            [
              95.308385501000032,
              5.5603699750000715,
              0,
              null
            ],
            [
              95.30838080500007,
              5.5604007180000394,
              0,
              null
            ],
            [
              95.308372011000074,
              5.5604582890000529,
              0,
              null
            ],
            [
              95.308365334000086,
              5.5605020030000674,
              0,
              null
            ],
            [
              95.308365212000069,
              5.5605028000000516,
              0,
              null
            ],
            [
              95.308361821000062,
              5.5605250010000304,
              0,
              null
            ],
            [
              95.308361798000078,
              5.5605251470000212,
              0,
              null
            ],
            [
              95.308358342000076,
              5.5605472820000728,
              0,
              null
            ],
            [
              95.30834062200006,
              5.5606607430000281,
              0,
              null
            ],
            [
              95.308329594000043,
              5.5607313650000378,
              0,
              null
            ],
            [
              95.30832465900005,
              5.5607629620000694,
              0,
              null
            ],
            [
              95.308264573000031,
              5.5610785370000713,
              0,
              null
            ],
            [
              95.308111264000047,
              5.5610933200000545,
              0,
              null
            ],
            [
              95.308065782000085,
              5.5611067890000641,
              0,
              null
            ],
            [
              95.308065429000067,
              5.5611068940000337,
              0,
              null
            ],
            [
              95.308028728000068,
              5.5611206630000538,
              0,
              null
            ],
            [
              95.308014204000074,
              5.5611261120000677,
              0,
              null
            ],
            [
              95.308002369000064,
              5.5611305520000656,
              0,
              null
            ],
            [
              95.307974383000044,
              5.5611372780000465,
              0,
              null
            ],
            [
              95.307968118000076,
              5.5611382320000757,
              0,
              null
            ],
            [
              95.307921367000063,
              5.5611453500000607,
              0,
              null
            ],
            [
              95.307909470000084,
              5.5611470800000689,
              0,
              null
            ],
            [
              95.307779791000087,
              5.5611659330000407,
              0,
              null
            ],
            [
              95.307752495000045,
              5.5611699010000279,
              0,
              null
            ],
            [
              95.307749235000074,
              5.5611702390000346,
              0,
              null
            ],
            [
              95.30774470700004,
              5.5611707070000307,
              0,
              null
            ],
            [
              95.30761681000007,
              5.5611839510000323,
              0,
              null
            ],
            [
              95.307590633000075,
              5.5611866620000683,
              0,
              null
            ],
            [
              95.307581806000087,
              5.5611875760000657,
              0,
              null
            ],
            [
              95.307554079000056,
              5.5611904470000582,
              0,
              null
            ],
            [
              95.307484989000045,
              5.5611996070000487,
              0,
              null
            ],
            [
              95.307416523000086,
              5.5612086850000537,
              0,
              null
            ],
            [
              95.30736821000005,
              5.5612150920000545,
              0,
              null
            ],
            [
              95.307342026000072,
              5.56122361000007,
              0,
              null
            ],
            [
              95.307328891000054,
              5.5612314220000485,
              0,
              null
            ],
            [
              95.307301126000084,
              5.5612479370000756,
              0,
              null
            ],
            [
              95.307298400000036,
              5.5612495570000533,
              0,
              null
            ],
            [
              95.307286769000086,
              5.5612564750000502,
              0,
              null
            ],
            [
              95.307228013000042,
              5.5613034020000214,
              0,
              null
            ],
            [
              95.307220777000055,
              5.5613149360000307,
              0,
              null
            ],
            [
              95.307213533000038,
              5.5613264810000373,
              0,
              null
            ],
            [
              95.307205353000086,
              5.5613548960000685,
              0,
              null
            ],
            [
              95.30720227200004,
              5.5613907580000728,
              0,
              null
            ],
            [
              95.307203434000087,
              5.5614056080000296,
              0,
              null
            ],
            [
              95.307203977000086,
              5.5614125500000569,
              0,
              null
            ],
            [
              95.307209776000036,
              5.5614866680000432,
              0,
              null
            ],
            [
              95.30721337600005,
              5.56153269400005,
              0,
              null
            ],
            [
              95.307215868000071,
              5.5615645420000419,
              0,
              null
            ],
            [
              95.307216553000046,
              5.5615732950000734,
              0,
              null
            ],
            [
              95.307219382000085,
              5.5616594260000625,
              0,
              null
            ],
            [
              95.307220834000077,
              5.5617036130000201,
              0,
              null
            ],
            [
              95.307221343000037,
              5.5617191240000352,
              0,
              null
            ],
            [
              95.307209489000059,
              5.5617469750000623,
              0,
              null
            ],
            [
              95.307193307000034,
              5.5617616820000535,
              0,
              null
            ],
            [
              95.307170374000066,
              5.5617685960000358,
              0,
              null
            ],
            [
              95.307140485000048,
              5.5617706850000559,
              0,
              null
            ],
            [
              95.307136795000076,
              5.5617709420000665,
              0,
              null
            ],
            [
              95.306998775000068,
              5.5617648020000274,
              0,
              null
            ],
            [
              95.306940552000071,
              5.5617609380000204,
              0,
              null
            ],
            [
              95.306926823000083,
              5.5617600260000586,
              0,
              null
            ],
            [
              95.306761378000033,
              5.561749045000056,
              0,
              null
            ],
            [
              95.306743500000039,
              5.5617481050000492,
              0,
              null
            ],
            [
              95.306741186000068,
              5.561747983000032,
              0,
              null
            ],
            [
              95.306593693000082,
              5.5617402270000298,
              0,
              null
            ],
            [
              95.306574470000044,
              5.5617393540000535,
              0,
              null
            ],
            [
              95.306498858000054,
              5.5617359220000253,
              0,
              null
            ],
            [
              95.306411091000086,
              5.5617319360000579,
              0,
              null
            ],
            [
              95.30635030600007,
              5.561729175000039,
              0,
              null
            ],
            [
              95.306330545000037,
              5.5617285880000509,
              0,
              null
            ],
            [
              95.306253921000064,
              5.5617263140000546,
              0,
              null
            ],
            [
              95.306184070000086,
              5.561724239000057,
              0,
              null
            ],
            [
              95.306147710000062,
              5.5617271280000296,
              0,
              null
            ],
            [
              95.306131097000048,
              5.5617284470000641,
              0,
              null
            ],
            [
              95.306125266000038,
              5.5617292810000549,
              0,
              null
            ],
            [
              95.30611336700008,
              5.5617309820000287,
              0,
              null
            ],
            [
              95.306097866000073,
              5.5617332000000488,
              0,
              null
            ],
            [
              95.306005603000074,
              5.5617484110000532,
              0,
              null
            ],
            [
              95.306005148000054,
              5.5617744910000511,
              0,
              null
            ]
          ]
        ]
      },
      "properties" : {
        "FID" : 0,
        "OBJECTID" : 10362,
        "KDPPUM" : "11",
        "NAMOBJ" : "Lampaseh Aceh",
        "REMARK" : " ",
        "KDPBPS" : " ",
        "FCODE" : "BA03070040",
        "LUASWH" : 0,
        "UUPP" : "RBI",
        "SRS_ID" : "SRGI 2013",
        "METADATA" : "TASWIL1000020200326DATA_BATAS_DESA_KELURAHAN",
        "KDEBPS" : " ",
        "KDEPUM" : "11.71.03.2007",
        "KDCBPS" : " ",
        "KDCPUM" : "11.71.03",
        "KDBBPS" : " ",
        "WADMKD" : "Lampaseh Aceh",
        "WIADKD" : "0",
        "WADMKC" : "Meuraxa",
        "WIADKC" : " ",
        "WADMKK" : "Kota Banda Aceh",
        "WIADKK" : " ",
        "WADMPR" : "Aceh",
        "WIADPR" : " ",
        "TIPADM" : 9,
        "KDPKAB" : "11.71",
        "SHAPE_Leng" : 0.029621474590779,
        "SHAPE_Area" : 3.5223064155000002e-05
      }
    }
  ]
}