{
  "hasZ" : true,
  "hasM" : true,
  "type" : "FeatureCollection",
  "features" : [
    {
      "type" : "Feature",
      "id" : 0,
      "geometry" : {
        "type" : "Polygon",
        "coordinates" : [
          [
            [
              95.324548647000086,
              5.5522899420000726,
              0,
              null
            ],
            [
              95.324471487000039,
              5.5522983800000247,
              0,
              null
            ],
            [
              95.324368603000039,
              5.552309631000071,
              0,
              null
            ],
            [
              95.324078643000064,
              5.5523243730000331,
              0,
              null
            ],
            [
              95.323981469000046,
              5.552329314000076,
              0,
              null
            ],
            [
              95.323817148000046,
              5.5523581980000358,
              0,
              null
            ],
            [
              95.323779115000036,
              5.5523712860000387,
              0,
              null
            ],
            [
              95.323635213000045,
              5.5524208050000539,
              0,
              null
            ],
            [
              95.323422973000049,
              5.5525243240000464,
              0,
              null
            ],
            [
              95.323183177000033,
              5.5526383650000639,
              0,
              null
            ],
            [
              95.323117909000075,
              5.5526749860000564,
              0,
              null
            ],
            [
              95.322920786000054,
              5.5527855860000273,
              0,
              null
            ],
            [
              95.32288301400007,
              5.5528078530000471,
              0,
              null
            ],
            [
              95.322715183000071,
              5.5529067870000404,
              0,
              null
            ],
            [
              95.322542651000049,
              5.5530047450000666,
              0,
              null
            ],
            [
              95.322383114000047,
              5.5530729690000271,
              0,
              null
            ],
            [
              95.322319931000038,
              5.5530999890000317,
              0,
              null
            ],
            [
              95.32212422200007,
              5.5531791820000649,
              0,
              null
            ],
            [
              95.322115955000072,
              5.553183276000027,
              0,
              null
            ],
            [
              95.321868019000078,
              5.5533060600000681,
              0,
              null
            ],
            [
              95.321802282000078,
              5.5533386140000403,
              0,
              null
            ],
            [
              95.321584538000081,
              5.5534537430000341,
              0,
              null
            ],
            [
              95.321554014000071,
              5.5534705020000388,
              0,
              null
            ],
            [
              95.321290185000066,
              5.5536153530000547,
              0,
              null
            ],
            [
              95.321218247000047,
              5.5536569510000504,
              0,
              null
            ],
            [
              95.320992526000055,
              5.553787471000021,
              0,
              null
            ],
            [
              95.320917001000055,
              5.553484615000059,
              0,
              null
            ],
            [
              95.320892402000084,
              5.5532710440000415,
              0,
              null
            ],
            [
              95.320890324000061,
              5.5532530030000657,
              0,
              null
            ],
            [
              95.320888150000087,
              5.5532341280000423,
              0,
              null
            ],
            [
              95.320860151000034,
              5.5529910360000372,
              0,
              null
            ],
            [
              95.320819394000068,
              5.5526457420000384,
              0,
              null
            ],
            [
              95.32079520700006,
              5.5524408230000404,
              0,
              null
            ],
            [
              95.320731482000042,
              5.5519009380000739,
              0,
              null
            ],
            [
              95.320702288000064,
              5.5516385020000598,
              0,
              null
            ],
            [
              95.320682508000061,
              5.5514607060000571,
              0,
              null
            ],
            [
              95.320678551000071,
              5.5514251330000661,
              0,
              null
            ],
            [
              95.320667264000065,
              5.5513556410000433,
              0,
              null
            ],
            [
              95.320662551000055,
              5.551326619000065,
              0,
              null
            ],
            [
              95.320657736000044,
              5.551296978000039,
              0,
              null
            ],
            [
              95.320654386000058,
              5.5512763500000233,
              0,
              null
            ],
            [
              95.320649505000063,
              5.5512462970000342,
              0,
              null
            ],
            [
              95.320644222000055,
              5.5512137700000608,
              0,
              null
            ],
            [
              95.320606841000085,
              5.5509836130000281,
              0,
              null
            ],
            [
              95.320569886000044,
              5.5506315910000694,
              0,
              null
            ],
            [
              95.320563106000066,
              5.5505670150000697,
              0,
              null
            ],
            [
              95.320553076000067,
              5.550464937000072,
              0,
              null
            ],
            [
              95.320550736000087,
              5.5504041320000397,
              0,
              null
            ],
            [
              95.320536467000068,
              5.5500333500000352,
              0,
              null
            ],
            [
              95.320526817000086,
              5.5497328510000443,
              0,
              null
            ],
            [
              95.320526051000058,
              5.5497089920000349,
              0,
              null
            ],
            [
              95.320518048000054,
              5.5495217570000364,
              0,
              null
            ],
            [
              95.320509030000039,
              5.5493107650000297,
              0,
              null
            ],
            [
              95.320506757000032,
              5.5492575870000564,
              0,
              null
            ],
            [
              95.320506711000064,
              5.549245810000059,
              0,
              null
            ],
            [
              95.320505853000043,
              5.5490264500000421,
              0,
              null
            ],
            [
              95.320505628000035,
              5.5489688660000525,
              0,
              null
            ],
            [
              95.32050488200008,
              5.5487780440000734,
              0,
              null
            ],
            [
              95.320504772000049,
              5.5487760410000533,
              0,
              null
            ],
            [
              95.320503538000082,
              5.5487534520000281,
              0,
              null
            ],
            [
              95.320502920000081,
              5.5487421520000453,
              0,
              null
            ],
            [
              95.320502447000081,
              5.5487334840000244,
              0,
              null
            ],
            [
              95.320501317000037,
              5.5487127950000286,
              0,
              null
            ],
            [
              95.320492656000056,
              5.5485542570000348,
              0,
              null
            ],
            [
              95.320492426000044,
              5.5484953790000304,
              0,
              null
            ],
            [
              95.320492007000041,
              5.5483882750000362,
              0,
              null
            ],
            [
              95.320485982000037,
              5.5482219220000388,
              0,
              null
            ],
            [
              95.320483399000068,
              5.5481505860000766,
              0,
              null
            ],
            [
              95.320474309000076,
              5.5480104320000692,
              0,
              null
            ],
            [
              95.320466818000057,
              5.5478949190000435,
              0,
              null
            ],
            [
              95.320466521000071,
              5.5478190600000516,
              0,
              null
            ],
            [
              95.320466420000059,
              5.5477931350000631,
              0,
              null
            ],
            [
              95.320466319000047,
              5.5477673670000627,
              0,
              null
            ],
            [
              95.320466219000082,
              5.5477418570000623,
              0,
              null
            ],
            [
              95.320459141000072,
              5.5476682290000667,
              0,
              null
            ],
            [
              95.320443215000068,
              5.5475025760000563,
              0,
              null
            ],
            [
              95.320441062000043,
              5.5474801820000721,
              0,
              null
            ],
            [
              95.320420718000037,
              5.5472685560000627,
              0,
              null
            ],
            [
              95.320407008000075,
              5.5471847610000395,
              0,
              null
            ],
            [
              95.320394199000077,
              5.5471064730000421,
              0,
              null
            ],
            [
              95.320377363000034,
              5.5470489270000485,
              0,
              null
            ],
            [
              95.320368271000063,
              5.5470178520000673,
              0,
              null
            ],
            [
              95.320367619000081,
              5.5470156200000247,
              0,
              null
            ],
            [
              95.320367007000073,
              5.5470141990000457,
              0,
              null
            ],
            [
              95.32035716300004,
              5.5469913190000284,
              0,
              null
            ],
            [
              95.320344501000079,
              5.54697806300004,
              0,
              null
            ],
            [
              95.320323028000075,
              5.5469692200000509,
              0,
              null
            ],
            [
              95.320267174000037,
              5.5469640140000251,
              0,
              null
            ],
            [
              95.320248347000074,
              5.546962259000054,
              0,
              null
            ],
            [
              95.320210195000072,
              5.5469587030000298,
              0,
              null
            ],
            [
              95.320137455000065,
              5.5469519210000726,
              0,
              null
            ],
            [
              95.320066359000066,
              5.546946068000068,
              0,
              null
            ],
            [
              95.319758766000064,
              5.5469207450000226,
              0,
              null
            ],
            [
              95.319744658000047,
              5.5469208000000663,
              0,
              null
            ],
            [
              95.319641407000063,
              5.5469212060000359,
              0,
              null
            ],
            [
              95.319613234000087,
              5.5469213160000663,
              0,
              null
            ],
            [
              95.31958504000005,
              5.5469214270000293,
              0,
              null
            ],
            [
              95.319564408000076,
              5.5469215080000254,
              0,
              null
            ],
            [
              95.319505363000076,
              5.5469217390000267,
              0,
              null
            ],
            [
              95.319481566000036,
              5.5469218330000558,
              0,
              null
            ],
            [
              95.319430876000069,
              5.5469180800000686,
              0,
              null
            ],
            [
              95.319267485000069,
              5.5469059840000341,
              0,
              null
            ],
            [
              95.318794102000084,
              5.5468485690000762,
              0,
              null
            ],
            [
              95.318700905000071,
              5.5468362700000284,
              0,
              null
            ],
            [
              95.318484720000072,
              5.5468077430000449,
              0,
              null
            ],
            [
              95.318368124000074,
              5.5468029900000602,
              0,
              null
            ],
            [
              95.318182151000087,
              5.5467954090000262,
              0,
              null
            ],
            [
              95.318133585000055,
              5.5467934290000471,
              0,
              null
            ],
            [
              95.318129354000064,
              5.5467931090000206,
              0,
              null
            ],
            [
              95.317945801000064,
              5.5467024180000521,
              0,
              null
            ],
            [
              95.31792207500007,
              5.5466977600000291,
              0,
              null
            ],
            [
              95.317760093000061,
              5.5466659600000412,
              0,
              null
            ],
            [
              95.317685879000067,
              5.5466687860000548,
              0,
              null
            ],
            [
              95.317570300000057,
              5.5466796250000243,
              0,
              null
            ],
            [
              95.31753440600005,
              5.5466829910000683,
              0,
              null
            ],
            [
              95.317415231000041,
              5.5466724060000274,
              0,
              null
            ],
            [
              95.317392573000063,
              5.5466703930000563,
              0,
              null
            ],
            [
              95.317182377000051,
              5.5465855460000739,
              0,
              null
            ],
            [
              95.317103075000034,
              5.5465413330000501,
              0,
              null
            ],
            [
              95.317042991000051,
              5.5465078340000673,
              0,
              null
            ],
            [
              95.317008826000063,
              5.5464821220000431,
              0,
              null
            ],
            [
              95.316994363000049,
              5.5464638950000449,
              0,
              null
            ],
            [
              95.316972645000078,
              5.5464365250000469,
              0,
              null
            ],
            [
              95.316954569000075,
              5.5464137440000627,
              0,
              null
            ],
            [
              95.316949677000082,
              5.5464060400000221,
              0,
              null
            ],
            [
              95.317287258000079,
              5.5461671630000637,
              0,
              null
            ],
            [
              95.317330106000043,
              5.5461268790000418,
              0,
              null
            ],
            [
              95.317488469000068,
              5.5460205080000264,
              0,
              null
            ],
            [
              95.317506331000061,
              5.5460169100000485,
              0,
              null
            ],
            [
              95.317955706000077,
              5.5459941190000563,
              0,
              null
            ],
            [
              95.318369761000042,
              5.545974559000058,
              0,
              null
            ],
            [
              95.318629901000065,
              5.5459657660000516,
              0,
              null
            ],
            [
              95.319069078000041,
              5.5459511780000526,
              0,
              null
            ],
            [
              95.319468836000055,
              5.5459336130000452,
              0,
              null
            ],
            [
              95.319559595000044,
              5.5459306480000237,
              0,
              null
            ],
            [
              95.319581044000074,
              5.5459291850000341,
              0,
              null
            ],
            [
              95.319602648000057,
              5.5459277120000365,
              0,
              null
            ],
            [
              95.320120820000056,
              5.545892368000068,
              0,
              null
            ],
            [
              95.320159535000073,
              5.5458897280000201,
              0,
              null
            ],
            [
              95.320158864000064,
              5.5458432600000265,
              0,
              null
            ],
            [
              95.320157927000082,
              5.5457782810000253,
              0,
              null
            ],
            [
              95.320157561000087,
              5.5457481270000244,
              0,
              null
            ],
            [
              95.32015436100005,
              5.5454841790000273,
              0,
              null
            ],
            [
              95.320153508000033,
              5.5454138100000705,
              0,
              null
            ],
            [
              95.320141428000056,
              5.5452000340000609,
              0,
              null
            ],
            [
              95.320128000000068,
              5.5449624090000498,
              0,
              null
            ],
            [
              95.320113864000064,
              5.544712253000057,
              0,
              null
            ],
            [
              95.320112105000078,
              5.5446811300000718,
              0,
              null
            ],
            [
              95.320102492000046,
              5.5445110070000396,
              0,
              null
            ],
            [
              95.32009806700006,
              5.5444110620000515,
              0,
              null
            ],
            [
              95.320093553000049,
              5.5443091070000605,
              0,
              null
            ],
            [
              95.320078874000046,
              5.5439775580000514,
              0,
              null
            ],
            [
              95.320073289000049,
              5.543851433000043,
              0,
              null
            ],
            [
              95.320068271000082,
              5.5437380900000335,
              0,
              null
            ],
            [
              95.320064239000033,
              5.5436470220000729,
              0,
              null
            ],
            [
              95.320062264000057,
              5.54361186400007,
              0,
              null
            ],
            [
              95.320054699000082,
              5.5434771920000685,
              0,
              null
            ],
            [
              95.320053212000062,
              5.5434507340000323,
              0,
              null
            ],
            [
              95.320051288000059,
              5.5434164620000388,
              0,
              null
            ],
            [
              95.320370078000053,
              5.5434063250000349,
              0,
              null
            ],
            [
              95.320409989000041,
              5.5434050560000401,
              0,
              null
            ],
            [
              95.320865037000033,
              5.5433905850000542,
              0,
              null
            ],
            [
              95.321097160000079,
              5.5433832050000547,
              0,
              null
            ],
            [
              95.321234979000053,
              5.543378821000033,
              0,
              null
            ],
            [
              95.321266450000053,
              5.5433778210000355,
              0,
              null
            ],
            [
              95.32127525900006,
              5.5433775410000408,
              0,
              null
            ],
            [
              95.321313051000061,
              5.54337633800003,
              0,
              null
            ],
            [
              95.321508232000042,
              5.5433686680000278,
              0,
              null
            ],
            [
              95.321626781000077,
              5.5433640090000722,
              0,
              null
            ],
            [
              95.321735192000062,
              5.5433597480000572,
              0,
              null
            ],
            [
              95.321904203000031,
              5.5433531070000299,
              0,
              null
            ],
            [
              95.322033974000078,
              5.5433480060000306,
              0,
              null
            ],
            [
              95.322037916000056,
              5.5433478500000319,
              0,
              null
            ],
            [
              95.322045204000062,
              5.5433475980000253,
              0,
              null
            ],
            [
              95.322112148000031,
              5.5433452820000753,
              0,
              null
            ],
            [
              95.322279327000047,
              5.5433395000000587,
              0,
              null
            ],
            [
              95.322371461000046,
              5.5433363140000438,
              0,
              null
            ],
            [
              95.322437702000059,
              5.5433340230000567,
              0,
              null
            ],
            [
              95.322465481000052,
              5.5433330620000447,
              0,
              null
            ],
            [
              95.322541551000086,
              5.5433304310000722,
              0,
              null
            ],
            [
              95.322592716000031,
              5.5433286610000323,
              0,
              null
            ],
            [
              95.322826046000046,
              5.5433205900000644,
              0,
              null
            ],
            [
              95.32283500300008,
              5.5433202800000458,
              0,
              null
            ],
            [
              95.322947397000064,
              5.5433145730000319,
              0,
              null
            ],
            [
              95.323226651000084,
              5.5433003900000699,
              0,
              null
            ],
            [
              95.323358270000085,
              5.5432937060000427,
              0,
              null
            ],
            [
              95.323559283000066,
              5.5432843100000468,
              0,
              null
            ],
            [
              95.323596333000069,
              5.5432841650000455,
              0,
              null
            ],
            [
              95.323608152000077,
              5.5432878260000393,
              0,
              null
            ],
            [
              95.323627663000082,
              5.5432938710000599,
              0,
              null
            ],
            [
              95.323655118000033,
              5.5433170330000507,
              0,
              null
            ],
            [
              95.323667230000069,
              5.5433322230000499,
              0,
              null
            ],
            [
              95.323675706000074,
              5.5433498420000547,
              0,
              null
            ],
            [
              95.323686602000066,
              5.5433765730000459,
              0,
              null
            ],
            [
              95.323691182000061,
              5.5434139190000451,
              0,
              null
            ],
            [
              95.323693320000075,
              5.543431359000067,
              0,
              null
            ],
            [
              95.323693881000054,
              5.5435746240000299,
              0,
              null
            ],
            [
              95.323694833000047,
              5.5438179350000496,
              0,
              null
            ],
            [
              95.323691509000071,
              5.5439629650000484,
              0,
              null
            ],
            [
              95.323688297000047,
              5.5441031430000294,
              0,
              null
            ],
            [
              95.323683398000071,
              5.5443169890000377,
              0,
              null
            ],
            [
              95.323680655000032,
              5.5444366780000678,
              0,
              null
            ],
            [
              95.323678710000081,
              5.5445111730000463,
              0,
              null
            ],
            [
              95.32367081600006,
              5.5445343540000636,
              0,
              null
            ],
            [
              95.323667456000067,
              5.5445470560000558,
              0,
              null
            ],
            [
              95.323665196000036,
              5.544823774000065,
              0,
              null
            ],
            [
              95.323666437000043,
              5.5451408960000208,
              0,
              null
            ],
            [
              95.323660560000064,
              5.5454688070000202,
              0,
              null
            ],
            [
              95.323653433000061,
              5.5456604030000562,
              0,
              null
            ],
            [
              95.32364872900007,
              5.5458000910000465,
              0,
              null
            ],
            [
              95.32365036300007,
              5.5458450350000703,
              0,
              null
            ],
            [
              95.323658722000062,
              5.5458955070000684,
              0,
              null
            ],
            [
              95.32365830100008,
              5.5459878570000569,
              0,
              null
            ],
            [
              95.323658231000081,
              5.5460031790000244,
              0,
              null
            ],
            [
              95.323665835000043,
              5.5463994620000676,
              0,
              null
            ],
            [
              95.323668844000053,
              5.5465562970000519,
              0,
              null
            ],
            [
              95.323679169000059,
              5.5467201930000556,
              0,
              null
            ],
            [
              95.323686444000032,
              5.5468356780000363,
              0,
              null
            ],
            [
              95.323698551000064,
              5.5470474320000562,
              0,
              null
            ],
            [
              95.323719119000032,
              5.5471714250000446,
              0,
              null
            ],
            [
              95.323763505000045,
              5.5473720310000658,
              0,
              null
            ],
            [
              95.32377834600004,
              5.5474391050000236,
              0,
              null
            ],
            [
              95.323789254000076,
              5.5474925560000656,
              0,
              null
            ],
            [
              95.323823014000084,
              5.5476600940000367,
              0,
              null
            ],
            [
              95.323890974000051,
              5.5480085230000213,
              0,
              null
            ],
            [
              95.32391511600008,
              5.5481390090000673,
              0,
              null
            ],
            [
              95.32394180700004,
              5.5482806070000379,
              0,
              null
            ],
            [
              95.323968486000069,
              5.5484189760000504,
              0,
              null
            ],
            [
              95.323995920000073,
              5.5485673870000483,
              0,
              null
            ],
            [
              95.324022963000061,
              5.5487075480000385,
              0,
              null
            ],
            [
              95.324056223000071,
              5.5488806880000539,
              0,
              null
            ],
            [
              95.324097514000073,
              5.5490932600000633,
              0,
              null
            ],
            [
              95.324147967000044,
              5.5493596060000527,
              0,
              null
            ],
            [
              95.324209439000072,
              5.5496969390000572,
              0,
              null
            ],
            [
              95.324252227000045,
              5.5499260050000316,
              0,
              null
            ],
            [
              95.324305308000078,
              5.5502231920000327,
              0,
              null
            ],
            [
              95.324339129000066,
              5.5504483480000317,
              0,
              null
            ],
            [
              95.324350247000041,
              5.5505461700000751,
              0,
              null
            ],
            [
              95.324377092000077,
              5.550816626000028,
              0,
              null
            ],
            [
              95.324390575000052,
              5.5509651650000364,
              0,
              null
            ],
            [
              95.324394302000087,
              5.5509951570000453,
              0,
              null
            ],
            [
              95.324396809000064,
              5.5510391560000585,
              0,
              null
            ],
            [
              95.324401385000044,
              5.5511309490000258,
              0,
              null
            ],
            [
              95.324469577000059,
              5.551128464000044,
              0,
              null
            ],
            [
              95.324504948000083,
              5.5511271750000333,
              0,
              null
            ],
            [
              95.324503254000035,
              5.5511573130000329,
              0,
              null
            ],
            [
              95.324503058000062,
              5.551160818000028,
              0,
              null
            ],
            [
              95.32450216400008,
              5.5512228840000262,
              0,
              null
            ],
            [
              95.324502298000084,
              5.5512570460000461,
              0,
              null
            ],
            [
              95.324499248000052,
              5.5513487300000293,
              0,
              null
            ],
            [
              95.324500661000059,
              5.5514193290000549,
              0,
              null
            ],
            [
              95.324501539000039,
              5.5514984700000696,
              0,
              null
            ],
            [
              95.324504729000068,
              5.5515872830000603,
              0,
              null
            ],
            [
              95.324507255000071,
              5.5516516130000468,
              0,
              null
            ],
            [
              95.324515431000066,
              5.5517079510000258,
              0,
              null
            ],
            [
              95.324524789000066,
              5.5517756710000299,
              0,
              null
            ],
            [
              95.324530178000032,
              5.5518456850000462,
              0,
              null
            ],
            [
              95.324535035000054,
              5.5519248100000596,
              0,
              null
            ],
            [
              95.324537541000041,
              5.5519845870000495,
              0,
              null
            ],
            [
              95.324540613000067,
              5.552053661000059,
              0,
              null
            ],
            [
              95.324548647000086,
              5.5522899420000726,
              0,
              null
            ]
          ]
        ]
      },
      "properties" : {
        "FID" : 0,
        "OBJECTID" : 15886,
        "KDPPUM" : "11",
        "NAMOBJ" : "Peuniti",
        "REMARK" : " ",
        "KDPBPS" : " ",
        "FCODE" : "BA03070040",
        "LUASWH" : 0,
        "UUPP" : "RBI",
        "SRS_ID" : "SRGI 2013",
        "METADATA" : "TASWIL1000020200326DATA_BATAS_DESA_KELURAHAN",
        "KDEBPS" : " ",
        "KDEPUM" : "11.71.01.2005",
        "KDCBPS" : " ",
        "KDCPUM" : "11.71.01",
        "KDBBPS" : " ",
        "WADMKD" : "Peuniti",
        "WIADKD" : "0",
        "WADMKC" : "Baiturrahman",
        "WIADKC" : " ",
        "WADMKK" : "Kota Banda Aceh",
        "WIADKK" : " ",
        "WADMPR" : "Aceh",
        "WIADPR" : " ",
        "TIPADM" : 9,
        "KDPKAB" : "11.71",
        "SHAPE_Leng" : 0.032867044851747997,
        "SHAPE_Area" : 3.7008818335999999e-05
      }
    }
  ]
}