{
  "hasZ" : true,
  "hasM" : true,
  "type" : "FeatureCollection",
  "features" : [
    {
      "type" : "Feature",
      "id" : 0,
      "geometry" : {
        "type" : "Polygon",
        "coordinates" : [
          [
            [
              95.330653591000043,
              5.5535790020000491,
              0,
              null
            ],
            [
              95.330634548000035,
              5.5535794980000333,
              0,
              null
            ],
            [
              95.330604692000065,
              5.5535802760000479,
              0,
              null
            ],
            [
              95.330590961000041,
              5.5535806330000241,
              0,
              null
            ],
            [
              95.330576291000057,
              5.5535810160000665,
              0,
              null
            ],
            [
              95.33046267800006,
              5.5535839760000272,
              0,
              null
            ],
            [
              95.330139726000084,
              5.5535652020000725,
              0,
              null
            ],
            [
              95.330010001000062,
              5.5535469120000585,
              0,
              null
            ],
            [
              95.329719616000034,
              5.553505972000039,
              0,
              null
            ],
            [
              95.329674497000042,
              5.5534969240000578,
              0,
              null
            ],
            [
              95.329358571000057,
              5.5534335660000238,
              0,
              null
            ],
            [
              95.329350789000046,
              5.5534320050000474,
              0,
              null
            ],
            [
              95.329051793000076,
              5.5533455860000345,
              0,
              null
            ],
            [
              95.328867916000036,
              5.5532716350000442,
              0,
              null
            ],
            [
              95.328742509000051,
              5.5532211990000633,
              0,
              null
            ],
            [
              95.328498988000035,
              5.5530931990000454,
              0,
              null
            ],
            [
              95.328343066000059,
              5.5530112430000713,
              0,
              null
            ],
            [
              95.328308808000031,
              5.5529932370000665,
              0,
              null
            ],
            [
              95.328058251000073,
              5.5528615380000588,
              0,
              null
            ],
            [
              95.327922624000053,
              5.5527913410000451,
              0,
              null
            ],
            [
              95.327770426000086,
              5.5527125680000609,
              0,
              null
            ],
            [
              95.327705363000064,
              5.5526788930000635,
              0,
              null
            ],
            [
              95.327553868000052,
              5.5526269350000348,
              0,
              null
            ],
            [
              95.327300475000072,
              5.5525400300000456,
              0,
              null
            ],
            [
              95.326724377000062,
              5.5523569830000383,
              0,
              null
            ],
            [
              95.326621186000068,
              5.5523241950000397,
              0,
              null
            ],
            [
              95.326413801000058,
              5.5522451120000369,
              0,
              null
            ],
            [
              95.32631198200005,
              5.5522062860000574,
              0,
              null
            ],
            [
              95.326067912000042,
              5.5521895670000276,
              0,
              null
            ],
            [
              95.325813807000031,
              5.5521826470000519,
              0,
              null
            ],
            [
              95.325562296000044,
              5.5522006120000356,
              0,
              null
            ],
            [
              95.325310517000048,
              5.5522222880000527,
              0,
              null
            ],
            [
              95.325112897000054,
              5.5522393010000428,
              0,
              null
            ],
            [
              95.32510590000004,
              5.5522399030000429,
              0,
              null
            ],
            [
              95.324730354000053,
              5.5522700710000663,
              0,
              null
            ],
            [
              95.324548647000086,
              5.5522899420000726,
              0,
              null
            ],
            [
              95.324540613000067,
              5.552053661000059,
              0,
              null
            ],
            [
              95.324537541000041,
              5.5519845870000495,
              0,
              null
            ],
            [
              95.324535035000054,
              5.5519248100000596,
              0,
              null
            ],
            [
              95.324530178000032,
              5.5518456850000462,
              0,
              null
            ],
            [
              95.324524789000066,
              5.5517756710000299,
              0,
              null
            ],
            [
              95.324515431000066,
              5.5517079510000258,
              0,
              null
            ],
            [
              95.324507255000071,
              5.5516516130000468,
              0,
              null
            ],
            [
              95.324504729000068,
              5.5515872830000603,
              0,
              null
            ],
            [
              95.324501539000039,
              5.5514984700000696,
              0,
              null
            ],
            [
              95.324500661000059,
              5.5514193290000549,
              0,
              null
            ],
            [
              95.324499248000052,
              5.5513487300000293,
              0,
              null
            ],
            [
              95.324502298000084,
              5.5512570460000461,
              0,
              null
            ],
            [
              95.32450216400008,
              5.5512228840000262,
              0,
              null
            ],
            [
              95.324503058000062,
              5.551160818000028,
              0,
              null
            ],
            [
              95.324503254000035,
              5.5511573130000329,
              0,
              null
            ],
            [
              95.324504948000083,
              5.5511271750000333,
              0,
              null
            ],
            [
              95.324469577000059,
              5.551128464000044,
              0,
              null
            ],
            [
              95.324401385000044,
              5.5511309490000258,
              0,
              null
            ],
            [
              95.324396809000064,
              5.5510391560000585,
              0,
              null
            ],
            [
              95.324394302000087,
              5.5509951570000453,
              0,
              null
            ],
            [
              95.324390575000052,
              5.5509651650000364,
              0,
              null
            ],
            [
              95.324377092000077,
              5.550816626000028,
              0,
              null
            ],
            [
              95.324350247000041,
              5.5505461700000751,
              0,
              null
            ],
            [
              95.324339129000066,
              5.5504483480000317,
              0,
              null
            ],
            [
              95.324305308000078,
              5.5502231920000327,
              0,
              null
            ],
            [
              95.324252227000045,
              5.5499260050000316,
              0,
              null
            ],
            [
              95.324209439000072,
              5.5496969390000572,
              0,
              null
            ],
            [
              95.324147967000044,
              5.5493596060000527,
              0,
              null
            ],
            [
              95.324097514000073,
              5.5490932600000633,
              0,
              null
            ],
            [
              95.324056223000071,
              5.5488806880000539,
              0,
              null
            ],
            [
              95.324022963000061,
              5.5487075480000385,
              0,
              null
            ],
            [
              95.323995920000073,
              5.5485673870000483,
              0,
              null
            ],
            [
              95.323968486000069,
              5.5484189760000504,
              0,
              null
            ],
            [
              95.32394180700004,
              5.5482806070000379,
              0,
              null
            ],
            [
              95.32391511600008,
              5.5481390090000673,
              0,
              null
            ],
            [
              95.323890974000051,
              5.5480085230000213,
              0,
              null
            ],
            [
              95.323823014000084,
              5.5476600940000367,
              0,
              null
            ],
            [
              95.323789254000076,
              5.5474925560000656,
              0,
              null
            ],
            [
              95.32377834600004,
              5.5474391050000236,
              0,
              null
            ],
            [
              95.323763505000045,
              5.5473720310000658,
              0,
              null
            ],
            [
              95.323719119000032,
              5.5471714250000446,
              0,
              null
            ],
            [
              95.323698551000064,
              5.5470474320000562,
              0,
              null
            ],
            [
              95.323686444000032,
              5.5468356780000363,
              0,
              null
            ],
            [
              95.323679169000059,
              5.5467201930000556,
              0,
              null
            ],
            [
              95.323668844000053,
              5.5465562970000519,
              0,
              null
            ],
            [
              95.323665835000043,
              5.5463994620000676,
              0,
              null
            ],
            [
              95.323658231000081,
              5.5460031790000244,
              0,
              null
            ],
            [
              95.32365830100008,
              5.5459878570000569,
              0,
              null
            ],
            [
              95.323658722000062,
              5.5458955070000684,
              0,
              null
            ],
            [
              95.32365036300007,
              5.5458450350000703,
              0,
              null
            ],
            [
              95.32364872900007,
              5.5458000910000465,
              0,
              null
            ],
            [
              95.323653433000061,
              5.5456604030000562,
              0,
              null
            ],
            [
              95.323660560000064,
              5.5454688070000202,
              0,
              null
            ],
            [
              95.323666437000043,
              5.5451408960000208,
              0,
              null
            ],
            [
              95.323665196000036,
              5.544823774000065,
              0,
              null
            ],
            [
              95.323667456000067,
              5.5445470560000558,
              0,
              null
            ],
            [
              95.32367081600006,
              5.5445343540000636,
              0,
              null
            ],
            [
              95.323678710000081,
              5.5445111730000463,
              0,
              null
            ],
            [
              95.323680655000032,
              5.5444366780000678,
              0,
              null
            ],
            [
              95.323683398000071,
              5.5443169890000377,
              0,
              null
            ],
            [
              95.323688297000047,
              5.5441031430000294,
              0,
              null
            ],
            [
              95.323691509000071,
              5.5439629650000484,
              0,
              null
            ],
            [
              95.323743554000032,
              5.5439623960000404,
              0,
              null
            ],
            [
              95.323778549000053,
              5.5439602000000718,
              0,
              null
            ],
            [
              95.323876867000081,
              5.5439534400000525,
              0,
              null
            ],
            [
              95.324039159000051,
              5.5439422820000459,
              0,
              null
            ],
            [
              95.324222626000051,
              5.5439258960000757,
              0,
              null
            ],
            [
              95.324371909000035,
              5.5439075920000391,
              0,
              null
            ],
            [
              95.324488264000081,
              5.5438923660000228,
              0,
              null
            ],
            [
              95.324658827000064,
              5.5438729490000469,
              0,
              null
            ],
            [
              95.324743908000073,
              5.5438684110000622,
              0,
              null
            ],
            [
              95.324819876000049,
              5.5438626290000457,
              0,
              null
            ],
            [
              95.324863766000078,
              5.5438592900000572,
              0,
              null
            ],
            [
              95.324981363000063,
              5.5438487580000242,
              0,
              null
            ],
            [
              95.325062441000057,
              5.5438403400000311,
              0,
              null
            ],
            [
              95.325112602000047,
              5.5438339060000317,
              0,
              null
            ],
            [
              95.325180255000078,
              5.5438205330000301,
              0,
              null
            ],
            [
              95.325183173000084,
              5.5438335710000501,
              0,
              null
            ],
            [
              95.325188941000079,
              5.5439166670000759,
              0,
              null
            ],
            [
              95.32518439200004,
              5.5440322580000725,
              0,
              null
            ],
            [
              95.325180314000079,
              5.5441792640000358,
              0,
              null
            ],
            [
              95.325172029000043,
              5.5443416730000763,
              0,
              null
            ],
            [
              95.325168647000055,
              5.5443998540000621,
              0,
              null
            ],
            [
              95.325430682000047,
              5.544397153000034,
              0,
              null
            ],
            [
              95.325736934000076,
              5.5442843820000576,
              0,
              null
            ],
            [
              95.325809211000035,
              5.5442726180000363,
              0,
              null
            ],
            [
              95.325855775000036,
              5.5442774570000211,
              0,
              null
            ],
            [
              95.325903462000042,
              5.5443863260000512,
              0,
              null
            ],
            [
              95.325987945000065,
              5.544383124000035,
              0,
              null
            ],
            [
              95.32616769100008,
              5.5443860050000353,
              0,
              null
            ],
            [
              95.326175413000044,
              5.5444731190000311,
              0,
              null
            ],
            [
              95.326289853000048,
              5.5444713060000481,
              0,
              null
            ],
            [
              95.32639537700004,
              5.544478520000041,
              0,
              null
            ],
            [
              95.326451876000078,
              5.5444904370000359,
              0,
              null
            ],
            [
              95.326457774000062,
              5.5444917540000347,
              0,
              null
            ],
            [
              95.326435286000049,
              5.5445538120000606,
              0,
              null
            ],
            [
              95.326429426000061,
              5.544596183000067,
              0,
              null
            ],
            [
              95.326427146000071,
              5.5446590860000242,
              0,
              null
            ],
            [
              95.326429597000072,
              5.5446974110000724,
              0,
              null
            ],
            [
              95.326430556000048,
              5.5447058110000285,
              0,
              null
            ],
            [
              95.326444609000077,
              5.5448288890000299,
              0,
              null
            ],
            [
              95.326445308000075,
              5.5448351660000412,
              0,
              null
            ],
            [
              95.326456083000039,
              5.5449319830000263,
              0,
              null
            ],
            [
              95.326457887000061,
              5.5449481890000243,
              0,
              null
            ],
            [
              95.326464307000037,
              5.545005169000035,
              0,
              null
            ],
            [
              95.326467261000062,
              5.5450313930000448,
              0,
              null
            ],
            [
              95.326475841000047,
              5.5451088250000566,
              0,
              null
            ],
            [
              95.326482813000041,
              5.5451717550000694,
              0,
              null
            ],
            [
              95.326485938000076,
              5.5451999640000622,
              0,
              null
            ],
            [
              95.326486040000077,
              5.5452008840000531,
              0,
              null
            ],
            [
              95.326497766000045,
              5.5452845110000339,
              0,
              null
            ],
            [
              95.326504750000083,
              5.5453343210000412,
              0,
              null
            ],
            [
              95.326519664000045,
              5.5453323500000238,
              0,
              null
            ],
            [
              95.326532981000071,
              5.5453305910000381,
              0,
              null
            ],
            [
              95.326636416000042,
              5.5453224560000649,
              0,
              null
            ],
            [
              95.326733649000062,
              5.5453182880000327,
              0,
              null
            ],
            [
              95.326777116000073,
              5.5453164250000668,
              0,
              null
            ],
            [
              95.326847540000074,
              5.545315108000068,
              0,
              null
            ],
            [
              95.326867720000052,
              5.5453147300000296,
              0,
              null
            ],
            [
              95.326888415000042,
              5.545317017000059,
              0,
              null
            ],
            [
              95.326896136000073,
              5.5453258990000336,
              0,
              null
            ],
            [
              95.326909410000042,
              5.5453474960000335,
              0,
              null
            ],
            [
              95.326925800000083,
              5.5453862630000685,
              0,
              null
            ],
            [
              95.326933611000072,
              5.5453904360000479,
              0,
              null
            ],
            [
              95.326946525000039,
              5.5453914790000454,
              0,
              null
            ],
            [
              95.326964558000043,
              5.5453912900000546,
              0,
              null
            ],
            [
              95.32700174200005,
              5.5453882660000318,
              0,
              null
            ],
            [
              95.32705377800005,
              5.5453840330000617,
              0,
              null
            ],
            [
              95.327130636000049,
              5.5453782300000398,
              0,
              null
            ],
            [
              95.32714412100006,
              5.5453772110000727,
              0,
              null
            ],
            [
              95.327281507000066,
              5.5453643100000249,
              0,
              null
            ],
            [
              95.327329042000031,
              5.5453598460000535,
              0,
              null
            ],
            [
              95.32743849700006,
              5.5453526720000355,
              0,
              null
            ],
            [
              95.327529842000047,
              5.545346989000052,
              0,
              null
            ],
            [
              95.327526835000072,
              5.5453622770000379,
              0,
              null
            ],
            [
              95.327530881000087,
              5.5455423950000409,
              0,
              null
            ],
            [
              95.327531944000043,
              5.5455897540000478,
              0,
              null
            ],
            [
              95.327537151000058,
              5.5458215260000543,
              0,
              null
            ],
            [
              95.327538579000077,
              5.5458365450000429,
              0,
              null
            ],
            [
              95.327662657000076,
              5.5458304010000461,
              0,
              null
            ],
            [
              95.327671788000032,
              5.5458299540000553,
              0,
              null
            ],
            [
              95.32782304400007,
              5.5458225470000571,
              0,
              null
            ],
            [
              95.327849877000062,
              5.5458212960000424,
              0,
              null
            ],
            [
              95.327897845000052,
              5.5458190580000633,
              0,
              null
            ],
            [
              95.328013333000058,
              5.5458136720000653,
              0,
              null
            ],
            [
              95.328065560000084,
              5.5458106120000252,
              0,
              null
            ],
            [
              95.328093875000036,
              5.545808953000062,
              0,
              null
            ],
            [
              95.328140985000061,
              5.5458045730000549,
              0,
              null
            ],
            [
              95.328148924000061,
              5.5458064960000684,
              0,
              null
            ],
            [
              95.328155059000039,
              5.545807984000021,
              0,
              null
            ],
            [
              95.328159777000053,
              5.5458149230000231,
              0,
              null
            ],
            [
              95.328170943000032,
              5.5458360560000415,
              0,
              null
            ],
            [
              95.328178708000053,
              5.5458631250000394,
              0,
              null
            ],
            [
              95.328184965000048,
              5.545905810000022,
              0,
              null
            ],
            [
              95.328187738000054,
              5.5459366870000508,
              0,
              null
            ],
            [
              95.328191992000086,
              5.5459840430000327,
              0,
              null
            ],
            [
              95.328201600000057,
              5.5461077810000461,
              0,
              null
            ],
            [
              95.328202168000075,
              5.5461151050000694,
              0,
              null
            ],
            [
              95.328202197000053,
              5.5461156880000431,
              0,
              null
            ],
            [
              95.328214076000052,
              5.5461145790000614,
              0,
              null
            ],
            [
              95.328214719000073,
              5.5461145180000244,
              0,
              null
            ],
            [
              95.328292675000057,
              5.5461072340000328,
              0,
              null
            ],
            [
              95.328324694000059,
              5.5461048060000735,
              0,
              null
            ],
            [
              95.328412540000045,
              5.5460981420000621,
              0,
              null
            ],
            [
              95.328515448000076,
              5.5460903380000559,
              0,
              null
            ],
            [
              95.328574752000065,
              5.5460858400000461,
              0,
              null
            ],
            [
              95.328614471000037,
              5.5460826650000286,
              0,
              null
            ],
            [
              95.328752706000046,
              5.5460716160000629,
              0,
              null
            ],
            [
              95.328889521000065,
              5.5460640450000369,
              0,
              null
            ],
            [
              95.32890343300005,
              5.5460640720000356,
              0,
              null
            ],
            [
              95.328922039000076,
              5.5460652010000331,
              0,
              null
            ],
            [
              95.328941407000059,
              5.5460741720000328,
              0,
              null
            ],
            [
              95.328948954000055,
              5.5460620270000618,
              0,
              null
            ],
            [
              95.328965304000064,
              5.5460542440000609,
              0,
              null
            ],
            [
              95.328993834000073,
              5.5460474570000429,
              0,
              null
            ],
            [
              95.329114168000046,
              5.5460188320000725,
              0,
              null
            ],
            [
              95.329120909000039,
              5.5461860330000263,
              0,
              null
            ],
            [
              95.329121026000053,
              5.5462159180000299,
              0,
              null
            ],
            [
              95.32912218000007,
              5.5465100800000755,
              0,
              null
            ],
            [
              95.329122755000071,
              5.5466564440000639,
              0,
              null
            ],
            [
              95.329122928000061,
              5.5467005030000678,
              0,
              null
            ],
            [
              95.329129382000076,
              5.5468745310000713,
              0,
              null
            ],
            [
              95.329140213000073,
              5.5471665190000294,
              0,
              null
            ],
            [
              95.329149553000036,
              5.5474183000000608,
              0,
              null
            ],
            [
              95.329150464000065,
              5.5474428680000756,
              0,
              null
            ],
            [
              95.329159461000074,
              5.5476585680000312,
              0,
              null
            ],
            [
              95.329165400000079,
              5.5478009340000654,
              0,
              null
            ],
            [
              95.32917076800004,
              5.5479161460000341,
              0,
              null
            ],
            [
              95.329181578000032,
              5.5481481880000274,
              0,
              null
            ],
            [
              95.329187679000086,
              5.5482791340000404,
              0,
              null
            ],
            [
              95.329188084000066,
              5.5483824390000223,
              0,
              null
            ],
            [
              95.329188975000079,
              5.5486095290000321,
              0,
              null
            ],
            [
              95.329189002000078,
              5.5486163340000303,
              0,
              null
            ],
            [
              95.329189416000077,
              5.548721730000068,
              0,
              null
            ],
            [
              95.329189466000059,
              5.548734449000051,
              0,
              null
            ],
            [
              95.329189516000042,
              5.5487471660000551,
              0,
              null
            ],
            [
              95.329189704000044,
              5.5487951660000476,
              0,
              null
            ],
            [
              95.329184447000046,
              5.5488459450000391,
              0,
              null
            ],
            [
              95.329180521000069,
              5.5488838720000331,
              0,
              null
            ],
            [
              95.329150821000042,
              5.5489747730000545,
              0,
              null
            ],
            [
              95.329081006000081,
              5.5491130020000696,
              0,
              null
            ],
            [
              95.329022183000063,
              5.5492062320000741,
              0,
              null
            ],
            [
              95.328943595000055,
              5.5493307880000202,
              0,
              null
            ],
            [
              95.328918673000032,
              5.5493736210000293,
              0,
              null
            ],
            [
              95.328700440000034,
              5.5497486990000766,
              0,
              null
            ],
            [
              95.328693539000085,
              5.5497606210000754,
              0,
              null
            ],
            [
              95.328583692000052,
              5.5499503590000359,
              0,
              null
            ],
            [
              95.328442077000034,
              5.5501949720000425,
              0,
              null
            ],
            [
              95.328406920000077,
              5.5502726410000491,
              0,
              null
            ],
            [
              95.32831133600007,
              5.5504838020000307,
              0,
              null
            ],
            [
              95.328307291000044,
              5.5504927360000238,
              0,
              null
            ],
            [
              95.328259241000069,
              5.5506412420000402,
              0,
              null
            ],
            [
              95.328240013000084,
              5.5507264980000741,
              0,
              null
            ],
            [
              95.328238464000037,
              5.5507343820000301,
              0,
              null
            ],
            [
              95.32821718200006,
              5.5508427080000615,
              0,
              null
            ],
            [
              95.328212445000077,
              5.5508668220000459,
              0,
              null
            ],
            [
              95.328211540000041,
              5.55087267600004,
              0,
              null
            ],
            [
              95.328208103000065,
              5.5508949200000757,
              0,
              null
            ],
            [
              95.328207287000055,
              5.5509001940000644,
              0,
              null
            ],
            [
              95.328206913000031,
              5.5509033750000754,
              0,
              null
            ],
            [
              95.328205444000048,
              5.5509158530000491,
              0,
              null
            ],
            [
              95.328590527000074,
              5.5509298850000732,
              0,
              null
            ],
            [
              95.330319532000033,
              5.5509876860000418,
              0,
              null
            ],
            [
              95.330389213000046,
              5.551146238000058,
              0,
              null
            ],
            [
              95.330449137000073,
              5.5513315890000285,
              0,
              null
            ],
            [
              95.330493854000053,
              5.5515342190000752,
              0,
              null
            ],
            [
              95.330502029000058,
              5.551568479000025,
              0,
              null
            ],
            [
              95.330521092000083,
              5.5516483650000623,
              0,
              null
            ],
            [
              95.330541321000055,
              5.5517887680000513,
              0,
              null
            ],
            [
              95.330554823000057,
              5.5519444070000645,
              0,
              null
            ],
            [
              95.330562471000064,
              5.5520360470000583,
              0,
              null
            ],
            [
              95.330566094000062,
              5.552061664000064,
              0,
              null
            ],
            [
              95.330568760000062,
              5.552147461000061,
              0,
              null
            ],
            [
              95.330568525000047,
              5.5521735350000654,
              0,
              null
            ],
            [
              95.330571340000063,
              5.5521806560000755,
              0,
              null
            ],
            [
              95.330580443000031,
              5.5522840270000415,
              0,
              null
            ],
            [
              95.330584887000043,
              5.5524362230000293,
              0,
              null
            ],
            [
              95.330599680000034,
              5.5527382230000626,
              0,
              null
            ],
            [
              95.330613732000074,
              5.5530335020000621,
              0,
              null
            ],
            [
              95.330620664000037,
              5.5531558810000661,
              0,
              null
            ],
            [
              95.33063093700008,
              5.5532901370000332,
              0,
              null
            ],
            [
              95.330653591000043,
              5.5535790020000491,
              0,
              null
            ]
          ]
        ]
      },
      "properties" : {
        "FID" : 0,
        "OBJECTID" : 1440,
        "KDPPUM" : "11",
        "NAMOBJ" : "Ateuk Pahlawan",
        "REMARK" : " ",
        "KDPBPS" : " ",
        "FCODE" : "BA03070040",
        "LUASWH" : 0,
        "UUPP" : "RBI",
        "SRS_ID" : "SRGI 2013",
        "METADATA" : "TASWIL1000020200326DATA_BATAS_DESA_KELURAHAN",
        "KDEBPS" : " ",
        "KDEPUM" : "11.71.01.2007",
        "KDCBPS" : " ",
        "KDCPUM" : "11.71.01",
        "KDBBPS" : " ",
        "WADMKD" : "Ateuk Pahlawan",
        "WIADKD" : "0",
        "WADMKC" : "Baiturrahman",
        "WIADKC" : " ",
        "WADMKK" : "Kota Banda Aceh",
        "WIADKK" : " ",
        "WADMPR" : "Aceh",
        "WIADPR" : " ",
        "TIPADM" : 9,
        "KDPKAB" : "11.71",
        "SHAPE_Leng" : 0.032567979050325997,
        "SHAPE_Area" : 4.1469947999999999e-05
      }
    }
  ]
}