{
  "hasZ" : true,
  "hasM" : true,
  "type" : "FeatureCollection",
  "features" : [
    {
      "type" : "Feature",
      "id" : 0,
      "geometry" : {
        "type" : "Polygon",
        "coordinates" : [
          [
            [
              95.301891505000071,
              5.53041435800003,
              0,
              null
            ],
            [
              95.301864167000076,
              5.5304835510000316,
              0,
              null
            ],
            [
              95.301853623000056,
              5.5305131770000457,
              0,
              null
            ],
            [
              95.301840919000085,
              5.5305488690000288,
              0,
              null
            ],
            [
              95.30183181700005,
              5.5305840130000661,
              0,
              null
            ],
            [
              95.301826314000039,
              5.5306282540000211,
              0,
              null
            ],
            [
              95.301826022000057,
              5.5306624420000503,
              0,
              null
            ],
            [
              95.301828655000065,
              5.530694828000037,
              0,
              null
            ],
            [
              95.301835999000048,
              5.5307274670000766,
              0,
              null
            ],
            [
              95.301845367000055,
              5.530756565000047,
              0,
              null
            ],
            [
              95.301867563000087,
              5.5308064560000503,
              0,
              null
            ],
            [
              95.301893335000045,
              5.5308492870000237,
              0,
              null
            ],
            [
              95.301899487000071,
              5.5308595100000275,
              0,
              null
            ],
            [
              95.301934961000086,
              5.530913708000071,
              0,
              null
            ],
            [
              95.30194633800005,
              5.5309374820000698,
              0,
              null
            ],
            [
              95.301953651000076,
              5.5309668760000363,
              0,
              null
            ],
            [
              95.301954242000079,
              5.5310007620000761,
              0,
              null
            ],
            [
              95.301949489000037,
              5.5310290920000398,
              0,
              null
            ],
            [
              95.301942918000066,
              5.5310515440000358,
              0,
              null
            ],
            [
              95.301920630000041,
              5.5310920990000341,
              0,
              null
            ],
            [
              95.301888683000072,
              5.5311380520000739,
              0,
              null
            ],
            [
              95.301884292000068,
              5.5311430150000547,
              0,
              null
            ],
            [
              95.301837719000048,
              5.5311956580000583,
              0,
              null
            ],
            [
              95.301770340000076,
              5.5312590050000381,
              0,
              null
            ],
            [
              95.301724334000085,
              5.5313109780000218,
              0,
              null
            ],
            [
              95.301713506000056,
              5.5313257440000712,
              0,
              null
            ],
            [
              95.30169759100005,
              5.5313474470000301,
              0,
              null
            ],
            [
              95.301676505000046,
              5.5313909440000657,
              0,
              null
            ],
            [
              95.301660154000047,
              5.5314388260000555,
              0,
              null
            ],
            [
              95.301632419000043,
              5.5315289370000755,
              0,
              null
            ],
            [
              95.301605600000073,
              5.5315898660000471,
              0,
              null
            ],
            [
              95.301589979000084,
              5.5316263130000607,
              0,
              null
            ],
            [
              95.301581389000035,
              5.531646356000067,
              0,
              null
            ],
            [
              95.301547897000034,
              5.5316983490000666,
              0,
              null
            ],
            [
              95.301538444000073,
              5.5317130250000446,
              0,
              null
            ],
            [
              95.301505244000055,
              5.5317501510000398,
              0,
              null
            ],
            [
              95.301474641000084,
              5.5317819440000449,
              0,
              null
            ],
            [
              95.301443917000086,
              5.5317990120000218,
              0,
              null
            ],
            [
              95.301365201000067,
              5.531835845000046,
              0,
              null
            ],
            [
              95.301363079000055,
              5.5318368380000607,
              0,
              null
            ],
            [
              95.301315897000052,
              5.5318555250000259,
              0,
              null
            ],
            [
              95.301261314000044,
              5.5318683740000552,
              0,
              null
            ],
            [
              95.301212404000069,
              5.5318762330000482,
              0,
              null
            ],
            [
              95.301174096000068,
              5.5318823890000317,
              0,
              null
            ],
            [
              95.301086020000071,
              5.5318984860000455,
              0,
              null
            ],
            [
              95.301018502000034,
              5.5319120360000511,
              0,
              null
            ],
            [
              95.30098066100004,
              5.5319244490000301,
              0,
              null
            ],
            [
              95.300962199000082,
              5.5319305040000586,
              0,
              null
            ],
            [
              95.300941579000039,
              5.5319410600000651,
              0,
              null
            ],
            [
              95.300929994000057,
              5.5319469910000407,
              0,
              null
            ],
            [
              95.300899305000087,
              5.5319684690000486,
              0,
              null
            ],
            [
              95.300866656000039,
              5.5320008750000511,
              0,
              null
            ],
            [
              95.300786827000081,
              5.5320873110000548,
              0,
              null
            ],
            [
              95.30075006900006,
              5.532129904000044,
              0,
              null
            ],
            [
              95.300724821000074,
              5.5321591610000382,
              0,
              null
            ],
            [
              95.300699741000074,
              5.5321921110000289,
              0,
              null
            ],
            [
              95.300684403000048,
              5.5322122610000406,
              0,
              null
            ],
            [
              95.300679337000076,
              5.532221039000035,
              0,
              null
            ],
            [
              95.300664739000069,
              5.5322463300000209,
              0,
              null
            ],
            [
              95.300663905000079,
              5.5322477750000303,
              0,
              null
            ],
            [
              95.300656883000045,
              5.5322599410000635,
              0,
              null
            ],
            [
              95.300622940000039,
              5.5323311070000614,
              0,
              null
            ],
            [
              95.300619629000039,
              5.5323380490000318,
              0,
              null
            ],
            [
              95.300596373000076,
              5.5324036650000608,
              0,
              null
            ],
            [
              95.300592642000083,
              5.5324220170000444,
              0,
              null
            ],
            [
              95.300583435000078,
              5.532467294000071,
              0,
              null
            ],
            [
              95.300574595000057,
              5.5325107660000299,
              0,
              null
            ],
            [
              95.300557781000066,
              5.5326185690000216,
              0,
              null
            ],
            [
              95.300554031000047,
              5.5326426110000284,
              0,
              null
            ],
            [
              95.300537269000074,
              5.5327219590000709,
              0,
              null
            ],
            [
              95.300526166000054,
              5.5327522460000296,
              0,
              null
            ],
            [
              95.300506693000045,
              5.5328053660000478,
              0,
              null
            ],
            [
              95.300465083000063,
              5.5328883450000603,
              0,
              null
            ],
            [
              95.300462588000073,
              5.5328934760000266,
              0,
              null
            ],
            [
              95.30043842300006,
              5.5329431870000576,
              0,
              null
            ],
            [
              95.300371790000042,
              5.5330802570000515,
              0,
              null
            ],
            [
              95.30037171500004,
              5.5330804120000607,
              0,
              null
            ],
            [
              95.30031123100008,
              5.5332005800000275,
              0,
              null
            ],
            [
              95.300261097000032,
              5.5332960550000507,
              0,
              null
            ],
            [
              95.300248686000032,
              5.5333196890000522,
              0,
              null
            ],
            [
              95.300229245000082,
              5.5333513210000547,
              0,
              null
            ],
            [
              95.300201952000066,
              5.5333957280000732,
              0,
              null
            ],
            [
              95.300172054000086,
              5.5334304190000694,
              0,
              null
            ],
            [
              95.30013808700005,
              5.5334557430000473,
              0,
              null
            ],
            [
              95.300101418000054,
              5.5334727710000493,
              0,
              null
            ],
            [
              95.30006734300008,
              5.5334769520000577,
              0,
              null
            ],
            [
              95.300064141000064,
              5.5334773450000512,
              0,
              null
            ],
            [
              95.300006576000044,
              5.5334748750000244,
              0,
              null
            ],
            [
              95.29994107400006,
              5.5334730410000361,
              0,
              null
            ],
            [
              95.29988859000008,
              5.5334738740000375,
              0,
              null
            ],
            [
              95.299880715000086,
              5.5334739980000336,
              0,
              null
            ],
            [
              95.299826893000045,
              5.5334784640000407,
              0,
              null
            ],
            [
              95.299781628000062,
              5.5334912770000528,
              0,
              null
            ],
            [
              95.299736622000069,
              5.5335172230000467,
              0,
              null
            ],
            [
              95.299695000000042,
              5.5335528720000298,
              0,
              null
            ],
            [
              95.299643588000038,
              5.5336067560000401,
              0,
              null
            ],
            [
              95.299620965000031,
              5.5336376950000385,
              0,
              null
            ],
            [
              95.299606235000056,
              5.5336731860000441,
              0,
              null
            ],
            [
              95.299594206000052,
              5.5337166390000334,
              0,
              null
            ],
            [
              95.299592910000058,
              5.5337339260000249,
              0,
              null
            ],
            [
              95.299589650000087,
              5.5337774190000459,
              0,
              null
            ],
            [
              95.299590232000071,
              5.5338116410000566,
              0,
              null
            ],
            [
              95.299590631000058,
              5.5338351220000277,
              0,
              null
            ],
            [
              95.299596450000081,
              5.5338911340000436,
              0,
              null
            ],
            [
              95.299606105000066,
              5.5339360390000252,
              0,
              null
            ],
            [
              95.299629174000074,
              5.5339900950000356,
              0,
              null
            ],
            [
              95.299667797000041,
              5.5340397790000679,
              0,
              null
            ],
            [
              95.299748743000066,
              5.5341021880000767,
              0,
              null
            ],
            [
              95.299823710000055,
              5.5341587430000345,
              0,
              null
            ],
            [
              95.299825930000054,
              5.5341604180000559,
              0,
              null
            ],
            [
              95.299877451000043,
              5.5342054120000626,
              0,
              null
            ],
            [
              95.299880426000072,
              5.534208010000043,
              0,
              null
            ],
            [
              95.299891737000053,
              5.534217887000068,
              0,
              null
            ],
            [
              95.299937592000049,
              5.5342689980000728,
              0,
              null
            ],
            [
              95.299969672000032,
              5.5343179390000614,
              0,
              null
            ],
            [
              95.299991402000046,
              5.5343664590000685,
              0,
              null
            ],
            [
              95.299992332000045,
              5.5343792910000502,
              0,
              null
            ],
            [
              95.299995185000057,
              5.534418664000043,
              0,
              null
            ],
            [
              95.299985794000065,
              5.5344794080000383,
              0,
              null
            ],
            [
              95.299971605000053,
              5.5345188300000245,
              0,
              null
            ],
            [
              95.299964703000057,
              5.534538001000044,
              0,
              null
            ],
            [
              95.299958567000033,
              5.5345487550000598,
              0,
              null
            ],
            [
              95.299927006000075,
              5.5346040710000466,
              0,
              null
            ],
            [
              95.299887972000079,
              5.5346628870000245,
              0,
              null
            ],
            [
              95.299854583000069,
              5.5347044620000361,
              0,
              null
            ],
            [
              95.299811900000066,
              5.5347435500000302,
              0,
              null
            ],
            [
              95.29977311600004,
              5.5347664350000514,
              0,
              null
            ],
            [
              95.299695994000047,
              5.5347997630000236,
              0,
              null
            ],
            [
              95.299650409000037,
              5.53480911500003,
              0,
              null
            ],
            [
              95.299635211000066,
              5.534808885000075,
              0,
              null
            ],
            [
              95.29960903500006,
              5.5348084890000564,
              0,
              null
            ],
            [
              95.299556020000068,
              5.5348011070000211,
              0,
              null
            ],
            [
              95.299465373000032,
              5.5347884830000567,
              0,
              null
            ],
            [
              95.299221719000059,
              5.5347591460000558,
              0,
              null
            ],
            [
              95.299217231000057,
              5.5347588160000214,
              0,
              null
            ],
            [
              95.299121833000072,
              5.5347517870000615,
              0,
              null
            ],
            [
              95.299080549000053,
              5.5347582570000213,
              0,
              null
            ],
            [
              95.29903844100005,
              5.5347686890000318,
              0,
              null
            ],
            [
              95.298985114000061,
              5.5347961400000258,
              0,
              null
            ],
            [
              95.298931325000069,
              5.5348327140000606,
              0,
              null
            ],
            [
              95.298849583000049,
              5.5347635440000431,
              0,
              null
            ],
            [
              95.298766478000061,
              5.5346848150000483,
              0,
              null
            ],
            [
              95.298535105000042,
              5.5345151690000307,
              0,
              null
            ],
            [
              95.298182193000059,
              5.5344308220000471,
              0,
              null
            ],
            [
              95.298168544000077,
              5.5344095120000247,
              0,
              null
            ],
            [
              95.298137466000071,
              5.5343921550000346,
              0,
              null
            ],
            [
              95.297885562000033,
              5.5343292280000469,
              0,
              null
            ],
            [
              95.29788754100008,
              5.534318532000043,
              0,
              null
            ],
            [
              95.297894365000047,
              5.5342828080000572,
              0,
              null
            ],
            [
              95.297915970000076,
              5.5341697250000266,
              0,
              null
            ],
            [
              95.297916393000037,
              5.5341602960000387,
              0,
              null
            ],
            [
              95.297913880000067,
              5.5341518080000469,
              0,
              null
            ],
            [
              95.297905830000047,
              5.5341442380000672,
              0,
              null
            ],
            [
              95.297888985000043,
              5.5341390240000692,
              0,
              null
            ],
            [
              95.29784694500006,
              5.5341293610000548,
              0,
              null
            ],
            [
              95.297837625000057,
              5.534124643000041,
              0,
              null
            ],
            [
              95.297830717000068,
              5.5341158110000492,
              0,
              null
            ],
            [
              95.297826941000039,
              5.5341052500000387,
              0,
              null
            ],
            [
              95.297839131000046,
              5.534014566000053,
              0,
              null
            ],
            [
              95.29784266200005,
              5.5340038400000253,
              0,
              null
            ],
            [
              95.297714395000071,
              5.5339615370000388,
              0,
              null
            ],
            [
              95.297714277000068,
              5.5339615000000322,
              0,
              null
            ],
            [
              95.297669189000032,
              5.5339476470000477,
              0,
              null
            ],
            [
              95.297636338000075,
              5.5339372620000518,
              0,
              null
            ],
            [
              95.297594999000069,
              5.5339224170000421,
              0,
              null
            ],
            [
              95.297584653000058,
              5.5339183650000336,
              0,
              null
            ],
            [
              95.297525222000047,
              5.5338950900000441,
              0,
              null
            ],
            [
              95.297473903000082,
              5.5338774000000512,
              0,
              null
            ],
            [
              95.297433800000078,
              5.5338648920000537,
              0,
              null
            ],
            [
              95.297392175000084,
              5.5338532030000351,
              0,
              null
            ],
            [
              95.297330604000081,
              5.5338384280000241,
              0,
              null
            ],
            [
              95.297317391000036,
              5.5338353690000304,
              0,
              null
            ],
            [
              95.297328472000061,
              5.5337982920000286,
              0,
              null
            ],
            [
              95.297328515000061,
              5.5337981470000273,
              0,
              null
            ],
            [
              95.297329852000075,
              5.533794002000036,
              0,
              null
            ],
            [
              95.297358157000076,
              5.5337062830000718,
              0,
              null
            ],
            [
              95.297384741000087,
              5.5336312270000576,
              0,
              null
            ],
            [
              95.297394681000071,
              5.5336056620000704,
              0,
              null
            ],
            [
              95.297406278000039,
              5.5335758320000537,
              0,
              null
            ],
            [
              95.297418822000054,
              5.533541777000039,
              0,
              null
            ],
            [
              95.297435540000038,
              5.5334955310000282,
              0,
              null
            ],
            [
              95.297440882000046,
              5.5334825320000505,
              0,
              null
            ],
            [
              95.297446301000036,
              5.5334693480000396,
              0,
              null
            ],
            [
              95.297458912000081,
              5.5334410780000667,
              0,
              null
            ],
            [
              95.297470037000039,
              5.533416887000044,
              0,
              null
            ],
            [
              95.297474863000048,
              5.5334063960000321,
              0,
              null
            ],
            [
              95.297487334000039,
              5.5333791750000501,
              0,
              null
            ],
            [
              95.297501817000068,
              5.5333475090000661,
              0,
              null
            ],
            [
              95.297516299000051,
              5.5333154450000279,
              0,
              null
            ],
            [
              95.297539867000069,
              5.5332675620000487,
              0,
              null
            ],
            [
              95.297564571000066,
              5.5332193050000456,
              0,
              null
            ],
            [
              95.297586961000036,
              5.5331700990000741,
              0,
              null
            ],
            [
              95.297609502000057,
              5.5331199790000483,
              0,
              null
            ],
            [
              95.297628910000071,
              5.5330811260000701,
              0,
              null
            ],
            [
              95.297632874000044,
              5.5330727130000241,
              0,
              null
            ],
            [
              95.297650886000042,
              5.5330344160000209,
              0,
              null
            ],
            [
              95.297673289000045,
              5.5329838900000254,
              0,
              null
            ],
            [
              95.29768775000008,
              5.5329415750000521,
              0,
              null
            ],
            [
              95.297700330000055,
              5.5328982020000694,
              0,
              null
            ],
            [
              95.297687993000068,
              5.5328921480000304,
              0,
              null
            ],
            [
              95.297672140000032,
              5.5328845080000519,
              0,
              null
            ],
            [
              95.297654869000041,
              5.5328765120000298,
              0,
              null
            ],
            [
              95.297634672000072,
              5.5328675600000565,
              0,
              null
            ],
            [
              95.297609453000064,
              5.5328571900000725,
              0,
              null
            ],
            [
              95.29758281900007,
              5.532846998000025,
              0,
              null
            ],
            [
              95.297551858000077,
              5.5328345180000724,
              0,
              null
            ],
            [
              95.297498039000061,
              5.5328128240000751,
              0,
              null
            ],
            [
              95.297425141000076,
              5.5327877540000259,
              0,
              null
            ],
            [
              95.297373542000059,
              5.5327700080000568,
              0,
              null
            ],
            [
              95.297332607000044,
              5.5327547270000537,
              0,
              null
            ],
            [
              95.29732623700005,
              5.532752265000056,
              0,
              null
            ],
            [
              95.297260915000038,
              5.5327269740000702,
              0,
              null
            ],
            [
              95.29719040100008,
              5.5327005900000472,
              0,
              null
            ],
            [
              95.297150195000086,
              5.5326866460000588,
              0,
              null
            ],
            [
              95.297130628000048,
              5.5326798600000302,
              0,
              null
            ],
            [
              95.297069667000073,
              5.5326580770000646,
              0,
              null
            ],
            [
              95.297013199000048,
              5.5326361860000475,
              0,
              null
            ],
            [
              95.296945247000053,
              5.5326095210000403,
              0,
              null
            ],
            [
              95.296890654000038,
              5.5325898540000367,
              0,
              null
            ],
            [
              95.296842201000061,
              5.5325751030000561,
              0,
              null
            ],
            [
              95.296806694000054,
              5.5325642920000746,
              0,
              null
            ],
            [
              95.296719643000074,
              5.5325400150000519,
              0,
              null
            ],
            [
              95.296557633000077,
              5.5324968570000692,
              0,
              null
            ],
            [
              95.296543733000078,
              5.5324926440000581,
              0,
              null
            ],
            [
              95.296541948000083,
              5.5324698170000488,
              0,
              null
            ],
            [
              95.296541555000033,
              5.5324380990000463,
              0,
              null
            ],
            [
              95.296543267000061,
              5.5324072510000519,
              0,
              null
            ],
            [
              95.296547645000032,
              5.532372667000061,
              0,
              null
            ],
            [
              95.296554483000079,
              5.5323330310000642,
              0,
              null
            ],
            [
              95.296560884000087,
              5.5322990540000205,
              0,
              null
            ],
            [
              95.296568340000078,
              5.5322629860000347,
              0,
              null
            ],
            [
              95.296572261000051,
              5.5322386280000728,
              0,
              null
            ],
            [
              95.296574701000054,
              5.5322117080000339,
              0,
              null
            ],
            [
              95.296575349000079,
              5.5321832590000213,
              0,
              null
            ],
            [
              95.29657510800007,
              5.5321534580000389,
              0,
              null
            ],
            [
              95.296573629000079,
              5.5321292340000241,
              0,
              null
            ],
            [
              95.296573490000071,
              5.5321269610000741,
              0,
              null
            ],
            [
              95.296569546000057,
              5.532110226000043,
              0,
              null
            ],
            [
              95.296561863000079,
              5.5320922590000237,
              0,
              null
            ],
            [
              95.296546024000065,
              5.532057835000046,
              0,
              null
            ],
            [
              95.296519023000087,
              5.5320088840000494,
              0,
              null
            ],
            [
              95.296506257000033,
              5.5319874190000746,
              0,
              null
            ],
            [
              95.296492845000046,
              5.5319718240000384,
              0,
              null
            ],
            [
              95.296472390000076,
              5.5319545210000456,
              0,
              null
            ],
            [
              95.296449315000075,
              5.5319385480000278,
              0,
              null
            ],
            [
              95.296427988000062,
              5.5319269240000608,
              0,
              null
            ],
            [
              95.296420639000075,
              5.531923422000034,
              0,
              null
            ],
            [
              95.296396735000087,
              5.5319120310000471,
              0,
              null
            ],
            [
              95.296345815000052,
              5.5318900460000577,
              0,
              null
            ],
            [
              95.296315657000036,
              5.5318785470000762,
              0,
              null
            ],
            [
              95.296269202000076,
              5.5318633600000453,
              0,
              null
            ],
            [
              95.296204837000062,
              5.531845368000063,
              0,
              null
            ],
            [
              95.29617901000006,
              5.5318374970000264,
              0,
              null
            ],
            [
              95.296160617000055,
              5.5318318900000349,
              0,
              null
            ],
            [
              95.296113611000067,
              5.5318144460000553,
              0,
              null
            ],
            [
              95.296087960000079,
              5.5318041050000488,
              0,
              null
            ],
            [
              95.296055767000041,
              5.5317888360000325,
              0,
              null
            ],
            [
              95.296001304000072,
              5.5317628690000333,
              0,
              null
            ],
            [
              95.295905541000081,
              5.5317155840000396,
              0,
              null
            ],
            [
              95.295883746000072,
              5.5317046810000647,
              0,
              null
            ],
            [
              95.295841175000078,
              5.5316833830000292,
              0,
              null
            ],
            [
              95.295790715000066,
              5.5316591000000699,
              0,
              null
            ],
            [
              95.295726039000044,
              5.5316280920000622,
              0,
              null
            ],
            [
              95.29570390400005,
              5.5316182990000584,
              0,
              null
            ],
            [
              95.295699082000056,
              5.5316161650000595,
              0,
              null
            ],
            [
              95.295678710000061,
              5.5316086510000559,
              0,
              null
            ],
            [
              95.295655014000033,
              5.5316024600000446,
              0,
              null
            ],
            [
              95.295623522000085,
              5.5315957760000742,
              0,
              null
            ],
            [
              95.295607760000053,
              5.5315931070000488,
              0,
              null
            ],
            [
              95.295588098000053,
              5.5315919180000606,
              0,
              null
            ],
            [
              95.295552345000033,
              5.5315915140000698,
              0,
              null
            ],
            [
              95.295532109000078,
              5.5315911220000658,
              0,
              null
            ],
            [
              95.295477371000061,
              5.531582917000037,
              0,
              null
            ],
            [
              95.295450900000048,
              5.5315775610000628,
              0,
              null
            ],
            [
              95.295431105000034,
              5.5315723140000728,
              0,
              null
            ],
            [
              95.295410288000085,
              5.5315640420000705,
              0,
              null
            ],
            [
              95.295375645000036,
              5.5315497400000595,
              0,
              null
            ],
            [
              95.295325029000082,
              5.5315271120000489,
              0,
              null
            ],
            [
              95.295270832000085,
              5.5315020480000499,
              0,
              null
            ],
            [
              95.295237478000047,
              5.5314878890000614,
              0,
              null
            ],
            [
              95.295213163000085,
              5.5314775670000245,
              0,
              null
            ],
            [
              95.29516404900005,
              5.5314559990000589,
              0,
              null
            ],
            [
              95.295120459000032,
              5.5314377910000303,
              0,
              null
            ],
            [
              95.295068340000057,
              5.5314159010000594,
              0,
              null
            ],
            [
              95.295061175000058,
              5.531412964000026,
              0,
              null
            ],
            [
              95.295040329000074,
              5.5314044210000475,
              0,
              null
            ],
            [
              95.295013203000053,
              5.5313951970000517,
              0,
              null
            ],
            [
              95.294996118000086,
              5.5313896240000417,
              0,
              null
            ],
            [
              95.294970785000032,
              5.5313813600000685,
              0,
              null
            ],
            [
              95.294922598000085,
              5.5313642770000229,
              0,
              null
            ],
            [
              95.294879834000085,
              5.5313491160000581,
              0,
              null
            ],
            [
              95.294827518000034,
              5.5313324960000614,
              0,
              null
            ],
            [
              95.29480777100008,
              5.5313255220000315,
              0,
              null
            ],
            [
              95.294795750000048,
              5.5313196840000387,
              0,
              null
            ],
            [
              95.294778386000075,
              5.5313063550000265,
              0,
              null
            ],
            [
              95.294768906000058,
              5.5312964240000611,
              0,
              null
            ],
            [
              95.294760488000065,
              5.531287604000056,
              0,
              null
            ],
            [
              95.294744839000032,
              5.5312696590000314,
              0,
              null
            ],
            [
              95.294731896000087,
              5.531251730000065,
              0,
              null
            ],
            [
              95.294706830000052,
              5.5312106980000522,
              0,
              null
            ],
            [
              95.294688449000034,
              5.531186028000036,
              0,
              null
            ],
            [
              95.294672318000039,
              5.5311671440000509,
              0,
              null
            ],
            [
              95.294655165000052,
              5.5311498640000423,
              0,
              null
            ],
            [
              95.294634409000082,
              5.5311318030000507,
              0,
              null
            ],
            [
              95.294613949000052,
              5.531115557000021,
              0,
              null
            ],
            [
              95.294599832000074,
              5.5311056540000436,
              0,
              null
            ],
            [
              95.294590331000052,
              5.5310989890000428,
              0,
              null
            ],
            [
              95.294565358000057,
              5.5310822630000303,
              0,
              null
            ],
            [
              95.294540898000037,
              5.5310672630000681,
              0,
              null
            ],
            [
              95.294538284000055,
              5.5310656640000389,
              0,
              null
            ],
            [
              95.294506719000083,
              5.5310470830000327,
              0,
              null
            ],
            [
              95.294487710000055,
              5.5310374670000328,
              0,
              null
            ],
            [
              95.294464361000053,
              5.5310251190000486,
              0,
              null
            ],
            [
              95.294452770000078,
              5.5310202310000705,
              0,
              null
            ],
            [
              95.294433502000061,
              5.5310121040000695,
              0,
              null
            ],
            [
              95.294409228000063,
              5.5310032040000578,
              0,
              null
            ],
            [
              95.294390641000064,
              5.5309978070000625,
              0,
              null
            ],
            [
              95.294369350000068,
              5.5309928460000606,
              0,
              null
            ],
            [
              95.294372764000059,
              5.530979718000026,
              0,
              null
            ],
            [
              95.294377929000063,
              5.5309625670000742,
              0,
              null
            ],
            [
              95.29438261100006,
              5.5309438380000415,
              0,
              null
            ],
            [
              95.294388690000062,
              5.5309176540000635,
              0,
              null
            ],
            [
              95.294406554000034,
              5.5308501880000449,
              0,
              null
            ],
            [
              95.294430605000059,
              5.5307636340000386,
              0,
              null
            ],
            [
              95.294442118000063,
              5.5306942270000263,
              0,
              null
            ],
            [
              95.294439204000071,
              5.5306813230000671,
              0,
              null
            ],
            [
              95.294232194000074,
              5.5304956180000318,
              0,
              null
            ],
            [
              95.294161442000075,
              5.5304258730000697,
              0,
              null
            ],
            [
              95.294134430000042,
              5.5304020870000272,
              0,
              null
            ],
            [
              95.294113351000078,
              5.5303866030000677,
              0,
              null
            ],
            [
              95.294098332000033,
              5.5303765600000361,
              0,
              null
            ],
            [
              95.294092440000043,
              5.5303726190000475,
              0,
              null
            ],
            [
              95.294075469000063,
              5.5303628680000543,
              0,
              null
            ],
            [
              95.294056136000052,
              5.5303537480000386,
              0,
              null
            ],
            [
              95.294056083000044,
              5.5303537230000757,
              0,
              null
            ],
            [
              95.29403731900004,
              5.5303466990000629,
              0,
              null
            ],
            [
              95.294018712000081,
              5.5303407420000212,
              0,
              null
            ],
            [
              95.293984967000085,
              5.5303301520000332,
              0,
              null
            ],
            [
              95.293965296000067,
              5.5303243430000748,
              0,
              null
            ],
            [
              95.293945023000049,
              5.5303189980000411,
              0,
              null
            ],
            [
              95.293919460000041,
              5.5303129140000351,
              0,
              null
            ],
            [
              95.293907942000033,
              5.5303101250000282,
              0,
              null
            ],
            [
              95.293884524000077,
              5.530304453000042,
              0,
              null
            ],
            [
              95.293810559000065,
              5.5302858920000517,
              0,
              null
            ],
            [
              95.29373733500006,
              5.5302655120000281,
              0,
              null
            ],
            [
              95.293712976000052,
              5.5302582120000352,
              0,
              null
            ],
            [
              95.293696325000042,
              5.530251632000045,
              0,
              null
            ],
            [
              95.293683547000057,
              5.5302461950000747,
              0,
              null
            ],
            [
              95.293671822000078,
              5.5302396870000621,
              0,
              null
            ],
            [
              95.293659097000045,
              5.5302313830000571,
              0,
              null
            ],
            [
              95.29364703300007,
              5.5302214510000454,
              0,
              null
            ],
            [
              95.293634175000079,
              5.5302094230000307,
              0,
              null
            ],
            [
              95.293612166000059,
              5.5301864230000319,
              0,
              null
            ],
            [
              95.293663447000085,
              5.5301477080000723,
              0,
              null
            ],
            [
              95.293754383000078,
              5.530079823000051,
              0,
              null
            ],
            [
              95.293822145000036,
              5.5300314720000756,
              0,
              null
            ],
            [
              95.293869551000057,
              5.5299975300000597,
              0,
              null
            ],
            [
              95.293890042000044,
              5.5299828580000394,
              0,
              null
            ],
            [
              95.293944410000051,
              5.5299422060000438,
              0,
              null
            ],
            [
              95.293993273000069,
              5.5299079750000715,
              0,
              null
            ],
            [
              95.294069445000048,
              5.5298531100000332,
              0,
              null
            ],
            [
              95.294070648000059,
              5.5298522440000397,
              0,
              null
            ],
            [
              95.294079800000077,
              5.5298456580000561,
              0,
              null
            ],
            [
              95.294170486000041,
              5.5297810200000299,
              0,
              null
            ],
            [
              95.294239352000034,
              5.5297310100000345,
              0,
              null
            ],
            [
              95.29427858300005,
              5.5297020890000681,
              0,
              null
            ],
            [
              95.29432818500004,
              5.5296655200000373,
              0,
              null
            ],
            [
              95.294366307000075,
              5.5296358520000695,
              0,
              null
            ],
            [
              95.294398071000046,
              5.5296111310000242,
              0,
              null
            ],
            [
              95.294521144000043,
              5.5295205590000478,
              0,
              null
            ],
            [
              95.294534899000041,
              5.5295104360000664,
              0,
              null
            ],
            [
              95.294587227000079,
              5.529471926000042,
              0,
              null
            ],
            [
              95.294681958000069,
              5.5294059980000725,
              0,
              null
            ],
            [
              95.294691361000048,
              5.5293996140000559,
              0,
              null
            ],
            [
              95.294798463000063,
              5.5293269000000578,
              0,
              null
            ],
            [
              95.294816412000046,
              5.5293147140000656,
              0,
              null
            ],
            [
              95.294857810000053,
              5.5292866130000675,
              0,
              null
            ],
            [
              95.294876486000078,
              5.5292739340000594,
              0,
              null
            ],
            [
              95.294912274000069,
              5.5292496400000459,
              0,
              null
            ],
            [
              95.294971849000035,
              5.5292045560000247,
              0,
              null
            ],
            [
              95.294997287000058,
              5.5291805670000258,
              0,
              null
            ],
            [
              95.295012863000068,
              5.529156874000023,
              0,
              null
            ],
            [
              95.295019682000031,
              5.5291465020000601,
              0,
              null
            ],
            [
              95.295066414000075,
              5.5290722520000486,
              0,
              null
            ],
            [
              95.29506781300006,
              5.5290700270000457,
              0,
              null
            ],
            [
              95.295070323000061,
              5.5290663060000611,
              0,
              null
            ],
            [
              95.295111937000058,
              5.5290045980000286,
              0,
              null
            ],
            [
              95.295148592000032,
              5.5289502450000327,
              0,
              null
            ],
            [
              95.295174682000038,
              5.5289604330000657,
              0,
              null
            ],
            [
              95.295245392000083,
              5.5288464790000376,
              0,
              null
            ],
            [
              95.295266352000056,
              5.5288165980000485,
              0,
              null
            ],
            [
              95.295372843000052,
              5.528680879000035,
              0,
              null
            ],
            [
              95.295607994000079,
              5.5283822080000391,
              0,
              null
            ],
            [
              95.295969231000072,
              5.5279130030000374,
              0,
              null
            ],
            [
              95.296130241000071,
              5.5277000000000385,
              0,
              null
            ],
            [
              95.296238523000056,
              5.5275546480000344,
              0,
              null
            ],
            [
              95.296424985000044,
              5.5273129080000558,
              0,
              null
            ],
            [
              95.296463545000051,
              5.5273426740000673,
              0,
              null
            ],
            [
              95.296495699000047,
              5.5273647010000673,
              0,
              null
            ],
            [
              95.296496499000057,
              5.5273636440000473,
              0,
              null
            ],
            [
              95.29655697000004,
              5.5274037160000375,
              0,
              null
            ],
            [
              95.296576252000079,
              5.5274141720000216,
              0,
              null
            ],
            [
              95.296601488000078,
              5.5274243880000427,
              0,
              null
            ],
            [
              95.296651721000046,
              5.5274412420000658,
              0,
              null
            ],
            [
              95.296767401000068,
              5.5274763460000713,
              0,
              null
            ],
            [
              95.296829283000079,
              5.5274941390000549,
              0,
              null
            ],
            [
              95.296869277000042,
              5.5275064770000313,
              0,
              null
            ],
            [
              95.296908322000036,
              5.5275207160000264,
              0,
              null
            ],
            [
              95.296952125000075,
              5.5275383000000602,
              0,
              null
            ],
            [
              95.296982119000063,
              5.5275518420000367,
              0,
              null
            ],
            [
              95.297001596000086,
              5.527561563000063,
              0,
              null
            ],
            [
              95.297009741000068,
              5.527565629000037,
              0,
              null
            ],
            [
              95.297018789000049,
              5.5275705990000574,
              0,
              null
            ],
            [
              95.297033553000063,
              5.527578707000032,
              0,
              null
            ],
            [
              95.297069273000034,
              5.527601058000073,
              0,
              null
            ],
            [
              95.29717525600006,
              5.5276736130000472,
              0,
              null
            ],
            [
              95.29728315300008,
              5.5277537890000303,
              0,
              null
            ],
            [
              95.297304098000041,
              5.5277690400000665,
              0,
              null
            ],
            [
              95.297344741000074,
              5.5277986310000529,
              0,
              null
            ],
            [
              95.297415822000062,
              5.527850385000022,
              0,
              null
            ],
            [
              95.297506631000033,
              5.5279210090000674,
              0,
              null
            ],
            [
              95.297509437000031,
              5.527923195000028,
              0,
              null
            ],
            [
              95.297580826000058,
              5.5279755420000356,
              0,
              null
            ],
            [
              95.29761386000007,
              5.5279997640000715,
              0,
              null
            ],
            [
              95.297636627000031,
              5.5280164580000246,
              0,
              null
            ],
            [
              95.29772022800006,
              5.5280797440000242,
              0,
              null
            ],
            [
              95.297849597000038,
              5.5281715730000656,
              0,
              null
            ],
            [
              95.297868376000054,
              5.5281849020000209,
              0,
              null
            ],
            [
              95.297911480000039,
              5.528215451000051,
              0,
              null
            ],
            [
              95.297937350000041,
              5.5282306280000739,
              0,
              null
            ],
            [
              95.29793754700006,
              5.5282307440000409,
              0,
              null
            ],
            [
              95.297965735000048,
              5.5282460290000586,
              0,
              null
            ],
            [
              95.29806233100004,
              5.5282918900000482,
              0,
              null
            ],
            [
              95.298098980000077,
              5.528307160000054,
              0,
              null
            ],
            [
              95.298131237000064,
              5.5283203320000212,
              0,
              null
            ],
            [
              95.298148659000049,
              5.5283255250000707,
              0,
              null
            ],
            [
              95.29816575600006,
              5.5283282700000314,
              0,
              null
            ],
            [
              95.298170030000051,
              5.5283282040000472,
              0,
              null
            ],
            [
              95.298177321000082,
              5.5283280900000591,
              0,
              null
            ],
            [
              95.298192558000039,
              5.5283258810000575,
              0,
              null
            ],
            [
              95.29819327000007,
              5.5283257780000667,
              0,
              null
            ],
            [
              95.298215236000033,
              5.5283184070000289,
              0,
              null
            ],
            [
              95.298226067000087,
              5.528313484000023,
              0,
              null
            ],
            [
              95.298238983000033,
              5.5283076120000487,
              0,
              null
            ],
            [
              95.298245296000061,
              5.5283042840000576,
              0,
              null
            ],
            [
              95.298259159000054,
              5.5282969760000356,
              0,
              null
            ],
            [
              95.298260221000078,
              5.5282963730000461,
              0,
              null
            ],
            [
              95.298287946000073,
              5.5282806210000217,
              0,
              null
            ],
            [
              95.298294923000071,
              5.5282777480000505,
              0,
              null
            ],
            [
              95.298302258000035,
              5.5282747260000633,
              0,
              null
            ],
            [
              95.298319023000033,
              5.5282685060000745,
              0,
              null
            ],
            [
              95.298343103000036,
              5.5282643900000608,
              0,
              null
            ],
            [
              95.298371270000075,
              5.5282627170000751,
              0,
              null
            ],
            [
              95.298391124000034,
              5.5282621970000605,
              0,
              null
            ],
            [
              95.298412785000039,
              5.5282647800000291,
              0,
              null
            ],
            [
              95.298421326000039,
              5.5282666070000346,
              0,
              null
            ],
            [
              95.298440792000065,
              5.5282707730000311,
              0,
              null
            ],
            [
              95.298449970000036,
              5.5282729290000248,
              0,
              null
            ],
            [
              95.298482156000034,
              5.5282804920000217,
              0,
              null
            ],
            [
              95.298560002000045,
              5.5283019120000745,
              0,
              null
            ],
            [
              95.298631168000043,
              5.5283199050000462,
              0,
              null
            ],
            [
              95.298652202000085,
              5.5283250790000693,
              0,
              null
            ],
            [
              95.298700373000031,
              5.5283369290000337,
              0,
              null
            ],
            [
              95.29872838600005,
              5.5283443950000333,
              0,
              null
            ],
            [
              95.298745000000054,
              5.5283507310000459,
              0,
              null
            ],
            [
              95.298764550000044,
              5.5283601640000484,
              0,
              null
            ],
            [
              95.298774711000078,
              5.5283671270000241,
              0,
              null
            ],
            [
              95.298783779000075,
              5.5283733400000301,
              0,
              null
            ],
            [
              95.298791666000056,
              5.5283623180000632,
              0,
              null
            ],
            [
              95.298804302000065,
              5.5283453020000479,
              0,
              null
            ],
            [
              95.298816305000059,
              5.5283323660000292,
              0,
              null
            ],
            [
              95.298830423000084,
              5.5283207140000741,
              0,
              null
            ],
            [
              95.298840891000054,
              5.5283145900000363,
              0,
              null
            ],
            [
              95.298854960000085,
              5.5283110550000742,
              0,
              null
            ],
            [
              95.29888393300007,
              5.528307815000062,
              0,
              null
            ],
            [
              95.298929519000069,
              5.5283036070000549,
              0,
              null
            ],
            [
              95.298964451000074,
              5.5282997450000266,
              0,
              null
            ],
            [
              95.299004508000053,
              5.5282953170000724,
              0,
              null
            ],
            [
              95.299026480000066,
              5.5282929550000404,
              0,
              null
            ],
            [
              95.299093047000042,
              5.5282858010000382,
              0,
              null
            ],
            [
              95.299109743000031,
              5.5282840070000248,
              0,
              null
            ],
            [
              95.29915638600005,
              5.5282800210000573,
              0,
              null
            ],
            [
              95.299193895000087,
              5.5282762930000331,
              0,
              null
            ],
            [
              95.29920900500008,
              5.528274791000058,
              0,
              null
            ],
            [
              95.299235844000066,
              5.5282728250000446,
              0,
              null
            ],
            [
              95.299256078000042,
              5.528270171000031,
              0,
              null
            ],
            [
              95.299354450000067,
              5.5282594870000707,
              0,
              null
            ],
            [
              95.299395210000057,
              5.5282550610000385,
              0,
              null
            ],
            [
              95.299409113000081,
              5.52825342400007,
              0,
              null
            ],
            [
              95.299413988000083,
              5.5282448360000558,
              0,
              null
            ],
            [
              95.299421113000051,
              5.528228041000034,
              0,
              null
            ],
            [
              95.299425515000053,
              5.5282068080000499,
              0,
              null
            ],
            [
              95.299426770000082,
              5.5281749990000435,
              0,
              null
            ],
            [
              95.299428760000069,
              5.5281245660000309,
              0,
              null
            ],
            [
              95.299440030000085,
              5.5281250100000534,
              0,
              null
            ],
            [
              95.299776674000043,
              5.5280868610000766,
              0,
              null
            ],
            [
              95.29975236000007,
              5.528170704000047,
              0,
              null
            ],
            [
              95.299738754000032,
              5.5282214940000358,
              0,
              null
            ],
            [
              95.299731490000056,
              5.5282629860000725,
              0,
              null
            ],
            [
              95.299728296000069,
              5.5283098030000701,
              0,
              null
            ],
            [
              95.299728103000064,
              5.5283379400000285,
              0,
              null
            ],
            [
              95.299728002000052,
              5.5283526330000541,
              0,
              null
            ],
            [
              95.299733295000067,
              5.5283906850000335,
              0,
              null
            ],
            [
              95.299733857000035,
              5.5283947240000657,
              0,
              null
            ],
            [
              95.299746599000059,
              5.5284426100000701,
              0,
              null
            ],
            [
              95.299774912000032,
              5.5285206660000767,
              0,
              null
            ],
            [
              95.299791334000076,
              5.5285659400000213,
              0,
              null
            ],
            [
              95.29983061300004,
              5.5286711220000484,
              0,
              null
            ],
            [
              95.299834849000035,
              5.5286791210000388,
              0,
              null
            ],
            [
              95.299853859000052,
              5.5287150080000629,
              0,
              null
            ],
            [
              95.299882525000044,
              5.5287516140000434,
              0,
              null
            ],
            [
              95.299906460000045,
              5.52877299000005,
              0,
              null
            ],
            [
              95.299928210000076,
              5.5287845750000315,
              0,
              null
            ],
            [
              95.29995430200006,
              5.5287899790000665,
              0,
              null
            ],
            [
              95.29998736400006,
              5.528793826000026,
              0,
              null
            ],
            [
              95.300028202000078,
              5.5287985780000213,
              0,
              null
            ],
            [
              95.300115513000037,
              5.5288111480000453,
              0,
              null
            ],
            [
              95.300153194000075,
              5.528820167000049,
              0,
              null
            ],
            [
              95.300203927000041,
              5.5288382390000379,
              0,
              null
            ],
            [
              95.300239821000048,
              5.5288610500000459,
              0,
              null
            ],
            [
              95.300269200000059,
              5.5288882260000491,
              0,
              null
            ],
            [
              95.300301501000035,
              5.5289291840000487,
              0,
              null
            ],
            [
              95.300334176000035,
              5.528982850000034,
              0,
              null
            ],
            [
              95.300368262000063,
              5.529046663000031,
              0,
              null
            ],
            [
              95.30038049400008,
              5.5290695610000284,
              0,
              null
            ],
            [
              95.300380665000034,
              5.5290698810000549,
              0,
              null
            ],
            [
              95.300387280000052,
              5.5290813190000563,
              0,
              null
            ],
            [
              95.300394072000074,
              5.5290930620000722,
              0,
              null
            ],
            [
              95.300402821000034,
              5.5291081890000555,
              0,
              null
            ],
            [
              95.300410445000068,
              5.5291213700000412,
              0,
              null
            ],
            [
              95.300443463000079,
              5.5291612410000539,
              0,
              null
            ],
            [
              95.300480469000036,
              5.5292011150000349,
              0,
              null
            ],
            [
              95.300540512000055,
              5.5292537570000491,
              0,
              null
            ],
            [
              95.300545752000062,
              5.5292583510000668,
              0,
              null
            ],
            [
              95.300644028000079,
              5.5293373260000749,
              0,
              null
            ],
            [
              95.300690183000086,
              5.5293766930000743,
              0,
              null
            ],
            [
              95.300735779000036,
              5.5294155840000485,
              0,
              null
            ],
            [
              95.300857990000054,
              5.5295159250000552,
              0,
              null
            ],
            [
              95.300929430000053,
              5.5295742490000634,
              0,
              null
            ],
            [
              95.300985273000038,
              5.5296166260000632,
              0,
              null
            ],
            [
              95.301002628000049,
              5.5296283010000593,
              0,
              null
            ],
            [
              95.30112630800005,
              5.5297115060000692,
              0,
              null
            ],
            [
              95.301180823000038,
              5.5297401880000621,
              0,
              null
            ],
            [
              95.301199900000086,
              5.5297502250000434,
              0,
              null
            ],
            [
              95.301334022000049,
              5.529825517000063,
              0,
              null
            ],
            [
              95.30141050900005,
              5.5298638720000213,
              0,
              null
            ],
            [
              95.301442762000079,
              5.529876158000036,
              0,
              null
            ],
            [
              95.301457612000036,
              5.5298786760000667,
              0,
              null
            ],
            [
              95.301483692000033,
              5.5298786380000706,
              0,
              null
            ],
            [
              95.301511940000069,
              5.5298767840000664,
              0,
              null
            ],
            [
              95.301561668000033,
              5.5298659430000612,
              0,
              null
            ],
            [
              95.301576886000078,
              5.5298625050000396,
              0,
              null
            ],
            [
              95.301613649000046,
              5.5298541980000664,
              0,
              null
            ],
            [
              95.301644433000035,
              5.5298505260000752,
              0,
              null
            ],
            [
              95.301670565000052,
              5.529849701000046,
              0,
              null
            ],
            [
              95.301688784000078,
              5.5298515950000251,
              0,
              null
            ],
            [
              95.301713007000046,
              5.5298605290000751,
              0,
              null
            ],
            [
              95.301753402000031,
              5.5298832770000672,
              0,
              null
            ],
            [
              95.301851997000085,
              5.5299512400000594,
              0,
              null
            ],
            [
              95.301887162000071,
              5.5299777960000256,
              0,
              null
            ],
            [
              95.301916959000039,
              5.5300002970000719,
              0,
              null
            ],
            [
              95.301950529000067,
              5.5300288670000555,
              0,
              null
            ],
            [
              95.301976971000045,
              5.530059308000034,
              0,
              null
            ],
            [
              95.301986945000067,
              5.5300863600000412,
              0,
              null
            ],
            [
              95.301986990000046,
              5.5301165330000686,
              0,
              null
            ],
            [
              95.301980526000079,
              5.5301572980000628,
              0,
              null
            ],
            [
              95.301968117000058,
              5.5301959430000238,
              0,
              null
            ],
            [
              95.301938345000053,
              5.5302887290000626,
              0,
              null
            ],
            [
              95.301914244000045,
              5.5303572950000444,
              0,
              null
            ],
            [
              95.301891505000071,
              5.53041435800003,
              0,
              null
            ]
          ]
        ]
      },
      "properties" : {
        "FID" : 0,
        "OBJECTID" : 10455,
        "KDPPUM" : "11",
        "NAMOBJ" : "Lamteumen Barat",
        "REMARK" : " ",
        "KDPBPS" : " ",
        "FCODE" : "BA03070040",
        "LUASWH" : 0,
        "UUPP" : "RBI",
        "SRS_ID" : "SRGI 2013",
        "METADATA" : "TASWIL1000020200326DATA_BATAS_DESA_KELURAHAN",
        "KDEBPS" : " ",
        "KDEPUM" : "11.71.08.2009",
        "KDCBPS" : " ",
        "KDCPUM" : "11.71.08",
        "KDBBPS" : " ",
        "WADMKD" : "Lamteumen Barat",
        "WIADKD" : "0",
        "WADMKC" : "Jaya Baru",
        "WIADKC" : " ",
        "WADMKK" : "Kota Banda Aceh",
        "WIADKK" : " ",
        "WADMPR" : "Aceh",
        "WIADPR" : " ",
        "TIPADM" : 9,
        "KDPKAB" : "11.71",
        "SHAPE_Leng" : 0.026876345384128,
        "SHAPE_Area" : 3.2269753703000001e-05
      }
    }
  ]
}