{
  "hasZ" : true,
  "hasM" : true,
  "type" : "FeatureCollection",
  "features" : [
    {
      "type" : "Feature",
      "id" : 0,
      "geometry" : {
        "type" : "Polygon",
        "coordinates" : [
          [
            [
              95.349792875000048,
              5.5698535900000365,
              0,
              null
            ],
            [
              95.349711780000064,
              5.5698511060000442,
              0,
              null
            ],
            [
              95.349237465000044,
              5.5698180500000376,
              0,
              null
            ],
            [
              95.349200947000043,
              5.5698185500000363,
              0,
              null
            ],
            [
              95.349192689000063,
              5.5698189700000285,
              0,
              null
            ],
            [
              95.349193945000081,
              5.5699305990000312,
              0,
              null
            ],
            [
              95.349194276000048,
              5.5700504360000309,
              0,
              null
            ],
            [
              95.349180740000065,
              5.5700494160000744,
              0,
              null
            ],
            [
              95.349013065000065,
              5.5700367780000306,
              0,
              null
            ],
            [
              95.34898962300008,
              5.5700350100000264,
              0,
              null
            ],
            [
              95.348777908000045,
              5.5700190520000206,
              0,
              null
            ],
            [
              95.348769035000032,
              5.5700183840000363,
              0,
              null
            ],
            [
              95.348653839000065,
              5.5700109420000672,
              0,
              null
            ],
            [
              95.348641856000086,
              5.5700128690000383,
              0,
              null
            ],
            [
              95.348630394000054,
              5.5700247170000239,
              0,
              null
            ],
            [
              95.348626387000081,
              5.570028857000068,
              0,
              null
            ],
            [
              95.348616376000052,
              5.570042891000071,
              0,
              null
            ],
            [
              95.348610257000075,
              5.5700533640000458,
              0,
              null
            ],
            [
              95.348608971000033,
              5.5700582450000411,
              0,
              null
            ],
            [
              95.348597866000034,
              5.570056131000058,
              0,
              null
            ],
            [
              95.348543606000078,
              5.5700458070000423,
              0,
              null
            ],
            [
              95.348528226000042,
              5.5700428810000631,
              0,
              null
            ],
            [
              95.348463937000076,
              5.5700284610000494,
              0,
              null
            ],
            [
              95.348439088000077,
              5.5700228880000395,
              0,
              null
            ],
            [
              95.348219853000046,
              5.5699638230000232,
              0,
              null
            ],
            [
              95.348204225000075,
              5.5699596130000373,
              0,
              null
            ],
            [
              95.348045687000081,
              5.5699130800000489,
              0,
              null
            ],
            [
              95.347753852000039,
              5.5698274250000281,
              0,
              null
            ],
            [
              95.347650087000034,
              5.5697969690000377,
              0,
              null
            ],
            [
              95.347534645000053,
              5.5697630850000337,
              0,
              null
            ],
            [
              95.347302955000032,
              5.569707582000035,
              0,
              null
            ],
            [
              95.347279563000086,
              5.5697019790000581,
              0,
              null
            ],
            [
              95.347066560000087,
              5.5696544010000366,
              0,
              null
            ],
            [
              95.346973570000046,
              5.5696361700000239,
              0,
              null
            ],
            [
              95.346934575000034,
              5.5696299340000337,
              0,
              null
            ],
            [
              95.34687322700006,
              5.5696201250000286,
              0,
              null
            ],
            [
              95.346855322000067,
              5.5696172610000758,
              0,
              null
            ],
            [
              95.346858258000054,
              5.5696060690000309,
              0,
              null
            ],
            [
              95.346879914000056,
              5.5695023960000754,
              0,
              null
            ],
            [
              95.346882685000082,
              5.5694891230000394,
              0,
              null
            ],
            [
              95.34686507400005,
              5.569485180000072,
              0,
              null
            ],
            [
              95.346848676000036,
              5.569481508000024,
              0,
              null
            ],
            [
              95.346845750000057,
              5.5694808530000728,
              0,
              null
            ],
            [
              95.346835682000062,
              5.5694785990000355,
              0,
              null
            ],
            [
              95.346740386000079,
              5.5694572590000462,
              0,
              null
            ],
            [
              95.346693248000065,
              5.5694467030000396,
              0,
              null
            ],
            [
              95.346611247000055,
              5.5694283400000586,
              0,
              null
            ],
            [
              95.34659393700008,
              5.5694251200000622,
              0,
              null
            ],
            [
              95.34655439800008,
              5.5694177680000507,
              0,
              null
            ],
            [
              95.346528406000061,
              5.5694129350000594,
              0,
              null
            ],
            [
              95.346494444000086,
              5.5694066190000626,
              0,
              null
            ],
            [
              95.346460128000047,
              5.5693969800000218,
              0,
              null
            ],
            [
              95.346447558000079,
              5.569391362000033,
              0,
              null
            ],
            [
              95.346442454000055,
              5.5693875610000418,
              0,
              null
            ],
            [
              95.346437994000041,
              5.5693842410000229,
              0,
              null
            ],
            [
              95.346426936000057,
              5.5693806330000371,
              0,
              null
            ],
            [
              95.346421812000074,
              5.5693795020000607,
              0,
              null
            ],
            [
              95.346407356000043,
              5.5693763110000418,
              0,
              null
            ],
            [
              95.346374121000053,
              5.5693719210000268,
              0,
              null
            ],
            [
              95.346347070000036,
              5.5693677970000408,
              0,
              null
            ],
            [
              95.346314332000077,
              5.5693622680000203,
              0,
              null
            ],
            [
              95.346305612000037,
              5.5693607950000228,
              0,
              null
            ],
            [
              95.346302193000042,
              5.5693602180000426,
              0,
              null
            ],
            [
              95.346297452000044,
              5.5693592560000411,
              0,
              null
            ],
            [
              95.346270711000045,
              5.569353829000022,
              0,
              null
            ],
            [
              95.346242474000064,
              5.5693455800000606,
              0,
              null
            ],
            [
              95.346177965000038,
              5.5693243700000608,
              0,
              null
            ],
            [
              95.346163983000054,
              5.5693197720000285,
              0,
              null
            ],
            [
              95.346113718000083,
              5.5693032450000715,
              0,
              null
            ],
            [
              95.346086146000061,
              5.569294113000069,
              0,
              null
            ],
            [
              95.346041240000034,
              5.5692762590000484,
              0,
              null
            ],
            [
              95.346000276000041,
              5.5692599720000544,
              0,
              null
            ],
            [
              95.345999329000051,
              5.5692595950000623,
              0,
              null
            ],
            [
              95.345942138000055,
              5.5692401880000375,
              0,
              null
            ],
            [
              95.345904014000041,
              5.5692227530000764,
              0,
              null
            ],
            [
              95.345889951000061,
              5.5692163220000452,
              0,
              null
            ],
            [
              95.345887304000087,
              5.5692151110000623,
              0,
              null
            ],
            [
              95.345879244000059,
              5.5692121590000738,
              0,
              null
            ],
            [
              95.345868496000037,
              5.5692082210000535,
              0,
              null
            ],
            [
              95.345866988000068,
              5.5692076680000469,
              0,
              null
            ],
            [
              95.345769010000083,
              5.5691833720000545,
              0,
              null
            ],
            [
              95.345737106000058,
              5.5691754600000536,
              0,
              null
            ],
            [
              95.34557652500007,
              5.5691467030000581,
              0,
              null
            ],
            [
              95.345550625000044,
              5.569142447000047,
              0,
              null
            ],
            [
              95.345496808000064,
              5.5691371250000543,
              0,
              null
            ],
            [
              95.345467976000066,
              5.5691342740000209,
              0,
              null
            ],
            [
              95.345327402000066,
              5.5691231260000222,
              0,
              null
            ],
            [
              95.345230264000065,
              5.5691146960000424,
              0,
              null
            ],
            [
              95.344772068000054,
              5.5689829110000346,
              0,
              null
            ],
            [
              95.344705168000075,
              5.5689665170000353,
              0,
              null
            ],
            [
              95.344658817000038,
              5.5689556210000433,
              0,
              null
            ],
            [
              95.344619156000078,
              5.5689462120000712,
              0,
              null
            ],
            [
              95.344642699000076,
              5.5688639280000416,
              0,
              null
            ],
            [
              95.344717933000084,
              5.5685864260000244,
              0,
              null
            ],
            [
              95.344738395000036,
              5.5685099340000761,
              0,
              null
            ],
            [
              95.34475959100007,
              5.5684373850000384,
              0,
              null
            ],
            [
              95.344769824000082,
              5.568399677000059,
              0,
              null
            ],
            [
              95.344795159000057,
              5.5684062300000505,
              0,
              null
            ],
            [
              95.344869823000067,
              5.5684260280000331,
              0,
              null
            ],
            [
              95.344872744000043,
              5.5684081030000243,
              0,
              null
            ],
            [
              95.344878630000039,
              5.5683719770000266,
              0,
              null
            ],
            [
              95.344877773000064,
              5.5679753460000256,
              0,
              null
            ],
            [
              95.344876590000069,
              5.5678802100000553,
              0,
              null
            ],
            [
              95.344877380000071,
              5.5678032190000408,
              0,
              null
            ],
            [
              95.344878874000074,
              5.5676576800000248,
              0,
              null
            ],
            [
              95.34487732000008,
              5.5675804080000262,
              0,
              null
            ],
            [
              95.344876638000073,
              5.5675464910000301,
              0,
              null
            ],
            [
              95.344883887000037,
              5.5674406610000347,
              0,
              null
            ],
            [
              95.344885446000035,
              5.5674242010000512,
              0,
              null
            ],
            [
              95.34488983500006,
              5.5673778620000576,
              0,
              null
            ],
            [
              95.344892553000079,
              5.5673631100000307,
              0,
              null
            ],
            [
              95.344900522000046,
              5.5673198520000255,
              0,
              null
            ],
            [
              95.344931699000085,
              5.5671762070000455,
              0,
              null
            ],
            [
              95.344962413000076,
              5.5670332840000469,
              0,
              null
            ],
            [
              95.344979378000062,
              5.5669543400000521,
              0,
              null
            ],
            [
              95.344980064000083,
              5.5669511430000398,
              0,
              null
            ],
            [
              95.345006111000032,
              5.5668401000000358,
              0,
              null
            ],
            [
              95.345021823000081,
              5.5667731170000252,
              0,
              null
            ],
            [
              95.345031970000036,
              5.5667312580000612,
              0,
              null
            ],
            [
              95.345066347000056,
              5.5665894300000218,
              0,
              null
            ],
            [
              95.345076542000072,
              5.5665146010000512,
              0,
              null
            ],
            [
              95.34507420500006,
              5.5665097300000639,
              0,
              null
            ],
            [
              95.345065833000035,
              5.5665029390000313,
              0,
              null
            ],
            [
              95.345060401000069,
              5.5664998580000429,
              0,
              null
            ],
            [
              95.345037929000057,
              5.56648711400004,
              0,
              null
            ],
            [
              95.345013010000059,
              5.5664731120000397,
              0,
              null
            ],
            [
              95.344987159000084,
              5.5664615090000211,
              0,
              null
            ],
            [
              95.344970025000066,
              5.5664442410000561,
              0,
              null
            ],
            [
              95.344968327000061,
              5.566414003000034,
              0,
              null
            ],
            [
              95.344969569000057,
              5.5663978060000545,
              0,
              null
            ],
            [
              95.34497530200008,
              5.5663230310000245,
              0,
              null
            ],
            [
              95.344986040000038,
              5.5661829600000488,
              0,
              null
            ],
            [
              95.344989540000086,
              5.5661286750000727,
              0,
              null
            ],
            [
              95.345006700000056,
              5.5658624790000317,
              0,
              null
            ],
            [
              95.345014445000061,
              5.5657423380000637,
              0,
              null
            ],
            [
              95.34501487700004,
              5.5657356420000497,
              0,
              null
            ],
            [
              95.345028889000048,
              5.5655748220000305,
              0,
              null
            ],
            [
              95.345030457000064,
              5.5655477270000233,
              0,
              null
            ],
            [
              95.344989473000055,
              5.5655436420000228,
              0,
              null
            ],
            [
              95.344914626000048,
              5.5655381040000407,
              0,
              null
            ],
            [
              95.344916638000086,
              5.5655110620000414,
              0,
              null
            ],
            [
              95.344922048000058,
              5.5654383900000539,
              0,
              null
            ],
            [
              95.344934346000059,
              5.5652679910000415,
              0,
              null
            ],
            [
              95.344934825000053,
              5.5652613580000434,
              0,
              null
            ],
            [
              95.344942446000061,
              5.5651794100000416,
              0,
              null
            ],
            [
              95.344942538000055,
              5.5651784270000348,
              0,
              null
            ],
            [
              95.344947087000037,
              5.5651295070000515,
              0,
              null
            ],
            [
              95.344953256000053,
              5.56506317700007,
              0,
              null
            ],
            [
              95.34495770400008,
              5.5650153370000339,
              0,
              null
            ],
            [
              95.344970476000071,
              5.5648898370000666,
              0,
              null
            ],
            [
              95.344973774000039,
              5.5648574200000667,
              0,
              null
            ],
            [
              95.34497387600004,
              5.5648564240000269,
              0,
              null
            ],
            [
              95.344986281000047,
              5.564734526000052,
              0,
              null
            ],
            [
              95.344998340000075,
              5.5646327810000571,
              0,
              null
            ],
            [
              95.344998525000051,
              5.5646227410000506,
              0,
              null
            ],
            [
              95.344998808000071,
              5.564607421000062,
              0,
              null
            ],
            [
              95.344997233000072,
              5.5645778010000413,
              0,
              null
            ],
            [
              95.344994667000037,
              5.5645613810000327,
              0,
              null
            ],
            [
              95.344992618000049,
              5.5645482710000351,
              0,
              null
            ],
            [
              95.34497697900008,
              5.5644889420000254,
              0,
              null
            ],
            [
              95.344942743000047,
              5.5643808690000469,
              0,
              null
            ],
            [
              95.344936803000053,
              5.5643621220000341,
              0,
              null
            ],
            [
              95.344928630000084,
              5.5643021590000217,
              0,
              null
            ],
            [
              95.344925150000051,
              5.5642766220000226,
              0,
              null
            ],
            [
              95.344924576000039,
              5.5642206730000225,
              0,
              null
            ],
            [
              95.344924831000071,
              5.5642169290000538,
              0,
              null
            ],
            [
              95.344927490000032,
              5.5641778480000426,
              0,
              null
            ],
            [
              95.344927666000046,
              5.5641752630000383,
              0,
              null
            ],
            [
              95.344929826000055,
              5.5641552720000504,
              0,
              null
            ],
            [
              95.344931641000073,
              5.564138488000026,
              0,
              null
            ],
            [
              95.344935199000076,
              5.5641071320000606,
              0,
              null
            ],
            [
              95.34493559200007,
              5.5640875710000728,
              0,
              null
            ],
            [
              95.344936076000067,
              5.5640634100000739,
              0,
              null
            ],
            [
              95.344936229000041,
              5.5640557970000373,
              0,
              null
            ],
            [
              95.344937031000086,
              5.5640158220000444,
              0,
              null
            ],
            [
              95.344937900000048,
              5.5639725240000644,
              0,
              null
            ],
            [
              95.344938839000065,
              5.563925728000072,
              0,
              null
            ],
            [
              95.344939504000081,
              5.5638925530000733,
              0,
              null
            ],
            [
              95.344939670000031,
              5.563884268000038,
              0,
              null
            ],
            [
              95.344939741000076,
              5.5638807420000376,
              0,
              null
            ],
            [
              95.34520655700004,
              5.563874401000021,
              0,
              null
            ],
            [
              95.345459275000053,
              5.5638675120000585,
              0,
              null
            ],
            [
              95.346365632000072,
              5.5639034770000535,
              0,
              null
            ],
            [
              95.34638334300007,
              5.5639016260000744,
              0,
              null
            ],
            [
              95.346401568000033,
              5.5639019780000467,
              0,
              null
            ],
            [
              95.346456186000069,
              5.5639074320000645,
              0,
              null
            ],
            [
              95.346784114000059,
              5.5639401730000486,
              0,
              null
            ],
            [
              95.346812440000065,
              5.5639442000000372,
              0,
              null
            ],
            [
              95.346830908000072,
              5.563953472000037,
              0,
              null
            ],
            [
              95.34684044800008,
              5.5639614970000366,
              0,
              null
            ],
            [
              95.346851212000047,
              5.5639732320000235,
              0,
              null
            ],
            [
              95.346866910000074,
              5.5639846490000764,
              0,
              null
            ],
            [
              95.346874914000068,
              5.5639874370000371,
              0,
              null
            ],
            [
              95.347159695000073,
              5.5640212570000358,
              0,
              null
            ],
            [
              95.347202699000036,
              5.5640147490000231,
              0,
              null
            ],
            [
              95.347390788000041,
              5.5640278250000392,
              0,
              null
            ],
            [
              95.347536572000081,
              5.5640357810000296,
              0,
              null
            ],
            [
              95.347974881000084,
              5.5639947780000512,
              0,
              null
            ],
            [
              95.347977538000066,
              5.5639947100000313,
              0,
              null
            ],
            [
              95.347980090000078,
              5.5639663100000689,
              0,
              null
            ],
            [
              95.348410633000071,
              5.563983720000067,
              0,
              null
            ],
            [
              95.348584264000067,
              5.5640295650000553,
              0,
              null
            ],
            [
              95.348672105000048,
              5.564052471000025,
              0,
              null
            ],
            [
              95.348899791000065,
              5.5641092540000727,
              0,
              null
            ],
            [
              95.348928455000078,
              5.5641188510000461,
              0,
              null
            ],
            [
              95.348938957000087,
              5.5641293920000408,
              0,
              null
            ],
            [
              95.348943833000078,
              5.5641468130000362,
              0,
              null
            ],
            [
              95.348943048000081,
              5.5641689450000626,
              0,
              null
            ],
            [
              95.348941235000041,
              5.5641802080000389,
              0,
              null
            ],
            [
              95.348935416000074,
              5.5642163510000273,
              0,
              null
            ],
            [
              95.348932988000058,
              5.5642314370000463,
              0,
              null
            ],
            [
              95.348926426000048,
              5.5642721990000723,
              0,
              null
            ],
            [
              95.348917030000052,
              5.5643305640000449,
              0,
              null
            ],
            [
              95.348913648000064,
              5.5643515710000315,
              0,
              null
            ],
            [
              95.34891069300005,
              5.5643699340000694,
              0,
              null
            ],
            [
              95.348898675000044,
              5.5644445900000505,
              0,
              null
            ],
            [
              95.348902144000078,
              5.564445509000052,
              0,
              null
            ],
            [
              95.348941963000073,
              5.5644519820000369,
              0,
              null
            ],
            [
              95.348949032000064,
              5.5644531310000502,
              0,
              null
            ],
            [
              95.349018405000038,
              5.5644644080000489,
              0,
              null
            ],
            [
              95.349061645000063,
              5.5644702070000562,
              0,
              null
            ],
            [
              95.349078042000087,
              5.5644724060000499,
              0,
              null
            ],
            [
              95.349109157000044,
              5.5644765800000755,
              0,
              null
            ],
            [
              95.349114368000073,
              5.5644532440000489,
              0,
              null
            ],
            [
              95.349109458000044,
              5.5644292510000355,
              0,
              null
            ],
            [
              95.34910883100008,
              5.5644101650000266,
              0,
              null
            ],
            [
              95.349110070000052,
              5.5644036980000351,
              0,
              null
            ],
            [
              95.349116255000069,
              5.564371445000063,
              0,
              null
            ],
            [
              95.349124840000059,
              5.5643359020000389,
              0,
              null
            ],
            [
              95.349126344000069,
              5.5643296780000355,
              0,
              null
            ],
            [
              95.349137506000034,
              5.5642834670000525,
              0,
              null
            ],
            [
              95.349139875000049,
              5.5642736610000725,
              0,
              null
            ],
            [
              95.349151213000084,
              5.564226728000051,
              0,
              null
            ],
            [
              95.349152060000051,
              5.5642229110000585,
              0,
              null
            ],
            [
              95.349154077000037,
              5.5642138150000733,
              0,
              null
            ],
            [
              95.349163494000038,
              5.5641713580000669,
              0,
              null
            ],
            [
              95.349174675000086,
              5.5641209410000556,
              0,
              null
            ],
            [
              95.349186917000054,
              5.5640657450000504,
              0,
              null
            ],
            [
              95.349189290000083,
              5.5640548190000345,
              0,
              null
            ],
            [
              95.349223124000048,
              5.5638990140000715,
              0,
              null
            ],
            [
              95.349242742000058,
              5.5638083110000593,
              0,
              null
            ],
            [
              95.349246443000084,
              5.5637884240000517,
              0,
              null
            ],
            [
              95.34928203000004,
              5.5636061580000273,
              0,
              null
            ],
            [
              95.349288252000065,
              5.5635761910000383,
              0,
              null
            ],
            [
              95.349314304000075,
              5.5634640370000739,
              0,
              null
            ],
            [
              95.349336055000038,
              5.5633619560000511,
              0,
              null
            ],
            [
              95.349365555000077,
              5.5632436180000582,
              0,
              null
            ],
            [
              95.349368288000051,
              5.5632326570000714,
              0,
              null
            ],
            [
              95.349377246000074,
              5.5632349270000532,
              0,
              null
            ],
            [
              95.349385813000083,
              5.5632370990000481,
              0,
              null
            ],
            [
              95.34944766600006,
              5.5632527800000275,
              0,
              null
            ],
            [
              95.349598492000041,
              5.5632874310000489,
              0,
              null
            ],
            [
              95.349790786000085,
              5.5633205810000277,
              0,
              null
            ],
            [
              95.349919482000075,
              5.5633419400000435,
              0,
              null
            ],
            [
              95.350049661000071,
              5.5633643010000355,
              0,
              null
            ],
            [
              95.350171775000035,
              5.5633848700000499,
              0,
              null
            ],
            [
              95.350287082000079,
              5.5633996760000741,
              0,
              null
            ],
            [
              95.350438919000055,
              5.563421265000045,
              0,
              null
            ],
            [
              95.350476851000053,
              5.563425875000064,
              0,
              null
            ],
            [
              95.350675980000062,
              5.5634449450000716,
              0,
              null
            ],
            [
              95.350742969000066,
              5.5634496640000748,
              0,
              null
            ],
            [
              95.350782025000058,
              5.5634519470000328,
              0,
              null
            ],
            [
              95.350793388000056,
              5.5634478270000614,
              0,
              null
            ],
            [
              95.350820252000062,
              5.5634345690000373,
              0,
              null
            ],
            [
              95.350836020000031,
              5.5635465200000453,
              0,
              null
            ],
            [
              95.35086199400007,
              5.5637217500000702,
              0,
              null
            ],
            [
              95.350867308000034,
              5.563743392000049,
              0,
              null
            ],
            [
              95.350870633000056,
              5.5637479090000284,
              0,
              null
            ],
            [
              95.350881681000033,
              5.5637629140000513,
              0,
              null
            ],
            [
              95.350898437000069,
              5.5637743140000566,
              0,
              null
            ],
            [
              95.350920716000076,
              5.5637835870000458,
              0,
              null
            ],
            [
              95.350953832000073,
              5.5637872170000264,
              0,
              null
            ],
            [
              95.350993109000058,
              5.5637897890000545,
              0,
              null
            ],
            [
              95.351183710000043,
              5.5637889120000636,
              0,
              null
            ],
            [
              95.351226525000072,
              5.5637920830000667,
              0,
              null
            ],
            [
              95.351248541000075,
              5.5637952800000221,
              0,
              null
            ],
            [
              95.351293746000067,
              5.5638032430000521,
              0,
              null
            ],
            [
              95.351337928000078,
              5.5638158070000259,
              0,
              null
            ],
            [
              95.351389189000031,
              5.5638343770000347,
              0,
              null
            ],
            [
              95.351447405000044,
              5.5638605710000206,
              0,
              null
            ],
            [
              95.351459513000066,
              5.5638651370000503,
              0,
              null
            ],
            [
              95.351486826000041,
              5.5638754370000356,
              0,
              null
            ],
            [
              95.351581944000031,
              5.5639086500000303,
              0,
              null
            ],
            [
              95.351664213000049,
              5.5639336280000293,
              0,
              null
            ],
            [
              95.351804925000067,
              5.5639764920000516,
              0,
              null
            ],
            [
              95.351846157000068,
              5.5639862020000237,
              0,
              null
            ],
            [
              95.351938807000067,
              5.5640050650000603,
              0,
              null
            ],
            [
              95.352012778000073,
              5.5640177470000367,
              0,
              null
            ],
            [
              95.352055952000057,
              5.5640250130000481,
              0,
              null
            ],
            [
              95.35208444500006,
              5.5640298080000434,
              0,
              null
            ],
            [
              95.352193610000086,
              5.5640463950000481,
              0,
              null
            ],
            [
              95.352282798000033,
              5.5640593070000364,
              0,
              null
            ],
            [
              95.352320015000032,
              5.5640645190000555,
              0,
              null
            ],
            [
              95.352375468000048,
              5.5640775070000359,
              0,
              null
            ],
            [
              95.352432026000031,
              5.5640877900000305,
              0,
              null
            ],
            [
              95.352480599000046,
              5.5641001330000677,
              0,
              null
            ],
            [
              95.35257581500008,
              5.5641233890000308,
              0,
              null
            ],
            [
              95.352620564000063,
              5.5641311990000304,
              0,
              null
            ],
            [
              95.352709326000081,
              5.5641419060000317,
              0,
              null
            ],
            [
              95.352753415000052,
              5.5641456730000414,
              0,
              null
            ],
            [
              95.352872406000074,
              5.5641520340000739,
              0,
              null
            ],
            [
              95.352900797000075,
              5.5641524980000554,
              0,
              null
            ],
            [
              95.35292998400007,
              5.5641513010000381,
              0,
              null
            ],
            [
              95.352977197000087,
              5.5641469200000415,
              0,
              null
            ],
            [
              95.353051304000076,
              5.5641360110000733,
              0,
              null
            ],
            [
              95.353092798000034,
              5.5641272590000312,
              0,
              null
            ],
            [
              95.353103168000075,
              5.5641245410000693,
              0,
              null
            ],
            [
              95.353140254000039,
              5.5641148920000205,
              0,
              null
            ],
            [
              95.353152292000061,
              5.5641714740000339,
              0,
              null
            ],
            [
              95.353158339000061,
              5.5641998980000267,
              0,
              null
            ],
            [
              95.353180831000032,
              5.5643111500000373,
              0,
              null
            ],
            [
              95.353181558000074,
              5.564314745000047,
              0,
              null
            ],
            [
              95.353202865000071,
              5.5644323670000517,
              0,
              null
            ],
            [
              95.353222586000072,
              5.5645429890000742,
              0,
              null
            ],
            [
              95.353243624000072,
              5.5646707920000722,
              0,
              null
            ],
            [
              95.353247572000043,
              5.564684173000046,
              0,
              null
            ],
            [
              95.353256418000058,
              5.564714155000047,
              0,
              null
            ],
            [
              95.353268116000038,
              5.5648355840000363,
              0,
              null
            ],
            [
              95.353284098000074,
              5.5649736770000686,
              0,
              null
            ],
            [
              95.353287829000067,
              5.5650059240000473,
              0,
              null
            ],
            [
              95.35329875900004,
              5.565130057000033,
              0,
              null
            ],
            [
              95.353299238000034,
              5.5651354950000496,
              0,
              null
            ],
            [
              95.353305737000085,
              5.5652420620000385,
              0,
              null
            ],
            [
              95.353309453000065,
              5.5653030110000259,
              0,
              null
            ],
            [
              95.353311790000078,
              5.5653890860000388,
              0,
              null
            ],
            [
              95.353314030000035,
              5.5655228080000256,
              0,
              null
            ],
            [
              95.353311259000066,
              5.5656704310000578,
              0,
              null
            ],
            [
              95.353306816000043,
              5.5657464470000377,
              0,
              null
            ],
            [
              95.353305488000046,
              5.5657691600000589,
              0,
              null
            ],
            [
              95.353304294000054,
              5.5657895890000759,
              0,
              null
            ],
            [
              95.353303959000073,
              5.5657953080000766,
              0,
              null
            ],
            [
              95.353303188000041,
              5.5658085090000213,
              0,
              null
            ],
            [
              95.353302930000041,
              5.5658128530000681,
              0,
              null
            ],
            [
              95.353296087000047,
              5.5659282090000488,
              0,
              null
            ],
            [
              95.353290625000056,
              5.5660524870000359,
              0,
              null
            ],
            [
              95.353281904000085,
              5.5661504260000356,
              0,
              null
            ],
            [
              95.353280386000051,
              5.5661674730000641,
              0,
              null
            ],
            [
              95.353271508000034,
              5.566267172000039,
              0,
              null
            ],
            [
              95.353267857000048,
              5.5663121870000509,
              0,
              null
            ],
            [
              95.353263076000076,
              5.5663570950000576,
              0,
              null
            ],
            [
              95.353259015000049,
              5.5663952340000264,
              0,
              null
            ],
            [
              95.353251922000084,
              5.5664618710000582,
              0,
              null
            ],
            [
              95.353244095000036,
              5.566550075000066,
              0,
              null
            ],
            [
              95.353230033000045,
              5.5666811950000579,
              0,
              null
            ],
            [
              95.353221952000069,
              5.5667565530000616,
              0,
              null
            ],
            [
              95.353216601000042,
              5.5667959890000702,
              0,
              null
            ],
            [
              95.353209022000044,
              5.566851856000028,
              0,
              null
            ],
            [
              95.353184442000043,
              5.5669253370000433,
              0,
              null
            ],
            [
              95.353164685000081,
              5.5669725500000595,
              0,
              null
            ],
            [
              95.353143800000055,
              5.5670115120000219,
              0,
              null
            ],
            [
              95.353118520000066,
              5.5670552840000482,
              0,
              null
            ],
            [
              95.353086034000057,
              5.5671014780000405,
              0,
              null
            ],
            [
              95.353077468000038,
              5.5671136570000499,
              0,
              null
            ],
            [
              95.353040130000068,
              5.5671665560000747,
              0,
              null
            ],
            [
              95.353025025000079,
              5.5671879570000442,
              0,
              null
            ],
            [
              95.35296525800004,
              5.5672796880000419,
              0,
              null
            ],
            [
              95.352961179000033,
              5.5672859480000625,
              0,
              null
            ],
            [
              95.352921890000061,
              5.5673496150000688,
              0,
              null
            ],
            [
              95.352847130000043,
              5.5674707620000277,
              0,
              null
            ],
            [
              95.352775339000061,
              5.5675831700000344,
              0,
              null
            ],
            [
              95.352681920000066,
              5.5677406140000585,
              0,
              null
            ],
            [
              95.352657873000055,
              5.5677810940000541,
              0,
              null
            ],
            [
              95.352651759000082,
              5.567791388000046,
              0,
              null
            ],
            [
              95.352626541000063,
              5.5678338400000484,
              0,
              null
            ],
            [
              95.352563282000062,
              5.5679358260000527,
              0,
              null
            ],
            [
              95.352562613000032,
              5.56793698000007,
              0,
              null
            ],
            [
              95.352506265000045,
              5.5680342020000353,
              0,
              null
            ],
            [
              95.352496490000078,
              5.5680560460000379,
              0,
              null
            ],
            [
              95.352470956000047,
              5.5681131040000764,
              0,
              null
            ],
            [
              95.352449180000065,
              5.5681675250000353,
              0,
              null
            ],
            [
              95.352422822000051,
              5.5682333970000286,
              0,
              null
            ],
            [
              95.352395482000077,
              5.5683017270000619,
              0,
              null
            ],
            [
              95.352324323000062,
              5.5684792110000672,
              0,
              null
            ],
            [
              95.352313005000042,
              5.5685107540000445,
              0,
              null
            ],
            [
              95.352293442000075,
              5.568565278000051,
              0,
              null
            ],
            [
              95.352264517000037,
              5.5686433680000391,
              0,
              null
            ],
            [
              95.352259212000035,
              5.5686576910000554,
              0,
              null
            ],
            [
              95.352253929000085,
              5.5686719550000703,
              0,
              null
            ],
            [
              95.352251154000044,
              5.5686794460000328,
              0,
              null
            ],
            [
              95.352248737000082,
              5.5686859720000257,
              0,
              null
            ],
            [
              95.35223865200004,
              5.5687131970000223,
              0,
              null
            ],
            [
              95.352212089000034,
              5.5687820460000239,
              0,
              null
            ],
            [
              95.352167798000039,
              5.5689116830000671,
              0,
              null
            ],
            [
              95.352163695000058,
              5.5689255990000675,
              0,
              null
            ],
            [
              95.352151484000046,
              5.5689670120000301,
              0,
              null
            ],
            [
              95.352122897000072,
              5.569063963000076,
              0,
              null
            ],
            [
              95.352097876000073,
              5.5691488220000451,
              0,
              null
            ],
            [
              95.352044780000085,
              5.5693170050000731,
              0,
              null
            ],
            [
              95.35201670400005,
              5.5694109810000327,
              0,
              null
            ],
            [
              95.352010840000048,
              5.5694306100000404,
              0,
              null
            ],
            [
              95.352006370000083,
              5.5694455700000276,
              0,
              null
            ],
            [
              95.351999396000053,
              5.569468918000041,
              0,
              null
            ],
            [
              95.351989743000047,
              5.5695001960000354,
              0,
              null
            ],
            [
              95.351955613000086,
              5.569610798000042,
              0,
              null
            ],
            [
              95.351951692000057,
              5.5696235050000382,
              0,
              null
            ],
            [
              95.351945834000048,
              5.5696434260000274,
              0,
              null
            ],
            [
              95.351935286000071,
              5.5696793030000435,
              0,
              null
            ],
            [
              95.351924259000043,
              5.5697168080000665,
              0,
              null
            ],
            [
              95.351903604000086,
              5.5697870560000524,
              0,
              null
            ],
            [
              95.351894663000053,
              5.5698215220000407,
              0,
              null
            ],
            [
              95.351885107000044,
              5.5698583670000517,
              0,
              null
            ],
            [
              95.351873123000075,
              5.5699055970000586,
              0,
              null
            ],
            [
              95.351857138000071,
              5.5699043950000373,
              0,
              null
            ],
            [
              95.351850896000087,
              5.5699039250000624,
              0,
              null
            ],
            [
              95.351798598000073,
              5.569899992000046,
              0,
              null
            ],
            [
              95.351576095000041,
              5.5698832540000467,
              0,
              null
            ],
            [
              95.351519878000033,
              5.5698790250000343,
              0,
              null
            ],
            [
              95.351275902000054,
              5.5698606730000506,
              0,
              null
            ],
            [
              95.351253492000069,
              5.5698590990000412,
              0,
              null
            ],
            [
              95.351120182000045,
              5.5698497310000334,
              0,
              null
            ],
            [
              95.35104184000005,
              5.5698442250000539,
              0,
              null
            ],
            [
              95.350913105000075,
              5.5698342450000382,
              0,
              null
            ],
            [
              95.350804512000082,
              5.5698258260000557,
              0,
              null
            ],
            [
              95.350773968000055,
              5.5698234320000211,
              0,
              null
            ],
            [
              95.350531836000073,
              5.5698044540000637,
              0,
              null
            ],
            [
              95.350396232000037,
              5.5697938250000334,
              0,
              null
            ],
            [
              95.35031133800004,
              5.5697871720000762,
              0,
              null
            ],
            [
              95.350314135000076,
              5.5697604440000532,
              0,
              null
            ],
            [
              95.350084944000059,
              5.5697431640000445,
              0,
              null
            ],
            [
              95.349792932000071,
              5.5697221240000658,
              0,
              null
            ],
            [
              95.349793070000032,
              5.5698535950000405,
              0,
              null
            ],
            [
              95.349792875000048,
              5.5698535900000365,
              0,
              null
            ]
          ]
        ]
      },
      "properties" : {
        "FID" : 0,
        "OBJECTID" : 15938,
        "KDPPUM" : "11",
        "NAMOBJ" : "Pineung",
        "REMARK" : " ",
        "KDPBPS" : " ",
        "FCODE" : "BA03070040",
        "LUASWH" : 0,
        "UUPP" : "RBI",
        "SRS_ID" : "SRGI 2013",
        "METADATA" : "TASWIL1000020200326DATA_BATAS_DESA_KELURAHAN",
        "KDEBPS" : " ",
        "KDEPUM" : "11.71.04.2006",
        "KDCBPS" : " ",
        "KDCPUM" : "11.71.04",
        "KDBBPS" : " ",
        "WADMKD" : "Pineung",
        "WIADKD" : "0",
        "WADMKC" : "Syiah Kuala",
        "WIADKC" : " ",
        "WADMKK" : "Kota Banda Aceh",
        "WIADKK" : " ",
        "WADMPR" : "Aceh",
        "WIADPR" : " ",
        "TIPADM" : 9,
        "KDPKAB" : "11.71",
        "SHAPE_Leng" : 0.029500709973334,
        "SHAPE_Area" : 4.6272786686e-05
      }
    }
  ]
}