{
  "hasZ" : true,
  "hasM" : true,
  "type" : "FeatureCollection",
  "features" : [
    {
      "type" : "Feature",
      "id" : 0,
      "geometry" : {
        "type" : "Polygon",
        "coordinates" : [
          [
            [
              95.357643672000052,
              5.5711901160000252,
              0,
              null
            ],
            [
              95.357629284000041,
              5.5711904170000253,
              0,
              null
            ],
            [
              95.35760117600006,
              5.5711910040000703,
              0,
              null
            ],
            [
              95.357544656000073,
              5.5711976930000446,
              0,
              null
            ],
            [
              95.357471407000048,
              5.5712129370000412,
              0,
              null
            ],
            [
              95.357395499000063,
              5.571233118000066,
              0,
              null
            ],
            [
              95.357332318000033,
              5.5712528040000393,
              0,
              null
            ],
            [
              95.357282118000057,
              5.5712764880000236,
              0,
              null
            ],
            [
              95.35724398800005,
              5.5713003500000582,
              0,
              null
            ],
            [
              95.357159266000053,
              5.5713613040000496,
              0,
              null
            ],
            [
              95.357053429000075,
              5.5714527860000658,
              0,
              null
            ],
            [
              95.356983515000081,
              5.5715304930000684,
              0,
              null
            ],
            [
              95.356944580000061,
              5.5715830110000297,
              0,
              null
            ],
            [
              95.356894555000054,
              5.5716597530000627,
              0,
              null
            ],
            [
              95.356802794000032,
              5.5718197020000275,
              0,
              null
            ],
            [
              95.356695079000076,
              5.5720193320000249,
              0,
              null
            ],
            [
              95.356449394000038,
              5.5725284110000644,
              0,
              null
            ],
            [
              95.35574523300005,
              5.5740003760000718,
              0,
              null
            ],
            [
              95.355656796000062,
              5.5741800960000205,
              0,
              null
            ],
            [
              95.355569093000042,
              5.5743641190000517,
              0,
              null
            ],
            [
              95.355477558000075,
              5.5745750610000755,
              0,
              null
            ],
            [
              95.355414117000066,
              5.5747378200000526,
              0,
              null
            ],
            [
              95.355343677000064,
              5.5749411450000252,
              0,
              null
            ],
            [
              95.355287471000054,
              5.5751225300000442,
              0,
              null
            ],
            [
              95.355235939000067,
              5.5753089190000651,
              0,
              null
            ],
            [
              95.355195429000048,
              5.5754758910000533,
              0,
              null
            ],
            [
              95.355156355000076,
              5.5756435760000613,
              0,
              null
            ],
            [
              95.355122197000071,
              5.5757872050000401,
              0,
              null
            ],
            [
              95.355056405000084,
              5.5760787600000299,
              0,
              null
            ],
            [
              95.355027023000048,
              5.5762314390000256,
              0,
              null
            ],
            [
              95.354993259000082,
              5.5763708860000634,
              0,
              null
            ],
            [
              95.354947052000057,
              5.5765799880000486,
              0,
              null
            ],
            [
              95.354932420000068,
              5.5766520320000268,
              0,
              null
            ],
            [
              95.354900053000051,
              5.5767956540000228,
              0,
              null
            ],
            [
              95.354842413000085,
              5.5770666090000418,
              0,
              null
            ],
            [
              95.354816628000037,
              5.5771848550000414,
              0,
              null
            ],
            [
              95.354794103000074,
              5.5772825200000398,
              0,
              null
            ],
            [
              95.354771152000069,
              5.5773931020000305,
              0,
              null
            ],
            [
              95.354722841000068,
              5.5776144660000568,
              0,
              null
            ],
            [
              95.354691947000049,
              5.5777891870000644,
              0,
              null
            ],
            [
              95.354670055000042,
              5.5779000360000737,
              0,
              null
            ],
            [
              95.354639284000086,
              5.5780847880000692,
              0,
              null
            ],
            [
              95.354615605000049,
              5.5782522910000694,
              0,
              null
            ],
            [
              95.354594311000085,
              5.5784193060000575,
              0,
              null
            ],
            [
              95.354567908000035,
              5.5786217370000486,
              0,
              null
            ],
            [
              95.354539584000065,
              5.5788217840000698,
              0,
              null
            ],
            [
              95.354515781000032,
              5.5789581980000662,
              0,
              null
            ],
            [
              95.354475097000034,
              5.5791712090000374,
              0,
              null
            ],
            [
              95.354452165000055,
              5.5792865730000472,
              0,
              null
            ],
            [
              95.354420307000055,
              5.5794383250000692,
              0,
              null
            ],
            [
              95.354374301000064,
              5.57963366000007,
              0,
              null
            ],
            [
              95.354343343000039,
              5.579771537000056,
              0,
              null
            ],
            [
              95.354314672000044,
              5.5798845340000298,
              0,
              null
            ],
            [
              95.354282625000053,
              5.5799889330000383,
              0,
              null
            ],
            [
              95.354235910000057,
              5.5801259170000321,
              0,
              null
            ],
            [
              95.354208077000067,
              5.5802097330000606,
              0,
              null
            ],
            [
              95.354166647000056,
              5.580301754000061,
              0,
              null
            ],
            [
              95.354121211000063,
              5.5803889530000674,
              0,
              null
            ],
            [
              95.354082769000058,
              5.5804457870000306,
              0,
              null
            ],
            [
              95.354060188000062,
              5.5804762460000461,
              0,
              null
            ],
            [
              95.354008779000083,
              5.5805372020000732,
              0,
              null
            ],
            [
              95.353936273000045,
              5.5806064060000722,
              0,
              null
            ],
            [
              95.353892482000049,
              5.5806342170000676,
              0,
              null
            ],
            [
              95.353854284000079,
              5.5806583030000638,
              0,
              null
            ],
            [
              95.35374310800006,
              5.5807423940000263,
              0,
              null
            ],
            [
              95.353626561000056,
              5.5806394470000669,
              0,
              null
            ],
            [
              95.35358777600004,
              5.5806153230000746,
              0,
              null
            ],
            [
              95.35354682500008,
              5.5805828370000654,
              0,
              null
            ],
            [
              95.353509129000031,
              5.5805498550000721,
              0,
              null
            ],
            [
              95.353283425000086,
              5.5803672070000516,
              0,
              null
            ],
            [
              95.353042672000072,
              5.5801517350000722,
              0,
              null
            ],
            [
              95.352749241000083,
              5.5798952200000258,
              0,
              null
            ],
            [
              95.352386355000078,
              5.579580389000057,
              0,
              null
            ],
            [
              95.352137885000047,
              5.5793751120000366,
              0,
              null
            ],
            [
              95.351921145000063,
              5.5791954160000614,
              0,
              null
            ],
            [
              95.351706200000081,
              5.5790169110000534,
              0,
              null
            ],
            [
              95.351463700000068,
              5.578812206000066,
              0,
              null
            ],
            [
              95.351237377000075,
              5.5786235810000449,
              0,
              null
            ],
            [
              95.350996116000033,
              5.5784302310000271,
              0,
              null
            ],
            [
              95.350785366000082,
              5.5782558930000619,
              0,
              null
            ],
            [
              95.350550672000054,
              5.5780631150000204,
              0,
              null
            ],
            [
              95.350324354000065,
              5.5778756850000377,
              0,
              null
            ],
            [
              95.349957926000059,
              5.5775698340000304,
              0,
              null
            ],
            [
              95.349744178000037,
              5.5773919190000356,
              0,
              null
            ],
            [
              95.349520250000069,
              5.5772050760000411,
              0,
              null
            ],
            [
              95.349311288000081,
              5.5770301320000613,
              0,
              null
            ],
            [
              95.349137061000079,
              5.5768861390000666,
              0,
              null
            ],
            [
              95.34892631300005,
              5.5767123960000617,
              0,
              null
            ],
            [
              95.348727547000067,
              5.5765499660000728,
              0,
              null
            ],
            [
              95.348511294000048,
              5.5763703270000633,
              0,
              null
            ],
            [
              95.34839693300006,
              5.5762701530000527,
              0,
              null
            ],
            [
              95.34821297600007,
              5.5761163970000212,
              0,
              null
            ],
            [
              95.347991688000036,
              5.5759328920000257,
              0,
              null
            ],
            [
              95.347825309000086,
              5.5757932940000501,
              0,
              null
            ],
            [
              95.347865861000059,
              5.5757569070000272,
              0,
              null
            ],
            [
              95.34789551700004,
              5.5757325600000627,
              0,
              null
            ],
            [
              95.347915258000057,
              5.575716352000029,
              0,
              null
            ],
            [
              95.347919743000034,
              5.575712673000055,
              0,
              null
            ],
            [
              95.347957336000036,
              5.5756818350000685,
              0,
              null
            ],
            [
              95.347989326000061,
              5.575652577000028,
              0,
              null
            ],
            [
              95.348132358000043,
              5.5754986130000361,
              0,
              null
            ],
            [
              95.348134650000077,
              5.5754959990000543,
              0,
              null
            ],
            [
              95.348158744000045,
              5.5754685190000259,
              0,
              null
            ],
            [
              95.34824775800007,
              5.575366999000039,
              0,
              null
            ],
            [
              95.34825789000007,
              5.5753554430000349,
              0,
              null
            ],
            [
              95.348299331000078,
              5.5753104780000626,
              0,
              null
            ],
            [
              95.348347774000047,
              5.5752579140000762,
              0,
              null
            ],
            [
              95.348367901000074,
              5.575236076000067,
              0,
              null
            ],
            [
              95.348439788000064,
              5.5751561190000416,
              0,
              null
            ],
            [
              95.348473114000058,
              5.5751190540000266,
              0,
              null
            ],
            [
              95.348479799000074,
              5.5751116180000508,
              0,
              null
            ],
            [
              95.348555301000033,
              5.5750316050000492,
              0,
              null
            ],
            [
              95.348588851000045,
              5.5749960500000384,
              0,
              null
            ],
            [
              95.348630121000042,
              5.5749523150000755,
              0,
              null
            ],
            [
              95.348674716000062,
              5.5749065730000211,
              0,
              null
            ],
            [
              95.348727283000073,
              5.5748526550000292,
              0,
              null
            ],
            [
              95.348804425000083,
              5.5747735310000621,
              0,
              null
            ],
            [
              95.348807769000075,
              5.5747637720000398,
              0,
              null
            ],
            [
              95.34881021700005,
              5.5747456130000614,
              0,
              null
            ],
            [
              95.348810685000046,
              5.5747325470000533,
              0,
              null
            ],
            [
              95.348806451000087,
              5.574712555000076,
              0,
              null
            ],
            [
              95.348801689000084,
              5.5747001530000375,
              0,
              null
            ],
            [
              95.348798027000043,
              5.5746906130000298,
              0,
              null
            ],
            [
              95.348785361000068,
              5.5746718630000487,
              0,
              null
            ],
            [
              95.348774935000051,
              5.5746564270000363,
              0,
              null
            ],
            [
              95.348745149000081,
              5.5746289320000528,
              0,
              null
            ],
            [
              95.348700921000045,
              5.5745927080000683,
              0,
              null
            ],
            [
              95.348684818000038,
              5.5745786500000349,
              0,
              null
            ],
            [
              95.348679361000052,
              5.5745738850000635,
              0,
              null
            ],
            [
              95.348669813000072,
              5.5745587930000511,
              0,
              null
            ],
            [
              95.348668583000062,
              5.5745468250000272,
              0,
              null
            ],
            [
              95.348673902000087,
              5.5745184530000529,
              0,
              null
            ],
            [
              95.348679222000044,
              5.574508938000065,
              0,
              null
            ],
            [
              95.348711956000045,
              5.5744683850000456,
              0,
              null
            ],
            [
              95.34873953400006,
              5.5744342200000574,
              0,
              null
            ],
            [
              95.348793746000069,
              5.5743670600000428,
              0,
              null
            ],
            [
              95.348800081000036,
              5.5743605010000579,
              0,
              null
            ],
            [
              95.34882745200008,
              5.5743321540000466,
              0,
              null
            ],
            [
              95.348864278000065,
              5.5742979480000372,
              0,
              null
            ],
            [
              95.348906602000056,
              5.5742584910000232,
              0,
              null
            ],
            [
              95.348917663000066,
              5.5742481780000617,
              0,
              null
            ],
            [
              95.348826966000047,
              5.5741512130000501,
              0,
              null
            ],
            [
              95.348930408000058,
              5.5740211160000399,
              0,
              null
            ],
            [
              95.349109373000033,
              5.5737960350000435,
              0,
              null
            ],
            [
              95.349149348000083,
              5.5738093870000398,
              0,
              null
            ],
            [
              95.349149217000047,
              5.5738095070000213,
              0,
              null
            ],
            [
              95.34914931600008,
              5.5738095400000702,
              0,
              null
            ],
            [
              95.349186065000083,
              5.5738218590000201,
              0,
              null
            ],
            [
              95.349302143000045,
              5.5738643580000371,
              0,
              null
            ],
            [
              95.349314020000065,
              5.5738687060000416,
              0,
              null
            ],
            [
              95.349510338000073,
              5.5739335400000414,
              0,
              null
            ],
            [
              95.349554993000083,
              5.5739494990000367,
              0,
              null
            ],
            [
              95.349616649000041,
              5.57397153200003,
              0,
              null
            ],
            [
              95.349643900000046,
              5.5739812720000259,
              0,
              null
            ],
            [
              95.349777370000083,
              5.5740281000000209,
              0,
              null
            ],
            [
              95.349778005000076,
              5.5740282750000461,
              0,
              null
            ],
            [
              95.349838788000056,
              5.5740450850000229,
              0,
              null
            ],
            [
              95.349868924000077,
              5.5740512080000713,
              0,
              null
            ],
            [
              95.349969328000043,
              5.5740629500000409,
              0,
              null
            ],
            [
              95.350272084000039,
              5.574089324000056,
              0,
              null
            ],
            [
              95.350582012000075,
              5.5741148000000749,
              0,
              null
            ],
            [
              95.350759295000046,
              5.5741292590000739,
              0,
              null
            ],
            [
              95.350822970000081,
              5.5741344530000561,
              0,
              null
            ],
            [
              95.350823795000053,
              5.5741149310000537,
              0,
              null
            ],
            [
              95.350824298000077,
              5.5741030000000364,
              0,
              null
            ],
            [
              95.350832308000065,
              5.5739133650000667,
              0,
              null
            ],
            [
              95.350834072000055,
              5.5738716210000234,
              0,
              null
            ],
            [
              95.350835170000039,
              5.5738456120000706,
              0,
              null
            ],
            [
              95.350842267000075,
              5.5737352000000442,
              0,
              null
            ],
            [
              95.350855760000059,
              5.5736155230000577,
              0,
              null
            ],
            [
              95.350862336000034,
              5.57355719800006,
              0,
              null
            ],
            [
              95.350863675000085,
              5.5735453190000612,
              0,
              null
            ],
            [
              95.350866736000057,
              5.5735204290000411,
              0,
              null
            ],
            [
              95.350875784000038,
              5.5734468610000363,
              0,
              null
            ],
            [
              95.350883206000049,
              5.5733852260000276,
              0,
              null
            ],
            [
              95.350884214000075,
              5.5733768550000491,
              0,
              null
            ],
            [
              95.350901986000054,
              5.5732742520000329,
              0,
              null
            ],
            [
              95.350904399000058,
              5.5732608700000696,
              0,
              null
            ],
            [
              95.350929112000074,
              5.5731238340000573,
              0,
              null
            ],
            [
              95.350935190000087,
              5.5730854760000739,
              0,
              null
            ],
            [
              95.350947086000076,
              5.5730103940000504,
              0,
              null
            ],
            [
              95.350967039000068,
              5.5728844570000433,
              0,
              null
            ],
            [
              95.350978404000045,
              5.5728127340000242,
              0,
              null
            ],
            [
              95.350982233000082,
              5.5727842600000486,
              0,
              null
            ],
            [
              95.350982758000043,
              5.57278036200006,
              0,
              null
            ],
            [
              95.351001590000067,
              5.5726403310000592,
              0,
              null
            ],
            [
              95.351007864000053,
              5.5726075020000394,
              0,
              null
            ],
            [
              95.351017424000077,
              5.5725888460000306,
              0,
              null
            ],
            [
              95.351023506000047,
              5.5725849590000394,
              0,
              null
            ],
            [
              95.351050421000082,
              5.5725864040000488,
              0,
              null
            ],
            [
              95.35105162800005,
              5.5725860230000421,
              0,
              null
            ],
            [
              95.351070234000076,
              5.5725847100000578,
              0,
              null
            ],
            [
              95.351128453000058,
              5.5725905950000652,
              0,
              null
            ],
            [
              95.351391831000058,
              5.5726047360000734,
              0,
              null
            ],
            [
              95.351476927000078,
              5.5726134630000388,
              0,
              null
            ],
            [
              95.351562022000053,
              5.5726209540000582,
              0,
              null
            ],
            [
              95.351567818000035,
              5.5726214640000649,
              0,
              null
            ],
            [
              95.351570847000062,
              5.572611724000069,
              0,
              null
            ],
            [
              95.351592197000059,
              5.5724843640000472,
              0,
              null
            ],
            [
              95.351597171000037,
              5.5724546950000331,
              0,
              null
            ],
            [
              95.351620522000076,
              5.5723153980000575,
              0,
              null
            ],
            [
              95.351642248000076,
              5.5721923940000693,
              0,
              null
            ],
            [
              95.351652774000058,
              5.5721327990000304,
              0,
              null
            ],
            [
              95.35166775600004,
              5.5720479800000362,
              0,
              null
            ],
            [
              95.351668023000059,
              5.5720464740000466,
              0,
              null
            ],
            [
              95.351694917000032,
              5.5718926410000336,
              0,
              null
            ],
            [
              95.351699769000049,
              5.5718648870000607,
              0,
              null
            ],
            [
              95.351728909000087,
              5.5716982000000712,
              0,
              null
            ],
            [
              95.351739353000085,
              5.5716455360000623,
              0,
              null
            ],
            [
              95.351757939000038,
              5.571551811000063,
              0,
              null
            ],
            [
              95.351779882000073,
              5.5714411580000274,
              0,
              null
            ],
            [
              95.351796489000037,
              5.5713555190000648,
              0,
              null
            ],
            [
              95.351798912000049,
              5.5713430220000646,
              0,
              null
            ],
            [
              95.351773393000087,
              5.571335073000057,
              0,
              null
            ],
            [
              95.351739527000063,
              5.5713240870000504,
              0,
              null
            ],
            [
              95.351698737000049,
              5.5713069980000682,
              0,
              null
            ],
            [
              95.351671397000075,
              5.5712931390000335,
              0,
              null
            ],
            [
              95.35166464200006,
              5.5712897150000344,
              0,
              null
            ],
            [
              95.35164926300007,
              5.5712800830000333,
              0,
              null
            ],
            [
              95.351623532000076,
              5.5712613710000483,
              0,
              null
            ],
            [
              95.351605441000061,
              5.5712454160000675,
              0,
              null
            ],
            [
              95.351585004000071,
              5.5712206910000646,
              0,
              null
            ],
            [
              95.351580752000075,
              5.5712143230000493,
              0,
              null
            ],
            [
              95.351559703000078,
              5.5711827970000627,
              0,
              null
            ],
            [
              95.351511427000048,
              5.5711008690000767,
              0,
              null
            ],
            [
              95.35150432100005,
              5.57108880800007,
              0,
              null
            ],
            [
              95.351492312000062,
              5.5710697260000757,
              0,
              null
            ],
            [
              95.351483819000066,
              5.5710562290000212,
              0,
              null
            ],
            [
              95.351471015000072,
              5.5710621310000761,
              0,
              null
            ],
            [
              95.351435097000035,
              5.5710677710000596,
              0,
              null
            ],
            [
              95.351418298000056,
              5.571068543000024,
              0,
              null
            ],
            [
              95.35137407700006,
              5.5710705770000573,
              0,
              null
            ],
            [
              95.351121627000055,
              5.5710792690000517,
              0,
              null
            ],
            [
              95.351074977000053,
              5.5710808750000638,
              0,
              null
            ],
            [
              95.350912178000044,
              5.5710873990000209,
              0,
              null
            ],
            [
              95.350871930000039,
              5.5710890110000264,
              0,
              null
            ],
            [
              95.350773912000079,
              5.5710929390000388,
              0,
              null
            ],
            [
              95.350725430000068,
              5.5710948810000218,
              0,
              null
            ],
            [
              95.350449387000083,
              5.571102862000032,
              0,
              null
            ],
            [
              95.350432531000081,
              5.571103350000044,
              0,
              null
            ],
            [
              95.350251392000075,
              5.5711151490000361,
              0,
              null
            ],
            [
              95.350209926000048,
              5.5711175650000655,
              0,
              null
            ],
            [
              95.350064953000071,
              5.5711260110000467,
              0,
              null
            ],
            [
              95.349877448000086,
              5.5711333660000264,
              0,
              null
            ],
            [
              95.34975839100008,
              5.5711368450000691,
              0,
              null
            ],
            [
              95.349758948000044,
              5.5711210040000765,
              0,
              null
            ],
            [
              95.349759512000048,
              5.5711049570000455,
              0,
              null
            ],
            [
              95.349762298000087,
              5.5710257250000268,
              0,
              null
            ],
            [
              95.349768177000044,
              5.5708584890000452,
              0,
              null
            ],
            [
              95.349770428000056,
              5.5707944610000482,
              0,
              null
            ],
            [
              95.349771424000039,
              5.5707227560000661,
              0,
              null
            ],
            [
              95.349772747000031,
              5.57062744600006,
              0,
              null
            ],
            [
              95.349774222000065,
              5.57052122500005,
              0,
              null
            ],
            [
              95.349776607000081,
              5.5704658150000341,
              0,
              null
            ],
            [
              95.349779841000043,
              5.5703906540000503,
              0,
              null
            ],
            [
              95.349781874000087,
              5.5703433880000262,
              0,
              null
            ],
            [
              95.349784803000034,
              5.5702393510000547,
              0,
              null
            ],
            [
              95.349788442000033,
              5.5701100890000248,
              0,
              null
            ],
            [
              95.349792830000069,
              5.5699542760000327,
              0,
              null
            ],
            [
              95.349792874000059,
              5.5698544270000525,
              0,
              null
            ],
            [
              95.349792875000048,
              5.5698535900000365,
              0,
              null
            ],
            [
              95.349793070000032,
              5.5698535950000405,
              0,
              null
            ],
            [
              95.349792932000071,
              5.5697221240000658,
              0,
              null
            ],
            [
              95.350084944000059,
              5.5697431640000445,
              0,
              null
            ],
            [
              95.350314135000076,
              5.5697604440000532,
              0,
              null
            ],
            [
              95.35031133800004,
              5.5697871720000762,
              0,
              null
            ],
            [
              95.350396232000037,
              5.5697938250000334,
              0,
              null
            ],
            [
              95.350531836000073,
              5.5698044540000637,
              0,
              null
            ],
            [
              95.350773968000055,
              5.5698234320000211,
              0,
              null
            ],
            [
              95.350804512000082,
              5.5698258260000557,
              0,
              null
            ],
            [
              95.350913105000075,
              5.5698342450000382,
              0,
              null
            ],
            [
              95.35104184000005,
              5.5698442250000539,
              0,
              null
            ],
            [
              95.351120182000045,
              5.5698497310000334,
              0,
              null
            ],
            [
              95.351253492000069,
              5.5698590990000412,
              0,
              null
            ],
            [
              95.351275902000054,
              5.5698606730000506,
              0,
              null
            ],
            [
              95.351519878000033,
              5.5698790250000343,
              0,
              null
            ],
            [
              95.351576095000041,
              5.5698832540000467,
              0,
              null
            ],
            [
              95.351798598000073,
              5.569899992000046,
              0,
              null
            ],
            [
              95.351850896000087,
              5.5699039250000624,
              0,
              null
            ],
            [
              95.351857138000071,
              5.5699043950000373,
              0,
              null
            ],
            [
              95.351873123000075,
              5.5699055970000586,
              0,
              null
            ],
            [
              95.351885107000044,
              5.5698583670000517,
              0,
              null
            ],
            [
              95.351894663000053,
              5.5698215220000407,
              0,
              null
            ],
            [
              95.351903604000086,
              5.5697870560000524,
              0,
              null
            ],
            [
              95.351924259000043,
              5.5697168080000665,
              0,
              null
            ],
            [
              95.351935286000071,
              5.5696793030000435,
              0,
              null
            ],
            [
              95.351945834000048,
              5.5696434260000274,
              0,
              null
            ],
            [
              95.351951692000057,
              5.5696235050000382,
              0,
              null
            ],
            [
              95.351955613000086,
              5.569610798000042,
              0,
              null
            ],
            [
              95.351989743000047,
              5.5695001960000354,
              0,
              null
            ],
            [
              95.351999396000053,
              5.569468918000041,
              0,
              null
            ],
            [
              95.352006370000083,
              5.5694455700000276,
              0,
              null
            ],
            [
              95.352010840000048,
              5.5694306100000404,
              0,
              null
            ],
            [
              95.35201670400005,
              5.5694109810000327,
              0,
              null
            ],
            [
              95.352044780000085,
              5.5693170050000731,
              0,
              null
            ],
            [
              95.352097876000073,
              5.5691488220000451,
              0,
              null
            ],
            [
              95.352122897000072,
              5.569063963000076,
              0,
              null
            ],
            [
              95.352151484000046,
              5.5689670120000301,
              0,
              null
            ],
            [
              95.352163695000058,
              5.5689255990000675,
              0,
              null
            ],
            [
              95.352167798000039,
              5.5689116830000671,
              0,
              null
            ],
            [
              95.352212089000034,
              5.5687820460000239,
              0,
              null
            ],
            [
              95.35223865200004,
              5.5687131970000223,
              0,
              null
            ],
            [
              95.352248737000082,
              5.5686859720000257,
              0,
              null
            ],
            [
              95.352251154000044,
              5.5686794460000328,
              0,
              null
            ],
            [
              95.352253929000085,
              5.5686719550000703,
              0,
              null
            ],
            [
              95.352259212000035,
              5.5686576910000554,
              0,
              null
            ],
            [
              95.352264517000037,
              5.5686433680000391,
              0,
              null
            ],
            [
              95.352293442000075,
              5.568565278000051,
              0,
              null
            ],
            [
              95.352313005000042,
              5.5685107540000445,
              0,
              null
            ],
            [
              95.352324323000062,
              5.5684792110000672,
              0,
              null
            ],
            [
              95.352395482000077,
              5.5683017270000619,
              0,
              null
            ],
            [
              95.352422822000051,
              5.5682333970000286,
              0,
              null
            ],
            [
              95.352449180000065,
              5.5681675250000353,
              0,
              null
            ],
            [
              95.352470956000047,
              5.5681131040000764,
              0,
              null
            ],
            [
              95.352496490000078,
              5.5680560460000379,
              0,
              null
            ],
            [
              95.352506265000045,
              5.5680342020000353,
              0,
              null
            ],
            [
              95.352562613000032,
              5.56793698000007,
              0,
              null
            ],
            [
              95.352563282000062,
              5.5679358260000527,
              0,
              null
            ],
            [
              95.352626541000063,
              5.5678338400000484,
              0,
              null
            ],
            [
              95.352651759000082,
              5.567791388000046,
              0,
              null
            ],
            [
              95.352657873000055,
              5.5677810940000541,
              0,
              null
            ],
            [
              95.352681920000066,
              5.5677406140000585,
              0,
              null
            ],
            [
              95.352775339000061,
              5.5675831700000344,
              0,
              null
            ],
            [
              95.352847130000043,
              5.5674707620000277,
              0,
              null
            ],
            [
              95.352921890000061,
              5.5673496150000688,
              0,
              null
            ],
            [
              95.352961179000033,
              5.5672859480000625,
              0,
              null
            ],
            [
              95.35296525800004,
              5.5672796880000419,
              0,
              null
            ],
            [
              95.353025025000079,
              5.5671879570000442,
              0,
              null
            ],
            [
              95.353040130000068,
              5.5671665560000747,
              0,
              null
            ],
            [
              95.353077468000038,
              5.5671136570000499,
              0,
              null
            ],
            [
              95.353086034000057,
              5.5671014780000405,
              0,
              null
            ],
            [
              95.353118520000066,
              5.5670552840000482,
              0,
              null
            ],
            [
              95.353143800000055,
              5.5670115120000219,
              0,
              null
            ],
            [
              95.353164685000081,
              5.5669725500000595,
              0,
              null
            ],
            [
              95.353184442000043,
              5.5669253370000433,
              0,
              null
            ],
            [
              95.353209022000044,
              5.566851856000028,
              0,
              null
            ],
            [
              95.353216601000042,
              5.5667959890000702,
              0,
              null
            ],
            [
              95.353221952000069,
              5.5667565530000616,
              0,
              null
            ],
            [
              95.353230033000045,
              5.5666811950000579,
              0,
              null
            ],
            [
              95.353244095000036,
              5.566550075000066,
              0,
              null
            ],
            [
              95.353251922000084,
              5.5664618710000582,
              0,
              null
            ],
            [
              95.353259015000049,
              5.5663952340000264,
              0,
              null
            ],
            [
              95.353263076000076,
              5.5663570950000576,
              0,
              null
            ],
            [
              95.353267857000048,
              5.5663121870000509,
              0,
              null
            ],
            [
              95.353271508000034,
              5.566267172000039,
              0,
              null
            ],
            [
              95.353280386000051,
              5.5661674730000641,
              0,
              null
            ],
            [
              95.353281904000085,
              5.5661504260000356,
              0,
              null
            ],
            [
              95.353290625000056,
              5.5660524870000359,
              0,
              null
            ],
            [
              95.353296087000047,
              5.5659282090000488,
              0,
              null
            ],
            [
              95.353302930000041,
              5.5658128530000681,
              0,
              null
            ],
            [
              95.353303188000041,
              5.5658085090000213,
              0,
              null
            ],
            [
              95.353303959000073,
              5.5657953080000766,
              0,
              null
            ],
            [
              95.353304294000054,
              5.5657895890000759,
              0,
              null
            ],
            [
              95.353305488000046,
              5.5657691600000589,
              0,
              null
            ],
            [
              95.353306816000043,
              5.5657464470000377,
              0,
              null
            ],
            [
              95.353311259000066,
              5.5656704310000578,
              0,
              null
            ],
            [
              95.353314030000035,
              5.5655228080000256,
              0,
              null
            ],
            [
              95.353311790000078,
              5.5653890860000388,
              0,
              null
            ],
            [
              95.353309453000065,
              5.5653030110000259,
              0,
              null
            ],
            [
              95.353305737000085,
              5.5652420620000385,
              0,
              null
            ],
            [
              95.353299238000034,
              5.5651354950000496,
              0,
              null
            ],
            [
              95.35329875900004,
              5.565130057000033,
              0,
              null
            ],
            [
              95.353287829000067,
              5.5650059240000473,
              0,
              null
            ],
            [
              95.353284098000074,
              5.5649736770000686,
              0,
              null
            ],
            [
              95.353268116000038,
              5.5648355840000363,
              0,
              null
            ],
            [
              95.353256418000058,
              5.564714155000047,
              0,
              null
            ],
            [
              95.353247572000043,
              5.564684173000046,
              0,
              null
            ],
            [
              95.353243624000072,
              5.5646707920000722,
              0,
              null
            ],
            [
              95.353222586000072,
              5.5645429890000742,
              0,
              null
            ],
            [
              95.353202865000071,
              5.5644323670000517,
              0,
              null
            ],
            [
              95.353181558000074,
              5.564314745000047,
              0,
              null
            ],
            [
              95.353180831000032,
              5.5643111500000373,
              0,
              null
            ],
            [
              95.353158339000061,
              5.5641998980000267,
              0,
              null
            ],
            [
              95.353152292000061,
              5.5641714740000339,
              0,
              null
            ],
            [
              95.353140254000039,
              5.5641148920000205,
              0,
              null
            ],
            [
              95.353108833000078,
              5.5640007910000691,
              0,
              null
            ],
            [
              95.353085492000048,
              5.5639326340000252,
              0,
              null
            ],
            [
              95.353025924000065,
              5.5637866080000435,
              0,
              null
            ],
            [
              95.352974840000059,
              5.5636574400000427,
              0,
              null
            ],
            [
              95.352949968000075,
              5.5635904560000426,
              0,
              null
            ],
            [
              95.353144851000081,
              5.5635921240000243,
              0,
              null
            ],
            [
              95.353246905000049,
              5.5635970830000474,
              0,
              null
            ],
            [
              95.353329366000082,
              5.5636032640000508,
              0,
              null
            ],
            [
              95.353472269000065,
              5.5635869750000211,
              0,
              null
            ],
            [
              95.353552343000047,
              5.5635550870000543,
              0,
              null
            ],
            [
              95.353744909000056,
              5.563467787000036,
              0,
              null
            ],
            [
              95.353771263000056,
              5.5634865280000554,
              0,
              null
            ],
            [
              95.35380144800007,
              5.563508941000066,
              0,
              null
            ],
            [
              95.353833399000052,
              5.563533173000053,
              0,
              null
            ],
            [
              95.353862923000065,
              5.5635594670000614,
              0,
              null
            ],
            [
              95.353888789000052,
              5.5635893100000544,
              0,
              null
            ],
            [
              95.353911108000034,
              5.5636163830000669,
              0,
              null
            ],
            [
              95.353930425000044,
              5.5636443170000689,
              0,
              null
            ],
            [
              95.353948843000069,
              5.5636702140000693,
              0,
              null
            ],
            [
              95.353953764000039,
              5.5636799780000388,
              0,
              null
            ],
            [
              95.353962696000053,
              5.5638026180000679,
              0,
              null
            ],
            [
              95.353989027000068,
              5.5638822380000761,
              0,
              null
            ],
            [
              95.353992615000038,
              5.5639131670000666,
              0,
              null
            ],
            [
              95.354006252000033,
              5.5639413540000646,
              0,
              null
            ],
            [
              95.354009505000079,
              5.5639441630000306,
              0,
              null
            ],
            [
              95.354011129000071,
              5.5639490720000708,
              0,
              null
            ],
            [
              95.354067262000058,
              5.5640111670000465,
              0,
              null
            ],
            [
              95.354098771000054,
              5.5640460180000559,
              0,
              null
            ],
            [
              95.354134466000062,
              5.5640700370000218,
              0,
              null
            ],
            [
              95.35413767700004,
              5.5640743410000368,
              0,
              null
            ],
            [
              95.354166656000075,
              5.5641052250000484,
              0,
              null
            ],
            [
              95.354203315000063,
              5.5641329700000597,
              0,
              null
            ],
            [
              95.354239960000086,
              5.5641578800000389,
              0,
              null
            ],
            [
              95.354340562000061,
              5.5642154540000206,
              0,
              null
            ],
            [
              95.354392168000061,
              5.5642411530000686,
              0,
              null
            ],
            [
              95.354437153000049,
              5.5642624770000566,
              0,
              null
            ],
            [
              95.354486060000056,
              5.5642789400000652,
              0,
              null
            ],
            [
              95.354655671000046,
              5.5643281850000221,
              0,
              null
            ],
            [
              95.35471999400005,
              5.5643485180000312,
              0,
              null
            ],
            [
              95.354752570000073,
              5.5643592490000628,
              0,
              null
            ],
            [
              95.354867212000045,
              5.5644067450000421,
              0,
              null
            ],
            [
              95.354939184000045,
              5.5644255920000205,
              0,
              null
            ],
            [
              95.354941655000061,
              5.5644265430000246,
              0,
              null
            ],
            [
              95.355028048000065,
              5.5644590900000708,
              0,
              null
            ],
            [
              95.355080059000045,
              5.5644799340000759,
              0,
              null
            ],
            [
              95.355126762000054,
              5.5644933240000682,
              0,
              null
            ],
            [
              95.35516550400007,
              5.5645010240000374,
              0,
              null
            ],
            [
              95.355257436000045,
              5.5645040190000259,
              0,
              null
            ],
            [
              95.355300078000084,
              5.5645011280000745,
              0,
              null
            ],
            [
              95.355346678000046,
              5.5644977690000701,
              0,
              null
            ],
            [
              95.35543810300004,
              5.5644888620000756,
              0,
              null
            ],
            [
              95.355544884000039,
              5.5644737020000434,
              0,
              null
            ],
            [
              95.355620025000064,
              5.5644626900000276,
              0,
              null
            ],
            [
              95.355672316000039,
              5.5644566510000573,
              0,
              null
            ],
            [
              95.355693226000085,
              5.564455032000069,
              0,
              null
            ],
            [
              95.355744224000034,
              5.5644652860000292,
              0,
              null
            ],
            [
              95.355957525000065,
              5.5645144170000549,
              0,
              null
            ],
            [
              95.355987337000045,
              5.5645199030000754,
              0,
              null
            ],
            [
              95.356056293000051,
              5.5645327240000597,
              0,
              null
            ],
            [
              95.356136468000045,
              5.5645484940000642,
              0,
              null
            ],
            [
              95.356243976000087,
              5.5645757670000648,
              0,
              null
            ],
            [
              95.356325054000081,
              5.5646056770000314,
              0,
              null
            ],
            [
              95.356454075000045,
              5.5646568650000745,
              0,
              null
            ],
            [
              95.356545027000038,
              5.5646946370000592,
              0,
              null
            ],
            [
              95.356611603000033,
              5.5647220310000307,
              0,
              null
            ],
            [
              95.356628285000056,
              5.564737492000063,
              0,
              null
            ],
            [
              95.356676518000086,
              5.564788323000073,
              0,
              null
            ],
            [
              95.356733513000052,
              5.5648329380000519,
              0,
              null
            ],
            [
              95.356767077000086,
              5.5648565390000613,
              0,
              null
            ],
            [
              95.356835846000081,
              5.5648856590000264,
              0,
              null
            ],
            [
              95.356874632000086,
              5.5648999750000598,
              0,
              null
            ],
            [
              95.356906861000084,
              5.5649213770000756,
              0,
              null
            ],
            [
              95.356977517000075,
              5.564971197000034,
              0,
              null
            ],
            [
              95.357060495000042,
              5.5650227120000295,
              0,
              null
            ],
            [
              95.357136451000031,
              5.5650760270000319,
              0,
              null
            ],
            [
              95.35717094000006,
              5.565107552000029,
              0,
              null
            ],
            [
              95.357216054000048,
              5.5651522320000595,
              0,
              null
            ],
            [
              95.357248361000075,
              5.5651864150000279,
              0,
              null
            ],
            [
              95.357290902000045,
              5.5652421230000755,
              0,
              null
            ],
            [
              95.357348158000036,
              5.5653316770000743,
              0,
              null
            ],
            [
              95.357419672000049,
              5.5654542030000584,
              0,
              null
            ],
            [
              95.357471832000044,
              5.565575956000032,
              0,
              null
            ],
            [
              95.357501206000052,
              5.5656348260000641,
              0,
              null
            ],
            [
              95.357538971000054,
              5.5657007040000508,
              0,
              null
            ],
            [
              95.357583806000036,
              5.565772700000025,
              0,
              null
            ],
            [
              95.357661576000055,
              5.5659119320000627,
              0,
              null
            ],
            [
              95.357710767000071,
              5.5659768600000348,
              0,
              null
            ],
            [
              95.357746200000065,
              5.5660189570000398,
              0,
              null
            ],
            [
              95.357768496000062,
              5.5660462410000378,
              0,
              null
            ],
            [
              95.357771923000087,
              5.5660833180000395,
              0,
              null
            ],
            [
              95.357787488000042,
              5.5662014760000602,
              0,
              null
            ],
            [
              95.357828279000046,
              5.5663637340000491,
              0,
              null
            ],
            [
              95.357877300000041,
              5.566512317000047,
              0,
              null
            ],
            [
              95.357924965000052,
              5.5666583940000578,
              0,
              null
            ],
            [
              95.357977813000048,
              5.5668396750000397,
              0,
              null
            ],
            [
              95.358008613000038,
              5.5669574540000326,
              0,
              null
            ],
            [
              95.358042528000055,
              5.5671001710000496,
              0,
              null
            ],
            [
              95.35807460500007,
              5.5672557980000761,
              0,
              null
            ],
            [
              95.358099920000086,
              5.5674123140000233,
              0,
              null
            ],
            [
              95.358117148000076,
              5.5675763740000548,
              0,
              null
            ],
            [
              95.358129227000063,
              5.5677527910000322,
              0,
              null
            ],
            [
              95.358137634000059,
              5.5679268200000251,
              0,
              null
            ],
            [
              95.35814384400004,
              5.568083702000024,
              0,
              null
            ],
            [
              95.358151228000054,
              5.5682745990000626,
              0,
              null
            ],
            [
              95.358155553000074,
              5.5684495840000636,
              0,
              null
            ],
            [
              95.358152523000058,
              5.5685857320000309,
              0,
              null
            ],
            [
              95.358127655000033,
              5.5687226530000657,
              0,
              null
            ],
            [
              95.358091283000078,
              5.5688139640000713,
              0,
              null
            ],
            [
              95.358019415000058,
              5.5689487960000292,
              0,
              null
            ],
            [
              95.357970776000059,
              5.5690699230000291,
              0,
              null
            ],
            [
              95.357949405000056,
              5.5692284060000361,
              0,
              null
            ],
            [
              95.357937582000034,
              5.5693223490000605,
              0,
              null
            ],
            [
              95.357923020000044,
              5.5694241210000541,
              0,
              null
            ],
            [
              95.357904445000031,
              5.5695392620000348,
              0,
              null
            ],
            [
              95.357876752000038,
              5.5696893720000276,
              0,
              null
            ],
            [
              95.357849725000051,
              5.5698230940000713,
              0,
              null
            ],
            [
              95.357817487000034,
              5.5699804730000437,
              0,
              null
            ],
            [
              95.357787282000061,
              5.5701317870000366,
              0,
              null
            ],
            [
              95.357760979000034,
              5.5702732150000429,
              0,
              null
            ],
            [
              95.357737013000076,
              5.5704121580000674,
              0,
              null
            ],
            [
              95.357717397000044,
              5.5705357890000755,
              0,
              null
            ],
            [
              95.357701206000058,
              5.5706540330000394,
              0,
              null
            ],
            [
              95.357666000000052,
              5.5707766500000275,
              0,
              null
            ],
            [
              95.357635926000057,
              5.5708884820000435,
              0,
              null
            ],
            [
              95.357628552000051,
              5.57093074200003,
              0,
              null
            ],
            [
              95.357626906000064,
              5.570966621000025,
              0,
              null
            ],
            [
              95.357626452000034,
              5.5709765140000513,
              0,
              null
            ],
            [
              95.357628205000083,
              5.5710046320000401,
              0,
              null
            ],
            [
              95.35763053900007,
              5.5710420750000367,
              0,
              null
            ],
            [
              95.357639865000067,
              5.5710913450000703,
              0,
              null
            ],
            [
              95.357649338000044,
              5.5711286110000628,
              0,
              null
            ],
            [
              95.357643672000052,
              5.5711901160000252,
              0,
              null
            ]
          ]
        ]
      },
      "properties" : {
        "FID" : 0,
        "OBJECTID" : 10310,
        "KDPPUM" : "11",
        "NAMOBJ" : "Lamgugob",
        "REMARK" : " ",
        "KDPBPS" : " ",
        "FCODE" : "BA03070040",
        "LUASWH" : 0,
        "UUPP" : "RBI",
        "SRS_ID" : "SRGI 2013",
        "METADATA" : "TASWIL1000020200326DATA_BATAS_DESA_KELURAHAN",
        "KDEBPS" : " ",
        "KDEPUM" : "11.71.04.2007",
        "KDCBPS" : " ",
        "KDCPUM" : "11.71.04",
        "KDBBPS" : " ",
        "WADMKD" : "Lamgugob",
        "WIADKD" : "0",
        "WADMKC" : "Syiah Kuala",
        "WIADKC" : " ",
        "WADMKK" : "Kota Banda Aceh",
        "WIADKK" : " ",
        "WADMPR" : "Aceh",
        "WIADPR" : " ",
        "TIPADM" : 9,
        "KDPKAB" : "11.71",
        "SHAPE_Leng" : 0.049874422175118997,
        "SHAPE_Area" : 8.3735408572000001e-05
      }
    }
  ]
}