{
  "hasZ" : true,
  "hasM" : true,
  "type" : "FeatureCollection",
  "features" : [
    {
      "type" : "Feature",
      "id" : 0,
      "geometry" : {
        "type" : "Polygon",
        "coordinates" : [
          [
            [
              95.317058818000078,
              5.5297959540000647,
              0,
              null
            ],
            [
              95.316992088000063,
              5.5298102680000625,
              0,
              null
            ],
            [
              95.316960751000067,
              5.529820298000061,
              0,
              null
            ],
            [
              95.316924123000035,
              5.5298360790000629,
              0,
              null
            ],
            [
              95.316599818000043,
              5.5300738180000621,
              0,
              null
            ],
            [
              95.316282412000078,
              5.5303159880000408,
              0,
              null
            ],
            [
              95.316028899000059,
              5.5304397230000291,
              0,
              null
            ],
            [
              95.31569511500004,
              5.5305366910000657,
              0,
              null
            ],
            [
              95.31549939000007,
              5.5305362600000763,
              0,
              null
            ],
            [
              95.315505159000054,
              5.5304007840000509,
              0,
              null
            ],
            [
              95.315311091000069,
              5.5304137540000511,
              0,
              null
            ],
            [
              95.31529914500004,
              5.5304142430000525,
              0,
              null
            ],
            [
              95.315269537000063,
              5.530415453000046,
              0,
              null
            ],
            [
              95.315241256000036,
              5.5304152650000447,
              0,
              null
            ],
            [
              95.315207894000082,
              5.5304150430000618,
              0,
              null
            ],
            [
              95.315188048000039,
              5.5304153820000579,
              0,
              null
            ],
            [
              95.315181651000046,
              5.5304172150000568,
              0,
              null
            ],
            [
              95.315174604000049,
              5.5304111000000375,
              0,
              null
            ],
            [
              95.315172722000057,
              5.5304094660000374,
              0,
              null
            ],
            [
              95.315166905000069,
              5.5304044190000354,
              0,
              null
            ],
            [
              95.315151626000045,
              5.5303981880000492,
              0,
              null
            ],
            [
              95.315138113000046,
              5.5303938110000672,
              0,
              null
            ],
            [
              95.314948396000034,
              5.5303473300000405,
              0,
              null
            ],
            [
              95.314936135000039,
              5.5303443260000336,
              0,
              null
            ],
            [
              95.314920598000072,
              5.5303395600000727,
              0,
              null
            ],
            [
              95.314937802000031,
              5.5302898680000681,
              0,
              null
            ],
            [
              95.314957702000072,
              5.5302323910000268,
              0,
              null
            ],
            [
              95.314962519000062,
              5.5302184770000622,
              0,
              null
            ],
            [
              95.314999605000082,
              5.5301062060000277,
              0,
              null
            ],
            [
              95.31502114400007,
              5.5300409990000503,
              0,
              null
            ],
            [
              95.315026317000047,
              5.5300236100000575,
              0,
              null
            ],
            [
              95.315026335000084,
              5.5300235500000667,
              0,
              null
            ],
            [
              95.31501056500008,
              5.5300194110000689,
              0,
              null
            ],
            [
              95.314817639000069,
              5.5299687740000536,
              0,
              null
            ],
            [
              95.314806391000047,
              5.5299658210000757,
              0,
              null
            ],
            [
              95.314636878000044,
              5.5299213280000572,
              0,
              null
            ],
            [
              95.314633765000053,
              5.529920718000028,
              0,
              null
            ],
            [
              95.314559118000034,
              5.5299060860000395,
              0,
              null
            ],
            [
              95.314528152000037,
              5.529900016000056,
              0,
              null
            ],
            [
              95.314514927000062,
              5.5298974240000689,
              0,
              null
            ],
            [
              95.314497980000056,
              5.5298941020000711,
              0,
              null
            ],
            [
              95.314485589000071,
              5.5298913850000417,
              0,
              null
            ],
            [
              95.314485280000042,
              5.5298930180000525,
              0,
              null
            ],
            [
              95.314484324000034,
              5.5299004750000336,
              0,
              null
            ],
            [
              95.314484179000033,
              5.5299016040000311,
              0,
              null
            ],
            [
              95.314456159000031,
              5.529900499000064,
              0,
              null
            ],
            [
              95.314452219000032,
              5.5298987280000347,
              0,
              null
            ],
            [
              95.314446799000052,
              5.5298925420000273,
              0,
              null
            ],
            [
              95.314428744000054,
              5.5298719400000209,
              0,
              null
            ],
            [
              95.314415452000048,
              5.5298616960000686,
              0,
              null
            ],
            [
              95.314405003000047,
              5.5298564490000217,
              0,
              null
            ],
            [
              95.314399000000037,
              5.5298551750000229,
              0,
              null
            ],
            [
              95.314396760000079,
              5.529854700000044,
              0,
              null
            ],
            [
              95.314356796000084,
              5.5298532180000279,
              0,
              null
            ],
            [
              95.314273073000038,
              5.5298501100000408,
              0,
              null
            ],
            [
              95.314211636000039,
              5.5298478300000511,
              0,
              null
            ],
            [
              95.314160967000078,
              5.5298466460000668,
              0,
              null
            ],
            [
              95.314077045000033,
              5.5298446850000573,
              0,
              null
            ],
            [
              95.313986022000051,
              5.5298422670000491,
              0,
              null
            ],
            [
              95.313945322000052,
              5.5298411860000556,
              0,
              null
            ],
            [
              95.313875016000054,
              5.5298377860000301,
              0,
              null
            ],
            [
              95.313803965000034,
              5.5298343510000336,
              0,
              null
            ],
            [
              95.313783217000037,
              5.5298333480000679,
              0,
              null
            ],
            [
              95.313724615000069,
              5.5298305030000279,
              0,
              null
            ],
            [
              95.313649414000054,
              5.529826852000042,
              0,
              null
            ],
            [
              95.313586392000047,
              5.5298237910000694,
              0,
              null
            ],
            [
              95.313577465000037,
              5.5298233570000548,
              0,
              null
            ],
            [
              95.313571449000051,
              5.5298230650000733,
              0,
              null
            ],
            [
              95.313563449000071,
              5.5298226570000679,
              0,
              null
            ],
            [
              95.313558696000086,
              5.5298224150000692,
              0,
              null
            ],
            [
              95.313555114000053,
              5.5298222320000718,
              0,
              null
            ],
            [
              95.313217557000087,
              5.5298050030000354,
              0,
              null
            ],
            [
              95.313214021000078,
              5.5297935090000578,
              0,
              null
            ],
            [
              95.313215059000072,
              5.5297456400000442,
              0,
              null
            ],
            [
              95.313217518000044,
              5.5296588360000669,
              0,
              null
            ],
            [
              95.313220181000077,
              5.5296046320000301,
              0,
              null
            ],
            [
              95.313220185000034,
              5.5296045550000485,
              0,
              null
            ],
            [
              95.313223784000058,
              5.5295469020000496,
              0,
              null
            ],
            [
              95.313225840000086,
              5.5295139670000708,
              0,
              null
            ],
            [
              95.31324654000008,
              5.5291783540000665,
              0,
              null
            ],
            [
              95.313247193000052,
              5.5291580760000443,
              0,
              null
            ],
            [
              95.313237131000051,
              5.5291482460000339,
              0,
              null
            ],
            [
              95.313200260000087,
              5.5291122220000375,
              0,
              null
            ],
            [
              95.313152370000068,
              5.5290729470000315,
              0,
              null
            ],
            [
              95.313120748000074,
              5.5290489120000643,
              0,
              null
            ],
            [
              95.313075391000041,
              5.5290144370000576,
              0,
              null
            ],
            [
              95.313050628000042,
              5.5289956160000315,
              0,
              null
            ],
            [
              95.312987200000066,
              5.5289504220000367,
              0,
              null
            ],
            [
              95.312961503000054,
              5.528927086000067,
              0,
              null
            ],
            [
              95.312939073000052,
              5.5289314860000331,
              0,
              null
            ],
            [
              95.312928978000059,
              5.5289334820000704,
              0,
              null
            ],
            [
              95.31292476200008,
              5.5289325130000293,
              0,
              null
            ],
            [
              95.312920566000059,
              5.528927784000075,
              0,
              null
            ],
            [
              95.31288825300004,
              5.5288467110000283,
              0,
              null
            ],
            [
              95.312882659000081,
              5.5288416170000687,
              0,
              null
            ],
            [
              95.312871061000067,
              5.5288401340000632,
              0,
              null
            ],
            [
              95.312854405000053,
              5.5288395570000262,
              0,
              null
            ],
            [
              95.31283834900006,
              5.5288376860000312,
              0,
              null
            ],
            [
              95.312805328000081,
              5.52882893900005,
              0,
              null
            ],
            [
              95.312794154000073,
              5.5288250320000429,
              0,
              null
            ],
            [
              95.312795593000033,
              5.528817957000058,
              0,
              null
            ],
            [
              95.312795646000041,
              5.528803612000047,
              0,
              null
            ],
            [
              95.312786377000066,
              5.5287771360000306,
              0,
              null
            ],
            [
              95.312743944000033,
              5.5287074530000382,
              0,
              null
            ],
            [
              95.312736358000052,
              5.5286949940000341,
              0,
              null
            ],
            [
              95.312544764000052,
              5.5283803630000534,
              0,
              null
            ],
            [
              95.312536599000055,
              5.5283654400000728,
              0,
              null
            ],
            [
              95.312534988000039,
              5.5283625030000394,
              0,
              null
            ],
            [
              95.312534046000053,
              5.5283577690000243,
              0,
              null
            ],
            [
              95.312528493000059,
              5.5283298700000501,
              0,
              null
            ],
            [
              95.312525101000062,
              5.5282842880000658,
              0,
              null
            ],
            [
              95.312522197000078,
              5.5282039540000483,
              0,
              null
            ],
            [
              95.312519833000067,
              5.5281385520000299,
              0,
              null
            ],
            [
              95.312517494000076,
              5.5280738500000552,
              0,
              null
            ],
            [
              95.312522847000082,
              5.528044416000057,
              0,
              null
            ],
            [
              95.312536188000081,
              5.5280044250000628,
              0,
              null
            ],
            [
              95.312561258000073,
              5.5279330040000332,
              0,
              null
            ],
            [
              95.312587888000053,
              5.5278571380000585,
              0,
              null
            ],
            [
              95.312631444000033,
              5.5277376640000284,
              0,
              null
            ],
            [
              95.312642587000084,
              5.5277149590000363,
              0,
              null
            ],
            [
              95.312665243000083,
              5.5276781820000451,
              0,
              null
            ],
            [
              95.312739971000042,
              5.5275602230000231,
              0,
              null
            ],
            [
              95.312752769000042,
              5.5275364960000388,
              0,
              null
            ],
            [
              95.312767031000078,
              5.5275213730000701,
              0,
              null
            ],
            [
              95.312782976000051,
              5.5275061310000524,
              0,
              null
            ],
            [
              95.312795645000051,
              5.5274951270000656,
              0,
              null
            ],
            [
              95.312817695000035,
              5.5274759740000263,
              0,
              null
            ],
            [
              95.312890478000043,
              5.5274124630000756,
              0,
              null
            ],
            [
              95.312917559000084,
              5.5273772890000714,
              0,
              null
            ],
            [
              95.312943511000071,
              5.5273281200000497,
              0,
              null
            ],
            [
              95.312989513000048,
              5.5272197500000289,
              0,
              null
            ],
            [
              95.313020409000046,
              5.5271543130000396,
              0,
              null
            ],
            [
              95.313047673000085,
              5.5271106380000674,
              0,
              null
            ],
            [
              95.31306737400007,
              5.5270871580000289,
              0,
              null
            ],
            [
              95.313096342000051,
              5.5270551610000211,
              0,
              null
            ],
            [
              95.31324890500008,
              5.5268866390000539,
              0,
              null
            ],
            [
              95.313431284000046,
              5.5266700550000678,
              0,
              null
            ],
            [
              95.313524634000032,
              5.5265606060000323,
              0,
              null
            ],
            [
              95.313690652000048,
              5.5263771450000263,
              0,
              null
            ],
            [
              95.313723714000048,
              5.5263403130000484,
              0,
              null
            ],
            [
              95.314002601000084,
              5.5259759050000525,
              0,
              null
            ],
            [
              95.314012658000081,
              5.5259641820000525,
              0,
              null
            ],
            [
              95.314026752000075,
              5.5259799220000332,
              0,
              null
            ],
            [
              95.314054105000082,
              5.5260121660000436,
              0,
              null
            ],
            [
              95.314097618000062,
              5.5260479810000334,
              0,
              null
            ],
            [
              95.314108062000059,
              5.5260658290000606,
              0,
              null
            ],
            [
              95.314111124000078,
              5.5260853960000418,
              0,
              null
            ],
            [
              95.314112358000045,
              5.5261196590000736,
              0,
              null
            ],
            [
              95.314119505000065,
              5.5261319700000513,
              0,
              null
            ],
            [
              95.314134096000032,
              5.5261400120000417,
              0,
              null
            ],
            [
              95.314193623000051,
              5.5261460530000477,
              0,
              null
            ],
            [
              95.314220678000083,
              5.5261484960000757,
              0,
              null
            ],
            [
              95.314238180000075,
              5.5261510860000271,
              0,
              null
            ],
            [
              95.314369894000038,
              5.526168569000049,
              0,
              null
            ],
            [
              95.314437527000052,
              5.5261550720000514,
              0,
              null
            ],
            [
              95.314503608000052,
              5.5261506920000443,
              0,
              null
            ],
            [
              95.314585726000075,
              5.5261649610000632,
              0,
              null
            ],
            [
              95.314811404000068,
              5.526207108000051,
              0,
              null
            ],
            [
              95.314827895000064,
              5.5262166700000535,
              0,
              null
            ],
            [
              95.314900299000044,
              5.52617788200007,
              0,
              null
            ],
            [
              95.314907699000059,
              5.5261436850000223,
              0,
              null
            ],
            [
              95.314889612000059,
              5.5260324110000738,
              0,
              null
            ],
            [
              95.314899693000086,
              5.5260056790000363,
              0,
              null
            ],
            [
              95.315160656000046,
              5.5259381780000467,
              0,
              null
            ],
            [
              95.315293072000031,
              5.5259167500000217,
              0,
              null
            ],
            [
              95.315290054000059,
              5.5259058340000706,
              0,
              null
            ],
            [
              95.315284229000042,
              5.5258688270000675,
              0,
              null
            ],
            [
              95.315267489000064,
              5.5258579460000306,
              0,
              null
            ],
            [
              95.31524309100007,
              5.5258521020000444,
              0,
              null
            ],
            [
              95.315238285000078,
              5.5258222550000369,
              0,
              null
            ],
            [
              95.315233457000033,
              5.5257108030000381,
              0,
              null
            ],
            [
              95.315244148000033,
              5.5256181550000747,
              0,
              null
            ],
            [
              95.315243577000047,
              5.5255174880000482,
              0,
              null
            ],
            [
              95.315233410000076,
              5.5254849780000654,
              0,
              null
            ],
            [
              95.315184980000083,
              5.5254118500000686,
              0,
              null
            ],
            [
              95.315185048000046,
              5.5254014540000753,
              0,
              null
            ],
            [
              95.315188987000056,
              5.5253912520000767,
              0,
              null
            ],
            [
              95.315278059000036,
              5.5253837270000759,
              0,
              null
            ],
            [
              95.315300719000049,
              5.525362542000039,
              0,
              null
            ],
            [
              95.315305391000038,
              5.5253484760000333,
              0,
              null
            ],
            [
              95.315320335000081,
              5.5253158680000638,
              0,
              null
            ],
            [
              95.315324001000079,
              5.5252766320000433,
              0,
              null
            ],
            [
              95.315318150000053,
              5.5252450850000514,
              0,
              null
            ],
            [
              95.31529140300006,
              5.5251968820000457,
              0,
              null
            ],
            [
              95.315289136000047,
              5.5251495330000466,
              0,
              null
            ],
            [
              95.315288044000056,
              5.5251141420000636,
              0,
              null
            ],
            [
              95.315296495000041,
              5.5250777560000301,
              0,
              null
            ],
            [
              95.315310890000035,
              5.5250198630000682,
              0,
              null
            ],
            [
              95.315348864000043,
              5.5249642290000338,
              0,
              null
            ],
            [
              95.315417314000058,
              5.5248893430000408,
              0,
              null
            ],
            [
              95.315527986000063,
              5.5247534990000418,
              0,
              null
            ],
            [
              95.315548800000045,
              5.5246473620000529,
              0,
              null
            ],
            [
              95.315573434000044,
              5.5245190960000627,
              0,
              null
            ],
            [
              95.315758686000038,
              5.5245744190000323,
              0,
              null
            ],
            [
              95.315910509000048,
              5.5246206450000273,
              0,
              null
            ],
            [
              95.316135494000036,
              5.5246891440000354,
              0,
              null
            ],
            [
              95.316727903000071,
              5.5248653540000419,
              0,
              null
            ],
            [
              95.316748763000078,
              5.5247722810000255,
              0,
              null
            ],
            [
              95.316752016000066,
              5.5247505020000744,
              0,
              null
            ],
            [
              95.316755800000067,
              5.5247166000000334,
              0,
              null
            ],
            [
              95.316757299000074,
              5.5246753480000734,
              0,
              null
            ],
            [
              95.316762035000067,
              5.524619585000039,
              0,
              null
            ],
            [
              95.316768516000081,
              5.5245974410000258,
              0,
              null
            ],
            [
              95.316781702000071,
              5.5245636930000614,
              0,
              null
            ],
            [
              95.316855150000038,
              5.524416891000044,
              0,
              null
            ],
            [
              95.316883337000036,
              5.5243740350000508,
              0,
              null
            ],
            [
              95.316916132000074,
              5.5243263700000398,
              0,
              null
            ],
            [
              95.316931047000082,
              5.5243014810000659,
              0,
              null
            ],
            [
              95.316940953000085,
              5.5242740080000203,
              0,
              null
            ],
            [
              95.316948191000051,
              5.5242445310000221,
              0,
              null
            ],
            [
              95.316952059000073,
              5.5241951350000704,
              0,
              null
            ],
            [
              95.316951961000086,
              5.5240540720000695,
              0,
              null
            ],
            [
              95.316951394000057,
              5.5238580680000382,
              0,
              null
            ],
            [
              95.31695192400008,
              5.5237112910000405,
              0,
              null
            ],
            [
              95.316947706000064,
              5.5235837330000663,
              0,
              null
            ],
            [
              95.31694609300007,
              5.5235469770000236,
              0,
              null
            ],
            [
              95.316942904000086,
              5.5234946080000213,
              0,
              null
            ],
            [
              95.316938218000075,
              5.5234379420000437,
              0,
              null
            ],
            [
              95.316937362000033,
              5.5234266850000608,
              0,
              null
            ],
            [
              95.316933322000068,
              5.5233735110000453,
              0,
              null
            ],
            [
              95.316933362000043,
              5.5233350500000711,
              0,
              null
            ],
            [
              95.316935784000066,
              5.5232944540000517,
              0,
              null
            ],
            [
              95.316939348000062,
              5.5232651270000588,
              0,
              null
            ],
            [
              95.317222897000079,
              5.5233250000000567,
              0,
              null
            ],
            [
              95.317245756000034,
              5.5233303440000441,
              0,
              null
            ],
            [
              95.317239217000065,
              5.5233531660000494,
              0,
              null
            ],
            [
              95.317241958000068,
              5.5233596090000674,
              0,
              null
            ],
            [
              95.317442626000059,
              5.5234062260000201,
              0,
              null
            ],
            [
              95.317474187000073,
              5.5232079920000388,
              0,
              null
            ],
            [
              95.317592852000075,
              5.5232251920000408,
              0,
              null
            ],
            [
              95.317596712000068,
              5.5232226190000233,
              0,
              null
            ],
            [
              95.317852699000071,
              5.5232606260000239,
              0,
              null
            ],
            [
              95.317857371000059,
              5.5232368310000766,
              0,
              null
            ],
            [
              95.31787182100004,
              5.5231436080000549,
              0,
              null
            ],
            [
              95.317875103000063,
              5.5230990690000681,
              0,
              null
            ],
            [
              95.317878505000067,
              5.5230228640000405,
              0,
              null
            ],
            [
              95.318228240000053,
              5.5230728870000689,
              0,
              null
            ],
            [
              95.318230957000083,
              5.5230802250000579,
              0,
              null
            ],
            [
              95.318319679000069,
              5.5231057480000345,
              0,
              null
            ],
            [
              95.318468585000062,
              5.5231369490000475,
              0,
              null
            ],
            [
              95.318669830000033,
              5.523188689000051,
              0,
              null
            ],
            [
              95.318676727000081,
              5.5231852640000625,
              0,
              null
            ],
            [
              95.318684902000086,
              5.523183523000057,
              0,
              null
            ],
            [
              95.318771734000052,
              5.5231984600000601,
              0,
              null
            ],
            [
              95.318780527000058,
              5.5231862500000375,
              0,
              null
            ],
            [
              95.318792802000075,
              5.5231461320000221,
              0,
              null
            ],
            [
              95.31890343200007,
              5.5231958400000281,
              0,
              null
            ],
            [
              95.318943894000085,
              5.5232104520000576,
              0,
              null
            ],
            [
              95.318944213000066,
              5.5232183510000255,
              0,
              null
            ],
            [
              95.318933571000059,
              5.5232444610000471,
              0,
              null
            ],
            [
              95.318922905000079,
              5.5232669650000616,
              0,
              null
            ],
            [
              95.318924327000047,
              5.5232754110000428,
              0,
              null
            ],
            [
              95.318938464000041,
              5.5232803280000553,
              0,
              null
            ],
            [
              95.319252688000063,
              5.5233817070000555,
              0,
              null
            ],
            [
              95.319243325000059,
              5.5234158720000437,
              0,
              null
            ],
            [
              95.319185063000077,
              5.5236284760000558,
              0,
              null
            ],
            [
              95.319179156000075,
              5.5236566650000327,
              0,
              null
            ],
            [
              95.319295060000059,
              5.5236870630000681,
              0,
              null
            ],
            [
              95.319371587000035,
              5.5237072480000506,
              0,
              null
            ],
            [
              95.31938324500004,
              5.5237103230000457,
              0,
              null
            ],
            [
              95.319385190000048,
              5.5238026750000699,
              0,
              null
            ],
            [
              95.319388236000066,
              5.523947220000025,
              0,
              null
            ],
            [
              95.319388573000083,
              5.5239632590000269,
              0,
              null
            ],
            [
              95.319389223000087,
              5.5241811000000212,
              0,
              null
            ],
            [
              95.31938651300004,
              5.5241988000000219,
              0,
              null
            ],
            [
              95.319381555000064,
              5.5242181990000745,
              0,
              null
            ],
            [
              95.31936995500007,
              5.5242371640000556,
              0,
              null
            ],
            [
              95.319362348000084,
              5.5242456270000275,
              0,
              null
            ],
            [
              95.319354937000071,
              5.5242538730000206,
              0,
              null
            ],
            [
              95.319348977000061,
              5.5242626590000441,
              0,
              null
            ],
            [
              95.319337176000033,
              5.5242591510000238,
              0,
              null
            ],
            [
              95.319195165000053,
              5.5242169300000228,
              0,
              null
            ],
            [
              95.319066929000087,
              5.5242033520000291,
              0,
              null
            ],
            [
              95.31902834300007,
              5.5241917290000515,
              0,
              null
            ],
            [
              95.318893596000066,
              5.5241511410000612,
              0,
              null
            ],
            [
              95.318799926000054,
              5.5241229250000288,
              0,
              null
            ],
            [
              95.318788979000033,
              5.5241196270000614,
              0,
              null
            ],
            [
              95.318692826000074,
              5.5241104940000696,
              0,
              null
            ],
            [
              95.318682314000057,
              5.524116700000036,
              0,
              null
            ],
            [
              95.318678499000043,
              5.5241530020000482,
              0,
              null
            ],
            [
              95.31864820800007,
              5.5243261320000556,
              0,
              null
            ],
            [
              95.318645899000046,
              5.5243393260000744,
              0,
              null
            ],
            [
              95.318630620000079,
              5.5244266560000597,
              0,
              null
            ],
            [
              95.318627814000081,
              5.5244427060000589,
              0,
              null
            ],
            [
              95.318596177000074,
              5.5246236910000448,
              0,
              null
            ],
            [
              95.318580523000037,
              5.5247258270000543,
              0,
              null
            ],
            [
              95.318575502000044,
              5.5247585900000331,
              0,
              null
            ],
            [
              95.318573251000032,
              5.5247821040000531,
              0,
              null
            ],
            [
              95.318564779000042,
              5.5248705820000623,
              0,
              null
            ],
            [
              95.318560612000056,
              5.5249007720000236,
              0,
              null
            ],
            [
              95.318554284000072,
              5.5249466310000344,
              0,
              null
            ],
            [
              95.318542660000048,
              5.5250308510000536,
              0,
              null
            ],
            [
              95.318539185000077,
              5.5250349230000211,
              0,
              null
            ],
            [
              95.318534936000049,
              5.5250372900000571,
              0,
              null
            ],
            [
              95.318530366000061,
              5.5250381310000307,
              0,
              null
            ],
            [
              95.318474685000069,
              5.5250297170000522,
              0,
              null
            ],
            [
              95.318403131000082,
              5.525018904000035,
              0,
              null
            ],
            [
              95.318398589000083,
              5.5250204400000484,
              0,
              null
            ],
            [
              95.318395401000032,
              5.5250220350000632,
              0,
              null
            ],
            [
              95.318386445000044,
              5.5250316150000458,
              0,
              null
            ],
            [
              95.318382013000075,
              5.525038041000073,
              0,
              null
            ],
            [
              95.318380493000063,
              5.5250416180000457,
              0,
              null
            ],
            [
              95.318380223000077,
              5.5250427820000709,
              0,
              null
            ],
            [
              95.318380036000065,
              5.5250438000000486,
              0,
              null
            ],
            [
              95.318379853000067,
              5.5250446120000447,
              0,
              null
            ],
            [
              95.318375093000043,
              5.525065120000022,
              0,
              null
            ],
            [
              95.318368059000079,
              5.5250957280000534,
              0,
              null
            ],
            [
              95.318363718000057,
              5.5251146170000425,
              0,
              null
            ],
            [
              95.318323311000086,
              5.525290468000037,
              0,
              null
            ],
            [
              95.318318131000069,
              5.5253130760000317,
              0,
              null
            ],
            [
              95.318313318000037,
              5.5253323770000407,
              0,
              null
            ],
            [
              95.31824941800005,
              5.5253143870000372,
              0,
              null
            ],
            [
              95.317991026000072,
              5.5252413740000748,
              0,
              null
            ],
            [
              95.317987385000038,
              5.5252620350000257,
              0,
              null
            ],
            [
              95.317979862000072,
              5.5253047330000413,
              0,
              null
            ],
            [
              95.317970709000065,
              5.5253566770000475,
              0,
              null
            ],
            [
              95.317967368000041,
              5.5253756340000564,
              0,
              null
            ],
            [
              95.317941544000064,
              5.5255221950000646,
              0,
              null
            ],
            [
              95.317926886000066,
              5.5256053840000732,
              0,
              null
            ],
            [
              95.31791626200004,
              5.5256656740000381,
              0,
              null
            ],
            [
              95.317913893000082,
              5.525679119000074,
              0,
              null
            ],
            [
              95.317882834000045,
              5.5258373120000215,
              0,
              null
            ],
            [
              95.317844259000083,
              5.5260337890000528,
              0,
              null
            ],
            [
              95.317839474000039,
              5.5260534360000406,
              0,
              null
            ],
            [
              95.317829693000078,
              5.5260936090000428,
              0,
              null
            ],
            [
              95.317806184000062,
              5.526190161000045,
              0,
              null
            ],
            [
              95.317805528000065,
              5.5261989140000765,
              0,
              null
            ],
            [
              95.317804872000067,
              5.5262076660000616,
              0,
              null
            ],
            [
              95.317821643000059,
              5.5263700430000426,
              0,
              null
            ],
            [
              95.317822091000039,
              5.5263819730000705,
              0,
              null
            ],
            [
              95.317827475000058,
              5.5265251090000334,
              0,
              null
            ],
            [
              95.317828374000044,
              5.5265490200000613,
              0,
              null
            ],
            [
              95.317828131000056,
              5.5265660200000752,
              0,
              null
            ],
            [
              95.317826558000036,
              5.5266758550000645,
              0,
              null
            ],
            [
              95.317824692000045,
              5.5267319050000765,
              0,
              null
            ],
            [
              95.317820403000042,
              5.5267678890000411,
              0,
              null
            ],
            [
              95.317809208000085,
              5.5268236140000226,
              0,
              null
            ],
            [
              95.317786383000055,
              5.5269223560000569,
              0,
              null
            ],
            [
              95.317763381000077,
              5.5270218600000476,
              0,
              null
            ],
            [
              95.317753276000076,
              5.5270655670000224,
              0,
              null
            ],
            [
              95.317747460000078,
              5.5270907270000293,
              0,
              null
            ],
            [
              95.317736708000041,
              5.5271583820000387,
              0,
              null
            ],
            [
              95.317706367000085,
              5.5273559520000504,
              0,
              null
            ],
            [
              95.317705512000032,
              5.5273615250000603,
              0,
              null
            ],
            [
              95.317695662000062,
              5.5274256590000732,
              0,
              null
            ],
            [
              95.317690040000059,
              5.5274459830000637,
              0,
              null
            ],
            [
              95.31767850500006,
              5.5274607350000338,
              0,
              null
            ],
            [
              95.317448992000038,
              5.5275087660000395,
              0,
              null
            ],
            [
              95.31728008500005,
              5.5275434510000423,
              0,
              null
            ],
            [
              95.31717408600008,
              5.5275651840000251,
              0,
              null
            ],
            [
              95.31716281100006,
              5.527567495000028,
              0,
              null
            ],
            [
              95.317162946000053,
              5.5277269970000589,
              0,
              null
            ],
            [
              95.317162954000082,
              5.5277363820000573,
              0,
              null
            ],
            [
              95.317166612000051,
              5.5277700660000733,
              0,
              null
            ],
            [
              95.317170672000032,
              5.5277854630000434,
              0,
              null
            ],
            [
              95.317182306000063,
              5.527829582000038,
              0,
              null
            ],
            [
              95.317194361000077,
              5.52789986800002,
              0,
              null
            ],
            [
              95.317196048000085,
              5.5280043640000258,
              0,
              null
            ],
            [
              95.317195954000056,
              5.528013862000023,
              0,
              null
            ],
            [
              95.317195367000068,
              5.5280726210000353,
              0,
              null
            ],
            [
              95.317191751000053,
              5.5281263460000218,
              0,
              null
            ],
            [
              95.317189638000059,
              5.5281387900000709,
              0,
              null
            ],
            [
              95.317177076000064,
              5.5282127630000559,
              0,
              null
            ],
            [
              95.317162863000078,
              5.5282765450000397,
              0,
              null
            ],
            [
              95.317162807000045,
              5.5282875730000569,
              0,
              null
            ],
            [
              95.317172903000085,
              5.5283339500000466,
              0,
              null
            ],
            [
              95.317199275000064,
              5.5284550850000755,
              0,
              null
            ],
            [
              95.317217851000066,
              5.5285404110000513,
              0,
              null
            ],
            [
              95.317218705000073,
              5.5285443280000663,
              0,
              null
            ],
            [
              95.317225896000082,
              5.5285870150000278,
              0,
              null
            ],
            [
              95.317257803000075,
              5.5287764160000279,
              0,
              null
            ],
            [
              95.317264401000045,
              5.5288155780000352,
              0,
              null
            ],
            [
              95.317252933000077,
              5.528815393000059,
              0,
              null
            ],
            [
              95.317210387000046,
              5.5288147050000589,
              0,
              null
            ],
            [
              95.317142119000039,
              5.5288106600000333,
              0,
              null
            ],
            [
              95.317141290000052,
              5.5288187940000739,
              0,
              null
            ],
            [
              95.317140973000051,
              5.5288219110000227,
              0,
              null
            ],
            [
              95.317126457000086,
              5.5289643820000265,
              0,
              null
            ],
            [
              95.317101599000068,
              5.5292083510000225,
              0,
              null
            ],
            [
              95.317096580000054,
              5.5292143280000232,
              0,
              null
            ],
            [
              95.317100455000059,
              5.5292492150000498,
              0,
              null
            ],
            [
              95.317101674000071,
              5.529260187000034,
              0,
              null
            ],
            [
              95.317104513000061,
              5.5292820670000538,
              0,
              null
            ],
            [
              95.317106520000038,
              5.5292975360000582,
              0,
              null
            ],
            [
              95.317110704000072,
              5.5293526580000503,
              0,
              null
            ],
            [
              95.317112741000074,
              5.5294101300000307,
              0,
              null
            ],
            [
              95.317115615000034,
              5.5294810860000325,
              0,
              null
            ],
            [
              95.31711748500004,
              5.5295137460000205,
              0,
              null
            ],
            [
              95.317120590000059,
              5.529567987000064,
              0,
              null
            ],
            [
              95.317129941000076,
              5.5296598240000208,
              0,
              null
            ],
            [
              95.317138462000059,
              5.529737419000071,
              0,
              null
            ],
            [
              95.31714033600008,
              5.5297537130000478,
              0,
              null
            ],
            [
              95.317141421000031,
              5.5297631420000357,
              0,
              null
            ],
            [
              95.317138687000067,
              5.5297698870000431,
              0,
              null
            ],
            [
              95.317132404000063,
              5.5297757870000623,
              0,
              null
            ],
            [
              95.317120743000032,
              5.5297811480000405,
              0,
              null
            ],
            [
              95.317101587000082,
              5.529787261000024,
              0,
              null
            ],
            [
              95.317058818000078,
              5.5297959540000647,
              0,
              null
            ]
          ]
        ]
      },
      "properties" : {
        "FID" : 0,
        "OBJECTID" : 11076,
        "KDPPUM" : "11",
        "NAMOBJ" : "Lhong Cut",
        "REMARK" : " ",
        "KDPBPS" : " ",
        "FCODE" : "BA03070040",
        "LUASWH" : 0,
        "UUPP" : "RBI",
        "SRS_ID" : "SRGI 2013",
        "METADATA" : "TASWIL1000020200326DATA_BATAS_DESA_KELURAHAN",
        "KDEBPS" : " ",
        "KDEPUM" : "11.71.07.2009",
        "KDCBPS" : " ",
        "KDCPUM" : "11.71.07",
        "KDBBPS" : " ",
        "WADMKD" : "Lhong Cut",
        "WIADKD" : "0",
        "WADMKC" : "Banda Raya",
        "WIADKC" : " ",
        "WADMKK" : "Kota Banda Aceh",
        "WIADKK" : " ",
        "WADMPR" : "Aceh",
        "WIADPR" : " ",
        "TIPADM" : 9,
        "KDPKAB" : "11.71",
        "SHAPE_Leng" : 0.027085364241244001,
        "SHAPE_Area" : 2.4478855390000001e-05
      }
    }
  ]
}