{
  "hasZ" : true,
  "hasM" : true,
  "type" : "FeatureCollection",
  "features" : [
    {
      "type" : "Feature",
      "id" : 0,
      "geometry" : {
        "type" : "Polygon",
        "coordinates" : [
          [
            [
              95.312358327000084,
              5.5539205930000435,
              0,
              null
            ],
            [
              95.31236395500008,
              5.5539548290000766,
              0,
              null
            ],
            [
              95.312364003000084,
              5.5539598760000217,
              0,
              null
            ],
            [
              95.31236451500007,
              5.5540147580000507,
              0,
              null
            ],
            [
              95.312364574000071,
              5.5540209750000713,
              0,
              null
            ],
            [
              95.312363265000045,
              5.5540581740000334,
              0,
              null
            ],
            [
              95.312361862000046,
              5.5540980570000329,
              0,
              null
            ],
            [
              95.312361723000038,
              5.5541019960000426,
              0,
              null
            ],
            [
              95.312360295000076,
              5.5541561240000306,
              0,
              null
            ],
            [
              95.312359758000071,
              5.5541764590000753,
              0,
              null
            ],
            [
              95.312356271000056,
              5.5542454660000544,
              0,
              null
            ],
            [
              95.312355087000071,
              5.5542688710000334,
              0,
              null
            ],
            [
              95.312354850000077,
              5.5542735680000419,
              0,
              null
            ],
            [
              95.312354155000037,
              5.5543150710000759,
              0,
              null
            ],
            [
              95.312353767000047,
              5.554338203000043,
              0,
              null
            ],
            [
              95.312354450000043,
              5.5543624120000459,
              0,
              null
            ],
            [
              95.312354811000034,
              5.55437521500005,
              0,
              null
            ],
            [
              95.312355553000032,
              5.5544015230000241,
              0,
              null
            ],
            [
              95.312355978000085,
              5.5544165780000299,
              0,
              null
            ],
            [
              95.312356280000074,
              5.5544272560000536,
              0,
              null
            ],
            [
              95.312357797000061,
              5.5544578360000401,
              0,
              null
            ],
            [
              95.31236096300006,
              5.5545216920000371,
              0,
              null
            ],
            [
              95.312361959000043,
              5.5545417660000567,
              0,
              null
            ],
            [
              95.312362178000058,
              5.5545461690000479,
              0,
              null
            ],
            [
              95.312365987000078,
              5.554622977000065,
              0,
              null
            ],
            [
              95.312366389000033,
              5.5546310750000316,
              0,
              null
            ],
            [
              95.31236670800007,
              5.5546375210000747,
              0,
              null
            ],
            [
              95.312370983000051,
              5.5547098850000225,
              0,
              null
            ],
            [
              95.312371413000051,
              5.5547171540000591,
              0,
              null
            ],
            [
              95.312374832000046,
              5.5547750210000686,
              0,
              null
            ],
            [
              95.312376474000075,
              5.5548028180000415,
              0,
              null
            ],
            [
              95.312376478000033,
              5.5548028740000746,
              0,
              null
            ],
            [
              95.312379210000074,
              5.5548427250000714,
              0,
              null
            ],
            [
              95.312379237000073,
              5.5548602540000616,
              0,
              null
            ],
            [
              95.312379274000079,
              5.5548842980000472,
              0,
              null
            ],
            [
              95.312379323000073,
              5.5549162070000762,
              0,
              null
            ],
            [
              95.312379357000054,
              5.5549383320000629,
              0,
              null
            ],
            [
              95.312381217000052,
              5.5549895580000452,
              0,
              null
            ],
            [
              95.312385895000034,
              5.5550159310000709,
              0,
              null
            ],
            [
              95.312388717000033,
              5.5550318420000622,
              0,
              null
            ],
            [
              95.312398263000034,
              5.5550529830000528,
              0,
              null
            ],
            [
              95.31241374800004,
              5.5550702320000482,
              0,
              null
            ],
            [
              95.312431298000035,
              5.5550803330000349,
              0,
              null
            ],
            [
              95.312465494000037,
              5.555088316000024,
              0,
              null
            ],
            [
              95.312499965000086,
              5.5550936680000405,
              0,
              null
            ],
            [
              95.312516560000063,
              5.5550962240000672,
              0,
              null
            ],
            [
              95.312526376000051,
              5.5550963300000262,
              0,
              null
            ],
            [
              95.312549535000073,
              5.5550964200000408,
              0,
              null
            ],
            [
              95.31265527000005,
              5.5550944970000273,
              0,
              null
            ],
            [
              95.312756837000052,
              5.5550928240000417,
              0,
              null
            ],
            [
              95.312865339000041,
              5.5550901300000533,
              0,
              null
            ],
            [
              95.312967790000073,
              5.5550883370000292,
              0,
              null
            ],
            [
              95.313037519000034,
              5.5550884800000517,
              0,
              null
            ],
            [
              95.313094164000063,
              5.5550905360000229,
              0,
              null
            ],
            [
              95.313159753000036,
              5.5550932070000272,
              0,
              null
            ],
            [
              95.313228350000031,
              5.555097015000058,
              0,
              null
            ],
            [
              95.313284249000048,
              5.5551019760000599,
              0,
              null
            ],
            [
              95.313457822000032,
              5.555119239000021,
              0,
              null
            ],
            [
              95.31347734600007,
              5.5551210330000345,
              0,
              null
            ],
            [
              95.313511332000076,
              5.5551241560000335,
              0,
              null
            ],
            [
              95.313475124000036,
              5.5554685890000428,
              0,
              null
            ],
            [
              95.31346114300004,
              5.5556211980000398,
              0,
              null
            ],
            [
              95.313453603000085,
              5.555741567000041,
              0,
              null
            ],
            [
              95.313454799000056,
              5.5557834090000711,
              0,
              null
            ],
            [
              95.313458496000067,
              5.555912696000064,
              0,
              null
            ],
            [
              95.31346030800006,
              5.5559761190000359,
              0,
              null
            ],
            [
              95.31345028000004,
              5.5561226980000242,
              0,
              null
            ],
            [
              95.313429423000059,
              5.5564275470000553,
              0,
              null
            ],
            [
              95.313401572000032,
              5.5566583910000418,
              0,
              null
            ],
            [
              95.313395171000082,
              5.556790392000039,
              0,
              null
            ],
            [
              95.313396546000035,
              5.556882617000042,
              0,
              null
            ],
            [
              95.313403568000069,
              5.5569670250000627,
              0,
              null
            ],
            [
              95.313411254000073,
              5.5570177770000555,
              0,
              null
            ],
            [
              95.313418401000035,
              5.5570680270000707,
              0,
              null
            ],
            [
              95.313391191000051,
              5.5570843710000304,
              0,
              null
            ],
            [
              95.31332440500006,
              5.5571207760000334,
              0,
              null
            ],
            [
              95.312666834000083,
              5.5574792080000748,
              0,
              null
            ],
            [
              95.312535562000051,
              5.5575492220000342,
              0,
              null
            ],
            [
              95.312499972000069,
              5.5575681660000669,
              0,
              null
            ],
            [
              95.312420775000078,
              5.5576083400000584,
              0,
              null
            ],
            [
              95.312439656000038,
              5.5576494210000646,
              0,
              null
            ],
            [
              95.312448572000051,
              5.5576704390000486,
              0,
              null
            ],
            [
              95.312448914000072,
              5.5576712460000408,
              0,
              null
            ],
            [
              95.312459998000065,
              5.5577071520000345,
              0,
              null
            ],
            [
              95.312477887000057,
              5.5577972390000241,
              0,
              null
            ],
            [
              95.312484850000033,
              5.557879893000063,
              0,
              null
            ],
            [
              95.312493468000071,
              5.5579475710000565,
              0,
              null
            ],
            [
              95.312499975000037,
              5.5581069230000253,
              0,
              null
            ],
            [
              95.312499985000045,
              5.558107170000028,
              0,
              null
            ],
            [
              95.31250409200004,
              5.5582077410000466,
              0,
              null
            ],
            [
              95.312499975000037,
              5.5582691750000208,
              0,
              null
            ],
            [
              95.312492899000063,
              5.5583748020000598,
              0,
              null
            ],
            [
              95.312491713000043,
              5.5583841860000689,
              0,
              null
            ],
            [
              95.312484944000062,
              5.5584377550000568,
              0,
              null
            ],
            [
              95.312471428000038,
              5.55843765700007,
              0,
              null
            ],
            [
              95.312366824000037,
              5.55844018800002,
              0,
              null
            ],
            [
              95.31234634100008,
              5.5584439290000205,
              0,
              null
            ],
            [
              95.312339136000048,
              5.5584493990000396,
              0,
              null
            ],
            [
              95.312335767000036,
              5.5584576740000671,
              0,
              null
            ],
            [
              95.312319683000055,
              5.5585851170000637,
              0,
              null
            ],
            [
              95.312312594000048,
              5.5585994450000271,
              0,
              null
            ],
            [
              95.312306032000038,
              5.5586055450000345,
              0,
              null
            ],
            [
              95.312292190000051,
              5.5586095130000217,
              0,
              null
            ],
            [
              95.312052066000035,
              5.5586318500000402,
              0,
              null
            ],
            [
              95.312052791000042,
              5.558643130000064,
              0,
              null
            ],
            [
              95.312054152000087,
              5.5586738020000439,
              0,
              null
            ],
            [
              95.312056919000042,
              5.5587010350000696,
              0,
              null
            ],
            [
              95.312060243000076,
              5.5587252380000223,
              0,
              null
            ],
            [
              95.31206925500004,
              5.5587618380000663,
              0,
              null
            ],
            [
              95.312076666000053,
              5.5587791830000697,
              0,
              null
            ],
            [
              95.312084577000064,
              5.5587903780000261,
              0,
              null
            ],
            [
              95.312096545000031,
              5.5587987020000469,
              0,
              null
            ],
            [
              95.312119495000047,
              5.5588077600000361,
              0,
              null
            ],
            [
              95.312132690000055,
              5.5588137280000751,
              0,
              null
            ],
            [
              95.312140334000048,
              5.5588189860000625,
              0,
              null
            ],
            [
              95.312142636000033,
              5.5588241200000539,
              0,
              null
            ],
            [
              95.312153567000053,
              5.5588972130000229,
              0,
              null
            ],
            [
              95.312160933000087,
              5.5589399440000307,
              0,
              null
            ],
            [
              95.312163340000041,
              5.5589531930000362,
              0,
              null
            ],
            [
              95.312021722000054,
              5.5589782380000656,
              0,
              null
            ],
            [
              95.312024921000045,
              5.5590891330000431,
              0,
              null
            ],
            [
              95.312033697000061,
              5.5593564870000591,
              0,
              null
            ],
            [
              95.312042831000042,
              5.5594501010000386,
              0,
              null
            ],
            [
              95.312044336000042,
              5.5594638180000402,
              0,
              null
            ],
            [
              95.312045891000082,
              5.5594818310000278,
              0,
              null
            ],
            [
              95.311927447000073,
              5.5594905730000619,
              0,
              null
            ],
            [
              95.311801130000049,
              5.5594987510000351,
              0,
              null
            ],
            [
              95.311639568000032,
              5.5595098970000549,
              0,
              null
            ],
            [
              95.311588603000075,
              5.5595116700000631,
              0,
              null
            ],
            [
              95.311562352000067,
              5.5595124630000328,
              0,
              null
            ],
            [
              95.311446353000065,
              5.5595220520000339,
              0,
              null
            ],
            [
              95.311315448000073,
              5.5595263620000424,
              0,
              null
            ],
            [
              95.311298543000078,
              5.5595268710000596,
              0,
              null
            ],
            [
              95.311278736000077,
              5.5595281150000346,
              0,
              null
            ],
            [
              95.311132144000055,
              5.5595375380000291,
              0,
              null
            ],
            [
              95.311116527000081,
              5.5595389150000756,
              0,
              null
            ],
            [
              95.311106701000085,
              5.5595397800000228,
              0,
              null
            ],
            [
              95.311085217000084,
              5.5595412560000455,
              0,
              null
            ],
            [
              95.311063734000072,
              5.5595429770000351,
              0,
              null
            ],
            [
              95.31099183300006,
              5.5595457120000447,
              0,
              null
            ],
            [
              95.31096836200004,
              5.5595466040000474,
              0,
              null
            ],
            [
              95.31095967300007,
              5.5595466290000672,
              0,
              null
            ],
            [
              95.310933953000074,
              5.5595467050000593,
              0,
              null
            ],
            [
              95.310925301000054,
              5.5595467300000223,
              0,
              null
            ],
            [
              95.310897134000072,
              5.5595468110000752,
              0,
              null
            ],
            [
              95.310843233000071,
              5.5595469680000633,
              0,
              null
            ],
            [
              95.310821947000079,
              5.5595475090000264,
              0,
              null
            ],
            [
              95.310760882000068,
              5.5595490600000517,
              0,
              null
            ],
            [
              95.310737157000062,
              5.5595496630000412,
              0,
              null
            ],
            [
              95.310691819000056,
              5.5595508150000228,
              0,
              null
            ],
            [
              95.310646940000083,
              5.5595525970000494,
              0,
              null
            ],
            [
              95.310614303000079,
              5.5595538940000324,
              0,
              null
            ],
            [
              95.31057592600007,
              5.559555418000059,
              0,
              null
            ],
            [
              95.310554676000038,
              5.5595566580000764,
              0,
              null
            ],
            [
              95.310535144000085,
              5.5595588410000687,
              0,
              null
            ],
            [
              95.310509813000067,
              5.5595618150000519,
              0,
              null
            ],
            [
              95.310456255000076,
              5.5595673300000499,
              0,
              null
            ],
            [
              95.310390333000043,
              5.5595696130000647,
              0,
              null
            ],
            [
              95.310381150000069,
              5.5595682660000421,
              0,
              null
            ],
            [
              95.310366822000049,
              5.5595661640000458,
              0,
              null
            ],
            [
              95.310341633000064,
              5.5595624680000242,
              0,
              null
            ],
            [
              95.310328711000068,
              5.5595605720000663,
              0,
              null
            ],
            [
              95.310315942000045,
              5.55955545300003,
              0,
              null
            ],
            [
              95.310319421000031,
              5.5595384000000649,
              0,
              null
            ],
            [
              95.310319261000075,
              5.5595369470000264,
              0,
              null
            ],
            [
              95.31031841500004,
              5.5595292270000414,
              0,
              null
            ],
            [
              95.310304944000052,
              5.559530316000064,
              0,
              null
            ],
            [
              95.310266915000057,
              5.5595333910000591,
              0,
              null
            ],
            [
              95.310266252000076,
              5.5595334450000564,
              0,
              null
            ],
            [
              95.310251536000067,
              5.5595346350000341,
              0,
              null
            ],
            [
              95.310110903000066,
              5.559560020000049,
              0,
              null
            ],
            [
              95.310107084000038,
              5.5595607090000385,
              0,
              null
            ],
            [
              95.310089461000075,
              5.5595686480000381,
              0,
              null
            ],
            [
              95.310078202000057,
              5.5595737210000493,
              0,
              null
            ],
            [
              95.310050649000061,
              5.5595864790000746,
              0,
              null
            ],
            [
              95.309970504000034,
              5.5596235880000222,
              0,
              null
            ],
            [
              95.309936492000077,
              5.5596393370000214,
              0,
              null
            ],
            [
              95.309828067000069,
              5.5596895410000684,
              0,
              null
            ],
            [
              95.309788521000087,
              5.5597063800000228,
              0,
              null
            ],
            [
              95.309734358000071,
              5.5597294410000586,
              0,
              null
            ],
            [
              95.309667858000068,
              5.5597777650000353,
              0,
              null
            ],
            [
              95.309628314000065,
              5.5598065000000361,
              0,
              null
            ],
            [
              95.309615175000033,
              5.5598160470000266,
              0,
              null
            ],
            [
              95.309609841000054,
              5.5598199230000205,
              0,
              null
            ],
            [
              95.309589740000035,
              5.5598312600000668,
              0,
              null
            ],
            [
              95.30954670400007,
              5.5598555320000287,
              0,
              null
            ],
            [
              95.30951514800006,
              5.5598733300000731,
              0,
              null
            ],
            [
              95.309448498000052,
              5.5599109200000498,
              0,
              null
            ],
            [
              95.309448064000037,
              5.5599111650000737,
              0,
              null
            ],
            [
              95.309400846000074,
              5.5599377960000425,
              0,
              null
            ],
            [
              95.309367550000047,
              5.5599565750000579,
              0,
              null
            ],
            [
              95.309358772000053,
              5.5599613800000611,
              0,
              null
            ],
            [
              95.309219852000069,
              5.5600374330000477,
              0,
              null
            ],
            [
              95.309218805000057,
              5.5600380060000703,
              0,
              null
            ],
            [
              95.309167190000039,
              5.560066263000067,
              0,
              null
            ],
            [
              95.309166531000074,
              5.5600666380000234,
              0,
              null
            ],
            [
              95.309155682000039,
              5.5600727970000321,
              0,
              null
            ],
            [
              95.30914457700004,
              5.5600791010000421,
              0,
              null
            ],
            [
              95.309099515000071,
              5.56010468300002,
              0,
              null
            ],
            [
              95.309076254000047,
              5.5601178880000361,
              0,
              null
            ],
            [
              95.309012343000063,
              5.5601541700000325,
              0,
              null
            ],
            [
              95.308949221000034,
              5.5601900050000381,
              0,
              null
            ],
            [
              95.308910169000058,
              5.5602138950000608,
              0,
              null
            ],
            [
              95.308904823000034,
              5.5602344150000249,
              0,
              null
            ],
            [
              95.308695097000054,
              5.5603675060000342,
              0,
              null
            ],
            [
              95.308485371000074,
              5.5605005970000434,
              0,
              null
            ],
            [
              95.308361821000062,
              5.5605250010000304,
              0,
              null
            ],
            [
              95.308365212000069,
              5.5605028000000516,
              0,
              null
            ],
            [
              95.308365334000086,
              5.5605020030000674,
              0,
              null
            ],
            [
              95.308372011000074,
              5.5604582890000529,
              0,
              null
            ],
            [
              95.30838080500007,
              5.5604007180000394,
              0,
              null
            ],
            [
              95.308385501000032,
              5.5603699750000715,
              0,
              null
            ],
            [
              95.308390744000064,
              5.560288546000038,
              0,
              null
            ],
            [
              95.308392755000057,
              5.5602573110000435,
              0,
              null
            ],
            [
              95.308398723000039,
              5.5601646150000761,
              0,
              null
            ],
            [
              95.308399661000067,
              5.5601507280000533,
              0,
              null
            ],
            [
              95.308405640000046,
              5.5600621030000639,
              0,
              null
            ],
            [
              95.308414767000045,
              5.5599268290000623,
              0,
              null
            ],
            [
              95.308418750000044,
              5.5598678010000526,
              0,
              null
            ],
            [
              95.308419163000053,
              5.5598618720000559,
              0,
              null
            ],
            [
              95.308429373000081,
              5.5597151000000622,
              0,
              null
            ],
            [
              95.308433591000039,
              5.5596544610000365,
              0,
              null
            ],
            [
              95.308436354000037,
              5.5596147480000582,
              0,
              null
            ],
            [
              95.308440097000073,
              5.5595470130000422,
              0,
              null
            ],
            [
              95.308443315000034,
              5.5594887840000524,
              0,
              null
            ],
            [
              95.308444431000055,
              5.5594685890000619,
              0,
              null
            ],
            [
              95.308445899000048,
              5.5594420290000244,
              0,
              null
            ],
            [
              95.308446994000064,
              5.5594015550000222,
              0,
              null
            ],
            [
              95.308447947000047,
              5.5593663200000378,
              0,
              null
            ],
            [
              95.308448267000074,
              5.5593544740000311,
              0,
              null
            ],
            [
              95.30844959500007,
              5.5593054390000702,
              0,
              null
            ],
            [
              95.30845041200007,
              5.5592752280000468,
              0,
              null
            ],
            [
              95.308449830000086,
              5.5592612140000597,
              0,
              null
            ],
            [
              95.308446656000058,
              5.5591847730000268,
              0,
              null
            ],
            [
              95.308444080000072,
              5.559122761000026,
              0,
              null
            ],
            [
              95.308438472000034,
              5.5589877230000297,
              0,
              null
            ],
            [
              95.308438390000049,
              5.5589857420000612,
              0,
              null
            ],
            [
              95.30843543800006,
              5.5589146570000594,
              0,
              null
            ],
            [
              95.308433432000072,
              5.558880413000054,
              0,
              null
            ],
            [
              95.308430444000066,
              5.5588293610000505,
              0,
              null
            ],
            [
              95.308426791000045,
              5.558766983000055,
              0,
              null
            ],
            [
              95.308424689000049,
              5.5587310870000692,
              0,
              null
            ],
            [
              95.308415014000047,
              5.558565834000035,
              0,
              null
            ],
            [
              95.308414034000066,
              5.5585301190000678,
              0,
              null
            ],
            [
              95.308413269000084,
              5.5585022530000288,
              0,
              null
            ],
            [
              95.308409571000084,
              5.5583675090000497,
              0,
              null
            ],
            [
              95.30840868100006,
              5.5583350960000644,
              0,
              null
            ],
            [
              95.308404766000081,
              5.558192406000046,
              0,
              null
            ],
            [
              95.308403976000079,
              5.5581636350000281,
              0,
              null
            ],
            [
              95.308403894000037,
              5.5581606360000251,
              0,
              null
            ],
            [
              95.308399815000087,
              5.5580201050000255,
              0,
              null
            ],
            [
              95.308398297000053,
              5.5579677830000378,
              0,
              null
            ],
            [
              95.308397356000057,
              5.5579353730000207,
              0,
              null
            ],
            [
              95.308391420000078,
              5.5578549720000296,
              0,
              null
            ],
            [
              95.308390454000062,
              5.5578418800000691,
              0,
              null
            ],
            [
              95.308386762000055,
              5.5578085460000466,
              0,
              null
            ],
            [
              95.308372658000053,
              5.5576811780000526,
              0,
              null
            ],
            [
              95.308363970000073,
              5.55760271500003,
              0,
              null
            ],
            [
              95.308361231000049,
              5.557577980000076,
              0,
              null
            ],
            [
              95.308355088000042,
              5.5575123580000536,
              0,
              null
            ],
            [
              95.308342598000081,
              5.5573789420000708,
              0,
              null
            ],
            [
              95.308333653000034,
              5.5572833970000488,
              0,
              null
            ],
            [
              95.308319725000047,
              5.5571346220000351,
              0,
              null
            ],
            [
              95.308317291000037,
              5.5571171580000396,
              0,
              null
            ],
            [
              95.308314775000042,
              5.5570991070000559,
              0,
              null
            ],
            [
              95.30829185500005,
              5.5569346920000271,
              0,
              null
            ],
            [
              95.308290842000076,
              5.5569285620000528,
              0,
              null
            ],
            [
              95.308278776000066,
              5.5568555010000296,
              0,
              null
            ],
            [
              95.308259699000075,
              5.5567399840000462,
              0,
              null
            ],
            [
              95.308243694000055,
              5.556643078000036,
              0,
              null
            ],
            [
              95.308222837000073,
              5.55651679500005,
              0,
              null
            ],
            [
              95.308207288000062,
              5.5564259290000564,
              0,
              null
            ],
            [
              95.308198109000045,
              5.5563722900000698,
              0,
              null
            ],
            [
              95.308198227000048,
              5.556365142000061,
              0,
              null
            ],
            [
              95.308199048000063,
              5.556315459000075,
              0,
              null
            ],
            [
              95.308204027000045,
              5.5562845970000581,
              0,
              null
            ],
            [
              95.308204038000042,
              5.5562845290000382,
              0,
              null
            ],
            [
              95.308217357000046,
              5.5562403260000224,
              0,
              null
            ],
            [
              95.308236983000086,
              5.5562048260000552,
              0,
              null
            ],
            [
              95.308238953000057,
              5.5562012620000587,
              0,
              null
            ],
            [
              95.308241486000043,
              5.5561966820000634,
              0,
              null
            ],
            [
              95.309034699000051,
              5.556164969000065,
              0,
              null
            ],
            [
              95.309166278000077,
              5.5561692000000562,
              0,
              null
            ],
            [
              95.30917510900008,
              5.5561695730000338,
              0,
              null
            ],
            [
              95.309313644000042,
              5.556175430000053,
              0,
              null
            ],
            [
              95.309456026000078,
              5.5561791510000376,
              0,
              null
            ],
            [
              95.309481525000081,
              5.556179438000072,
              0,
              null
            ],
            [
              95.309561034000069,
              5.5561820850000458,
              0,
              null
            ],
            [
              95.309601498000063,
              5.5561834330000579,
              0,
              null
            ],
            [
              95.309632864000037,
              5.5561844770000448,
              0,
              null
            ],
            [
              95.309663801000056,
              5.5561871760000372,
              0,
              null
            ],
            [
              95.309724825000046,
              5.5561945300000275,
              0,
              null
            ],
            [
              95.309744703000035,
              5.5561953290000474,
              0,
              null
            ],
            [
              95.309817833000068,
              5.5561931720000644,
              0,
              null
            ],
            [
              95.309834513000055,
              5.5561925260000748,
              0,
              null
            ],
            [
              95.309960875000058,
              5.5561876370000505,
              0,
              null
            ],
            [
              95.309978655000066,
              5.556186948000061,
              0,
              null
            ],
            [
              95.309989868000059,
              5.5561865150000358,
              0,
              null
            ],
            [
              95.310007295000048,
              5.5561862090000318,
              0,
              null
            ],
            [
              95.310010755000064,
              5.5561861480000516,
              0,
              null
            ],
            [
              95.310011115000066,
              5.5561861640000529,
              0,
              null
            ],
            [
              95.310105332000035,
              5.5561902570000257,
              0,
              null
            ],
            [
              95.310176322000075,
              5.5561934030000657,
              0,
              null
            ],
            [
              95.310203180000087,
              5.5561945930000434,
              0,
              null
            ],
            [
              95.310251644000061,
              5.5561965980000423,
              0,
              null
            ],
            [
              95.310380347000034,
              5.5562019230000601,
              0,
              null
            ],
            [
              95.310391616000061,
              5.5562023900000668,
              0,
              null
            ],
            [
              95.310392886000045,
              5.5561824350000393,
              0,
              null
            ],
            [
              95.310393558000044,
              5.556171900000038,
              0,
              null
            ],
            [
              95.310396540000056,
              5.5561251000000311,
              0,
              null
            ],
            [
              95.31040775300005,
              5.5561271360000433,
              0,
              null
            ],
            [
              95.310723150000058,
              5.5561668580000401,
              0,
              null
            ],
            [
              95.310734367000066,
              5.556168031000027,
              0,
              null
            ],
            [
              95.310741695000047,
              5.5561077620000674,
              0,
              null
            ],
            [
              95.310744351000039,
              5.5560830110000552,
              0,
              null
            ],
            [
              95.310745136000037,
              5.5560756860000424,
              0,
              null
            ],
            [
              95.31074667300004,
              5.5560613710000553,
              0,
              null
            ],
            [
              95.310748806000049,
              5.5560414920000767,
              0,
              null
            ],
            [
              95.310752133000051,
              5.5560104780000756,
              0,
              null
            ],
            [
              95.310753606000048,
              5.5559955340000329,
              0,
              null
            ],
            [
              95.310756129000083,
              5.5559699330000285,
              0,
              null
            ],
            [
              95.310766044000047,
              5.5558693310000535,
              0,
              null
            ],
            [
              95.310767338000062,
              5.5558507860000645,
              0,
              null
            ],
            [
              95.310773170000061,
              5.5557671600000731,
              0,
              null
            ],
            [
              95.310779771000057,
              5.5556833240000287,
              0,
              null
            ],
            [
              95.310785247000069,
              5.555613797000035,
              0,
              null
            ],
            [
              95.310785715000065,
              5.5556078540000726,
              0,
              null
            ],
            [
              95.310787456000071,
              5.5555857410000726,
              0,
              null
            ],
            [
              95.310791539000036,
              5.5555452850000506,
              0,
              null
            ],
            [
              95.31079393300007,
              5.555521562000024,
              0,
              null
            ],
            [
              95.310794145000045,
              5.5555034860000205,
              0,
              null
            ],
            [
              95.310799886000041,
              5.5555035560000761,
              0,
              null
            ],
            [
              95.31085209400004,
              5.555504203000055,
              0,
              null
            ],
            [
              95.310897358000034,
              5.5555047630000445,
              0,
              null
            ],
            [
              95.311069050000071,
              5.5555120820000639,
              0,
              null
            ],
            [
              95.31126895500006,
              5.5555293770000276,
              0,
              null
            ],
            [
              95.311288336000075,
              5.5555312260000278,
              0,
              null
            ],
            [
              95.311421026000062,
              5.5555438860000663,
              0,
              null
            ],
            [
              95.311431763000087,
              5.5555451460000427,
              0,
              null
            ],
            [
              95.311506790000067,
              5.5555539450000424,
              0,
              null
            ],
            [
              95.311509732000047,
              5.5555360880000535,
              0,
              null
            ],
            [
              95.311509749000038,
              5.5555359420000627,
              0,
              null
            ],
            [
              95.31151273200004,
              5.5555095670000583,
              0,
              null
            ],
            [
              95.31151651600004,
              5.5554357360000495,
              0,
              null
            ],
            [
              95.311516631000075,
              5.5554334960000347,
              0,
              null
            ],
            [
              95.311520091000034,
              5.5552961050000249,
              0,
              null
            ],
            [
              95.31152125400007,
              5.555177823000065,
              0,
              null
            ],
            [
              95.311523454000053,
              5.5550896910000347,
              0,
              null
            ],
            [
              95.31152350900004,
              5.5550777230000676,
              0,
              null
            ],
            [
              95.311523708000038,
              5.5550344060000612,
              0,
              null
            ],
            [
              95.311518183000032,
              5.5549201450000396,
              0,
              null
            ],
            [
              95.311517774000038,
              5.5548978500000317,
              0,
              null
            ],
            [
              95.311515995000036,
              5.5548008640000717,
              0,
              null
            ],
            [
              95.31151549100008,
              5.5546926300000337,
              0,
              null
            ],
            [
              95.311517363000064,
              5.5546034970000733,
              0,
              null
            ],
            [
              95.311518181000054,
              5.5545884180000371,
              0,
              null
            ],
            [
              95.31151996400007,
              5.5545555790000662,
              0,
              null
            ],
            [
              95.311529281000048,
              5.5544526500000302,
              0,
              null
            ],
            [
              95.311532462000059,
              5.5544175010000458,
              0,
              null
            ],
            [
              95.311533538000049,
              5.5544086040000593,
              0,
              null
            ],
            [
              95.311539069000048,
              5.554362870000034,
              0,
              null
            ],
            [
              95.311538989000042,
              5.5543146190000243,
              0,
              null
            ],
            [
              95.311536186000069,
              5.554287549000037,
              0,
              null
            ],
            [
              95.311534236000057,
              5.5542687180000598,
              0,
              null
            ],
            [
              95.311529617000076,
              5.5542466010000453,
              0,
              null
            ],
            [
              95.311504928000033,
              5.5541283640000643,
              0,
              null
            ],
            [
              95.311499686000047,
              5.5541091440000514,
              0,
              null
            ],
            [
              95.311490129000049,
              5.55407410600003,
              0,
              null
            ],
            [
              95.311470892000045,
              5.55401794200003,
              0,
              null
            ],
            [
              95.311465654000074,
              5.5540050420000284,
              0,
              null
            ],
            [
              95.311488241000063,
              5.554001827000036,
              0,
              null
            ],
            [
              95.311537662000035,
              5.5539975110000341,
              0,
              null
            ],
            [
              95.311545876000082,
              5.5539965050000433,
              0,
              null
            ],
            [
              95.311555504000069,
              5.5539953250000735,
              0,
              null
            ],
            [
              95.31158742000008,
              5.5539914140000519,
              0,
              null
            ],
            [
              95.311618482000085,
              5.5539846480000392,
              0,
              null
            ],
            [
              95.311658357000056,
              5.5539733000000524,
              0,
              null
            ],
            [
              95.311670154000069,
              5.5539699430000269,
              0,
              null
            ],
            [
              95.311677156000087,
              5.5539679500000716,
              0,
              null
            ],
            [
              95.31174092200007,
              5.5539498020000337,
              0,
              null
            ],
            [
              95.311784840000087,
              5.5539424780000672,
              0,
              null
            ],
            [
              95.311803032000057,
              5.5539394440000365,
              0,
              null
            ],
            [
              95.311810190000074,
              5.5539397600000484,
              0,
              null
            ],
            [
              95.311826329000041,
              5.5539404740000577,
              0,
              null
            ],
            [
              95.311833440000044,
              5.5539423620000434,
              0,
              null
            ],
            [
              95.31184703100007,
              5.553945972000065,
              0,
              null
            ],
            [
              95.31186186900004,
              5.5539515410000604,
              0,
              null
            ],
            [
              95.311865082000054,
              5.5539527470000394,
              0,
              null
            ],
            [
              95.311870835000036,
              5.5539549070000476,
              0,
              null
            ],
            [
              95.311876315000063,
              5.5539554760000556,
              0,
              null
            ],
            [
              95.311945318000085,
              5.5539517480000313,
              0,
              null
            ],
            [
              95.311985385000071,
              5.5539495840000654,
              0,
              null
            ],
            [
              95.312014961000045,
              5.5539470190000202,
              0,
              null
            ],
            [
              95.312064400000054,
              5.5539427330000422,
              0,
              null
            ],
            [
              95.31213142200005,
              5.5539360700000202,
              0,
              null
            ],
            [
              95.312160993000077,
              5.553934196000057,
              0,
              null
            ],
            [
              95.312166747000049,
              5.5539338300000622,
              0,
              null
            ],
            [
              95.312217312000087,
              5.5539306250000209,
              0,
              null
            ],
            [
              95.312230960000079,
              5.5539297600000737,
              0,
              null
            ],
            [
              95.31227887700004,
              5.5539265690000548,
              0,
              null
            ],
            [
              95.312284842000054,
              5.5539261710000574,
              0,
              null
            ],
            [
              95.312319646000049,
              5.5539238540000611,
              0,
              null
            ],
            [
              95.312358327000084,
              5.5539205930000435,
              0,
              null
            ]
          ]
        ]
      },
      "properties" : {
        "FID" : 0,
        "OBJECTID" : 10363,
        "KDPPUM" : "11",
        "NAMOBJ" : "Lampaseh Kota",
        "REMARK" : " ",
        "KDPBPS" : " ",
        "FCODE" : "BA03070040",
        "LUASWH" : 0,
        "UUPP" : "RBI",
        "SRS_ID" : "SRGI 2013",
        "METADATA" : "TASWIL1000020200326DATA_BATAS_DESA_KELURAHAN",
        "KDEBPS" : " ",
        "KDEPUM" : "11.71.06.2004",
        "KDCBPS" : " ",
        "KDCPUM" : "11.71.06",
        "KDBBPS" : " ",
        "WADMKD" : "Lampaseh Kota",
        "WIADKD" : "0",
        "WADMKC" : "Kuta Raja",
        "WIADKC" : " ",
        "WADMKK" : "Kota Banda Aceh",
        "WIADKK" : " ",
        "WADMPR" : "Aceh",
        "WIADPR" : " ",
        "TIPADM" : 9,
        "KDPKAB" : "11.71",
        "SHAPE_Leng" : 0.022523681584072999,
        "SHAPE_Area" : 1.8905322724999999e-05
      }
    }
  ]
}