{
  "hasZ" : true,
  "hasM" : true,
  "type" : "FeatureCollection",
  "features" : [
    {
      "type" : "Feature",
      "id" : 0,
      "geometry" : {
        "type" : "Polygon",
        "coordinates" : [
          [
            [
              95.344273570000041,
              5.5567870830000743,
              0,
              null
            ],
            [
              95.344265776000043,
              5.556853765000028,
              0,
              null
            ],
            [
              95.344212498000047,
              5.5573110920000204,
              0,
              null
            ],
            [
              95.344177349000063,
              5.5576275170000713,
              0,
              null
            ],
            [
              95.344118993000052,
              5.5581713530000343,
              0,
              null
            ],
            [
              95.344060991000049,
              5.5587147090000713,
              0,
              null
            ],
            [
              95.344002106000062,
              5.5592755260000217,
              0,
              null
            ],
            [
              95.343927234000034,
              5.559958616000074,
              0,
              null
            ],
            [
              95.343875394000065,
              5.560429961000068,
              0,
              null
            ],
            [
              95.343821603000038,
              5.5609314770000537,
              0,
              null
            ],
            [
              95.343808324000065,
              5.561056790000066,
              0,
              null
            ],
            [
              95.343738082000073,
              5.5617105550000474,
              0,
              null
            ],
            [
              95.343724314000042,
              5.5618502770000759,
              0,
              null
            ],
            [
              95.343513401000052,
              5.5618244960000425,
              0,
              null
            ],
            [
              95.343414697000071,
              5.5618131730000755,
              0,
              null
            ],
            [
              95.343365374000086,
              5.5618081810000604,
              0,
              null
            ],
            [
              95.343289704000085,
              5.561799651000058,
              0,
              null
            ],
            [
              95.34320852500008,
              5.5617895060000251,
              0,
              null
            ],
            [
              95.343129781000073,
              5.5617793790000292,
              0,
              null
            ],
            [
              95.343072532000065,
              5.5617707570000334,
              0,
              null
            ],
            [
              95.343013038000038,
              5.561764495000034,
              0,
              null
            ],
            [
              95.343000671000084,
              5.5617627750000338,
              0,
              null
            ],
            [
              95.342898013000081,
              5.5617485010000678,
              0,
              null
            ],
            [
              95.342848196000034,
              5.5617414940000458,
              0,
              null
            ],
            [
              95.342817045000061,
              5.5617371710000612,
              0,
              null
            ],
            [
              95.34279661000005,
              5.5617345370000635,
              0,
              null
            ],
            [
              95.342754878000051,
              5.5617291560000695,
              0,
              null
            ],
            [
              95.342746515000044,
              5.5617280780000442,
              0,
              null
            ],
            [
              95.34272625400007,
              5.561728366000068,
              0,
              null
            ],
            [
              95.342658223000058,
              5.561741960000063,
              0,
              null
            ],
            [
              95.342602987000078,
              5.5617497090000256,
              0,
              null
            ],
            [
              95.342532789000074,
              5.5617354440000213,
              0,
              null
            ],
            [
              95.342540319000079,
              5.5617243900000517,
              0,
              null
            ],
            [
              95.342548718000046,
              5.5617120600000476,
              0,
              null
            ],
            [
              95.342557702000079,
              5.5616955640000469,
              0,
              null
            ],
            [
              95.342567901000052,
              5.5616579670000306,
              0,
              null
            ],
            [
              95.342570242000079,
              5.5616398440000694,
              0,
              null
            ],
            [
              95.342578434000075,
              5.5615764390000209,
              0,
              null
            ],
            [
              95.342580418000068,
              5.5615610820000256,
              0,
              null
            ],
            [
              95.342587708000053,
              5.5614822470000718,
              0,
              null
            ],
            [
              95.342592315000047,
              5.5614324110000553,
              0,
              null
            ],
            [
              95.342595480000057,
              5.56139818500003,
              0,
              null
            ],
            [
              95.342599471000085,
              5.5613598470000625,
              0,
              null
            ],
            [
              95.342610828000034,
              5.5612507430000733,
              0,
              null
            ],
            [
              95.342616539000062,
              5.5611985390000314,
              0,
              null
            ],
            [
              95.342574392000074,
              5.5611695790000226,
              0,
              null
            ],
            [
              95.342471064000051,
              5.5611485760000505,
              0,
              null
            ],
            [
              95.342387702000053,
              5.5610918380000385,
              0,
              null
            ],
            [
              95.342400811000061,
              5.5610395410000706,
              0,
              null
            ],
            [
              95.342403747000048,
              5.5610085530000219,
              0,
              null
            ],
            [
              95.342416040000046,
              5.5608047830000373,
              0,
              null
            ],
            [
              95.342431698000041,
              5.560491637000041,
              0,
              null
            ],
            [
              95.342435632000047,
              5.5604597680000438,
              0,
              null
            ],
            [
              95.342446460000076,
              5.5604010350000408,
              0,
              null
            ],
            [
              95.342450061000079,
              5.5603696100000661,
              0,
              null
            ],
            [
              95.34245313100007,
              5.5603337580000698,
              0,
              null
            ],
            [
              95.34245585900004,
              5.5602410980000627,
              0,
              null
            ],
            [
              95.342458829000066,
              5.5601639380000734,
              0,
              null
            ],
            [
              95.342460344000074,
              5.5601503280000202,
              0,
              null
            ],
            [
              95.342467026000065,
              5.5601404040000375,
              0,
              null
            ],
            [
              95.342459685000051,
              5.5601311030000602,
              0,
              null
            ],
            [
              95.342442447000053,
              5.5601186640000719,
              0,
              null
            ],
            [
              95.342416686000035,
              5.5601083440000707,
              0,
              null
            ],
            [
              95.342223195000031,
              5.560097588000076,
              0,
              null
            ],
            [
              95.341855140000064,
              5.5599802060000343,
              0,
              null
            ],
            [
              95.341563946000065,
              5.5599393770000347,
              0,
              null
            ],
            [
              95.341550543000039,
              5.5599375050000504,
              0,
              null
            ],
            [
              95.341521840000041,
              5.5601325330000577,
              0,
              null
            ],
            [
              95.341508293000061,
              5.5602041570000438,
              0,
              null
            ],
            [
              95.341491255000051,
              5.5602623650000282,
              0,
              null
            ],
            [
              95.341486552000049,
              5.5602784330000645,
              0,
              null
            ],
            [
              95.34145856300006,
              5.560271794000073,
              0,
              null
            ],
            [
              95.34143937500005,
              5.5602672430000553,
              0,
              null
            ],
            [
              95.341382782000039,
              5.5602555090000578,
              0,
              null
            ],
            [
              95.341332000000079,
              5.5602487870000346,
              0,
              null
            ],
            [
              95.341275502000087,
              5.5602438050000274,
              0,
              null
            ],
            [
              95.341197434000037,
              5.5602369190000331,
              0,
              null
            ],
            [
              95.341014384000061,
              5.5602246300000502,
              0,
              null
            ],
            [
              95.340909401000033,
              5.5602224340000248,
              0,
              null
            ],
            [
              95.340806463000035,
              5.5602193810000244,
              0,
              null
            ],
            [
              95.340699723000057,
              5.5602177610000467,
              0,
              null
            ],
            [
              95.340611387000081,
              5.5602162410000346,
              0,
              null
            ],
            [
              95.340471773000047,
              5.5602191180000204,
              0,
              null
            ],
            [
              95.340338992000056,
              5.5602254030000609,
              0,
              null
            ],
            [
              95.340221137000071,
              5.5602281120000612,
              0,
              null
            ],
            [
              95.340104437000036,
              5.5602311150000219,
              0,
              null
            ],
            [
              95.339943950000077,
              5.5602325560000736,
              0,
              null
            ],
            [
              95.339794018000077,
              5.560231854000051,
              0,
              null
            ],
            [
              95.339780651000069,
              5.5602317910000352,
              0,
              null
            ],
            [
              95.339779348000036,
              5.5602697550000357,
              0,
              null
            ],
            [
              95.339774742000031,
              5.5604039880000755,
              0,
              null
            ],
            [
              95.339771896000059,
              5.5604869360000748,
              0,
              null
            ],
            [
              95.339771169000073,
              5.5605268490000412,
              0,
              null
            ],
            [
              95.339770190000081,
              5.5605806970000344,
              0,
              null
            ],
            [
              95.339770184000031,
              5.5605810390000556,
              0,
              null
            ],
            [
              95.339767442000038,
              5.5606657460000406,
              0,
              null
            ],
            [
              95.339764634000062,
              5.560698913000067,
              0,
              null
            ],
            [
              95.339762589000031,
              5.5607230630000686,
              0,
              null
            ],
            [
              95.339753181000049,
              5.5607644270000378,
              0,
              null
            ],
            [
              95.33973628800004,
              5.5608042750000664,
              0,
              null
            ],
            [
              95.339735848000032,
              5.5608051100000466,
              0,
              null
            ],
            [
              95.339695000000063,
              5.5608827340000744,
              0,
              null
            ],
            [
              95.339664733000063,
              5.5609491010000625,
              0,
              null
            ],
            [
              95.339648919000069,
              5.5609903370000211,
              0,
              null
            ],
            [
              95.339648897000075,
              5.5610120850000726,
              0,
              null
            ],
            [
              95.339626339000063,
              5.5610158470000215,
              0,
              null
            ],
            [
              95.339604381000072,
              5.5609987180000644,
              0,
              null
            ],
            [
              95.339595233000068,
              5.5609913930000516,
              0,
              null
            ],
            [
              95.339584724000076,
              5.5609829780000268,
              0,
              null
            ],
            [
              95.339577571000063,
              5.5609762720000617,
              0,
              null
            ],
            [
              95.33956446600007,
              5.5609657850000644,
              0,
              null
            ],
            [
              95.339553821000038,
              5.5609604090000744,
              0,
              null
            ],
            [
              95.339534238000056,
              5.5609505200000626,
              0,
              null
            ],
            [
              95.339501939000058,
              5.5609386530000506,
              0,
              null
            ],
            [
              95.339466479000066,
              5.5609304420000285,
              0,
              null
            ],
            [
              95.339455609000083,
              5.5609270440000387,
              0,
              null
            ],
            [
              95.339436725000041,
              5.5609211410000512,
              0,
              null
            ],
            [
              95.339421149000032,
              5.5609105750000367,
              0,
              null
            ],
            [
              95.339410999000052,
              5.5609036900000319,
              0,
              null
            ],
            [
              95.339385034000031,
              5.5608827140000585,
              0,
              null
            ],
            [
              95.339383824000038,
              5.5608816550000597,
              0,
              null
            ],
            [
              95.339345491000074,
              5.56084807000002,
              0,
              null
            ],
            [
              95.339316495000048,
              5.5608183200000667,
              0,
              null
            ],
            [
              95.339269914000056,
              5.5607786880000276,
              0,
              null
            ],
            [
              95.339249519000077,
              5.5607680580000647,
              0,
              null
            ],
            [
              95.339236220000032,
              5.5607693010000503,
              0,
              null
            ],
            [
              95.339231537000046,
              5.5607697380000332,
              0,
              null
            ],
            [
              95.339220222000051,
              5.5607759300000339,
              0,
              null
            ],
            [
              95.339218049000067,
              5.5607777950000354,
              0,
              null
            ],
            [
              95.339198571000054,
              5.5607945180000229,
              0,
              null
            ],
            [
              95.339160965000076,
              5.5608298750000245,
              0,
              null
            ],
            [
              95.339152094000042,
              5.5608338780000395,
              0,
              null
            ],
            [
              95.339140186000066,
              5.5608339790000514,
              0,
              null
            ],
            [
              95.339134873000035,
              5.5608327600000393,
              0,
              null
            ],
            [
              95.339130588000046,
              5.5608317760000432,
              0,
              null
            ],
            [
              95.339118576000033,
              5.5608216540000512,
              0,
              null
            ],
            [
              95.339111069000069,
              5.5608098340000538,
              0,
              null
            ],
            [
              95.339110606000077,
              5.5608069550000323,
              0,
              null
            ],
            [
              95.339102893000074,
              5.5607589320000557,
              0,
              null
            ],
            [
              95.339094675000069,
              5.560654229000022,
              0,
              null
            ],
            [
              95.339091585000062,
              5.560606731000064,
              0,
              null
            ],
            [
              95.339089700000045,
              5.5605777790000275,
              0,
              null
            ],
            [
              95.339085900000043,
              5.5605223850000698,
              0,
              null
            ],
            [
              95.339085795000074,
              5.5605141220000291,
              0,
              null
            ],
            [
              95.339074526000047,
              5.5605147390000411,
              0,
              null
            ],
            [
              95.33902749300006,
              5.5605173190000414,
              0,
              null
            ],
            [
              95.33891804600006,
              5.5605201850000299,
              0,
              null
            ],
            [
              95.338825838000048,
              5.5605251330000556,
              0,
              null
            ],
            [
              95.338774197000077,
              5.5605292700000746,
              0,
              null
            ],
            [
              95.338780222000082,
              5.5605905580000581,
              0,
              null
            ],
            [
              95.338782648000063,
              5.5606015940000475,
              0,
              null
            ],
            [
              95.338781735000055,
              5.5606292000000508,
              0,
              null
            ],
            [
              95.338780286000031,
              5.5606730570000309,
              0,
              null
            ],
            [
              95.338769412000033,
              5.5607872220000445,
              0,
              null
            ],
            [
              95.33876908600007,
              5.5607906450000542,
              0,
              null
            ],
            [
              95.33875716700004,
              5.5609797070000582,
              0,
              null
            ],
            [
              95.338752236000062,
              5.5609988980000367,
              0,
              null
            ],
            [
              95.338744894000058,
              5.561003989000028,
              0,
              null
            ],
            [
              95.338734296000041,
              5.5610045820000664,
              0,
              null
            ],
            [
              95.338701013000048,
              5.5610017670000502,
              0,
              null
            ],
            [
              95.33868552000007,
              5.5610004560000448,
              0,
              null
            ],
            [
              95.338645626000073,
              5.5609970810000391,
              0,
              null
            ],
            [
              95.338549681000075,
              5.5609889630000566,
              0,
              null
            ],
            [
              95.338483623000059,
              5.5609781290000342,
              0,
              null
            ],
            [
              95.338440278000064,
              5.5609710200000677,
              0,
              null
            ],
            [
              95.338419895000072,
              5.5609724120000692,
              0,
              null
            ],
            [
              95.33840132000006,
              5.5609885120000513,
              0,
              null
            ],
            [
              95.338399580000043,
              5.5609948170000507,
              0,
              null
            ],
            [
              95.338391688000058,
              5.5610234130000435,
              0,
              null
            ],
            [
              95.33838821900008,
              5.5611193590000312,
              0,
              null
            ],
            [
              95.338388056000042,
              5.5611238480000225,
              0,
              null
            ],
            [
              95.33838555300008,
              5.5611930770000413,
              0,
              null
            ],
            [
              95.33838079700007,
              5.5613245820000543,
              0,
              null
            ],
            [
              95.338379128000042,
              5.5613474490000385,
              0,
              null
            ],
            [
              95.338367682000069,
              5.5614977120000617,
              0,
              null
            ],
            [
              95.338397735000058,
              5.5615088370000763,
              0,
              null
            ],
            [
              95.338443721000033,
              5.561523692000037,
              0,
              null
            ],
            [
              95.338455869000086,
              5.5615276580000454,
              0,
              null
            ],
            [
              95.338445763000038,
              5.5615374020000559,
              0,
              null
            ],
            [
              95.338353295000047,
              5.5616295140000602,
              0,
              null
            ],
            [
              95.338317118000077,
              5.5616648420000274,
              0,
              null
            ],
            [
              95.337978532000079,
              5.5616163490000758,
              0,
              null
            ],
            [
              95.337585609000087,
              5.5613079480000351,
              0,
              null
            ],
            [
              95.337494165000066,
              5.561211485000058,
              0,
              null
            ],
            [
              95.337491267000075,
              5.5612028870000358,
              0,
              null
            ],
            [
              95.337494625000033,
              5.5611772070000711,
              0,
              null
            ],
            [
              95.337497513000073,
              5.5611750710000365,
              0,
              null
            ],
            [
              95.337499404000084,
              5.5611675340000488,
              0,
              null
            ],
            [
              95.337499922000063,
              5.5611592440000663,
              0,
              null
            ],
            [
              95.337503324000068,
              5.5611041700000214,
              0,
              null
            ],
            [
              95.337504043000081,
              5.5610925280000743,
              0,
              null
            ],
            [
              95.337503534000064,
              5.5610229120000554,
              0,
              null
            ],
            [
              95.337501746000044,
              5.5609653580000327,
              0,
              null
            ],
            [
              95.337499948000072,
              5.5609144670000319,
              0,
              null
            ],
            [
              95.337504636000062,
              5.5608885870000222,
              0,
              null
            ],
            [
              95.337517954000077,
              5.560873033000064,
              0,
              null
            ],
            [
              95.337531509000087,
              5.5608675190000554,
              0,
              null
            ],
            [
              95.33754375400008,
              5.5607126500000277,
              0,
              null
            ],
            [
              95.337548662000074,
              5.5607082470000364,
              0,
              null
            ],
            [
              95.337549274000082,
              5.5606918480000331,
              0,
              null
            ],
            [
              95.337551887000075,
              5.5605355710000595,
              0,
              null
            ],
            [
              95.337552218000042,
              5.560512104000054,
              0,
              null
            ],
            [
              95.337592956000037,
              5.5603558750000275,
              0,
              null
            ],
            [
              95.337598289000084,
              5.5603334190000737,
              0,
              null
            ],
            [
              95.337600947000055,
              5.560208312000043,
              0,
              null
            ],
            [
              95.337602204000063,
              5.5601491130000227,
              0,
              null
            ],
            [
              95.33760293000006,
              5.5601149450000662,
              0,
              null
            ],
            [
              95.337601729000085,
              5.5600599580000676,
              0,
              null
            ],
            [
              95.337601428000085,
              5.5600461190000487,
              0,
              null
            ],
            [
              95.337598756000034,
              5.559923814000058,
              0,
              null
            ],
            [
              95.337598847000038,
              5.5598702620000608,
              0,
              null
            ],
            [
              95.337599082000054,
              5.559850913000048,
              0,
              null
            ],
            [
              95.337605824000036,
              5.5598425520000205,
              0,
              null
            ],
            [
              95.337616022000077,
              5.5598388960000307,
              0,
              null
            ],
            [
              95.337738895000086,
              5.5598456310000302,
              0,
              null
            ],
            [
              95.337803841000039,
              5.5598472650000303,
              0,
              null
            ],
            [
              95.337802503000034,
              5.5598152520000212,
              0,
              null
            ],
            [
              95.337802122000085,
              5.5596022310000421,
              0,
              null
            ],
            [
              95.337801924000075,
              5.5594309600000429,
              0,
              null
            ],
            [
              95.337787226000046,
              5.5593549730000404,
              0,
              null
            ],
            [
              95.337774034000063,
              5.5593246360000421,
              0,
              null
            ],
            [
              95.337764095000068,
              5.559309282000072,
              0,
              null
            ],
            [
              95.337752356000067,
              5.5592815160000555,
              0,
              null
            ],
            [
              95.337747303000071,
              5.5592470520000461,
              0,
              null
            ],
            [
              95.33775176100005,
              5.5591993440000351,
              0,
              null
            ],
            [
              95.337762784000063,
              5.5591464130000645,
              0,
              null
            ],
            [
              95.337770393000085,
              5.5590970030000335,
              0,
              null
            ],
            [
              95.337770664000061,
              5.5590834890000451,
              0,
              null
            ],
            [
              95.337769475000073,
              5.5590595000000462,
              0,
              null
            ],
            [
              95.337767929000051,
              5.5590414410000335,
              0,
              null
            ],
            [
              95.337731916000052,
              5.5590471950000619,
              0,
              null
            ],
            [
              95.337650900000085,
              5.5590623940000228,
              0,
              null
            ],
            [
              95.33760084100004,
              5.5590719750000517,
              0,
              null
            ],
            [
              95.337587414000041,
              5.5590751270000283,
              0,
              null
            ],
            [
              95.337583941000048,
              5.5590573750000658,
              0,
              null
            ],
            [
              95.337582814000086,
              5.5590517590000559,
              0,
              null
            ],
            [
              95.337577931000055,
              5.5590274400000226,
              0,
              null
            ],
            [
              95.337570146000076,
              5.5589750270000309,
              0,
              null
            ],
            [
              95.337560649000068,
              5.5589047590000291,
              0,
              null
            ],
            [
              95.337551930000075,
              5.5588145020000752,
              0,
              null
            ],
            [
              95.337541176000059,
              5.558695564000061,
              0,
              null
            ],
            [
              95.337537705000045,
              5.55865710300003,
              0,
              null
            ],
            [
              95.337534402000074,
              5.5586205040000323,
              0,
              null
            ],
            [
              95.337527412000043,
              5.5585270320000291,
              0,
              null
            ],
            [
              95.337522568000054,
              5.5584609670000305,
              0,
              null
            ],
            [
              95.337518479000039,
              5.558432903000039,
              0,
              null
            ],
            [
              95.337513277000085,
              5.5583971970000334,
              0,
              null
            ],
            [
              95.337505269000076,
              5.5583797470000604,
              0,
              null
            ],
            [
              95.337492183000052,
              5.5583603470000753,
              0,
              null
            ],
            [
              95.337476111000058,
              5.558349971000041,
              0,
              null
            ],
            [
              95.337445977000073,
              5.5583401740000227,
              0,
              null
            ],
            [
              95.337419458000056,
              5.5583320090000257,
              0,
              null
            ],
            [
              95.337400124000055,
              5.5583227570000417,
              0,
              null
            ],
            [
              95.337381251000068,
              5.5583021960000565,
              0,
              null
            ],
            [
              95.337374815000032,
              5.5582715700000449,
              0,
              null
            ],
            [
              95.337373165000031,
              5.5582464030000551,
              0,
              null
            ],
            [
              95.337367011000083,
              5.5581525660000466,
              0,
              null
            ],
            [
              95.337362229000064,
              5.5580151920000276,
              0,
              null
            ],
            [
              95.337362598000084,
              5.5579811170000539,
              0,
              null
            ],
            [
              95.337362991000077,
              5.5579448420000404,
              0,
              null
            ],
            [
              95.337363089000064,
              5.5579358170000432,
              0,
              null
            ],
            [
              95.337366698000039,
              5.5578239900000312,
              0,
              null
            ],
            [
              95.337366774000031,
              5.5578015940000682,
              0,
              null
            ],
            [
              95.337367031000042,
              5.5577254810000341,
              0,
              null
            ],
            [
              95.33736517300008,
              5.5577096790000269,
              0,
              null
            ],
            [
              95.337357415000042,
              5.5576982030000295,
              0,
              null
            ],
            [
              95.337350477000086,
              5.5576941340000303,
              0,
              null
            ],
            [
              95.337356930000055,
              5.5576848260000702,
              0,
              null
            ],
            [
              95.337363244000073,
              5.5576757180000413,
              0,
              null
            ],
            [
              95.337375719000079,
              5.5576660690000494,
              0,
              null
            ],
            [
              95.337386586000036,
              5.5576627000000371,
              0,
              null
            ],
            [
              95.337402474000044,
              5.5576607840000634,
              0,
              null
            ],
            [
              95.337415815000043,
              5.5576604780000594,
              0,
              null
            ],
            [
              95.337433293000061,
              5.5576612310000542,
              0,
              null
            ],
            [
              95.337459577000061,
              5.5576623740000741,
              0,
              null
            ],
            [
              95.337475189000031,
              5.5576613450000423,
              0,
              null
            ],
            [
              95.337489767000079,
              5.5576542460000269,
              0,
              null
            ],
            [
              95.337503196000057,
              5.5576394320000304,
              0,
              null
            ],
            [
              95.337508272000036,
              5.5576274080000303,
              0,
              null
            ],
            [
              95.337511327000072,
              5.5576080350000439,
              0,
              null
            ],
            [
              95.337512110000034,
              5.5575801820000379,
              0,
              null
            ],
            [
              95.337510196000039,
              5.5575386740000567,
              0,
              null
            ],
            [
              95.337508816000081,
              5.5574952920000555,
              0,
              null
            ],
            [
              95.337515840000037,
              5.5570943290000514,
              0,
              null
            ],
            [
              95.337690268000074,
              5.5570938010000646,
              0,
              null
            ],
            [
              95.337705946000085,
              5.5570910630000299,
              0,
              null
            ],
            [
              95.337718407000068,
              5.5570846870000423,
              0,
              null
            ],
            [
              95.337726789000044,
              5.5570712850000632,
              0,
              null
            ],
            [
              95.337731038000072,
              5.5570460490000642,
              0,
              null
            ],
            [
              95.337729367000065,
              5.5569821890000526,
              0,
              null
            ],
            [
              95.337727426000072,
              5.5569080100000292,
              0,
              null
            ],
            [
              95.337727030000053,
              5.5568717470000593,
              0,
              null
            ],
            [
              95.337727228000062,
              5.5568441950000533,
              0,
              null
            ],
            [
              95.337729835000061,
              5.5568092760000241,
              0,
              null
            ],
            [
              95.337730270000066,
              5.5568034630000511,
              0,
              null
            ],
            [
              95.337741000000051,
              5.5567335580000758,
              0,
              null
            ],
            [
              95.337752837000039,
              5.5566856850000477,
              0,
              null
            ],
            [
              95.337764741000058,
              5.5566479630000458,
              0,
              null
            ],
            [
              95.337796754000067,
              5.5565902140000389,
              0,
              null
            ],
            [
              95.337802727000053,
              5.5565780460000269,
              0,
              null
            ],
            [
              95.337792041000057,
              5.5565725880000514,
              0,
              null
            ],
            [
              95.337754812000071,
              5.5565365340000312,
              0,
              null
            ],
            [
              95.33773556500006,
              5.5565240460000496,
              0,
              null
            ],
            [
              95.337714039000048,
              5.5565148120000458,
              0,
              null
            ],
            [
              95.337680200000079,
              5.5565058620000514,
              0,
              null
            ],
            [
              95.337628369000072,
              5.5565051270000367,
              0,
              null
            ],
            [
              95.337523870000041,
              5.5565042310000763,
              0,
              null
            ],
            [
              95.33743142700007,
              5.5564978440000345,
              0,
              null
            ],
            [
              95.337424751000071,
              5.5564973830000213,
              0,
              null
            ],
            [
              95.337341693000042,
              5.5564931310000247,
              0,
              null
            ],
            [
              95.337310191000086,
              5.5564915180000298,
              0,
              null
            ],
            [
              95.337182043000041,
              5.556487488000073,
              0,
              null
            ],
            [
              95.337045113000045,
              5.5564799130000324,
              0,
              null
            ],
            [
              95.336973668000041,
              5.556477482000048,
              0,
              null
            ],
            [
              95.336948547000077,
              5.5564766270000518,
              0,
              null
            ],
            [
              95.336897132000047,
              5.5564748770000278,
              0,
              null
            ],
            [
              95.336751287000084,
              5.5564671560000534,
              0,
              null
            ],
            [
              95.336722170000087,
              5.5564645330000531,
              0,
              null
            ],
            [
              95.33668487500006,
              5.5564611730000593,
              0,
              null
            ],
            [
              95.336626288000048,
              5.5564558960000454,
              0,
              null
            ],
            [
              95.336557508000055,
              5.5564496990000407,
              0,
              null
            ],
            [
              95.336427163000053,
              5.5564396320000355,
              0,
              null
            ],
            [
              95.336354378000067,
              5.5564349220000508,
              0,
              null
            ],
            [
              95.336355306000087,
              5.5564213950000294,
              0,
              null
            ],
            [
              95.336352981000061,
              5.5564070890000608,
              0,
              null
            ],
            [
              95.336351221000086,
              5.5563962560000277,
              0,
              null
            ],
            [
              95.336347266000075,
              5.5563382410000486,
              0,
              null
            ],
            [
              95.336344674000031,
              5.5562528510000675,
              0,
              null
            ],
            [
              95.336346501000037,
              5.5561994150000373,
              0,
              null
            ],
            [
              95.336348702000066,
              5.5561350110000376,
              0,
              null
            ],
            [
              95.336349477000056,
              5.5561233150000362,
              0,
              null
            ],
            [
              95.336352766000061,
              5.5560736380000435,
              0,
              null
            ],
            [
              95.336352892000036,
              5.5560717480000221,
              0,
              null
            ],
            [
              95.336354353000047,
              5.5560441910000691,
              0,
              null
            ],
            [
              95.336355277000052,
              5.5560087460000318,
              0,
              null
            ],
            [
              95.336353576000079,
              5.5559662330000492,
              0,
              null
            ],
            [
              95.336350963000086,
              5.5559326900000201,
              0,
              null
            ],
            [
              95.336345556000083,
              5.5558770310000227,
              0,
              null
            ],
            [
              95.336343497000087,
              5.5558352430000468,
              0,
              null
            ],
            [
              95.336342604000038,
              5.5558077770000409,
              0,
              null
            ],
            [
              95.336342469000044,
              5.5558005400000638,
              0,
              null
            ],
            [
              95.336341986000036,
              5.5557746960000713,
              0,
              null
            ],
            [
              95.336339468000062,
              5.5557285530000513,
              0,
              null
            ],
            [
              95.33633889500004,
              5.5557135350000522,
              0,
              null
            ],
            [
              95.336337858000036,
              5.555686311000045,
              0,
              null
            ],
            [
              95.336337685000046,
              5.5556617160000314,
              0,
              null
            ],
            [
              95.336337179000054,
              5.5555894970000281,
              0,
              null
            ],
            [
              95.336336610000046,
              5.5555630980000501,
              0,
              null
            ],
            [
              95.336335577000057,
              5.5555151660000206,
              0,
              null
            ],
            [
              95.336333622000041,
              5.55544029400005,
              0,
              null
            ],
            [
              95.336329871000032,
              5.5553354110000441,
              0,
              null
            ],
            [
              95.336328628000047,
              5.5552786690000744,
              0,
              null
            ],
            [
              95.336328474000084,
              5.5552167610000538,
              0,
              null
            ],
            [
              95.336328310000056,
              5.5551960460000487,
              0,
              null
            ],
            [
              95.336327611000058,
              5.5551077990000408,
              0,
              null
            ],
            [
              95.336328693000041,
              5.5550708670000404,
              0,
              null
            ],
            [
              95.336329265000074,
              5.5550513260000685,
              0,
              null
            ],
            [
              95.336329866000085,
              5.5550321940000345,
              0,
              null
            ],
            [
              95.336334955000041,
              5.5548698540000601,
              0,
              null
            ],
            [
              95.336339233000047,
              5.5547902750000731,
              0,
              null
            ],
            [
              95.336342069000068,
              5.5547269090000668,
              0,
              null
            ],
            [
              95.336343821000071,
              5.5546563890000584,
              0,
              null
            ],
            [
              95.336344846000031,
              5.5545823280000377,
              0,
              null
            ],
            [
              95.336345857000083,
              5.5545023950000427,
              0,
              null
            ],
            [
              95.336346153000079,
              5.554478998000036,
              0,
              null
            ],
            [
              95.336348262000058,
              5.5544189880000658,
              0,
              null
            ],
            [
              95.336353264000081,
              5.5543468370000255,
              0,
              null
            ],
            [
              95.336361468000064,
              5.5543124830000465,
              0,
              null
            ],
            [
              95.336366428000076,
              5.5542998690000331,
              0,
              null
            ],
            [
              95.336359754000057,
              5.5542972860000646,
              0,
              null
            ],
            [
              95.336314048000077,
              5.5542691390000414,
              0,
              null
            ],
            [
              95.336304820000066,
              5.5542625200000657,
              0,
              null
            ],
            [
              95.33629518500004,
              5.5542556100000411,
              0,
              null
            ],
            [
              95.336263287000065,
              5.5542376130000548,
              0,
              null
            ],
            [
              95.336229851000041,
              5.5542254520000256,
              0,
              null
            ],
            [
              95.336199478000083,
              5.5542216040000767,
              0,
              null
            ],
            [
              95.336095658000033,
              5.5542158140000311,
              0,
              null
            ],
            [
              95.336096098000041,
              5.5542022620000466,
              0,
              null
            ],
            [
              95.336095517000047,
              5.5541694710000229,
              0,
              null
            ],
            [
              95.336093095000081,
              5.5541156260000548,
              0,
              null
            ],
            [
              95.336092080000071,
              5.5540161380000654,
              0,
              null
            ],
            [
              95.336090088000049,
              5.5539500520000615,
              0,
              null
            ],
            [
              95.336090013000046,
              5.5538738620000458,
              0,
              null
            ],
            [
              95.336089507000054,
              5.5538232100000755,
              0,
              null
            ],
            [
              95.336086888000068,
              5.5537425470000699,
              0,
              null
            ],
            [
              95.336080868000067,
              5.5536548650000555,
              0,
              null
            ],
            [
              95.336075362000031,
              5.5536264500000243,
              0,
              null
            ],
            [
              95.336064754000063,
              5.5535879220000766,
              0,
              null
            ],
            [
              95.336060416000066,
              5.5535469560000479,
              0,
              null
            ],
            [
              95.336056931000087,
              5.5535121610000715,
              0,
              null
            ],
            [
              95.336054817000047,
              5.5534815090000507,
              0,
              null
            ],
            [
              95.336055284000054,
              5.5534354490000624,
              0,
              null
            ],
            [
              95.336055284000054,
              5.5534352350000518,
              0,
              null
            ],
            [
              95.336055177000048,
              5.553399033000062,
              0,
              null
            ],
            [
              95.336055176000059,
              5.5533989140000699,
              0,
              null
            ],
            [
              95.335945750000064,
              5.5533954640000616,
              0,
              null
            ],
            [
              95.335945522000031,
              5.5533593710000559,
              0,
              null
            ],
            [
              95.335938132000081,
              5.5531942270000627,
              0,
              null
            ],
            [
              95.335930955000038,
              5.5530943200000706,
              0,
              null
            ],
            [
              95.335925596000038,
              5.5530393930000628,
              0,
              null
            ],
            [
              95.335921434000056,
              5.5530167630000733,
              0,
              null
            ],
            [
              95.335906730000033,
              5.5528814790000638,
              0,
              null
            ],
            [
              95.335874444000069,
              5.5528544670000315,
              0,
              null
            ],
            [
              95.335850103000041,
              5.5528341040000555,
              0,
              null
            ],
            [
              95.335840886000085,
              5.5527138520000676,
              0,
              null
            ],
            [
              95.335864417000039,
              5.5525559560000488,
              0,
              null
            ],
            [
              95.335868873000038,
              5.55253151200003,
              0,
              null
            ],
            [
              95.335867570000062,
              5.5524939690000679,
              0,
              null
            ],
            [
              95.335875736000048,
              5.5523929450000651,
              0,
              null
            ],
            [
              95.335881996000069,
              5.5523155080000492,
              0,
              null
            ],
            [
              95.335891444000083,
              5.5522073370000271,
              0,
              null
            ],
            [
              95.335907626000051,
              5.5520338140000263,
              0,
              null
            ],
            [
              95.335910415000058,
              5.55197908100007,
              0,
              null
            ],
            [
              95.33591363000005,
              5.5518815000000359,
              0,
              null
            ],
            [
              95.335912499000074,
              5.5518143360000636,
              0,
              null
            ],
            [
              95.33591182300006,
              5.551770852000061,
              0,
              null
            ],
            [
              95.335904362000065,
              5.5517317960000696,
              0,
              null
            ],
            [
              95.335836616000051,
              5.5516003650000698,
              0,
              null
            ],
            [
              95.335760472000061,
              5.5514391300000625,
              0,
              null
            ],
            [
              95.335752193000076,
              5.551421891000075,
              0,
              null
            ],
            [
              95.335730292000051,
              5.5513762840000709,
              0,
              null
            ],
            [
              95.335720748000085,
              5.551358796000045,
              0,
              null
            ],
            [
              95.335483257000078,
              5.5508403730000282,
              0,
              null
            ],
            [
              95.335523003000048,
              5.5508186530000216,
              0,
              null
            ],
            [
              95.335776813000052,
              5.55072730400002,
              0,
              null
            ],
            [
              95.335991538000087,
              5.5506558060000657,
              0,
              null
            ],
            [
              95.336009743000034,
              5.5506512730000281,
              0,
              null
            ],
            [
              95.336218194000082,
              5.5505993650000391,
              0,
              null
            ],
            [
              95.336268727000061,
              5.550591311000062,
              0,
              null
            ],
            [
              95.336462484000037,
              5.5505604260000609,
              0,
              null
            ],
            [
              95.336656306000066,
              5.550548334000041,
              0,
              null
            ],
            [
              95.336933466000062,
              5.5505472560000726,
              0,
              null
            ],
            [
              95.337061136000045,
              5.5505403330000718,
              0,
              null
            ],
            [
              95.337235023000062,
              5.5505309050000733,
              0,
              null
            ],
            [
              95.337463099000047,
              5.5505120870000724,
              0,
              null
            ],
            [
              95.337622942000053,
              5.5505008570000314,
              0,
              null
            ],
            [
              95.33769664600004,
              5.5504956780000612,
              0,
              null
            ],
            [
              95.337753209000084,
              5.5504917040000237,
              0,
              null
            ],
            [
              95.337961261000032,
              5.5504689070000381,
              0,
              null
            ],
            [
              95.338124415000038,
              5.550446758000021,
              0,
              null
            ],
            [
              95.338226816000031,
              5.5504216170000404,
              0,
              null
            ],
            [
              95.338476633000084,
              5.5503602830000318,
              0,
              null
            ],
            [
              95.338566530000037,
              5.550338211000053,
              0,
              null
            ],
            [
              95.338819193000063,
              5.5502587170000766,
              0,
              null
            ],
            [
              95.338954622000074,
              5.5502082270000415,
              0,
              null
            ],
            [
              95.339071970000077,
              5.5501644790000455,
              0,
              null
            ],
            [
              95.339117890000068,
              5.5501435550000338,
              0,
              null
            ],
            [
              95.339211587000079,
              5.5501008610000326,
              0,
              null
            ],
            [
              95.33938493800008,
              5.5500153880000767,
              0,
              null
            ],
            [
              95.339540860000056,
              5.5499092770000402,
              0,
              null
            ],
            [
              95.339661943000067,
              5.5498106700000562,
              0,
              null
            ],
            [
              95.33979959900006,
              5.5496867880000309,
              0,
              null
            ],
            [
              95.339859515000057,
              5.5496330540000258,
              0,
              null
            ],
            [
              95.339968989000056,
              5.5495348760000525,
              0,
              null
            ],
            [
              95.340126923000071,
              5.5493832810000754,
              0,
              null
            ],
            [
              95.340375033000043,
              5.5491460730000313,
              0,
              null
            ],
            [
              95.340401948000078,
              5.549120341000048,
              0,
              null
            ],
            [
              95.340565791000074,
              5.5489458450000484,
              0,
              null
            ],
            [
              95.340754979000053,
              5.5487748370000531,
              0,
              null
            ],
            [
              95.340848627000071,
              5.5486835070000211,
              0,
              null
            ],
            [
              95.340912103000051,
              5.5486216000000468,
              0,
              null
            ],
            [
              95.341071528000043,
              5.5484887740000204,
              0,
              null
            ],
            [
              95.341262103000076,
              5.5483219640000243,
              0,
              null
            ],
            [
              95.34131728300008,
              5.5482637180000438,
              0,
              null
            ],
            [
              95.341384347000087,
              5.5481929270000592,
              0,
              null
            ],
            [
              95.341544734000081,
              5.5480000320000613,
              0,
              null
            ],
            [
              95.341982417000054,
              5.5481078260000345,
              0,
              null
            ],
            [
              95.341996373000086,
              5.5481214080000427,
              0,
              null
            ],
            [
              95.342002636000075,
              5.5481274930000382,
              0,
              null
            ],
            [
              95.342008872000065,
              5.5481324880000216,
              0,
              null
            ],
            [
              95.34200898000006,
              5.5481325750000678,
              0,
              null
            ],
            [
              95.342014206000044,
              5.548135903000059,
              0,
              null
            ],
            [
              95.342019335000032,
              5.5481391680000343,
              0,
              null
            ],
            [
              95.342028434000042,
              5.5481451340000376,
              0,
              null
            ],
            [
              95.342049767000049,
              5.5481494890000249,
              0,
              null
            ],
            [
              95.342057019000038,
              5.5481509690000621,
              0,
              null
            ],
            [
              95.342083966000075,
              5.5481539690000545,
              0,
              null
            ],
            [
              95.342105278000076,
              5.5481563410000376,
              0,
              null
            ],
            [
              95.342126883000049,
              5.5481587460000696,
              0,
              null
            ],
            [
              95.342161948000069,
              5.5481630580000569,
              0,
              null
            ],
            [
              95.342182092000087,
              5.5481655360000559,
              0,
              null
            ],
            [
              95.342191607000075,
              5.5481667060000746,
              0,
              null
            ],
            [
              95.342283531000078,
              5.5481743640000332,
              0,
              null
            ],
            [
              95.342306874000087,
              5.5481763090000413,
              0,
              null
            ],
            [
              95.342427858000065,
              5.5481899220000628,
              0,
              null
            ],
            [
              95.342430431000082,
              5.5481901760000483,
              0,
              null
            ],
            [
              95.34254055100007,
              5.5482010630000218,
              0,
              null
            ],
            [
              95.342592578000051,
              5.548205964000033,
              0,
              null
            ],
            [
              95.342611264000084,
              5.5482078880000358,
              0,
              null
            ],
            [
              95.342673388000037,
              5.5482142850000287,
              0,
              null
            ],
            [
              95.342702084000052,
              5.5482169420000673,
              0,
              null
            ],
            [
              95.342726281000068,
              5.5482191820000253,
              0,
              null
            ],
            [
              95.342792311000039,
              5.5482221200000481,
              0,
              null
            ],
            [
              95.342877164000072,
              5.5482241980000708,
              0,
              null
            ],
            [
              95.342959229000087,
              5.5482270830000289,
              0,
              null
            ],
            [
              95.342966118000049,
              5.5482273250000276,
              0,
              null
            ],
            [
              95.34302585000006,
              5.5482300330000385,
              0,
              null
            ],
            [
              95.34304202800007,
              5.5482307660000743,
              0,
              null
            ],
            [
              95.343136449000042,
              5.5482363400000736,
              0,
              null
            ],
            [
              95.343244501000072,
              5.5482396260000542,
              0,
              null
            ],
            [
              95.343350288000067,
              5.5482449920000363,
              0,
              null
            ],
            [
              95.343359840000062,
              5.5482449950000614,
              0,
              null
            ],
            [
              95.343375629000036,
              5.5482450000000654,
              0,
              null
            ],
            [
              95.343374857000072,
              5.5482987400000638,
              0,
              null
            ],
            [
              95.343374147000077,
              5.5483370950000221,
              0,
              null
            ],
            [
              95.343374054000037,
              5.5483421030000386,
              0,
              null
            ],
            [
              95.343373702000065,
              5.5483716710000408,
              0,
              null
            ],
            [
              95.343373516000042,
              5.5483944240000369,
              0,
              null
            ],
            [
              95.343372941000041,
              5.5484644770000386,
              0,
              null
            ],
            [
              95.343368660000067,
              5.5486031800000433,
              0,
              null
            ],
            [
              95.343368602000055,
              5.5486050640000713,
              0,
              null
            ],
            [
              95.34336815000006,
              5.5486197140000399,
              0,
              null
            ],
            [
              95.343367013000034,
              5.5486701880000737,
              0,
              null
            ],
            [
              95.343366408000065,
              5.548697058000073,
              0,
              null
            ],
            [
              95.343366253000056,
              5.5487971570000241,
              0,
              null
            ],
            [
              95.343364567000037,
              5.5488423530000546,
              0,
              null
            ],
            [
              95.343364440000073,
              5.5488457550000589,
              0,
              null
            ],
            [
              95.343362998000032,
              5.5488844230000609,
              0,
              null
            ],
            [
              95.343363234000037,
              5.5489278470000727,
              0,
              null
            ],
            [
              95.343363526000076,
              5.5489815450000606,
              0,
              null
            ],
            [
              95.343364011000062,
              5.5490179500000636,
              0,
              null
            ],
            [
              95.343364746000077,
              5.5490731380000398,
              0,
              null
            ],
            [
              95.343365500000061,
              5.5491297670000677,
              0,
              null
            ],
            [
              95.343366011000057,
              5.5491592740000328,
              0,
              null
            ],
            [
              95.343367066000042,
              5.5492201690000229,
              0,
              null
            ],
            [
              95.343367156000056,
              5.5492264560000422,
              0,
              null
            ],
            [
              95.343369163000034,
              5.5493672840000272,
              0,
              null
            ],
            [
              95.343369275000043,
              5.5493751970000744,
              0,
              null
            ],
            [
              95.343369358000075,
              5.5493798910000578,
              0,
              null
            ],
            [
              95.343369823000046,
              5.5494064250000292,
              0,
              null
            ],
            [
              95.343373098000086,
              5.5494925080000712,
              0,
              null
            ],
            [
              95.343374332000053,
              5.5495249260000605,
              0,
              null
            ],
            [
              95.343384227000058,
              5.5496888900000272,
              0,
              null
            ],
            [
              95.343387052000082,
              5.5497448170000325,
              0,
              null
            ],
            [
              95.343402960000049,
              5.5497449850000748,
              0,
              null
            ],
            [
              95.343415868000079,
              5.5497451220000471,
              0,
              null
            ],
            [
              95.343471209000086,
              5.5497457080000459,
              0,
              null
            ],
            [
              95.343550798000081,
              5.5497485560000541,
              0,
              null
            ],
            [
              95.343637960000081,
              5.5497504430000504,
              0,
              null
            ],
            [
              95.343696171000033,
              5.5497516490000294,
              0,
              null
            ],
            [
              95.343797622000068,
              5.54975102100002,
              0,
              null
            ],
            [
              95.343834542000081,
              5.54975672300003,
              0,
              null
            ],
            [
              95.343890110000075,
              5.5497605340000291,
              0,
              null
            ],
            [
              95.343950370000073,
              5.5497598700000594,
              0,
              null
            ],
            [
              95.344047026000055,
              5.5497580400000288,
              0,
              null
            ],
            [
              95.344255930000031,
              5.5497390250000649,
              0,
              null
            ],
            [
              95.344251832000054,
              5.5497589720000633,
              0,
              null
            ],
            [
              95.344250058000057,
              5.5497803930000487,
              0,
              null
            ],
            [
              95.344251263000046,
              5.5498113190000709,
              0,
              null
            ],
            [
              95.344260843000086,
              5.5499025480000341,
              0,
              null
            ],
            [
              95.344296528000086,
              5.5502007740000749,
              0,
              null
            ],
            [
              95.344310114000052,
              5.5503375250000317,
              0,
              null
            ],
            [
              95.344310466000081,
              5.5503419090000534,
              0,
              null
            ],
            [
              95.344321749000073,
              5.5503415330000507,
              0,
              null
            ],
            [
              95.344461660000036,
              5.5503367810000555,
              0,
              null
            ],
            [
              95.344496136000032,
              5.5508588660000555,
              0,
              null
            ],
            [
              95.344488615000046,
              5.5509448240000552,
              0,
              null
            ],
            [
              95.344487073000039,
              5.5509624440000493,
              0,
              null
            ],
            [
              95.344484160000036,
              5.5510516700000494,
              0,
              null
            ],
            [
              95.344485628000086,
              5.5510942470000373,
              0,
              null
            ],
            [
              95.344486905000053,
              5.5511482050000609,
              0,
              null
            ],
            [
              95.34448829300004,
              5.5511773230000472,
              0,
              null
            ],
            [
              95.344490701000041,
              5.5511932130000332,
              0,
              null
            ],
            [
              95.344499692000056,
              5.5512061300000255,
              0,
              null
            ],
            [
              95.344508905000055,
              5.5512158740000359,
              0,
              null
            ],
            [
              95.344514341000036,
              5.5512262380000266,
              0,
              null
            ],
            [
              95.344517818000043,
              5.5512363750000304,
              0,
              null
            ],
            [
              95.344522786000084,
              5.5512516490000507,
              0,
              null
            ],
            [
              95.344528679000064,
              5.5512567510000395,
              0,
              null
            ],
            [
              95.344535429000075,
              5.551295926000023,
              0,
              null
            ],
            [
              95.34454491200006,
              5.5512917120000225,
              0,
              null
            ],
            [
              95.344561242000054,
              5.5512900120000381,
              0,
              null
            ],
            [
              95.344611612000051,
              5.5512907970000356,
              0,
              null
            ],
            [
              95.344630370000061,
              5.5512914910000291,
              0,
              null
            ],
            [
              95.344643627000039,
              5.5512903440000514,
              0,
              null
            ],
            [
              95.344665952000071,
              5.5512828350000518,
              0,
              null
            ],
            [
              95.344691109000053,
              5.5512773210000432,
              0,
              null
            ],
            [
              95.344721507000031,
              5.5512764770000445,
              0,
              null
            ],
            [
              95.344758894000051,
              5.5512793570000554,
              0,
              null
            ],
            [
              95.344804616000033,
              5.5512866140000483,
              0,
              null
            ],
            [
              95.344819496000071,
              5.5512898820000487,
              0,
              null
            ],
            [
              95.345035995000046,
              5.5513288650000732,
              0,
              null
            ],
            [
              95.344946235000066,
              5.5518084920000206,
              0,
              null
            ],
            [
              95.34480803200006,
              5.5524950190000482,
              0,
              null
            ],
            [
              95.344753225000034,
              5.5527936670000599,
              0,
              null
            ],
            [
              95.344684696000058,
              5.55306398700003,
              0,
              null
            ],
            [
              95.344677578000073,
              5.5532356300000743,
              0,
              null
            ],
            [
              95.344633740000063,
              5.5536577570000532,
              0,
              null
            ],
            [
              95.344675276000032,
              5.5536649630000738,
              0,
              null
            ],
            [
              95.344711195000059,
              5.5536688790000426,
              0,
              null
            ],
            [
              95.344740452000053,
              5.5536743050000723,
              0,
              null
            ],
            [
              95.344784255000036,
              5.5536824280000587,
              0,
              null
            ],
            [
              95.344985112000074,
              5.5537225140000714,
              0,
              null
            ],
            [
              95.345210655000074,
              5.5537862020000262,
              0,
              null
            ],
            [
              95.345274861000064,
              5.5537979140000289,
              0,
              null
            ],
            [
              95.345295478000082,
              5.5538077960000578,
              0,
              null
            ],
            [
              95.345398020000061,
              5.5538364820000652,
              0,
              null
            ],
            [
              95.345398188000047,
              5.5538585480000506,
              0,
              null
            ],
            [
              95.345384589000048,
              5.554069600000048,
              0,
              null
            ],
            [
              95.345424886000046,
              5.5541094380000686,
              0,
              null
            ],
            [
              95.345517470000061,
              5.5542106710000212,
              0,
              null
            ],
            [
              95.345442788000071,
              5.5542636860000698,
              0,
              null
            ],
            [
              95.34540856700005,
              5.5542903870000373,
              0,
              null
            ],
            [
              95.345363745000043,
              5.5543282120000299,
              0,
              null
            ],
            [
              95.345335587000079,
              5.5543610260000378,
              0,
              null
            ],
            [
              95.34532303900005,
              5.5543756480000752,
              0,
              null
            ],
            [
              95.345293024000057,
              5.5544257530000323,
              0,
              null
            ],
            [
              95.34527350500008,
              5.5544770220000714,
              0,
              null
            ],
            [
              95.345269167000083,
              5.5544884150000371,
              0,
              null
            ],
            [
              95.345239492000076,
              5.5546148240000548,
              0,
              null
            ],
            [
              95.345227647000058,
              5.5546652830000767,
              0,
              null
            ],
            [
              95.34519214900007,
              5.5548183000000222,
              0,
              null
            ],
            [
              95.345168361000049,
              5.5549304600000369,
              0,
              null
            ],
            [
              95.345114801000079,
              5.5551995280000597,
              0,
              null
            ],
            [
              95.345098406000034,
              5.5552758780000318,
              0,
              null
            ],
            [
              95.345096324000053,
              5.5552892850000717,
              0,
              null
            ],
            [
              95.345048313000063,
              5.5552836430000525,
              0,
              null
            ],
            [
              95.34498658800004,
              5.5552788180000334,
              0,
              null
            ],
            [
              95.344945560000042,
              5.5552745600000435,
              0,
              null
            ],
            [
              95.34480581300005,
              5.5552482700000496,
              0,
              null
            ],
            [
              95.344662842000048,
              5.5552118500000347,
              0,
              null
            ],
            [
              95.344578335000051,
              5.555185639000058,
              0,
              null
            ],
            [
              95.344537591000062,
              5.555172270000071,
              0,
              null
            ],
            [
              95.344501735000051,
              5.5551681980000467,
              0,
              null
            ],
            [
              95.344459060000077,
              5.5551621380000711,
              0,
              null
            ],
            [
              95.34442286400008,
              5.5554769730000544,
              0,
              null
            ],
            [
              95.344365834000087,
              5.5559426420000477,
              0,
              null
            ],
            [
              95.344344281000076,
              5.5561296340000581,
              0,
              null
            ],
            [
              95.344280502000061,
              5.5567253130000722,
              0,
              null
            ],
            [
              95.344273570000041,
              5.5567870830000743,
              0,
              null
            ]
          ]
        ]
      },
      "properties" : {
        "FID" : 0,
        "OBJECTID" : 10260,
        "KDPPUM" : "11",
        "NAMOBJ" : "Lambhuk",
        "REMARK" : " ",
        "KDPBPS" : " ",
        "FCODE" : "BA03070040",
        "LUASWH" : 0,
        "UUPP" : "RBI",
        "SRS_ID" : "SRGI 2013",
        "METADATA" : "TASWIL1000020200326DATA_BATAS_DESA_KELURAHAN",
        "KDEBPS" : " ",
        "KDEPUM" : "11.71.09.2001",
        "KDCBPS" : " ",
        "KDCPUM" : "11.71.09",
        "KDBBPS" : " ",
        "WADMKD" : "Lambhuk",
        "WIADKD" : "0",
        "WADMKC" : "Ulee Kareng",
        "WIADKC" : " ",
        "WADMKK" : "Kota Banda Aceh",
        "WIADKK" : " ",
        "WADMPR" : "Aceh",
        "WIADPR" : " ",
        "TIPADM" : 9,
        "KDPKAB" : "11.71",
        "SHAPE_Leng" : 0.049295955455830001,
        "SHAPE_Area" : 8.8779721532999999e-05
      }
    }
  ]
}