{
  "hasZ" : true,
  "hasM" : true,
  "type" : "FeatureCollection",
  "features" : [
    {
      "type" : "Feature",
      "id" : 0,
      "geometry" : {
        "type" : "Polygon",
        "coordinates" : [
          [
            [
              95.333854356000074,
              5.5477123830000323,
              0,
              null
            ],
            [
              95.33337384500004,
              5.5486935620000395,
              0,
              null
            ],
            [
              95.33333329900006,
              5.5487802980000538,
              0,
              null
            ],
            [
              95.333320008000044,
              5.5488079610000227,
              0,
              null
            ],
            [
              95.333226178000075,
              5.5487515030000623,
              0,
              null
            ],
            [
              95.333215840000037,
              5.5487469620000525,
              0,
              null
            ],
            [
              95.333110032000036,
              5.5487004930000694,
              0,
              null
            ],
            [
              95.333081868000079,
              5.5486921090000578,
              0,
              null
            ],
            [
              95.33306297300004,
              5.5486890950000429,
              0,
              null
            ],
            [
              95.333041394000077,
              5.5486895660000641,
              0,
              null
            ],
            [
              95.332964277000087,
              5.5486936320000382,
              0,
              null
            ],
            [
              95.332881357000076,
              5.5487071470000728,
              0,
              null
            ],
            [
              95.332845117000033,
              5.5487178120000635,
              0,
              null
            ],
            [
              95.332780378000052,
              5.5487649430000374,
              0,
              null
            ],
            [
              95.332710074000033,
              5.5488532310000664,
              0,
              null
            ],
            [
              95.332692956000074,
              5.5488705180000579,
              0,
              null
            ],
            [
              95.332644342000037,
              5.5488908000000379,
              0,
              null
            ],
            [
              95.332591853000054,
              5.5488967470000716,
              0,
              null
            ],
            [
              95.332434267000053,
              5.5488839750000238,
              0,
              null
            ],
            [
              95.332393213000046,
              5.5488841370000728,
              0,
              null
            ],
            [
              95.332320244000073,
              5.548899446000064,
              0,
              null
            ],
            [
              95.332188820000056,
              5.5489496500000541,
              0,
              null
            ],
            [
              95.332066412000074,
              5.549021587000027,
              0,
              null
            ],
            [
              95.332015289000083,
              5.5490494840000224,
              0,
              null
            ],
            [
              95.331999697000072,
              5.5490625890000729,
              0,
              null
            ],
            [
              95.331985990000078,
              5.5490846350000425,
              0,
              null
            ],
            [
              95.331972430000064,
              5.5491371330000447,
              0,
              null
            ],
            [
              95.331968624000069,
              5.54914188500004,
              0,
              null
            ],
            [
              95.331974023000043,
              5.5491564730000391,
              0,
              null
            ],
            [
              95.331978710000044,
              5.5491719630000489,
              0,
              null
            ],
            [
              95.331978532000051,
              5.5491838680000569,
              0,
              null
            ],
            [
              95.331970960000035,
              5.5493001130000721,
              0,
              null
            ],
            [
              95.331961814000067,
              5.5493793720000326,
              0,
              null
            ],
            [
              95.331952673000046,
              5.5494584050000526,
              0,
              null
            ],
            [
              95.331944080000085,
              5.5495330660000377,
              0,
              null
            ],
            [
              95.331929656000057,
              5.5495313990000454,
              0,
              null
            ],
            [
              95.331875545000059,
              5.5495193980000295,
              0,
              null
            ],
            [
              95.331842693000056,
              5.5495180550000214,
              0,
              null
            ],
            [
              95.331802223000068,
              5.5495457180000471,
              0,
              null
            ],
            [
              95.331776208000065,
              5.5496068060000425,
              0,
              null
            ],
            [
              95.331702427000039,
              5.5498527470000454,
              0,
              null
            ],
            [
              95.331637270000044,
              5.5502000750000207,
              0,
              null
            ],
            [
              95.331485509000061,
              5.5506863170000429,
              0,
              null
            ],
            [
              95.33153059700004,
              5.5508102240000312,
              0,
              null
            ],
            [
              95.33140854800007,
              5.5508554160000472,
              0,
              null
            ],
            [
              95.331271234000042,
              5.5508921740000687,
              0,
              null
            ],
            [
              95.331040113000086,
              5.5509326510000392,
              0,
              null
            ],
            [
              95.330798823000066,
              5.5509639970000535,
              0,
              null
            ],
            [
              95.33068052200008,
              5.5509676290000698,
              0,
              null
            ],
            [
              95.330433434000042,
              5.5509752160000403,
              0,
              null
            ],
            [
              95.330368237000073,
              5.5509893140000486,
              0,
              null
            ],
            [
              95.330319532000033,
              5.5509876860000418,
              0,
              null
            ],
            [
              95.328590527000074,
              5.5509298850000732,
              0,
              null
            ],
            [
              95.328205444000048,
              5.5509158530000491,
              0,
              null
            ],
            [
              95.328206913000031,
              5.5509033750000754,
              0,
              null
            ],
            [
              95.328207287000055,
              5.5509001940000644,
              0,
              null
            ],
            [
              95.328208103000065,
              5.5508949200000757,
              0,
              null
            ],
            [
              95.328211540000041,
              5.55087267600004,
              0,
              null
            ],
            [
              95.328212445000077,
              5.5508668220000459,
              0,
              null
            ],
            [
              95.32821718200006,
              5.5508427080000615,
              0,
              null
            ],
            [
              95.328238464000037,
              5.5507343820000301,
              0,
              null
            ],
            [
              95.328240013000084,
              5.5507264980000741,
              0,
              null
            ],
            [
              95.328259241000069,
              5.5506412420000402,
              0,
              null
            ],
            [
              95.328307291000044,
              5.5504927360000238,
              0,
              null
            ],
            [
              95.32831133600007,
              5.5504838020000307,
              0,
              null
            ],
            [
              95.328406920000077,
              5.5502726410000491,
              0,
              null
            ],
            [
              95.328442077000034,
              5.5501949720000425,
              0,
              null
            ],
            [
              95.328583692000052,
              5.5499503590000359,
              0,
              null
            ],
            [
              95.328693539000085,
              5.5497606210000754,
              0,
              null
            ],
            [
              95.328700440000034,
              5.5497486990000766,
              0,
              null
            ],
            [
              95.328918673000032,
              5.5493736210000293,
              0,
              null
            ],
            [
              95.328943595000055,
              5.5493307880000202,
              0,
              null
            ],
            [
              95.329022183000063,
              5.5492062320000741,
              0,
              null
            ],
            [
              95.329081006000081,
              5.5491130020000696,
              0,
              null
            ],
            [
              95.329150821000042,
              5.5489747730000545,
              0,
              null
            ],
            [
              95.329180521000069,
              5.5488838720000331,
              0,
              null
            ],
            [
              95.329184447000046,
              5.5488459450000391,
              0,
              null
            ],
            [
              95.329189704000044,
              5.5487951660000476,
              0,
              null
            ],
            [
              95.329189516000042,
              5.5487471660000551,
              0,
              null
            ],
            [
              95.329189466000059,
              5.548734449000051,
              0,
              null
            ],
            [
              95.329189416000077,
              5.548721730000068,
              0,
              null
            ],
            [
              95.329189002000078,
              5.5486163340000303,
              0,
              null
            ],
            [
              95.329188975000079,
              5.5486095290000321,
              0,
              null
            ],
            [
              95.329188084000066,
              5.5483824390000223,
              0,
              null
            ],
            [
              95.329187679000086,
              5.5482791340000404,
              0,
              null
            ],
            [
              95.329181578000032,
              5.5481481880000274,
              0,
              null
            ],
            [
              95.32917076800004,
              5.5479161460000341,
              0,
              null
            ],
            [
              95.329165400000079,
              5.5478009340000654,
              0,
              null
            ],
            [
              95.329159461000074,
              5.5476585680000312,
              0,
              null
            ],
            [
              95.329150464000065,
              5.5474428680000756,
              0,
              null
            ],
            [
              95.329149553000036,
              5.5474183000000608,
              0,
              null
            ],
            [
              95.329140213000073,
              5.5471665190000294,
              0,
              null
            ],
            [
              95.329129382000076,
              5.5468745310000713,
              0,
              null
            ],
            [
              95.329122928000061,
              5.5467005030000678,
              0,
              null
            ],
            [
              95.329122755000071,
              5.5466564440000639,
              0,
              null
            ],
            [
              95.32912218000007,
              5.5465100800000755,
              0,
              null
            ],
            [
              95.329121026000053,
              5.5462159180000299,
              0,
              null
            ],
            [
              95.329120909000039,
              5.5461860330000263,
              0,
              null
            ],
            [
              95.329114168000046,
              5.5460188320000725,
              0,
              null
            ],
            [
              95.32910939900006,
              5.5459005570000386,
              0,
              null
            ],
            [
              95.329109189000064,
              5.5458469290000494,
              0,
              null
            ],
            [
              95.329099295000049,
              5.5458019140000374,
              0,
              null
            ],
            [
              95.329243543000075,
              5.5457107770000675,
              0,
              null
            ],
            [
              95.329268342000034,
              5.5457316780000383,
              0,
              null
            ],
            [
              95.329322213000069,
              5.5457906080000612,
              0,
              null
            ],
            [
              95.329326264000031,
              5.5457950390000406,
              0,
              null
            ],
            [
              95.329363879000084,
              5.5458491530000629,
              0,
              null
            ],
            [
              95.329385117000072,
              5.5458842490000393,
              0,
              null
            ],
            [
              95.329395967000039,
              5.5459091840000383,
              0,
              null
            ],
            [
              95.329401658000052,
              5.5459222660000478,
              0,
              null
            ],
            [
              95.329416798000068,
              5.5459757540000396,
              0,
              null
            ],
            [
              95.329421811000032,
              5.5460003680000227,
              0,
              null
            ],
            [
              95.329573855000035,
              5.54599014300004,
              0,
              null
            ],
            [
              95.329814268000064,
              5.5459846050000579,
              0,
              null
            ],
            [
              95.330170406000036,
              5.5459789680000426,
              0,
              null
            ],
            [
              95.330253663000065,
              5.5459825930000761,
              0,
              null
            ],
            [
              95.330280451000078,
              5.5459803660000375,
              0,
              null
            ],
            [
              95.330280751000032,
              5.5459803410000745,
              0,
              null
            ],
            [
              95.330411904000073,
              5.5459812730000522,
              0,
              null
            ],
            [
              95.330534354000065,
              5.5459821830000351,
              0,
              null
            ],
            [
              95.330613094000057,
              5.5459825320000391,
              0,
              null
            ],
            [
              95.330701355000087,
              5.5459814610000535,
              0,
              null
            ],
            [
              95.330837182000039,
              5.5459779180000623,
              0,
              null
            ],
            [
              95.330848672000059,
              5.5459776180000517,
              0,
              null
            ],
            [
              95.330849433000083,
              5.5459957510000208,
              0,
              null
            ],
            [
              95.330855536000058,
              5.5461301070000673,
              0,
              null
            ],
            [
              95.330857391000052,
              5.5461521490000223,
              0,
              null
            ],
            [
              95.330862092000075,
              5.5462079950000316,
              0,
              null
            ],
            [
              95.330865585000083,
              5.546249491000026,
              0,
              null
            ],
            [
              95.330872301000056,
              5.5463417410000488,
              0,
              null
            ],
            [
              95.330876198000055,
              5.546395288000042,
              0,
              null
            ],
            [
              95.33088316900006,
              5.5464910360000204,
              0,
              null
            ],
            [
              95.33089190700008,
              5.5465817800000536,
              0,
              null
            ],
            [
              95.330893096000068,
              5.5465941320000525,
              0,
              null
            ],
            [
              95.330897580000055,
              5.5466406990000223,
              0,
              null
            ],
            [
              95.330904443000065,
              5.5467119670000216,
              0,
              null
            ],
            [
              95.33092177900005,
              5.5468598370000564,
              0,
              null
            ],
            [
              95.330934758000069,
              5.5468570300000692,
              0,
              null
            ],
            [
              95.330941334000045,
              5.546855608000044,
              0,
              null
            ],
            [
              95.330994614000076,
              5.5468440840000426,
              0,
              null
            ],
            [
              95.331001535000041,
              5.5468425870000715,
              0,
              null
            ],
            [
              95.331035141000086,
              5.5468353190000244,
              0,
              null
            ],
            [
              95.331044259000066,
              5.5468334990000585,
              0,
              null
            ],
            [
              95.331113440000081,
              5.5468196900000635,
              0,
              null
            ],
            [
              95.331135244000052,
              5.546815337000055,
              0,
              null
            ],
            [
              95.331173111000055,
              5.5468075950000753,
              0,
              null
            ],
            [
              95.331213054000045,
              5.546799429000032,
              0,
              null
            ],
            [
              95.33125762800006,
              5.5467922750000298,
              0,
              null
            ],
            [
              95.331305703000055,
              5.546790015000056,
              0,
              null
            ],
            [
              95.331457365000063,
              5.5467887400000677,
              0,
              null
            ],
            [
              95.331464114000084,
              5.5467886620000399,
              0,
              null
            ],
            [
              95.331551291000039,
              5.5467876640000213,
              0,
              null
            ],
            [
              95.331605087000071,
              5.5467863850000754,
              0,
              null
            ],
            [
              95.33175275900004,
              5.5468070960000659,
              0,
              null
            ],
            [
              95.331780070000036,
              5.5468328180000412,
              0,
              null
            ],
            [
              95.331791663000047,
              5.5468672110000625,
              0,
              null
            ],
            [
              95.331851722000067,
              5.5472084930000278,
              0,
              null
            ],
            [
              95.33186177400006,
              5.5472156290000498,
              0,
              null
            ],
            [
              95.331905943000038,
              5.5472091770000702,
              0,
              null
            ],
            [
              95.33204095800005,
              5.5471895580000705,
              0,
              null
            ],
            [
              95.332268189000047,
              5.5471355810000205,
              0,
              null
            ],
            [
              95.332308277000038,
              5.5471325530000399,
              0,
              null
            ],
            [
              95.332519302000037,
              5.547138417000042,
              0,
              null
            ],
            [
              95.33255556000006,
              5.5471325340000703,
              0,
              null
            ],
            [
              95.332567950000055,
              5.547126745000071,
              0,
              null
            ],
            [
              95.332605554000054,
              5.5470931150000524,
              0,
              null
            ],
            [
              95.332635046000064,
              5.5470710520000353,
              0,
              null
            ],
            [
              95.33298951200004,
              5.5470141120000562,
              0,
              null
            ],
            [
              95.333015252000052,
              5.5470044450000273,
              0,
              null
            ],
            [
              95.333031434000077,
              5.5469919450000589,
              0,
              null
            ],
            [
              95.333054006000054,
              5.5469048020000287,
              0,
              null
            ],
            [
              95.333067293000056,
              5.5468847600000686,
              0,
              null
            ],
            [
              95.333238517000041,
              5.5468840840000553,
              0,
              null
            ],
            [
              95.333333305000053,
              5.5468860940000582,
              0,
              null
            ],
            [
              95.333518903000083,
              5.5469047340000657,
              0,
              null
            ],
            [
              95.333517329000074,
              5.5469549630000756,
              0,
              null
            ],
            [
              95.333521803000053,
              5.546980101000031,
              0,
              null
            ],
            [
              95.333545429000083,
              5.5470098540000663,
              0,
              null
            ],
            [
              95.333545738000055,
              5.5470102420000558,
              0,
              null
            ],
            [
              95.333540608000078,
              5.5470225010000718,
              0,
              null
            ],
            [
              95.333530547000066,
              5.5470931000000405,
              0,
              null
            ],
            [
              95.333526125000049,
              5.5471339650000573,
              0,
              null
            ],
            [
              95.33352388600008,
              5.5471473880000417,
              0,
              null
            ],
            [
              95.333517712000059,
              5.5471602200000234,
              0,
              null
            ],
            [
              95.333511893000036,
              5.5471694090000483,
              0,
              null
            ],
            [
              95.333503467000071,
              5.5471763570000689,
              0,
              null
            ],
            [
              95.333491638000055,
              5.5471802630000298,
              0,
              null
            ],
            [
              95.333445181000059,
              5.5471890580000718,
              0,
              null
            ],
            [
              95.33339333300006,
              5.5471988740000597,
              0,
              null
            ],
            [
              95.333345695000048,
              5.5472062170000527,
              0,
              null
            ],
            [
              95.333347858000081,
              5.5472331880000638,
              0,
              null
            ],
            [
              95.333354950000057,
              5.5473215960000744,
              0,
              null
            ],
            [
              95.333356902000048,
              5.5473338520000652,
              0,
              null
            ],
            [
              95.333367381000073,
              5.5473444040000572,
              0,
              null
            ],
            [
              95.333374340000034,
              5.5473659440000347,
              0,
              null
            ],
            [
              95.333382259000075,
              5.5474061650000408,
              0,
              null
            ],
            [
              95.333393395000087,
              5.5474043480000432,
              0,
              null
            ],
            [
              95.333407320000049,
              5.5474019170000588,
              0,
              null
            ],
            [
              95.333448629000031,
              5.5473973250000768,
              0,
              null
            ],
            [
              95.333486785000048,
              5.5473939840000526,
              0,
              null
            ],
            [
              95.333519092000074,
              5.5473942540000394,
              0,
              null
            ],
            [
              95.333528396000077,
              5.5473928620000379,
              0,
              null
            ],
            [
              95.33356193700007,
              5.5474293530000409,
              0,
              null
            ],
            [
              95.333698803000061,
              5.5474710340000684,
              0,
              null
            ],
            [
              95.333696442000075,
              5.5474777200000744,
              0,
              null
            ],
            [
              95.333813857000052,
              5.5475283710000554,
              0,
              null
            ],
            [
              95.333917798000073,
              5.5475849540000581,
              0,
              null
            ],
            [
              95.333854356000074,
              5.5477123830000323,
              0,
              null
            ]
          ]
        ]
      },
      "properties" : {
        "FID" : 0,
        "OBJECTID" : 19972,
        "KDPPUM" : "11",
        "NAMOBJ" : "Sukadamai",
        "REMARK" : " ",
        "KDPBPS" : " ",
        "FCODE" : "BA03070040",
        "LUASWH" : 0,
        "UUPP" : "RBI",
        "SRS_ID" : "SRGI 2013",
        "METADATA" : "TASWIL1000020200326DATA_BATAS_DESA_KELURAHAN",
        "KDEBPS" : " ",
        "KDEPUM" : "11.71.05.2007",
        "KDCBPS" : " ",
        "KDCPUM" : "11.71.05",
        "KDBBPS" : " ",
        "WADMKD" : "Sukadamai",
        "WIADKD" : "0",
        "WADMKC" : "Lueng Bata",
        "WIADKC" : " ",
        "WADMKK" : "Kota Banda Aceh",
        "WIADKK" : " ",
        "WADMPR" : "Aceh",
        "WIADPR" : " ",
        "TIPADM" : 9,
        "KDPKAB" : "11.71",
        "SHAPE_Leng" : 0.020606872269134002,
        "SHAPE_Area" : 1.6572963277999999e-05
      }
    }
  ]
}