{
  "hasZ" : true,
  "hasM" : true,
  "type" : "FeatureCollection",
  "features" : [
    {
      "type" : "Feature",
      "id" : 0,
      "geometry" : {
        "type" : "Polygon",
        "coordinates" : [
          [
            [
              95.326869135000038,
              5.5671491710000396,
              0,
              null
            ],
            [
              95.326810541000043,
              5.5671367510000209,
              0,
              null
            ],
            [
              95.326797309000085,
              5.5671336450000695,
              0,
              null
            ],
            [
              95.326634483000078,
              5.5670954320000305,
              0,
              null
            ],
            [
              95.32658649800004,
              5.5670843590000345,
              0,
              null
            ],
            [
              95.326526068000078,
              5.5670745370000532,
              0,
              null
            ],
            [
              95.326491206000071,
              5.5670700490000513,
              0,
              null
            ],
            [
              95.326469210000084,
              5.5670672180000338,
              0,
              null
            ],
            [
              95.32644672400005,
              5.5670643230000678,
              0,
              null
            ],
            [
              95.326425244000063,
              5.567061557000045,
              0,
              null
            ],
            [
              95.326365548000069,
              5.5670553730000734,
              0,
              null
            ],
            [
              95.326304133000065,
              5.567049010000062,
              0,
              null
            ],
            [
              95.32615544500004,
              5.5670334420000245,
              0,
              null
            ],
            [
              95.326076439000076,
              5.5670251690000327,
              0,
              null
            ],
            [
              95.326039539000078,
              5.5670221020000668,
              0,
              null
            ],
            [
              95.326018787000066,
              5.5670203770000626,
              0,
              null
            ],
            [
              95.326011773000062,
              5.5670197930000427,
              0,
              null
            ],
            [
              95.325994403000038,
              5.5670183490000227,
              0,
              null
            ],
            [
              95.325905305000049,
              5.5670109400000456,
              0,
              null
            ],
            [
              95.325895224000078,
              5.5670101020000402,
              0,
              null
            ],
            [
              95.325685278000037,
              5.5669957820000491,
              0,
              null
            ],
            [
              95.325658796000084,
              5.5669941250000647,
              0,
              null
            ],
            [
              95.32551445200005,
              5.5669850980000319,
              0,
              null
            ],
            [
              95.325481635000074,
              5.5669830450000291,
              0,
              null
            ],
            [
              95.325255992000052,
              5.5669688130000736,
              0,
              null
            ],
            [
              95.32523094000004,
              5.566967294000051,
              0,
              null
            ],
            [
              95.325041630000044,
              5.5669558110000708,
              0,
              null
            ],
            [
              95.32499776800006,
              5.5669540270000653,
              0,
              null
            ],
            [
              95.324950514000079,
              5.5669521030000624,
              0,
              null
            ],
            [
              95.324875081000073,
              5.566951389000053,
              0,
              null
            ],
            [
              95.324688570000035,
              5.5669523960000333,
              0,
              null
            ],
            [
              95.324635092000051,
              5.5669538600000692,
              0,
              null
            ],
            [
              95.324589821000075,
              5.5669550980000508,
              0,
              null
            ],
            [
              95.32456996600007,
              5.566955642000039,
              0,
              null
            ],
            [
              95.324560069000086,
              5.5669559130000721,
              0,
              null
            ],
            [
              95.324547507000034,
              5.5669565510000325,
              0,
              null
            ],
            [
              95.324524964000034,
              5.5669576940000525,
              0,
              null
            ],
            [
              95.324493602000075,
              5.5669592840000632,
              0,
              null
            ],
            [
              95.324457104000032,
              5.5669619740000371,
              0,
              null
            ],
            [
              95.32441506300006,
              5.5669650720000732,
              0,
              null
            ],
            [
              95.324317523000047,
              5.5669770540000627,
              0,
              null
            ],
            [
              95.324296240000081,
              5.5669796470000392,
              0,
              null
            ],
            [
              95.324201486000049,
              5.5669911940000247,
              0,
              null
            ],
            [
              95.324187970000082,
              5.566992841000058,
              0,
              null
            ],
            [
              95.324078659000065,
              5.5670085260000519,
              0,
              null
            ],
            [
              95.324029854000059,
              5.5670155290000594,
              0,
              null
            ],
            [
              95.323936948000039,
              5.5670279510000569,
              0,
              null
            ],
            [
              95.323914912000077,
              5.5670308970000519,
              0,
              null
            ],
            [
              95.323892476000083,
              5.5670338970000444,
              0,
              null
            ],
            [
              95.323863500000073,
              5.5670377710000594,
              0,
              null
            ],
            [
              95.323854709000045,
              5.5670388880000701,
              0,
              null
            ],
            [
              95.323673002000078,
              5.5670619610000358,
              0,
              null
            ],
            [
              95.323652080000045,
              5.5670636790000572,
              0,
              null
            ],
            [
              95.323546498000042,
              5.5670723510000357,
              0,
              null
            ],
            [
              95.32350946400004,
              5.5670781870000496,
              0,
              null
            ],
            [
              95.323509280000053,
              5.5670754090000401,
              0,
              null
            ],
            [
              95.323486790000061,
              5.567077255000072,
              0,
              null
            ],
            [
              95.323483526000075,
              5.5670775230000231,
              0,
              null
            ],
            [
              95.323434512000063,
              5.5670810260000394,
              0,
              null
            ],
            [
              95.323411870000086,
              5.5670826440000383,
              0,
              null
            ],
            [
              95.323389782000049,
              5.5670842210000728,
              0,
              null
            ],
            [
              95.323345501000063,
              5.5670873850000362,
              0,
              null
            ],
            [
              95.323341864000042,
              5.5670876450000719,
              0,
              null
            ],
            [
              95.323302493000085,
              5.5670904580000524,
              0,
              null
            ],
            [
              95.323276430000078,
              5.5670915980000473,
              0,
              null
            ],
            [
              95.323132137000073,
              5.5670979100000295,
              0,
              null
            ],
            [
              95.32310943400006,
              5.5670989030000442,
              0,
              null
            ],
            [
              95.323107124000046,
              5.5670989090000376,
              0,
              null
            ],
            [
              95.32308701900007,
              5.5670989620000455,
              0,
              null
            ],
            [
              95.322978159000058,
              5.5670992480000336,
              0,
              null
            ],
            [
              95.322973356000034,
              5.5670992600000204,
              0,
              null
            ],
            [
              95.32294862100008,
              5.567099325000072,
              0,
              null
            ],
            [
              95.322757667000076,
              5.5671050690000357,
              0,
              null
            ],
            [
              95.322716917000037,
              5.5671034060000579,
              0,
              null
            ],
            [
              95.322716813000056,
              5.5671003010000391,
              0,
              null
            ],
            [
              95.322696283000084,
              5.5671000070000218,
              0,
              null
            ],
            [
              95.322694469000055,
              5.5670999810000694,
              0,
              null
            ],
            [
              95.322666151000078,
              5.5670995760000324,
              0,
              null
            ],
            [
              95.322631537000063,
              5.5670990800000482,
              0,
              null
            ],
            [
              95.322599890000049,
              5.567098627000064,
              0,
              null
            ],
            [
              95.32250829600008,
              5.5670973160000585,
              0,
              null
            ],
            [
              95.322462046000055,
              5.5670953930000451,
              0,
              null
            ],
            [
              95.322447634000071,
              5.5670947940000701,
              0,
              null
            ],
            [
              95.322420329000067,
              5.5670936590000224,
              0,
              null
            ],
            [
              95.322353895000049,
              5.567090581000059,
              0,
              null
            ],
            [
              95.322342543000047,
              5.5670900550000511,
              0,
              null
            ],
            [
              95.322319988000061,
              5.5670890090000285,
              0,
              null
            ],
            [
              95.322297623000054,
              5.5670879730000706,
              0,
              null
            ],
            [
              95.322274014000072,
              5.5670868790000441,
              0,
              null
            ],
            [
              95.322252907000063,
              5.5670859010000413,
              0,
              null
            ],
            [
              95.322251691000076,
              5.5670858450000651,
              0,
              null
            ],
            [
              95.322154436000062,
              5.5670841270000437,
              0,
              null
            ],
            [
              95.322135834000051,
              5.567083799000045,
              0,
              null
            ],
            [
              95.322126833000084,
              5.5670836410000675,
              0,
              null
            ],
            [
              95.322064198000078,
              5.5670825340000647,
              0,
              null
            ],
            [
              95.32206263900008,
              5.5670825210000316,
              0,
              null
            ],
            [
              95.321975043000066,
              5.5670818110000369,
              0,
              null
            ],
            [
              95.321938954000075,
              5.5670815180000659,
              0,
              null
            ],
            [
              95.321916371000043,
              5.5670813350000685,
              0,
              null
            ],
            [
              95.321905840000056,
              5.5670812500000579,
              0,
              null
            ],
            [
              95.321894003000068,
              5.56708115400005,
              0,
              null
            ],
            [
              95.321872922000068,
              5.5670809830000394,
              0,
              null
            ],
            [
              95.321812093000062,
              5.567082145000029,
              0,
              null
            ],
            [
              95.32177884400005,
              5.5670847710000544,
              0,
              null
            ],
            [
              95.321733917000074,
              5.5670883190000495,
              0,
              null
            ],
            [
              95.321709418000069,
              5.567091438000034,
              0,
              null
            ],
            [
              95.321705862000044,
              5.5670918900000288,
              0,
              null
            ],
            [
              95.321638136000047,
              5.5671005110000351,
              0,
              null
            ],
            [
              95.321588098000063,
              5.5671091960000467,
              0,
              null
            ],
            [
              95.321570510000072,
              5.5671122480000577,
              0,
              null
            ],
            [
              95.321556325000074,
              5.5671170640000582,
              0,
              null
            ],
            [
              95.321520147000058,
              5.5671293470000478,
              0,
              null
            ],
            [
              95.321512920000032,
              5.5671318010000732,
              0,
              null
            ],
            [
              95.321466895000071,
              5.5671536400000718,
              0,
              null
            ],
            [
              95.321412297000052,
              5.5671860430000493,
              0,
              null
            ],
            [
              95.321404184000073,
              5.5671922920000725,
              0,
              null
            ],
            [
              95.321399339000038,
              5.567196023000065,
              0,
              null
            ],
            [
              95.321352915000034,
              5.5672317800000428,
              0,
              null
            ],
            [
              95.321309798000073,
              5.5672699090000606,
              0,
              null
            ],
            [
              95.321269635000078,
              5.5673054250000291,
              0,
              null
            ],
            [
              95.321254131000046,
              5.5673200030000203,
              0,
              null
            ],
            [
              95.321225187000039,
              5.5673472170000764,
              0,
              null
            ],
            [
              95.321197673000086,
              5.5673730860000319,
              0,
              null
            ],
            [
              95.321163329000058,
              5.5674132740000459,
              0,
              null
            ],
            [
              95.32114695100006,
              5.567432439000072,
              0,
              null
            ],
            [
              95.32111214300005,
              5.5674731700000279,
              0,
              null
            ],
            [
              95.321065623000038,
              5.5675277390000701,
              0,
              null
            ],
            [
              95.321034766000082,
              5.5675639350000665,
              0,
              null
            ],
            [
              95.321007719000079,
              5.5675956630000201,
              0,
              null
            ],
            [
              95.320990003000077,
              5.5676176030000306,
              0,
              null
            ],
            [
              95.320954162000078,
              5.5676619880000544,
              0,
              null
            ],
            [
              95.320937441000069,
              5.5676826950000304,
              0,
              null
            ],
            [
              95.320935352000049,
              5.5676852820000704,
              0,
              null
            ],
            [
              95.320914176000031,
              5.5677115070000696,
              0,
              null
            ],
            [
              95.320825736000074,
              5.5678242570000407,
              0,
              null
            ],
            [
              95.320797689000074,
              5.567862304000073,
              0,
              null
            ],
            [
              95.320775509000043,
              5.5678923930000224,
              0,
              null
            ],
            [
              95.320692973000064,
              5.5679963250000242,
              0,
              null
            ],
            [
              95.32067752100005,
              5.5680157830000212,
              0,
              null
            ],
            [
              95.320586580000054,
              5.5681357790000447,
              0,
              null
            ],
            [
              95.320580633000077,
              5.568143626000051,
              0,
              null
            ],
            [
              95.320453731000043,
              5.5683156340000437,
              0,
              null
            ],
            [
              95.320435309000061,
              5.5683391830000346,
              0,
              null
            ],
            [
              95.320341003000067,
              5.5684597330000543,
              0,
              null
            ],
            [
              95.32032085600008,
              5.5684818050000331,
              0,
              null
            ],
            [
              95.320359114000041,
              5.5685119750000354,
              0,
              null
            ],
            [
              95.320204014000069,
              5.5687717880000491,
              0,
              null
            ],
            [
              95.320194923000031,
              5.5687912620000475,
              0,
              null
            ],
            [
              95.320106616000032,
              5.5689479470000265,
              0,
              null
            ],
            [
              95.320050721000086,
              5.5690471230000753,
              0,
              null
            ],
            [
              95.320029468000087,
              5.569071847000032,
              0,
              null
            ],
            [
              95.320018837000077,
              5.5690856720000284,
              0,
              null
            ],
            [
              95.320014400000048,
              5.5690914420000581,
              0,
              null
            ],
            [
              95.320012931000065,
              5.5690933520000385,
              0,
              null
            ],
            [
              95.320000983000057,
              5.5691098020000709,
              0,
              null
            ],
            [
              95.31999767700006,
              5.5691143530000318,
              0,
              null
            ],
            [
              95.319989838000083,
              5.5691251450000436,
              0,
              null
            ],
            [
              95.319988017000071,
              5.569128418000048,
              0,
              null
            ],
            [
              95.319977346000087,
              5.5691475930000252,
              0,
              null
            ],
            [
              95.319967867000059,
              5.5691759350000325,
              0,
              null
            ],
            [
              95.319964757000037,
              5.5691852350000204,
              0,
              null
            ],
            [
              95.319964516000084,
              5.5691859580000482,
              0,
              null
            ],
            [
              95.319954434000067,
              5.5692157230000703,
              0,
              null
            ],
            [
              95.319949816000076,
              5.5692287410000745,
              0,
              null
            ],
            [
              95.31994807500007,
              5.5692336510000473,
              0,
              null
            ],
            [
              95.319945361000066,
              5.5692412990000548,
              0,
              null
            ],
            [
              95.319939024000064,
              5.5692550330000472,
              0,
              null
            ],
            [
              95.319926988000077,
              5.5692695920000688,
              0,
              null
            ],
            [
              95.319891021000046,
              5.56931310300007,
              0,
              null
            ],
            [
              95.319871041000056,
              5.5693372720000411,
              0,
              null
            ],
            [
              95.319861682000067,
              5.5693485940000755,
              0,
              null
            ],
            [
              95.319819061000032,
              5.5693952580000428,
              0,
              null
            ],
            [
              95.319792628000073,
              5.5694242000000713,
              0,
              null
            ],
            [
              95.319729525000071,
              5.5694805950000728,
              0,
              null
            ],
            [
              95.319508415000087,
              5.5696781980000765,
              0,
              null
            ],
            [
              95.319204533000061,
              5.569450760000052,
              0,
              null
            ],
            [
              95.319102517000033,
              5.5693494920000717,
              0,
              null
            ],
            [
              95.318911975000049,
              5.5691603450000571,
              0,
              null
            ],
            [
              95.318684289000032,
              5.5688862960000733,
              0,
              null
            ],
            [
              95.318479633000038,
              5.568536904000041,
              0,
              null
            ],
            [
              95.318264359000068,
              5.568150064000065,
              0,
              null
            ],
            [
              95.318054834000066,
              5.5676641800000652,
              0,
              null
            ],
            [
              95.317932730000052,
              5.5671586220000222,
              0,
              null
            ],
            [
              95.317892716000074,
              5.5669201050000652,
              0,
              null
            ],
            [
              95.317887446000043,
              5.5664286000000516,
              0,
              null
            ],
            [
              95.317903780000051,
              5.5661398810000264,
              0,
              null
            ],
            [
              95.317975798000077,
              5.56481851500007,
              0,
              null
            ],
            [
              95.318023356000083,
              5.5641728310000644,
              0,
              null
            ],
            [
              95.318038565000052,
              5.5640154010000629,
              0,
              null
            ],
            [
              95.318086619000042,
              5.563517958000034,
              0,
              null
            ],
            [
              95.318106460000081,
              5.5633125750000545,
              0,
              null
            ],
            [
              95.31844392000005,
              5.5631857800000262,
              0,
              null
            ],
            [
              95.318486633000077,
              5.5631589870000653,
              0,
              null
            ],
            [
              95.318522255000062,
              5.5631425010000726,
              0,
              null
            ],
            [
              95.318539977000057,
              5.5631391790000748,
              0,
              null
            ],
            [
              95.318563565000034,
              5.563138628000047,
              0,
              null
            ],
            [
              95.318564190000075,
              5.5631386140000245,
              0,
              null
            ],
            [
              95.318621397000072,
              5.5631372770000667,
              0,
              null
            ],
            [
              95.31863809500004,
              5.5631377200000429,
              0,
              null
            ],
            [
              95.318703991000064,
              5.5631394680000312,
              0,
              null
            ],
            [
              95.318765314000075,
              5.5631410940000592,
              0,
              null
            ],
            [
              95.318804987000078,
              5.5631421470000646,
              0,
              null
            ],
            [
              95.318898149000063,
              5.5631446180000239,
              0,
              null
            ],
            [
              95.318909375000032,
              5.5631447960000742,
              0,
              null
            ],
            [
              95.31893914300008,
              5.5631452670000385,
              0,
              null
            ],
            [
              95.318940065000049,
              5.5630492850000337,
              0,
              null
            ],
            [
              95.31896983300004,
              5.5630497470000364,
              0,
              null
            ],
            [
              95.319010291000041,
              5.563051797000071,
              0,
              null
            ],
            [
              95.319048544000054,
              5.5630537350000395,
              0,
              null
            ],
            [
              95.319208383000046,
              5.563061833000063,
              0,
              null
            ],
            [
              95.319234878000032,
              5.5630631750000248,
              0,
              null
            ],
            [
              95.319422751000047,
              5.5630808040000375,
              0,
              null
            ],
            [
              95.319527940000057,
              5.5630934040000284,
              0,
              null
            ],
            [
              95.319591165000077,
              5.5631009770000333,
              0,
              null
            ],
            [
              95.319608490000064,
              5.5631038120000653,
              0,
              null
            ],
            [
              95.319765681000035,
              5.5631295330000512,
              0,
              null
            ],
            [
              95.319784068000047,
              5.5631325420000621,
              0,
              null
            ],
            [
              95.319827650000036,
              5.5631396740000696,
              0,
              null
            ],
            [
              95.320082555000056,
              5.5631668810000292,
              0,
              null
            ],
            [
              95.320118667000031,
              5.5631707350000283,
              0,
              null
            ],
            [
              95.320144793000054,
              5.5631722930000365,
              0,
              null
            ],
            [
              95.32026090800008,
              5.5631792200000518,
              0,
              null
            ],
            [
              95.320301022000081,
              5.5631816130000402,
              0,
              null
            ],
            [
              95.320312018000038,
              5.5631822680000482,
              0,
              null
            ],
            [
              95.32031760700005,
              5.5631830770000761,
              0,
              null
            ],
            [
              95.320350202000043,
              5.5631875580000383,
              0,
              null
            ],
            [
              95.320454329000086,
              5.5631930640000746,
              0,
              null
            ],
            [
              95.320460479000076,
              5.5631933890000482,
              0,
              null
            ],
            [
              95.320643346000054,
              5.5632088400000725,
              0,
              null
            ],
            [
              95.320744986000079,
              5.5632188910000764,
              0,
              null
            ],
            [
              95.320781982000085,
              5.5632225490000451,
              0,
              null
            ],
            [
              95.320790755000075,
              5.5631965760000526,
              0,
              null
            ],
            [
              95.320808699000054,
              5.5630499730000338,
              0,
              null
            ],
            [
              95.320810855000047,
              5.5630323600000224,
              0,
              null
            ],
            [
              95.320827653000038,
              5.5628960090000419,
              0,
              null
            ],
            [
              95.32084233900008,
              5.5628020520000518,
              0,
              null
            ],
            [
              95.320847897000078,
              5.5627664880000225,
              0,
              null
            ],
            [
              95.320858954000073,
              5.562699948000045,
              0,
              null
            ],
            [
              95.320870090000085,
              5.5626329270000383,
              0,
              null
            ],
            [
              95.320876569000063,
              5.5625897200000622,
              0,
              null
            ],
            [
              95.320891619000065,
              5.5625000890000251,
              0,
              null
            ],
            [
              95.320894082000052,
              5.5624797060000333,
              0,
              null
            ],
            [
              95.32098803100007,
              5.561689513000033,
              0,
              null
            ],
            [
              95.320997745000057,
              5.5616659640000421,
              0,
              null
            ],
            [
              95.321026578000044,
              5.5616116560000251,
              0,
              null
            ],
            [
              95.321041511000033,
              5.5616076570000246,
              0,
              null
            ],
            [
              95.321056807000048,
              5.5616018290000397,
              0,
              null
            ],
            [
              95.321069003000048,
              5.5615992870000355,
              0,
              null
            ],
            [
              95.321112967000033,
              5.561603142000024,
              0,
              null
            ],
            [
              95.321166671000071,
              5.5616044060000718,
              0,
              null
            ],
            [
              95.321339006000073,
              5.5616101850000632,
              0,
              null
            ],
            [
              95.321605930000032,
              5.5616209600000275,
              0,
              null
            ],
            [
              95.322088368000038,
              5.5616417010000418,
              0,
              null
            ],
            [
              95.322122922000062,
              5.5616437820000328,
              0,
              null
            ],
            [
              95.323022735000052,
              5.5616979690000221,
              0,
              null
            ],
            [
              95.323096705000069,
              5.5617056020000746,
              0,
              null
            ],
            [
              95.323847046000083,
              5.5617830360000653,
              0,
              null
            ],
            [
              95.323897297000087,
              5.5617882210000289,
              0,
              null
            ],
            [
              95.323926551000056,
              5.5617916940000214,
              0,
              null
            ],
            [
              95.324077592000037,
              5.5618093480000539,
              0,
              null
            ],
            [
              95.324577091000037,
              5.5618745100000524,
              0,
              null
            ],
            [
              95.324543421000044,
              5.5621285760000205,
              0,
              null
            ],
            [
              95.324534089000053,
              5.5621836200000416,
              0,
              null
            ],
            [
              95.324498849000065,
              5.5623272550000706,
              0,
              null
            ],
            [
              95.324501377000047,
              5.5623631200000432,
              0,
              null
            ],
            [
              95.324513405000062,
              5.5623869880000711,
              0,
              null
            ],
            [
              95.324589900000035,
              5.5624153850000653,
              0,
              null
            ],
            [
              95.324642957000037,
              5.5624350910000544,
              0,
              null
            ],
            [
              95.324635590000071,
              5.5625000900000714,
              0,
              null
            ],
            [
              95.324612908000063,
              5.5626664380000648,
              0,
              null
            ],
            [
              95.324561652000057,
              5.5628651430000673,
              0,
              null
            ],
            [
              95.324534520000043,
              5.5630269840000324,
              0,
              null
            ],
            [
              95.324577833000035,
              5.563040322000063,
              0,
              null
            ],
            [
              95.324631306000072,
              5.5630567970000584,
              0,
              null
            ],
            [
              95.324755946000039,
              5.5631042040000693,
              0,
              null
            ],
            [
              95.324816496000039,
              5.5631284770000207,
              0,
              null
            ],
            [
              95.324850751000042,
              5.5631422110000699,
              0,
              null
            ],
            [
              95.324862004000067,
              5.5631467210000665,
              0,
              null
            ],
            [
              95.324881473000062,
              5.5631545270000515,
              0,
              null
            ],
            [
              95.325037185000042,
              5.5632138240000586,
              0,
              null
            ],
            [
              95.32518357500004,
              5.563270120000027,
              0,
              null
            ],
            [
              95.325210772000048,
              5.5632798940000612,
              0,
              null
            ],
            [
              95.325321819000067,
              5.5633197960000302,
              0,
              null
            ],
            [
              95.325336616000072,
              5.5633256030000666,
              0,
              null
            ],
            [
              95.325373188000071,
              5.563339954000071,
              0,
              null
            ],
            [
              95.325464943000043,
              5.5633759610000766,
              0,
              null
            ],
            [
              95.325468232000048,
              5.5633772260000569,
              0,
              null
            ],
            [
              95.325592744000062,
              5.5634250690000613,
              0,
              null
            ],
            [
              95.325609263000047,
              5.5634314160000713,
              0,
              null
            ],
            [
              95.325740151000048,
              5.5634846100000459,
              0,
              null
            ],
            [
              95.32584692000006,
              5.5635271760000364,
              0,
              null
            ],
            [
              95.325873104000038,
              5.5635376150000297,
              0,
              null
            ],
            [
              95.325885264000078,
              5.5635424340000554,
              0,
              null
            ],
            [
              95.325993270000083,
              5.5635852380000301,
              0,
              null
            ],
            [
              95.326127960000065,
              5.563639601000034,
              0,
              null
            ],
            [
              95.326139548000071,
              5.563644522000061,
              0,
              null
            ],
            [
              95.326223258000084,
              5.5636800670000639,
              0,
              null
            ],
            [
              95.326232787000038,
              5.5636841120000327,
              0,
              null
            ],
            [
              95.326373897000053,
              5.5637444330000676,
              0,
              null
            ],
            [
              95.326448709000033,
              5.5637778900000399,
              0,
              null
            ],
            [
              95.326499139000077,
              5.5638004420000584,
              0,
              null
            ],
            [
              95.326582631000065,
              5.5638364500000534,
              0,
              null
            ],
            [
              95.326630067000053,
              5.563856908000048,
              0,
              null
            ],
            [
              95.326690621000068,
              5.5638820920000285,
              0,
              null
            ],
            [
              95.32673347900004,
              5.5638999170000716,
              0,
              null
            ],
            [
              95.326816578000034,
              5.5639344780000215,
              0,
              null
            ],
            [
              95.326920679000068,
              5.5639762770000516,
              0,
              null
            ],
            [
              95.326970381000081,
              5.5639962330000685,
              0,
              null
            ],
            [
              95.327009613000087,
              5.564011985000036,
              0,
              null
            ],
            [
              95.327085677000071,
              5.5640435790000424,
              0,
              null
            ],
            [
              95.327194742000074,
              5.5640888820000214,
              0,
              null
            ],
            [
              95.327254018000076,
              5.564114079000035,
              0,
              null
            ],
            [
              95.327276442000084,
              5.5641236110000705,
              0,
              null
            ],
            [
              95.327360720000058,
              5.5641594370000576,
              0,
              null
            ],
            [
              95.327478556000074,
              5.5642064030000711,
              0,
              null
            ],
            [
              95.327528199000085,
              5.5642261890000668,
              0,
              null
            ],
            [
              95.327725523000083,
              5.5643026120000627,
              0,
              null
            ],
            [
              95.327774910000073,
              5.5643224200000532,
              0,
              null
            ],
            [
              95.327798385000051,
              5.5643318350000754,
              0,
              null
            ],
            [
              95.327833490000046,
              5.5643459150000467,
              0,
              null
            ],
            [
              95.327873152000052,
              5.5643618230000698,
              0,
              null
            ],
            [
              95.327878878000035,
              5.5643640370000753,
              0,
              null
            ],
            [
              95.328044761000058,
              5.5644281880000221,
              0,
              null
            ],
            [
              95.328239644000064,
              5.5645014790000573,
              0,
              null
            ],
            [
              95.328260707000084,
              5.5645094010000662,
              0,
              null
            ],
            [
              95.328326735000076,
              5.5645346480000626,
              0,
              null
            ],
            [
              95.328416619000052,
              5.5645690170000535,
              0,
              null
            ],
            [
              95.328433334000067,
              5.5645754090000423,
              0,
              null
            ],
            [
              95.328514320000068,
              5.5646061470000632,
              0,
              null
            ],
            [
              95.328636345000064,
              5.564652461000037,
              0,
              null
            ],
            [
              95.328742850000083,
              5.5646928710000338,
              0,
              null
            ],
            [
              95.328856613000085,
              5.5647360340000205,
              0,
              null
            ],
            [
              95.328862862000051,
              5.5647383170000353,
              0,
              null
            ],
            [
              95.329049927000085,
              5.5648066420000646,
              0,
              null
            ],
            [
              95.329061417000048,
              5.5648107720000439,
              0,
              null
            ],
            [
              95.329100829000083,
              5.5648249380000721,
              0,
              null
            ],
            [
              95.329168555000081,
              5.5648492820000683,
              0,
              null
            ],
            [
              95.329262552000046,
              5.5648830680000287,
              0,
              null
            ],
            [
              95.329331143000047,
              5.5649086710000688,
              0,
              null
            ],
            [
              95.329376968000076,
              5.5649257770000418,
              0,
              null
            ],
            [
              95.329437929000051,
              5.5649485320000736,
              0,
              null
            ],
            [
              95.329562859000077,
              5.5649914530000615,
              0,
              null
            ],
            [
              95.329629866000062,
              5.5650112490000652,
              0,
              null
            ],
            [
              95.329631105000033,
              5.5650116160000493,
              0,
              null
            ],
            [
              95.329689809000058,
              5.5650266740000234,
              0,
              null
            ],
            [
              95.329684303000079,
              5.565111742000056,
              0,
              null
            ],
            [
              95.329665029000068,
              5.5653902050000283,
              0,
              null
            ],
            [
              95.329664358000059,
              5.5653996170000255,
              0,
              null
            ],
            [
              95.329655254000045,
              5.5655272260000288,
              0,
              null
            ],
            [
              95.329649171000085,
              5.5656124910000244,
              0,
              null
            ],
            [
              95.329641535000064,
              5.5657195290000345,
              0,
              null
            ],
            [
              95.329636698000058,
              5.5657690750000484,
              0,
              null
            ],
            [
              95.329615466000064,
              5.5659865690000743,
              0,
              null
            ],
            [
              95.329610689000049,
              5.5660355030000233,
              0,
              null
            ],
            [
              95.329601263000086,
              5.5661312340000677,
              0,
              null
            ],
            [
              95.329599188000032,
              5.5661523070000385,
              0,
              null
            ],
            [
              95.329576459000066,
              5.56638313600007,
              0,
              null
            ],
            [
              95.329570267000065,
              5.5664638710000531,
              0,
              null
            ],
            [
              95.32955945100008,
              5.5666049050000765,
              0,
              null
            ],
            [
              95.329556156000081,
              5.5666527780000479,
              0,
              null
            ],
            [
              95.329546421000032,
              5.5667941800000449,
              0,
              null
            ],
            [
              95.329535732000068,
              5.5669351510000524,
              0,
              null
            ],
            [
              95.329528351000079,
              5.5670325040000534,
              0,
              null
            ],
            [
              95.329527864000056,
              5.567040013000053,
              0,
              null
            ],
            [
              95.32951419300008,
              5.5672509270000319,
              0,
              null
            ],
            [
              95.329507999000043,
              5.5673465020000208,
              0,
              null
            ],
            [
              95.329507215000035,
              5.5673579040000618,
              0,
              null
            ],
            [
              95.329490193000083,
              5.5676056690000451,
              0,
              null
            ],
            [
              95.329487631000063,
              5.5676429450000455,
              0,
              null
            ],
            [
              95.32942875100008,
              5.5676312670000243,
              0,
              null
            ],
            [
              95.329405706000045,
              5.5676269110000476,
              0,
              null
            ],
            [
              95.329224697000086,
              5.5675926930000514,
              0,
              null
            ],
            [
              95.329173655000034,
              5.5675830440000595,
              0,
              null
            ],
            [
              95.329089731000067,
              5.5675671790000365,
              0,
              null
            ],
            [
              95.329066596000075,
              5.5675628050000228,
              0,
              null
            ],
            [
              95.328886817000068,
              5.5675300910000374,
              0,
              null
            ],
            [
              95.328864668000051,
              5.5675260620000699,
              0,
              null
            ],
            [
              95.328842466000083,
              5.5675220210000589,
              0,
              null
            ],
            [
              95.328816651000068,
              5.5675173240000504,
              0,
              null
            ],
            [
              95.328573637000034,
              5.5674676740000564,
              0,
              null
            ],
            [
              95.328562282000064,
              5.5674655460000508,
              0,
              null
            ],
            [
              95.328549961000078,
              5.567463238000073,
              0,
              null
            ],
            [
              95.328521643000045,
              5.567457930000046,
              0,
              null
            ],
            [
              95.328313187000049,
              5.5674188620000677,
              0,
              null
            ],
            [
              95.328279206000047,
              5.5674127880000697,
              0,
              null
            ],
            [
              95.328257329000053,
              5.5674088770000481,
              0,
              null
            ],
            [
              95.328235041000084,
              5.5674048930000595,
              0,
              null
            ],
            [
              95.32806974500005,
              5.5673753430000374,
              0,
              null
            ],
            [
              95.327965103000054,
              5.5673560450000537,
              0,
              null
            ],
            [
              95.327878122000072,
              5.5673400050000623,
              0,
              null
            ],
            [
              95.32777352800008,
              5.5673207150000508,
              0,
              null
            ],
            [
              95.327509644000031,
              5.5672703440000646,
              0,
              null
            ],
            [
              95.327362185000084,
              5.5672442280000496,
              0,
              null
            ],
            [
              95.327295311000057,
              5.5672323860000574,
              0,
              null
            ],
            [
              95.327271747000054,
              5.5672282120000318,
              0,
              null
            ],
            [
              95.327032326000051,
              5.567183764000049,
              0,
              null
            ],
            [
              95.326869135000038,
              5.5671491710000396,
              0,
              null
            ]
          ]
        ]
      },
      "properties" : {
        "FID" : 0,
        "OBJECTID" : 13136,
        "KDPPUM" : "11",
        "NAMOBJ" : "Mulia",
        "REMARK" : " ",
        "KDPBPS" : " ",
        "FCODE" : "BA03070040",
        "LUASWH" : 0,
        "UUPP" : "RBI",
        "SRS_ID" : "SRGI 2013",
        "METADATA" : "TASWIL1000020200326DATA_BATAS_DESA_KELURAHAN",
        "KDEBPS" : " ",
        "KDEPUM" : "11.71.02.2001",
        "KDCBPS" : " ",
        "KDCPUM" : "11.71.02",
        "KDBBPS" : " ",
        "WADMKD" : "Mulia",
        "WIADKD" : "0",
        "WADMKC" : "Kuta Alam",
        "WIADKC" : " ",
        "WADMKK" : "Kota Banda Aceh",
        "WIADKK" : " ",
        "WADMPR" : "Aceh",
        "WIADPR" : " ",
        "TIPADM" : 9,
        "KDPKAB" : "11.71",
        "SHAPE_Leng" : 0.03571373231273,
        "SHAPE_Area" : 5.2409213602999999e-05
      }
    }
  ]
}