{
  "hasZ" : true,
  "hasM" : true,
  "type" : "FeatureCollection",
  "features" : [
    {
      "type" : "Feature",
      "id" : 0,
      "geometry" : {
        "type" : "Polygon",
        "coordinates" : [
          [
            [
              95.327838971000077,
              5.5528067039999911,
              0,
              null
            ],
            [
              95.327684167000058,
              5.5527480990000271,
              0,
              null
            ],
            [
              95.327526781000088,
              5.5526913390000381,
              0,
              null
            ],
            [
              95.327370613000042,
              5.5526368430000588,
              0,
              null
            ],
            [
              95.32721943500006,
              5.5525850210000343,
              0,
              null
            ],
            [
              95.327077038000098,
              5.5525362830000873,
              0,
              null
            ],
            [
              95.32693293400007,
              5.5524869190000885,
              0,
              null
            ],
            [
              95.326774171000082,
              5.5524355870000157,
              0,
              null
            ],
            [
              95.326600909000049,
              5.5523862290000174,
              0,
              null
            ],
            [
              95.326413282000061,
              5.5523428030000659,
              0,
              null
            ],
            [
              95.326211430000058,
              5.5523092500000431,
              0,
              null
            ],
            [
              95.326087366000095,
              5.5522953660000489,
              0,
              null
            ],
            [
              95.325949807000086,
              5.5522840210000872,
              0,
              null
            ],
            [
              95.325802497000069,
              5.552275165000065,
              0,
              null
            ],
            [
              95.325649197000075,
              5.5522687450000667,
              0,
              null
            ],
            [
              95.325493651000087,
              5.5522647109999994,
              0,
              null
            ],
            [
              95.325339602000042,
              5.5522630220000373,
              0,
              null
            ],
            [
              95.325190804000073,
              5.5522636249999984,
              0,
              null
            ],
            [
              95.325051009000063,
              5.5522664720000563,
              0,
              null
            ],
            [
              95.324923962000113,
              5.5522715180000297,
              0,
              null
            ],
            [
              95.324714264000079,
              5.5522870230000692,
              0,
              null
            ],
            [
              95.32455992300001,
              5.5523056640001016,
              0,
              null
            ],
            [
              95.324326965000097,
              5.5523429990000821,
              0,
              null
            ],
            [
              95.324149711000089,
              5.5523821850000381,
              0,
              null
            ],
            [
              95.32398361600012,
              5.5524279800000969,
              0,
              null
            ],
            [
              95.323843097000037,
              5.5524740080000861,
              0,
              null
            ],
            [
              95.323690573000121,
              5.5525298280000861,
              0,
              null
            ],
            [
              95.323528429000106,
              5.5525943000000915,
              0,
              null
            ],
            [
              95.323359071000041,
              5.5526662670000952,
              0,
              null
            ],
            [
              95.323184902000023,
              5.5527445980000927,
              0,
              null
            ],
            [
              95.323008318000063,
              5.5528281270000761,
              0,
              null
            ],
            [
              95.322884285000015,
              5.5528890780000566,
              0,
              null
            ],
            [
              95.322750228000118,
              5.5529564130000324,
              0,
              null
            ],
            [
              95.322609259999993,
              5.5530283770000359,
              0,
              null
            ],
            [
              95.322464469000096,
              5.5531031840000971,
              0,
              null
            ],
            [
              95.322318970000055,
              5.5531790880000713,
              0,
              null
            ],
            [
              95.322175849000104,
              5.5532542960000768,
              0,
              null
            ],
            [
              95.322038204000094,
              5.5533270690000585,
              0,
              null
            ],
            [
              95.321909149000064,
              5.5533956140000456,
              0,
              null
            ],
            [
              95.321791781000044,
              5.5534581830000711,
              0,
              null
            ],
            [
              95.321597692000054,
              5.5535620370000487,
              0,
              null
            ],
            [
              95.321416237000051,
              5.5536597770000533,
              0,
              null
            ],
            [
              95.321251926000045,
              5.553749160000077,
              0,
              null
            ],
            [
              95.321109289000063,
              5.5538279720000254,
              0,
              null
            ],
            [
              95.320992836000102,
              5.5538939730000685,
              0,
              null
            ],
            [
              95.320836002000092,
              5.5539876560000927,
              0,
              null
            ],
            [
              95.32069935400007,
              5.5540730980000568,
              0,
              null
            ],
            [
              95.320574368000024,
              5.5541511540000315,
              0,
              null
            ],
            [
              95.320433784000031,
              5.5542360410000384,
              0,
              null
            ],
            [
              95.320256552000018,
              5.5543456770000503,
              0,
              null
            ],
            [
              95.320043518000077,
              5.554486440000062,
              0,
              null
            ],
            [
              95.319949697000126,
              5.5545518270000542,
              0,
              null
            ],
            [
              95.319843430000034,
              5.5546275050000098,
              0,
              null
            ],
            [
              95.319728002000076,
              5.5547110999999987,
              0,
              null
            ],
            [
              95.319606668000077,
              5.5548001969999987,
              0,
              null
            ],
            [
              95.319482730000033,
              5.5548924040000784,
              0,
              null
            ],
            [
              95.319359462000051,
              5.5549853130000386,
              0,
              null
            ],
            [
              95.319240130000125,
              5.5550765260000361,
              0,
              null
            ],
            [
              95.319128035000091,
              5.5551636520000507,
              0,
              null
            ],
            [
              95.318983104000083,
              5.5552789730000001,
              0,
              null
            ],
            [
              95.318838104000079,
              5.5553976390000486,
              0,
              null
            ],
            [
              95.31869815500005,
              5.555515797000055,
              0,
              null
            ],
            [
              95.318568374000051,
              5.5556296210000582,
              0,
              null
            ],
            [
              95.318453888000079,
              5.5557352500000938,
              0,
              null
            ],
            [
              95.318359816000026,
              5.5558288400000215,
              0,
              null
            ],
            [
              95.318217747000091,
              5.5559979060000657,
              0,
              null
            ],
            [
              95.318114434000066,
              5.556157672000051,
              0,
              null
            ],
            [
              95.318041277000049,
              5.5563048090000571,
              0,
              null
            ],
            [
              95.317982375000057,
              5.5564569980000371,
              0,
              null
            ],
            [
              95.317933395000097,
              5.5566227150000707,
              0,
              null
            ],
            [
              95.317903022000067,
              5.5567848700000759,
              0,
              null
            ],
            [
              95.317895563000079,
              5.5569560650000298,
              0,
              null
            ],
            [
              95.317909938000113,
              5.5571644780000433,
              0,
              null
            ],
            [
              95.317946740000039,
              5.5574164360000182,
              0,
              null
            ],
            [
              95.317967344000067,
              5.557529109000015,
              0,
              null
            ],
            [
              95.317992105000073,
              5.5576573500000563,
              0,
              null
            ],
            [
              95.318019670000041,
              5.5577967880000472,
              0,
              null
            ],
            [
              95.318048697000037,
              5.5579430630000708,
              0,
              null
            ],
            [
              95.318077832000057,
              5.5580917780000298,
              0,
              null
            ],
            [
              95.318105742000057,
              5.558238591000098,
              0,
              null
            ],
            [
              95.318131065000017,
              5.5583791130000897,
              0,
              null
            ],
            [
              95.318152467000104,
              5.5585089759999988,
              0,
              null
            ],
            [
              95.3181792930001,
              5.5587060320000496,
              0,
              null
            ],
            [
              95.318199646000011,
              5.5589020110000114,
              0,
              null
            ],
            [
              95.318214475000076,
              5.5590949300000752,
              0,
              null
            ],
            [
              95.318224719000042,
              5.5592828050000769,
              0,
              null
            ],
            [
              95.318231336000053,
              5.5594636430000293,
              0,
              null
            ],
            [
              95.318234995000097,
              5.5596194900000455,
              0,
              null
            ],
            [
              95.318237416000031,
              5.5597906190000828,
              0,
              null
            ],
            [
              95.318238485000023,
              5.559974037000071,
              0,
              null
            ],
            [
              95.318238120999993,
              5.5601667350000277,
              0,
              null
            ],
            [
              95.31823623000011,
              5.5603657400000621,
              0,
              null
            ],
            [
              95.318232710000075,
              5.5605680590000155,
              0,
              null
            ],
            [
              95.317820319000063,
              5.5605420370000829,
              0,
              null
            ],
            [
              95.31769616200009,
              5.5605372920000455,
              0,
              null
            ],
            [
              95.317482693000017,
              5.5605307180000345,
              0,
              null
            ],
            [
              95.31742211100007,
              5.5605255330000496,
              0,
              null
            ],
            [
              95.317430547000058,
              5.5603852210000753,
              0,
              null
            ],
            [
              95.317337676000093,
              5.5603592190000555,
              0,
              null
            ],
            [
              95.317223826000003,
              5.5603348720000838,
              0,
              null
            ],
            [
              95.316946309000045,
              5.5602996240000095,
              0,
              null
            ],
            [
              95.316752976000032,
              5.5602769629999997,
              0,
              null
            ],
            [
              95.316577099000057,
              5.5602609770000093,
              0,
              null
            ],
            [
              95.316478001000021,
              5.5602507090000479,
              0,
              null
            ],
            [
              95.316370810000123,
              5.5602379240000559,
              0,
              null
            ],
            [
              95.316337410000116,
              5.560235235000011,
              0,
              null
            ],
            [
              95.316239446000097,
              5.5602357370000526,
              0,
              null
            ],
            [
              95.316153185000061,
              5.5602342950000221,
              0,
              null
            ],
            [
              95.316109909000033,
              5.5600870900000103,
              0,
              null
            ],
            [
              95.316140484000073,
              5.5600802900000694,
              0,
              null
            ],
            [
              95.315971653000048,
              5.5592728250000505,
              0,
              null
            ],
            [
              95.315867714000063,
              5.5587652230000622,
              0,
              null
            ],
            [
              95.315808625000059,
              5.5585281950000791,
              0,
              null
            ],
            [
              95.315706045000098,
              5.5580403650000392,
              0,
              null
            ],
            [
              95.315658060000032,
              5.5578258820000563,
              0,
              null
            ],
            [
              95.315627871000032,
              5.557702960000011,
              0,
              null
            ],
            [
              95.315530727000066,
              5.5572807869999856,
              0,
              null
            ],
            [
              95.315460241000011,
              5.5569736960000675,
              0,
              null
            ],
            [
              95.315381345000063,
              5.5566428920000526,
              0,
              null
            ],
            [
              95.315244587000024,
              5.5561859290000797,
              0,
              null
            ],
            [
              95.315199178000086,
              5.5561806110000838,
              0,
              null
            ],
            [
              95.315173504000086,
              5.5561207820000185,
              0,
              null
            ],
            [
              95.315144007000043,
              5.5560686520000573,
              0,
              null
            ],
            [
              95.314987603000077,
              5.5556746780000559,
              0,
              null
            ],
            [
              95.314941360000063,
              5.5555555920000614,
              0,
              null
            ],
            [
              95.31484435400003,
              5.5553109430000696,
              0,
              null
            ],
            [
              95.314873615000053,
              5.5552888720000198,
              0,
              null
            ],
            [
              95.314804454000111,
              5.5550897670000658,
              0,
              null
            ],
            [
              95.314708552000084,
              5.5548234960000613,
              0,
              null
            ],
            [
              95.31465080000001,
              5.5546538040000542,
              0,
              null
            ],
            [
              95.314607882000104,
              5.5545260950000568,
              0,
              null
            ],
            [
              95.314573093000064,
              5.5544261500000474,
              0,
              null
            ],
            [
              95.314478770000079,
              5.5541367419999936,
              0,
              null
            ],
            [
              95.314364096000091,
              5.5537923110000946,
              0,
              null
            ],
            [
              95.314280875000037,
              5.553550378000061,
              0,
              null
            ],
            [
              95.314094179000051,
              5.5529923440000744,
              0,
              null
            ],
            [
              95.313879332000042,
              5.5523639870000423,
              0,
              null
            ],
            [
              95.313810317000005,
              5.5523733050001027,
              0,
              null
            ],
            [
              95.313783163000068,
              5.5523710250000917,
              0,
              null
            ],
            [
              95.313636644000027,
              5.552387201000009,
              0,
              null
            ],
            [
              95.313490442000017,
              5.5524060600000595,
              0,
              null
            ],
            [
              95.313448504000092,
              5.5524139700000035,
              0,
              null
            ],
            [
              95.313406344000072,
              5.5524204000000914,
              0,
              null
            ],
            [
              95.313363962000025,
              5.5524253560000574,
              0,
              null
            ],
            [
              95.313329725000031,
              5.5524275060000576,
              0,
              null
            ],
            [
              95.313300928000046,
              5.5524297880000688,
              0,
              null
            ],
            [
              95.313272042000065,
              5.5524300550000909,
              0,
              null
            ],
            [
              95.313243202000066,
              5.552428306000035,
              0,
              null
            ],
            [
              95.313218679000087,
              5.5524252020000446,
              0,
              null
            ],
            [
              95.313195273000105,
              5.5524150710000058,
              0,
              null
            ],
            [
              95.313156845000037,
              5.5523951360000439,
              0,
              null
            ],
            [
              95.313149679000063,
              5.5523898130000475,
              0,
              null
            ],
            [
              95.313120492000039,
              5.5523567440000647,
              0,
              null
            ],
            [
              95.313105364000123,
              5.5523086789999958,
              0,
              null
            ],
            [
              95.313092778000055,
              5.5522598810000439,
              0,
              null
            ],
            [
              95.313050069999989,
              5.5521209440000057,
              0,
              null
            ],
            [
              95.313038983000055,
              5.5520863400000735,
              0,
              null
            ],
            [
              95.312992967000056,
              5.5519484650000344,
              0,
              null
            ],
            [
              95.31294597600008,
              5.5517709750000925,
              0,
              null
            ],
            [
              95.31287815000006,
              5.5515876450000228,
              0,
              null
            ],
            [
              95.31287062400007,
              5.5515661800000231,
              0,
              null
            ],
            [
              95.312838702000093,
              5.5514496090000591,
              0,
              null
            ],
            [
              95.312796006000013,
              5.5513116210000106,
              0,
              null
            ],
            [
              95.312758629000129,
              5.5512002960000366,
              0,
              null
            ],
            [
              95.312747556000005,
              5.5511625290001092,
              0,
              null
            ],
            [
              95.312728185000097,
              5.5510856810000568,
              0,
              null
            ],
            [
              95.312647355000067,
              5.5508318150000129,
              0,
              null
            ],
            [
              95.312587469000078,
              5.5506486990000496,
              0,
              null
            ],
            [
              95.312527516000003,
              5.5504602049999967,
              0,
              null
            ],
            [
              95.312507082000096,
              5.5503789680001141,
              0,
              null
            ],
            [
              95.312496155000076,
              5.5503414530000299,
              0,
              null
            ],
            [
              95.31242638900008,
              5.550134991000089,
              0,
              null
            ],
            [
              95.31241520600004,
              5.5500987420000207,
              0,
              null
            ],
            [
              95.312372229000033,
              5.5499463650000251,
              0,
              null
            ],
            [
              95.312314006000108,
              5.5497802540000478,
              0,
              null
            ],
            [
              95.312225430000055,
              5.5494996710000137,
              0,
              null
            ],
            [
              95.312148429000089,
              5.5492581380000132,
              0,
              null
            ],
            [
              95.312101538000022,
              5.5491292060000035,
              0,
              null
            ],
            [
              95.312078352000057,
              5.5490643230000529,
              0,
              null
            ],
            [
              95.312053247000023,
              5.5489998730000494,
              0,
              null
            ],
            [
              95.311891581000054,
              5.5490322950000674,
              0,
              null
            ],
            [
              95.311745012000102,
              5.5490633220000589,
              0,
              null
            ],
            [
              95.31170780900004,
              5.5490706170000408,
              0,
              null
            ],
            [
              95.311594561000092,
              5.549091136000051,
              0,
              null
            ],
            [
              95.311556828000079,
              5.5490991300000907,
              0,
              null
            ],
            [
              95.311481416000049,
              5.5491174220000943,
              0,
              null
            ],
            [
              95.311451799000082,
              5.549127029000001,
              0,
              null
            ],
            [
              95.311406004000034,
              5.5491357050000083,
              0,
              null
            ],
            [
              95.311368303000023,
              5.5491448550000548,
              0,
              null
            ],
            [
              95.311330995000034,
              5.5491532180000362,
              0,
              null
            ],
            [
              95.311146490000056,
              5.549191136000065,
              0,
              null
            ],
            [
              95.31106496700005,
              5.5492049160000505,
              0,
              null
            ],
            [
              95.311058842000079,
              5.5491579430000719,
              0,
              null
            ],
            [
              95.311040529000081,
              5.5490236740000647,
              0,
              null
            ],
            [
              95.311017531000033,
              5.5488680280000651,
              0,
              null
            ],
            [
              95.310991678000036,
              5.5487203830000169,
              0,
              null
            ],
            [
              95.310961191999994,
              5.5485854300000419,
              0,
              null
            ],
            [
              95.31092759700006,
              5.548458280000002,
              0,
              null
            ],
            [
              95.310897717000074,
              5.5483539580000745,
              0,
              null
            ],
            [
              95.31086064900002,
              5.5482315950000753,
              0,
              null
            ],
            [
              95.310824195000023,
              5.5481277680000112,
              0,
              null
            ],
            [
              95.310767683000066,
              5.548002390000029,
              0,
              null
            ],
            [
              95.310639976000061,
              5.5477524760000456,
              0,
              null
            ],
            [
              95.310588842000101,
              5.5476550429999776,
              0,
              null
            ],
            [
              95.310526904000128,
              5.5475377310000411,
              0,
              null
            ],
            [
              95.310456507000069,
              5.5474051289999942,
              0,
              null
            ],
            [
              95.310379988000051,
              5.5472618140000378,
              0,
              null
            ],
            [
              95.31029971100007,
              5.5471123930000203,
              0,
              null
            ],
            [
              95.310217993000052,
              5.5469614320000531,
              0,
              null
            ],
            [
              95.310137207000125,
              5.5468135410000734,
              0,
              null
            ],
            [
              95.310059690000102,
              5.5466732840001036,
              0,
              null
            ],
            [
              95.309971888000035,
              5.5465168700000405,
              0,
              null
            ],
            [
              95.309882142000063,
              5.5463591060000432,
              0,
              null
            ],
            [
              95.309793428000006,
              5.5462046660000546,
              0,
              null
            ],
            [
              95.309708715000014,
              5.5460582630000204,
              0,
              null
            ],
            [
              95.30963098900007,
              5.5459245700000608,
              0,
              null
            ],
            [
              95.309563237000063,
              5.5458082830000315,
              0,
              null
            ],
            [
              95.309508417000046,
              5.545714091000054,
              0,
              null
            ],
            [
              95.30939061800008,
              5.5455087380000272,
              0,
              null
            ],
            [
              95.309336092000095,
              5.5454135690000577,
              0,
              null
            ],
            [
              95.309256065000042,
              5.5452912730000641,
              0,
              null
            ],
            [
              95.309174644000052,
              5.5451653950000406,
              0,
              null
            ],
            [
              95.309080452000075,
              5.5450450980000348,
              0,
              null
            ],
            [
              95.308950599000084,
              5.5449180260000901,
              0,
              null
            ],
            [
              95.30887174700004,
              5.5448426210000683,
              0,
              null
            ],
            [
              95.308784964000054,
              5.5447507780000187,
              0,
              null
            ],
            [
              95.308692183000105,
              5.5446335130000861,
              0,
              null
            ],
            [
              95.308610553000008,
              5.5445073550000394,
              0,
              null
            ],
            [
              95.308559338000038,
              5.5443890600001104,
              0,
              null
            ],
            [
              95.308528771000084,
              5.5442886720000644,
              0,
              null
            ],
            [
              95.308508248000081,
              5.5441472430000864,
              0,
              null
            ],
            [
              95.308517233000018,
              5.5440613899999995,
              0,
              null
            ],
            [
              95.308538728000116,
              5.5439584670000102,
              0,
              null
            ],
            [
              95.30857504300009,
              5.5438386100000407,
              0,
              null
            ],
            [
              95.308620443000038,
              5.5437119290000396,
              0,
              null
            ],
            [
              95.308671541000081,
              5.5435867810000765,
              0,
              null
            ],
            [
              95.308724180000084,
              5.5434679810000169,
              0,
              null
            ],
            [
              95.308774388000074,
              5.5433623240000678,
              0,
              null
            ],
            [
              95.308816513000096,
              5.5432750940000446,
              0,
              null
            ],
            [
              95.308859555000097,
              5.5431685620000231,
              0,
              null
            ],
            [
              95.308873440000099,
              5.543012693000005,
              0,
              null
            ],
            [
              95.308875995000037,
              5.5428975570000709,
              0,
              null
            ],
            [
              95.308865991000104,
              5.5427330010000446,
              0,
              null
            ],
            [
              95.308825863000067,
              5.5423173990000301,
              0,
              null
            ],
            [
              95.308816107000055,
              5.5422236280000874,
              0,
              null
            ],
            [
              95.308804875000106,
              5.5421167290000355,
              0,
              null
            ],
            [
              95.308792391000054,
              5.5419988430000515,
              0,
              null
            ],
            [
              95.30877888100008,
              5.5418721120000463,
              0,
              null
            ],
            [
              95.308764569000061,
              5.5417386580000176,
              0,
              null
            ],
            [
              95.308749679000073,
              5.5416006060000527,
              0,
              null
            ],
            [
              95.308734446000045,
              5.5414601060000628,
              0,
              null
            ],
            [
              95.308719086000025,
              5.5413192720000453,
              0,
              null
            ],
            [
              95.308703832000091,
              5.5411802449999996,
              0,
              null
            ],
            [
              95.308688909000097,
              5.5410451490001016,
              0,
              null
            ],
            [
              95.308674541000073,
              5.5409161249999954,
              0,
              null
            ],
            [
              95.308660946000003,
              5.5407952960000344,
              0,
              null
            ],
            [
              95.308648374000128,
              5.5406848050000406,
              0,
              null
            ],
            [
              95.308637023000074,
              5.5405867740001007,
              0,
              null
            ],
            [
              95.308594552000017,
              5.5402412170001085,
              0,
              null
            ],
            [
              95.308565070000071,
              5.540020513000055,
              0,
              null
            ],
            [
              95.308546329000123,
              5.5398733820000494,
              0,
              null
            ],
            [
              95.308534039000079,
              5.5397378510000266,
              0,
              null
            ],
            [
              95.30852518100005,
              5.5395940990000341,
              0,
              null
            ],
            [
              95.308519378000113,
              5.5394541129999979,
              0,
              null
            ],
            [
              95.308515858000078,
              5.5393096620000364,
              0,
              null
            ],
            [
              95.308515064000105,
              5.5391611690000957,
              0,
              null
            ],
            [
              95.308518484000032,
              5.5390335400000161,
              0,
              null
            ],
            [
              95.308532993000085,
              5.5388809470000915,
              0,
              null
            ],
            [
              95.308545647000059,
              5.5387499550000889,
              0,
              null
            ],
            [
              95.308543742000083,
              5.5386195180000435,
              0,
              null
            ],
            [
              95.308535119000084,
              5.5385037770000594,
              0,
              null
            ],
            [
              95.308517581000046,
              5.5383502420000568,
              0,
              null
            ],
            [
              95.308496476000073,
              5.5382447460000321,
              0,
              null
            ],
            [
              95.308433855000047,
              5.5380090580000711,
              0,
              null
            ],
            [
              95.308406795000025,
              5.5379148029999996,
              0,
              null
            ],
            [
              95.30837358600003,
              5.5378007400000655,
              0,
              null
            ],
            [
              95.30833563600001,
              5.5376712750000117,
              0,
              null
            ],
            [
              95.30829434100005,
              5.5375308580000286,
              0,
              null
            ],
            [
              95.308251100000021,
              5.5373839040000377,
              0,
              null
            ],
            [
              95.308207318000044,
              5.5372348460000502,
              0,
              null
            ],
            [
              95.308164384000051,
              5.5370881170000779,
              0,
              null
            ],
            [
              95.308123695000049,
              5.5369481320000418,
              0,
              null
            ],
            [
              95.308078456000047,
              5.5367908540000847,
              0,
              null
            ],
            [
              95.308033056000014,
              5.5366314340000393,
              0,
              null
            ],
            [
              95.307988948000101,
              5.536475165000077,
              0,
              null
            ],
            [
              95.307947571000042,
              5.5363273630000158,
              0,
              null
            ],
            [
              95.307910388000082,
              5.5361933300000281,
              0,
              null
            ],
            [
              95.307878846000051,
              5.5360783740000201,
              0,
              null
            ],
            [
              95.30785439800006,
              5.5359878150000768,
              0,
              null
            ],
            [
              95.307807850000032,
              5.5357603620000866,
              0,
              null
            ],
            [
              95.307825495000074,
              5.535685828000048,
              0,
              null
            ],
            [
              95.307849076000068,
              5.535636905999997,
              0,
              null
            ],
            [
              95.30790046900006,
              5.5355876050000035,
              0,
              null
            ],
            [
              95.307970259000058,
              5.5355298170000182,
              0,
              null
            ],
            [
              95.308046003000115,
              5.535462622000054,
              0,
              null
            ],
            [
              95.308114517000007,
              5.5353804510000053,
              0,
              null
            ],
            [
              95.308154173999995,
              5.5353196890000405,
              0,
              null
            ],
            [
              95.30824814100005,
              5.5354060630000816,
              0,
              null
            ],
            [
              95.308395356000062,
              5.5355466100000754,
              0,
              null
            ],
            [
              95.308467494000084,
              5.5356173500000665,
              0,
              null
            ],
            [
              95.308555156000054,
              5.5357037840000238,
              0,
              null
            ],
            [
              95.308652889000058,
              5.5358003130000171,
              0,
              null
            ],
            [
              95.308755240000082,
              5.5359013160000252,
              0,
              null
            ],
            [
              95.308856757000044,
              5.5360011650001155,
              0,
              null
            ],
            [
              95.308952005000023,
              5.5360942590000022,
              0,
              null
            ],
            [
              95.30909017000009,
              5.5362277000000297,
              0,
              null
            ],
            [
              95.309229752000093,
              5.5363610720000516,
              0,
              null
            ],
            [
              95.309364686000066,
              5.5364892010000837,
              0,
              null
            ],
            [
              95.309488916000035,
              5.536606922000054,
              0,
              null
            ],
            [
              95.309610983000098,
              5.5367228350000524,
              0,
              null
            ],
            [
              95.309739434000065,
              5.5368451140000445,
              0,
              null
            ],
            [
              95.309868240000071,
              5.5369680060000874,
              0,
              null
            ],
            [
              95.30999135200004,
              5.5370857770000619,
              0,
              null
            ],
            [
              95.310090732000091,
              5.5371810960000438,
              0,
              null
            ],
            [
              95.310196052000009,
              5.537282232000063,
              0,
              null
            ],
            [
              95.310301843000062,
              5.5373838630000343,
              0,
              null
            ],
            [
              95.310402636000049,
              5.5374806320000474,
              0,
              null
            ],
            [
              95.310492969000066,
              5.5375672180000173,
              0,
              null
            ],
            [
              95.310637086,
              5.5377043780000861,
              0,
              null
            ],
            [
              95.310809017000011,
              5.5378650650000587,
              0,
              null
            ],
            [
              95.31103455100002,
              5.53807165300001,
              0,
              null
            ],
            [
              95.311119787000067,
              5.5381489220000972,
              0,
              null
            ],
            [
              95.311216846000008,
              5.5382366930000764,
              0,
              null
            ],
            [
              95.311322587000049,
              5.5383322230000758,
              0,
              null
            ],
            [
              95.311433860000108,
              5.538432756000045,
              0,
              null
            ],
            [
              95.311547514000011,
              5.5385355670000251,
              0,
              null
            ],
            [
              95.311660408000122,
              5.5386378840000532,
              0,
              null
            ],
            [
              95.311769383000069,
              5.5387369710000804,
              0,
              null
            ],
            [
              95.311871308000065,
              5.5388300840000575,
              0,
              null
            ],
            [
              95.311963022000015,
              5.5389144590001109,
              0,
              null
            ],
            [
              95.312041377000114,
              5.5389873700000152,
              0,
              null
            ],
            [
              95.312294135000059,
              5.5392373020000889,
              0,
              null
            ],
            [
              95.312416240000033,
              5.539378984999999,
              0,
              null
            ],
            [
              95.312513601000006,
              5.5395025500000976,
              0,
              null
            ],
            [
              95.312602782000013,
              5.539617278999998,
              0,
              null
            ],
            [
              95.312678889000011,
              5.5397154370000372,
              0,
              null
            ],
            [
              95.312756959000069,
              5.5398195340000349,
              0,
              null
            ],
            [
              95.31279759800006,
              5.5398764550000372,
              0,
              null
            ],
            [
              95.312864994000037,
              5.5398037010000571,
              0,
              null
            ],
            [
              95.312878704000113,
              5.5397868879999983,
              0,
              null
            ],
            [
              95.312898281000045,
              5.5397638790000485,
              0,
              null
            ],
            [
              95.312932977000074,
              5.5397244960000762,
              0,
              null
            ],
            [
              95.312966479000096,
              5.5396841040000204,
              0,
              null
            ],
            [
              95.313095195000088,
              5.5395218270000051,
              0,
              null
            ],
            [
              95.31312364300004,
              5.5394879100000409,
              0,
              null
            ],
            [
              95.313236010000097,
              5.5393550100000581,
              0,
              null
            ],
            [
              95.313344962000059,
              5.5392252790000711,
              0,
              null
            ],
            [
              95.313382163000114,
              5.5391828030001093,
              0,
              null
            ],
            [
              95.313457443000033,
              5.5390986160000715,
              0,
              null
            ],
            [
              95.313494754000018,
              5.5390565020000508,
              0,
              null
            ],
            [
              95.313604719000054,
              5.5389300570000692,
              0,
              null
            ],
            [
              95.313641109000045,
              5.5388876840000272,
              0,
              null
            ],
            [
              95.313748675000056,
              5.5387591780000527,
              0,
              null
            ],
            [
              95.313784422000083,
              5.538716111000042,
              0,
              null
            ],
            [
              95.313926498000029,
              5.5385420040000248,
              0,
              null
            ],
            [
              95.314143261000112,
              5.5382936460000813,
              0,
              null
            ],
            [
              95.314257205000033,
              5.5381626120000753,
              0,
              null
            ],
            [
              95.31440244100007,
              5.5379937440000475,
              0,
              null
            ],
            [
              95.314435008000004,
              5.5379544410000818,
              0,
              null
            ],
            [
              95.314468388000108,
              5.5379107230000173,
              0,
              null
            ],
            [
              95.314708330000059,
              5.537628414000018,
              0,
              null
            ],
            [
              95.314743713000055,
              5.5375870120000563,
              0,
              null
            ],
            [
              95.314991522000042,
              5.5373003060000485,
              0,
              null
            ],
            [
              95.315029814000098,
              5.5372577810000827,
              0,
              null
            ],
            [
              95.315155803000053,
              5.5371944300000813,
              0,
              null
            ],
            [
              95.315205500000076,
              5.5370875100000276,
              0,
              null
            ],
            [
              95.315228684000033,
              5.5370503410000609,
              0,
              null
            ],
            [
              95.315249550000075,
              5.5370085340000657,
              0,
              null
            ],
            [
              95.31526716800002,
              5.5369712059999969,
              0,
              null
            ],
            [
              95.315399414000041,
              5.5366706250000846,
              0,
              null
            ],
            [
              95.315411343000051,
              5.53664134500006,
              0,
              null
            ],
            [
              95.315388270000099,
              5.536625906000026,
              0,
              null
            ],
            [
              95.315490917000062,
              5.5363925840000832,
              0,
              null
            ],
            [
              95.315637651000031,
              5.5360550840000471,
              0,
              null
            ],
            [
              95.315652161000088,
              5.5360210760000754,
              0,
              null
            ],
            [
              95.315795055000095,
              5.535680013000011,
              0,
              null
            ],
            [
              95.316174948000082,
              5.5348078660000581,
              0,
              null
            ],
            [
              95.31635613400006,
              5.5344010100000567,
              0,
              null
            ],
            [
              95.316505566999993,
              5.5340637890000437,
              0,
              null
            ],
            [
              95.31652033000006,
              5.5340300510000944,
              0,
              null
            ],
            [
              95.316679761000017,
              5.5336613260000505,
              0,
              null
            ],
            [
              95.316691780000042,
              5.5336341890000256,
              0,
              null
            ],
            [
              95.31687529200012,
              5.5332293300000117,
              0,
              null
            ],
            [
              95.316890396000034,
              5.533195031000016,
              0,
              null
            ],
            [
              95.316904610000066,
              5.5331618660000252,
              0,
              null
            ],
            [
              95.317036725000065,
              5.5331648690000961,
              0,
              null
            ],
            [
              95.317215873000052,
              5.5331769750000319,
              0,
              null
            ],
            [
              95.317401468000043,
              5.5332018620000483,
              0,
              null
            ],
            [
              95.317572146000046,
              5.5332220960000349,
              0,
              null
            ],
            [
              95.317740782000058,
              5.533204054000052,
              0,
              null
            ],
            [
              95.317854872000083,
              5.5331897780000254,
              0,
              null
            ],
            [
              95.31792031100008,
              5.5331895220000042,
              0,
              null
            ],
            [
              95.317941262000033,
              5.5331974490000384,
              0,
              null
            ],
            [
              95.317970784000082,
              5.5332123650000291,
              0,
              null
            ],
            [
              95.318102076000017,
              5.5332139490000714,
              0,
              null
            ],
            [
              95.318221852000065,
              5.5332095030000588,
              0,
              null
            ],
            [
              95.318239561000027,
              5.5331935069999787,
              0,
              null
            ],
            [
              95.318380086000019,
              5.5331916310000011,
              0,
              null
            ],
            [
              95.318456815000062,
              5.5332007910000485,
              0,
              null
            ],
            [
              95.318482477000046,
              5.5332066790000027,
              0,
              null
            ],
            [
              95.318509902000102,
              5.5332262480000232,
              0,
              null
            ],
            [
              95.318551067000044,
              5.5332628730000337,
              0,
              null
            ],
            [
              95.318582702000086,
              5.5332661720000402,
              0,
              null
            ],
            [
              95.318659628000049,
              5.5332684380000501,
              0,
              null
            ],
            [
              95.31872113499999,
              5.5332613530000856,
              0,
              null
            ],
            [
              95.31877409400002,
              5.533254301000035,
              0,
              null
            ],
            [
              95.318833063000014,
              5.533254071000016,
              0,
              null
            ],
            [
              95.318931362000072,
              5.5332579640000716,
              0,
              null
            ],
            [
              95.31899587100007,
              5.5332474900000932,
              0,
              null
            ],
            [
              95.319109319000049,
              5.5332470460000565,
              0,
              null
            ],
            [
              95.319224145000049,
              5.533249333000068,
              0,
              null
            ],
            [
              95.319303756000053,
              5.5332561630000114,
              0,
              null
            ],
            [
              95.319376218000102,
              5.5332727890000548,
              0,
              null
            ],
            [
              95.319446291000034,
              5.5332954630000657,
              0,
              null
            ],
            [
              95.319519960000008,
              5.5333120850000199,
              0,
              null
            ],
            [
              95.319562238000046,
              5.5333239980000286,
              0,
              null
            ],
            [
              95.319587620000007,
              5.5333347690000316,
              0,
              null
            ],
            [
              95.319661298000071,
              5.533353806000008,
              0,
              null
            ],
            [
              95.319802358000103,
              5.533381609000088,
              0,
              null
            ],
            [
              95.319925809000011,
              5.5334017650000682,
              0,
              null
            ],
            [
              95.319936031000054,
              5.5334017250000649,
              0,
              null
            ],
            [
              95.319949639000029,
              5.5333965560000813,
              0,
              null
            ],
            [
              95.31995128300008,
              5.5333812020000543,
              0,
              null
            ],
            [
              95.319957825000088,
              5.5333112580000403,
              0,
              null
            ],
            [
              95.319959362000034,
              5.5332686190000651,
              0,
              null
            ],
            [
              95.319962650000036,
              5.5332379110001,
              0,
              null
            ],
            [
              95.319976218000093,
              5.5332225110000692,
              0,
              null
            ],
            [
              95.319984669000092,
              5.5332054240000765,
              0,
              null
            ],
            [
              95.319989667000058,
              5.5331764139999855,
              0,
              null
            ],
            [
              95.320016904000084,
              5.5331711920000863,
              0,
              null
            ],
            [
              95.32012259800004,
              5.5331895370000943,
              0,
              null
            ],
            [
              95.320199317000089,
              5.533204584000007,
              0,
              null
            ],
            [
              95.320241933000062,
              5.5332112380000247,
              0,
              null
            ],
            [
              95.320323756000079,
              5.5332245610000612,
              0,
              null
            ],
            [
              95.320403863000038,
              5.5332344780000824,
              0,
              null
            ],
            [
              95.320446465000018,
              5.5332377219999955,
              0,
              null
            ],
            [
              95.320441468000041,
              5.5332667320000866,
              0,
              null
            ],
            [
              95.320424665000075,
              5.5333264840000567,
              0,
              null
            ],
            [
              95.320501063999998,
              5.5333402540000414,
              0,
              null
            ],
            [
              95.320596998000042,
              5.533357328000033,
              0,
              null
            ],
            [
              95.320697325000083,
              5.5333831070000343,
              0,
              null
            ],
            [
              95.320797634000115,
              5.5334045250000301,
              0,
              null
            ],
            [
              95.320770203000066,
              5.5334924740001128,
              0,
              null
            ],
            [
              95.320744760000096,
              5.5335655430000301,
              0,
              null
            ],
            [
              95.320850034000017,
              5.533581211000083,
              0,
              null
            ],
            [
              95.320950438000054,
              5.5336054470000455,
              0,
              null
            ],
            [
              95.320995897000088,
              5.5336147430000153,
              0,
              null
            ],
            [
              95.321031903000048,
              5.5336259680000559,
              0,
              null
            ],
            [
              95.321094440000067,
              5.5336465640000725,
              0,
              null
            ],
            [
              95.321136129000053,
              5.5336596620000904,
              0,
              null
            ],
            [
              95.321183496000074,
              5.5336727390000178,
              0,
              null
            ],
            [
              95.321227086000121,
              5.5336877250000143,
              0,
              null
            ],
            [
              95.321244112000016,
              5.5336857640000296,
              0,
              null
            ],
            [
              95.321259134000016,
              5.5336553910000035,
              0,
              null
            ],
            [
              95.321275983000078,
              5.5336079609999871,
              0,
              null
            ],
            [
              95.321347990999996,
              5.5336304140000685,
              0,
              null
            ],
            [
              95.32141809200003,
              5.5336490860000147,
              0,
              null
            ],
            [
              95.321467344000013,
              5.533660259000051,
              0,
              null
            ],
            [
              95.321491961000007,
              5.5336640720000112,
              0,
              null
            ],
            [
              95.321540092000092,
              5.5336784640000474,
              0,
              null
            ],
            [
              95.321692206000066,
              5.5337105450000372,
              0,
              null
            ],
            [
              95.32178995200006,
              5.5337407410000488,
              0,
              null
            ],
            [
              95.32191720900002,
              5.5337787849999991,
              0,
              null
            ],
            [
              95.322040692000115,
              5.5338135000000293,
              0,
              null
            ],
            [
              95.322154957000066,
              5.533844263999999,
              0,
              null
            ],
            [
              95.322193867000095,
              5.53385144300006,
              0,
              null
            ],
            [
              95.322307052000042,
              5.5338713100000163,
              0,
              null
            ],
            [
              95.322487142000014,
              5.5338963750000474,
              0,
              null
            ],
            [
              95.322550747000037,
              5.5339093230000529,
              0,
              null
            ],
            [
              95.322575500000042,
              5.5339297530000557,
              0,
              null
            ],
            [
              95.322583710000103,
              5.5339439669999884,
              0,
              null
            ],
            [
              95.322592282000102,
              5.5340137790000803,
              0,
              null
            ],
            [
              95.32269920700007,
              5.5340383260000685,
              0,
              null
            ],
            [
              95.322810286000021,
              5.5340708200000925,
              0,
              null
            ],
            [
              95.322897171000108,
              5.5340918660000575,
              0,
              null
            ],
            [
              95.322975277000083,
              5.5340943800000879,
              0,
              null
            ],
            [
              95.323055631000074,
              5.5340994070000598,
              0,
              null
            ],
            [
              95.323151433000092,
              5.5341032530001115,
              0,
              null
            ],
            [
              95.323159184000119,
              5.5340736730000621,
              0,
              null
            ],
            [
              95.323182942000031,
              5.5340426210000686,
              0,
              null
            ],
            [
              95.323230524000067,
              5.5339999330000893,
              0,
              null
            ],
            [
              95.323299935000122,
              5.5339354830000858,
              0,
              null
            ],
            [
              95.323364840000082,
              5.5338679590000943,
              0,
              null
            ],
            [
              95.323409577000049,
              5.5338126180000451,
              0,
              null
            ],
            [
              95.323449761000091,
              5.5337466020000896,
              0,
              null
            ],
            [
              95.323481466000047,
              5.5336645740000527,
              0,
              null
            ],
            [
              95.323508741000083,
              5.5335985990001006,
              0,
              null
            ],
            [
              95.323561593000107,
              5.5333943340000751,
              0,
              null
            ],
            [
              95.32378156,
              5.5325319070000383,
              0,
              null
            ],
            [
              95.325755307000065,
              5.5332285240000338,
              0,
              null
            ],
            [
              95.325726728000106,
              5.5333170270000736,
              0,
              null
            ],
            [
              95.325688007000096,
              5.53343648600001,
              0,
              null
            ],
            [
              95.325654845000017,
              5.5335380620000656,
              0,
              null
            ],
            [
              95.325591669000033,
              5.5337294510000916,
              0,
              null
            ],
            [
              95.325544007000076,
              5.5338834200000413,
              0,
              null
            ],
            [
              95.325514515000037,
              5.5339935420000934,
              0,
              null
            ],
            [
              95.325485226000097,
              5.5341121960000521,
              0,
              null
            ],
            [
              95.325461347000086,
              5.5342160220000274,
              0,
              null
            ],
            [
              95.325436577000076,
              5.5343389880000764,
              0,
              null
            ],
            [
              95.3254197360001,
              5.534440816000064,
              0,
              null
            ],
            [
              95.325406698000094,
              5.5345417260000644,
              0,
              null
            ],
            [
              95.325395455000049,
              5.534658944000082,
              0,
              null
            ],
            [
              95.325385943000057,
              5.534810286999992,
              0,
              null
            ],
            [
              95.325380252000031,
              5.5349860290000557,
              0,
              null
            ],
            [
              95.32538053500005,
              5.5351138680000638,
              0,
              null
            ],
            [
              95.325383865000063,
              5.5352640760000575,
              0,
              null
            ],
            [
              95.32538982200002,
              5.5354310050000137,
              0,
              null
            ],
            [
              95.325396575000056,
              5.535579951999992,
              0,
              null
            ],
            [
              95.325406698000094,
              5.5357647710000961,
              0,
              null
            ],
            [
              95.325420964000031,
              5.5359826120000903,
              0,
              null
            ],
            [
              95.325440175000011,
              5.5362306150000045,
              0,
              null
            ],
            [
              95.325450965000115,
              5.5363555200000363,
              0,
              null
            ],
            [
              95.325463505000087,
              5.536494149000049,
              0,
              null
            ],
            [
              95.325477362000072,
              5.5366418930000165,
              0,
              null
            ],
            [
              95.325492049000047,
              5.536794126000089,
              0,
              null
            ],
            [
              95.325507141000045,
              5.5369462490000636,
              0,
              null
            ],
            [
              95.325522151000044,
              5.5370936450000023,
              0,
              null
            ],
            [
              95.325536647000007,
              5.5372316970000561,
              0,
              null
            ],
            [
              95.325550159000059,
              5.5373557870000205,
              0,
              null
            ],
            [
              95.325562236000081,
              5.5374613070000471,
              0,
              null
            ],
            [
              95.325605688000039,
              5.5377739800000718,
              0,
              null
            ],
            [
              95.325633624000034,
              5.5379187220000574,
              0,
              null
            ],
            [
              95.325671687000082,
              5.5380460600000241,
              0,
              null
            ],
            [
              95.325789265000125,
              5.538164598000062,
              0,
              null
            ],
            [
              95.32587105900005,
              5.5382288430000486,
              0,
              null
            ],
            [
              95.325984663000042,
              5.5383161400000773,
              0,
              null
            ],
            [
              95.326122781000009,
              5.5384228370000237,
              0,
              null
            ],
            [
              95.326221677000021,
              5.5385002480000338,
              0,
              null
            ],
            [
              95.326333480000031,
              5.5385884280000468,
              0,
              null
            ],
            [
              95.326447149000018,
              5.5386786350000499,
              0,
              null
            ],
            [
              95.326551618000053,
              5.5387621430000316,
              0,
              null
            ],
            [
              95.326635854000088,
              5.5388302290000695,
              0,
              null
            ],
            [
              95.326826107000031,
              5.5390039720000566,
              0,
              null
            ],
            [
              95.326886427000048,
              5.5391155400000507,
              0,
              null
            ],
            [
              95.326904131000092,
              5.539298584000008,
              0,
              null
            ],
            [
              95.326903745000052,
              5.5394073990000408,
              0,
              null
            ],
            [
              95.326901890000073,
              5.5395420520000798,
              0,
              null
            ],
            [
              95.3268989150001,
              5.5396762130000781,
              0,
              null
            ],
            [
              95.326895212000053,
              5.5397835310000758,
              0,
              null
            ],
            [
              95.326873049000085,
              5.5399429770000346,
              0,
              null
            ],
            [
              95.326834327000086,
              5.5399884790000691,
              0,
              null
            ],
            [
              95.32674532500009,
              5.5400303810000722,
              0,
              null
            ],
            [
              95.326643694000026,
              5.5400794020000426,
              0,
              null
            ],
            [
              95.326576051000117,
              5.5401345080000723,
              0,
              null
            ],
            [
              95.32652876100012,
              5.5402127830000651,
              0,
              null
            ],
            [
              95.326505925000092,
              5.5402879060000636,
              0,
              null
            ],
            [
              95.326482230000082,
              5.5403925720000196,
              0,
              null
            ],
            [
              95.326458123000037,
              5.5405279920000332,
              0,
              null
            ],
            [
              95.326438605000121,
              5.5406536300000369,
              0,
              null
            ],
            [
              95.326432604000061,
              5.5407798940000035,
              0,
              null
            ],
            [
              95.326516841000014,
              5.5409539630000175,
              0,
              null
            ],
            [
              95.326577205000035,
              5.541055922000016,
              0,
              null
            ],
            [
              95.326654850000068,
              5.5411846590000984,
              0,
              null
            ],
            [
              95.326737219000037,
              5.5413194070000564,
              0,
              null
            ],
            [
              95.326811745000086,
              5.5414394240000391,
              0,
              null
            ],
            [
              95.326896027000032,
              5.5415719579999916,
              0,
              null
            ],
            [
              95.326967976000034,
              5.5416859840000114,
              0,
              null
            ],
            [
              95.327022027000069,
              5.541779090999988,
              0,
              null
            ],
            [
              95.327076528000049,
              5.5419020160000336,
              0,
              null
            ],
            [
              95.32710997100007,
              5.5420082120000274,
              0,
              null
            ],
            [
              95.327138631000125,
              5.5423074100000029,
              0,
              null
            ],
            [
              95.327142864000038,
              5.5424525700000231,
              0,
              null
            ],
            [
              95.327143588000098,
              5.542541196000073,
              0,
              null
            ],
            [
              95.327145781000098,
              5.5426840690000816,
              0,
              null
            ],
            [
              95.327147681000071,
              5.5428305490000334,
              0,
              null
            ],
            [
              95.327149230000032,
              5.5429703500000542,
              0,
              null
            ],
            [
              95.327150360000118,
              5.5430931870000926,
              0,
              null
            ],
            [
              95.327151557000036,
              5.543297231000011,
              0,
              null
            ],
            [
              95.327151915000073,
              5.5434645250000862,
              0,
              null
            ],
            [
              95.327151950000072,
              5.5435933590000879,
              0,
              null
            ],
            [
              95.327152724000044,
              5.5437471740000248,
              0,
              null
            ],
            [
              95.327156584000107,
              5.5438596690000068,
              0,
              null
            ],
            [
              95.327184861000049,
              5.5439688310000683,
              0,
              null
            ],
            [
              95.327475940000056,
              5.5442510710000619,
              0,
              null
            ],
            [
              95.32754583600007,
              5.5443151180000321,
              0,
              null
            ],
            [
              95.327628035000032,
              5.5443902980000352,
              0,
              null
            ],
            [
              95.327720166000105,
              5.5444744780000725,
              0,
              null
            ],
            [
              95.327763259000022,
              5.5445138410000432,
              0,
              null
            ],
            [
              95.327515694000056,
              5.5446244350000455,
              0,
              null
            ],
            [
              95.326891329000006,
              5.5445660800000134,
              0,
              null
            ],
            [
              95.326783120000115,
              5.5445023150000665,
              0,
              null
            ],
            [
              95.32664147600012,
              5.5445163889999876,
              0,
              null
            ],
            [
              95.326533427000058,
              5.5444931630000198,
              0,
              null
            ],
            [
              95.326472637000094,
              5.545338009000023,
              0,
              null
            ],
            [
              95.327555528000076,
              5.5453202360000624,
              0,
              null
            ],
            [
              95.328214521000064,
              5.5456048070000712,
              0,
              null
            ],
            [
              95.328276730000056,
              5.546135462000013,
              0,
              null
            ],
            [
              95.328284146000044,
              5.5466763200000884,
              0,
              null
            ],
            [
              95.329132823000108,
              5.5466559370000006,
              0,
              null
            ],
            [
              95.329136624000057,
              5.5468082080000762,
              0,
              null
            ],
            [
              95.329140231000096,
              5.5469548430000408,
              0,
              null
            ],
            [
              95.329143767000033,
              5.5470973940000228,
              0,
              null
            ],
            [
              95.32914718800005,
              5.5472311950000801,
              0,
              null
            ],
            [
              95.32915044800005,
              5.5473515470000905,
              0,
              null
            ],
            [
              95.329157902000048,
              5.5475889470001043,
              0,
              null
            ],
            [
              95.329165721000066,
              5.5477952780000344,
              0,
              null
            ],
            [
              95.329173481000097,
              5.5479681470000379,
              0,
              null
            ],
            [
              95.329180749000074,
              5.5481051960000087,
              0,
              null
            ],
            [
              95.329194955000091,
              5.5483204150000525,
              0,
              null
            ],
            [
              95.329205271000063,
              5.548475530000097,
              0,
              null
            ],
            [
              95.329202902000034,
              5.5486580570001003,
              0,
              null
            ],
            [
              95.329166372000032,
              5.5488160860000306,
              0,
              null
            ],
            [
              95.329113651000029,
              5.5489402019999972,
              0,
              null
            ],
            [
              95.328988039000109,
              5.5491937190001011,
              0,
              null
            ],
            [
              95.32893806400007,
              5.5492910220000695,
              0,
              null
            ],
            [
              95.328878577000026,
              5.5494060979999986,
              0,
              null
            ],
            [
              95.328812857000102,
              5.5495327690000877,
              0,
              null
            ],
            [
              95.328744181000005,
              5.5496648200000003,
              0,
              null
            ],
            [
              95.328675818000036,
              5.5497960570000231,
              0,
              null
            ],
            [
              95.328611045000102,
              5.5499202919999995,
              0,
              null
            ],
            [
              95.328553139000107,
              5.5500313210000378,
              0,
              null
            ],
            [
              95.32850537800006,
              5.5501229580000704,
              0,
              null
            ],
            [
              95.328354347000086,
              5.5504185260000121,
              0,
              null
            ],
            [
              95.328309034000071,
              5.5505316110000429,
              0,
              null
            ],
            [
              95.328285662000084,
              5.5506519050000485,
              0,
              null
            ],
            [
              95.32827084900002,
              5.5507437830000121,
              0,
              null
            ],
            [
              95.328254022000039,
              5.5508489370000973,
              0,
              null
            ],
            [
              95.328235610000036,
              5.550954867000069,
              0,
              null
            ],
            [
              95.32820693400005,
              5.5510500440000392,
              0,
              null
            ],
            [
              95.328093663000104,
              5.5511837440000882,
              0,
              null
            ],
            [
              95.328025406000052,
              5.5512388900000325,
              0,
              null
            ],
            [
              95.327964442000066,
              5.5512878509999979,
              0,
              null
            ],
            [
              95.327892546000072,
              5.55136267000006,
              0,
              null
            ],
            [
              95.327848232000036,
              5.5514359980000876,
              0,
              null
            ],
            [
              95.327833056000031,
              5.5515343490000539,
              0,
              null
            ],
            [
              95.327831074000045,
              5.5516337870001102,
              0,
              null
            ],
            [
              95.327833689000087,
              5.551778492000004,
              0,
              null
            ],
            [
              95.327839629000039,
              5.5519056850000474,
              0,
              null
            ],
            [
              95.327847433000059,
              5.5520553320000836,
              0,
              null
            ],
            [
              95.327854090000088,
              5.5522020470000548,
              0,
              null
            ],
            [
              95.32785793900004,
              5.5523438909999783,
              0,
              null
            ],
            [
              95.327859192000062,
              5.5524815420000877,
              0,
              null
            ],
            [
              95.327857701000113,
              5.5525935340000281,
              0,
              null
            ],
            [
              95.327838971000077,
              5.5528067039999911,
              0,
              null
            ]
          ]
        ]
      },
      "properties" : {
        "FID" : 0,
        "KDPPUM" : " ",
        "NAMOBJ" : "Baiturrahman",
        "REMARK" : "Wilayah Administrasi Kecamatan",
        "KDPBPS" : " ",
        "FCODE" : " ",
        "LUASWH" : 0,
        "UUPP" : " ",
        "SRS_ID" : " ",
        "LCODE" : "BA0080",
        "METADATA" : " ",
        "KDEBPS" : " ",
        "KDEPUM" : " ",
        "KDCBPS" : " ",
        "KDCPUM" : " ",
        "KDBBPS" : " ",
        "KDBPUM" : " ",
        "WADMKD" : " ",
        "WIADKD" : " ",
        "WADMKC" : " ",
        "WIADKC" : " ",
        "WADMKK" : "BANDA ACEH",
        "WIADKK" : " ",
        "WADMPR" : "ACEH",
        "WIADPR" : " ",
        "TIPADM" : 0,
        "Shape_Leng" : 0.096474787014599994,
        "Shape_Area" : 0.00033324954181
      }
    }
  ]
}