{
  "hasZ" : true,
  "hasM" : true,
  "type" : "FeatureCollection",
  "features" : [
    {
      "type" : "Feature",
      "id" : 0,
      "geometry" : {
        "type" : "Polygon",
        "coordinates" : [
          [
            [
              95.330653591000043,
              5.5535790020000491,
              0,
              null
            ],
            [
              95.330668167000056,
              5.5537735390000762,
              0,
              null
            ],
            [
              95.330679261000057,
              5.5539357650000625,
              0,
              null
            ],
            [
              95.330689481000036,
              5.5541080100000499,
              0,
              null
            ],
            [
              95.330690492000031,
              5.5541419040000619,
              0,
              null
            ],
            [
              95.330696759000034,
              5.5542673420000597,
              0,
              null
            ],
            [
              95.330699894000077,
              5.5544870250000713,
              0,
              null
            ],
            [
              95.330689071000052,
              5.5546180070000446,
              0,
              null
            ],
            [
              95.330676783000058,
              5.5547830000000431,
              0,
              null
            ],
            [
              95.330671812000048,
              5.5548120090000452,
              0,
              null
            ],
            [
              95.330664247000072,
              5.5548776890000227,
              0,
              null
            ],
            [
              95.33065797200004,
              5.5549082110000541,
              0,
              null
            ],
            [
              95.330623632000083,
              5.5551247460000468,
              0,
              null
            ],
            [
              95.330590630000074,
              5.5553819710000312,
              0,
              null
            ],
            [
              95.33051798200006,
              5.5559066750000738,
              0,
              null
            ],
            [
              95.330422335000037,
              5.556520894000073,
              0,
              null
            ],
            [
              95.330390744000056,
              5.5567719490000513,
              0,
              null
            ],
            [
              95.330385290000038,
              5.5568006950000495,
              0,
              null
            ],
            [
              95.330370212000048,
              5.5569109850000586,
              0,
              null
            ],
            [
              95.330358152000031,
              5.5569991970000387,
              0,
              null
            ],
            [
              95.330350360000068,
              5.5570243810000761,
              0,
              null
            ],
            [
              95.330323422000049,
              5.5572134120000669,
              0,
              null
            ],
            [
              95.330289996000033,
              5.5574538990000519,
              0,
              null
            ],
            [
              95.330258740000033,
              5.5577001170000244,
              0,
              null
            ],
            [
              95.330218594000087,
              5.5579882310000244,
              0,
              null
            ],
            [
              95.330157863000068,
              5.5584566410000207,
              0,
              null
            ],
            [
              95.330135369000061,
              5.5586168140000609,
              0,
              null
            ],
            [
              95.330094931000076,
              5.5587485560000687,
              0,
              null
            ],
            [
              95.330052069000033,
              5.5587300830000572,
              0,
              null
            ],
            [
              95.330022418000055,
              5.5587101250000615,
              0,
              null
            ],
            [
              95.329723109000042,
              5.5586004610000259,
              0,
              null
            ],
            [
              95.329188779000049,
              5.5584048680000251,
              0,
              null
            ],
            [
              95.329118076000043,
              5.5583801780000499,
              0,
              null
            ],
            [
              95.329004959000031,
              5.5583420390000242,
              0,
              null
            ],
            [
              95.328918221000038,
              5.5583187040000439,
              0,
              null
            ],
            [
              95.328767720000087,
              5.5582873700000732,
              0,
              null
            ],
            [
              95.328717202000064,
              5.5582789600000524,
              0,
              null
            ],
            [
              95.328651281000077,
              5.5582684580000432,
              0,
              null
            ],
            [
              95.328578209000057,
              5.55826049500007,
              0,
              null
            ],
            [
              95.32850477900007,
              5.5582525340000757,
              0,
              null
            ],
            [
              95.328394464000041,
              5.5582429250000587,
              0,
              null
            ],
            [
              95.328303857000037,
              5.558237542000029,
              0,
              null
            ],
            [
              95.328157374000057,
              5.5582266410000329,
              0,
              null
            ],
            [
              95.327961470000048,
              5.5582127050000736,
              0,
              null
            ],
            [
              95.327774515000044,
              5.5581983760000639,
              0,
              null
            ],
            [
              95.327606530000082,
              5.5581825360000607,
              0,
              null
            ],
            [
              95.327515660000074,
              5.5581706970000369,
              0,
              null
            ],
            [
              95.327345997000066,
              5.5581225780000523,
              0,
              null
            ],
            [
              95.327269505000061,
              5.5580946590000622,
              0,
              null
            ],
            [
              95.327161458000035,
              5.5580549060000521,
              0,
              null
            ],
            [
              95.326784714000041,
              5.5579126570000312,
              0,
              null
            ],
            [
              95.326169190000087,
              5.5576677930000642,
              0,
              null
            ],
            [
              95.325986999000065,
              5.5575954160000265,
              0,
              null
            ],
            [
              95.325904089000062,
              5.5575645860000691,
              0,
              null
            ],
            [
              95.325829357000032,
              5.5575319420000255,
              0,
              null
            ],
            [
              95.324794439000073,
              5.5571195880000346,
              0,
              null
            ],
            [
              95.324336852000044,
              5.5569355630000246,
              0,
              null
            ],
            [
              95.32394669100006,
              5.5567799710000259,
              0,
              null
            ],
            [
              95.323442227000044,
              5.5565785590000587,
              0,
              null
            ],
            [
              95.323071191000054,
              5.5564266500000485,
              0,
              null
            ],
            [
              95.322775699000033,
              5.5563083520000305,
              0,
              null
            ],
            [
              95.322612890000073,
              5.5562426260000279,
              0,
              null
            ],
            [
              95.32245796400008,
              5.5561786620000362,
              0,
              null
            ],
            [
              95.322330654000041,
              5.5561264280000273,
              0,
              null
            ],
            [
              95.322210167000037,
              5.5560795480000706,
              0,
              null
            ],
            [
              95.322164646000033,
              5.5560668130000295,
              0,
              null
            ],
            [
              95.32209976300004,
              5.5560473370000523,
              0,
              null
            ],
            [
              95.322021449000033,
              5.5560301850000542,
              0,
              null
            ],
            [
              95.321949781000058,
              5.5560265120000736,
              0,
              null
            ],
            [
              95.321902245000047,
              5.5560235030000626,
              0,
              null
            ],
            [
              95.32179711100008,
              5.5560205460000702,
              0,
              null
            ],
            [
              95.32175161300006,
              5.5559133570000654,
              0,
              null
            ],
            [
              95.321708580000063,
              5.5558256020000272,
              0,
              null
            ],
            [
              95.321584056000063,
              5.5556206470000689,
              0,
              null
            ],
            [
              95.321421899000086,
              5.5553558160000307,
              0,
              null
            ],
            [
              95.320994336000069,
              5.55466162700003,
              0,
              null
            ],
            [
              95.320941958000049,
              5.5545824620000417,
              0,
              null
            ],
            [
              95.320910129000083,
              5.5545359440000652,
              0,
              null
            ],
            [
              95.320832476000078,
              5.554415390000031,
              0,
              null
            ],
            [
              95.320610758000043,
              5.5540734340000313,
              0,
              null
            ],
            [
              95.320614112000044,
              5.5540706500000283,
              0,
              null
            ],
            [
              95.320654046000072,
              5.5540375120000363,
              0,
              null
            ],
            [
              95.320688091000079,
              5.5540092600000435,
              0,
              null
            ],
            [
              95.320758526000077,
              5.5539508100000603,
              0,
              null
            ],
            [
              95.320791296000039,
              5.55392361600002,
              0,
              null
            ],
            [
              95.320919789000072,
              5.5538366830000427,
              0,
              null
            ],
            [
              95.320992526000055,
              5.553787471000021,
              0,
              null
            ],
            [
              95.321218247000047,
              5.5536569510000504,
              0,
              null
            ],
            [
              95.321290185000066,
              5.5536153530000547,
              0,
              null
            ],
            [
              95.321554014000071,
              5.5534705020000388,
              0,
              null
            ],
            [
              95.321584538000081,
              5.5534537430000341,
              0,
              null
            ],
            [
              95.321802282000078,
              5.5533386140000403,
              0,
              null
            ],
            [
              95.321868019000078,
              5.5533060600000681,
              0,
              null
            ],
            [
              95.322115955000072,
              5.553183276000027,
              0,
              null
            ],
            [
              95.32212422200007,
              5.5531791820000649,
              0,
              null
            ],
            [
              95.322319931000038,
              5.5530999890000317,
              0,
              null
            ],
            [
              95.322383114000047,
              5.5530729690000271,
              0,
              null
            ],
            [
              95.322542651000049,
              5.5530047450000666,
              0,
              null
            ],
            [
              95.322715183000071,
              5.5529067870000404,
              0,
              null
            ],
            [
              95.32288301400007,
              5.5528078530000471,
              0,
              null
            ],
            [
              95.322920786000054,
              5.5527855860000273,
              0,
              null
            ],
            [
              95.323117909000075,
              5.5526749860000564,
              0,
              null
            ],
            [
              95.323183177000033,
              5.5526383650000639,
              0,
              null
            ],
            [
              95.323422973000049,
              5.5525243240000464,
              0,
              null
            ],
            [
              95.323635213000045,
              5.5524208050000539,
              0,
              null
            ],
            [
              95.323779115000036,
              5.5523712860000387,
              0,
              null
            ],
            [
              95.323817148000046,
              5.5523581980000358,
              0,
              null
            ],
            [
              95.323981469000046,
              5.552329314000076,
              0,
              null
            ],
            [
              95.324078643000064,
              5.5523243730000331,
              0,
              null
            ],
            [
              95.324368603000039,
              5.552309631000071,
              0,
              null
            ],
            [
              95.324471487000039,
              5.5522983800000247,
              0,
              null
            ],
            [
              95.324548647000086,
              5.5522899420000726,
              0,
              null
            ],
            [
              95.324730354000053,
              5.5522700710000663,
              0,
              null
            ],
            [
              95.32510590000004,
              5.5522399030000429,
              0,
              null
            ],
            [
              95.325112897000054,
              5.5522393010000428,
              0,
              null
            ],
            [
              95.325310517000048,
              5.5522222880000527,
              0,
              null
            ],
            [
              95.325562296000044,
              5.5522006120000356,
              0,
              null
            ],
            [
              95.325813807000031,
              5.5521826470000519,
              0,
              null
            ],
            [
              95.326067912000042,
              5.5521895670000276,
              0,
              null
            ],
            [
              95.32631198200005,
              5.5522062860000574,
              0,
              null
            ],
            [
              95.326413801000058,
              5.5522451120000369,
              0,
              null
            ],
            [
              95.326621186000068,
              5.5523241950000397,
              0,
              null
            ],
            [
              95.326724377000062,
              5.5523569830000383,
              0,
              null
            ],
            [
              95.327300475000072,
              5.5525400300000456,
              0,
              null
            ],
            [
              95.327553868000052,
              5.5526269350000348,
              0,
              null
            ],
            [
              95.327705363000064,
              5.5526788930000635,
              0,
              null
            ],
            [
              95.327770426000086,
              5.5527125680000609,
              0,
              null
            ],
            [
              95.327922624000053,
              5.5527913410000451,
              0,
              null
            ],
            [
              95.328058251000073,
              5.5528615380000588,
              0,
              null
            ],
            [
              95.328308808000031,
              5.5529932370000665,
              0,
              null
            ],
            [
              95.328343066000059,
              5.5530112430000713,
              0,
              null
            ],
            [
              95.328498988000035,
              5.5530931990000454,
              0,
              null
            ],
            [
              95.328742509000051,
              5.5532211990000633,
              0,
              null
            ],
            [
              95.328867916000036,
              5.5532716350000442,
              0,
              null
            ],
            [
              95.329051793000076,
              5.5533455860000345,
              0,
              null
            ],
            [
              95.329350789000046,
              5.5534320050000474,
              0,
              null
            ],
            [
              95.329358571000057,
              5.5534335660000238,
              0,
              null
            ],
            [
              95.329674497000042,
              5.5534969240000578,
              0,
              null
            ],
            [
              95.329719616000034,
              5.553505972000039,
              0,
              null
            ],
            [
              95.330010001000062,
              5.5535469120000585,
              0,
              null
            ],
            [
              95.330139726000084,
              5.5535652020000725,
              0,
              null
            ],
            [
              95.33046267800006,
              5.5535839760000272,
              0,
              null
            ],
            [
              95.330576291000057,
              5.5535810160000665,
              0,
              null
            ],
            [
              95.330590961000041,
              5.5535806330000241,
              0,
              null
            ],
            [
              95.330604692000065,
              5.5535802760000479,
              0,
              null
            ],
            [
              95.330634548000035,
              5.5535794980000333,
              0,
              null
            ],
            [
              95.330653591000043,
              5.5535790020000491,
              0,
              null
            ]
          ]
        ]
      },
      "properties" : {
        "FID" : 0,
        "OBJECTID" : 9781,
        "KDPPUM" : "11",
        "NAMOBJ" : "Kuta Alam",
        "REMARK" : " ",
        "KDPBPS" : " ",
        "FCODE" : "BA03070040",
        "LUASWH" : 0,
        "UUPP" : "RBI",
        "SRS_ID" : "SRGI 2013",
        "METADATA" : "TASWIL1000020200326DATA_BATAS_DESA_KELURAHAN",
        "KDEBPS" : " ",
        "KDEPUM" : "11.71.02.2007",
        "KDCBPS" : " ",
        "KDCPUM" : "11.71.02",
        "KDBBPS" : " ",
        "WADMKD" : "Kuta Alam",
        "WIADKD" : "0",
        "WADMKC" : "Kuta Alam",
        "WIADKC" : " ",
        "WADMKK" : "Kota Banda Aceh",
        "WIADKK" : " ",
        "WADMPR" : "Aceh",
        "WIADPR" : " ",
        "TIPADM" : 9,
        "KDPKAB" : "11.71",
        "SHAPE_Leng" : 0.027042283923386999,
        "SHAPE_Area" : 4.2980056403999999e-05
      }
    }
  ]
}