{
  "hasZ" : true,
  "hasM" : true,
  "type" : "FeatureCollection",
  "features" : [
    {
      "type" : "Feature",
      "id" : 0,
      "geometry" : {
        "type" : "Polygon",
        "coordinates" : [
          [
            [
              95.28319560500006,
              5.5531734280000364,
              0,
              null
            ],
            [
              95.283090283000035,
              5.5530871840000486,
              0,
              null
            ],
            [
              95.283085861000075,
              5.553086975000042,
              0,
              null
            ],
            [
              95.283082813000078,
              5.5530871760000764,
              0,
              null
            ],
            [
              95.283079000000043,
              5.553088095000021,
              0,
              null
            ],
            [
              95.283072743000048,
              5.5530916090000346,
              0,
              null
            ],
            [
              95.283068724000032,
              5.5530949690000284,
              0,
              null
            ],
            [
              95.283062817000086,
              5.553100415000074,
              0,
              null
            ],
            [
              95.283057382000038,
              5.5531063210000298,
              0,
              null
            ],
            [
              95.283052798000085,
              5.5531107500000303,
              0,
              null
            ],
            [
              95.283049293000033,
              5.5531143700000598,
              0,
              null
            ],
            [
              95.283046589000037,
              5.5531173180000337,
              0,
              null
            ],
            [
              95.283040396000047,
              5.5531278550000707,
              0,
              null
            ],
            [
              95.283037827000044,
              5.5531333070000528,
              0,
              null
            ],
            [
              95.283035011000038,
              5.5531375750000507,
              0,
              null
            ],
            [
              95.283030372000042,
              5.553144282000062,
              0,
              null
            ],
            [
              95.283025740000085,
              5.5531501660000231,
              0,
              null
            ],
            [
              95.283018603000073,
              5.55315712700002,
              0,
              null
            ],
            [
              95.283009590000063,
              5.5531640770000763,
              0,
              null
            ],
            [
              95.283002770000053,
              5.5531687770000531,
              0,
              null
            ],
            [
              95.282995946000085,
              5.5531725370000231,
              0,
              null
            ],
            [
              95.282986871000048,
              5.5531773630000316,
              0,
              null
            ],
            [
              95.282980674000044,
              5.5531800530000623,
              0,
              null
            ],
            [
              95.282971343000042,
              5.5531863170000406,
              0,
              null
            ],
            [
              95.282961952000051,
              5.5531936480000468,
              0,
              null
            ],
            [
              95.282949811000037,
              5.5532058710000456,
              0,
              null
            ],
            [
              95.282939412000076,
              5.5532138300000611,
              0,
              null
            ],
            [
              95.282926402000044,
              5.5532182100000682,
              0,
              null
            ],
            [
              95.28291338400004,
              5.5532207100000619,
              0,
              null
            ],
            [
              95.282897987000069,
              5.5532263470000203,
              0,
              null
            ],
            [
              95.282888097000068,
              5.5532304170000657,
              0,
              null
            ],
            [
              95.282878015000051,
              5.5532339270000648,
              0,
              null
            ],
            [
              95.282868567000037,
              5.5532355540000253,
              0,
              null
            ],
            [
              95.282860180000057,
              5.5532365450000611,
              0,
              null
            ],
            [
              95.282853615000079,
              5.5532372390000546,
              0,
              null
            ],
            [
              95.28284635600005,
              5.5532358480000426,
              0,
              null
            ],
            [
              95.282835715000033,
              5.553232337000054,
              0,
              null
            ],
            [
              95.282826452000052,
              5.5532305100000485,
              0,
              null
            ],
            [
              95.282817385000044,
              5.5532305730000644,
              0,
              null
            ],
            [
              95.282805496000037,
              5.5532308810000472,
              0,
              null
            ],
            [
              95.282792667000081,
              5.5532308760000433,
              0,
              null
            ],
            [
              95.282783148000078,
              5.5532307410000499,
              0,
              null
            ],
            [
              95.282773519000045,
              5.553230046000067,
              0,
              null
            ],
            [
              95.282763754000086,
              5.5532290350000721,
              0,
              null
            ],
            [
              95.282757248000053,
              5.5532285990000219,
              0,
              null
            ],
            [
              95.282748172000083,
              5.553228779000051,
              0,
              null
            ],
            [
              95.282738661000053,
              5.5532304700000736,
              0,
              null
            ],
            [
              95.28272852200007,
              5.5532333480000489,
              0,
              null
            ],
            [
              95.282718698000053,
              5.5532358530000465,
              0,
              null
            ],
            [
              95.282710687000076,
              5.5532382250000296,
              0,
              null
            ],
            [
              95.282704171000034,
              5.5532399230000351,
              0,
              null
            ],
            [
              95.282692406000081,
              5.5532398510000576,
              0,
              null
            ],
            [
              95.282679582000071,
              5.5532363930000201,
              0,
              null
            ],
            [
              95.282666256000084,
              5.5532291140000325,
              0,
              null
            ],
            [
              95.282655566000074,
              5.5532176390000245,
              0,
              null
            ],
            [
              95.282646120000038,
              5.5532057800000416,
              0,
              null
            ],
            [
              95.282640681000032,
              5.5531991300000527,
              0,
              null
            ],
            [
              95.282637302000069,
              5.5531954910000536,
              0,
              null
            ],
            [
              95.282615916000054,
              5.5531850100000497,
              0,
              null
            ],
            [
              95.282607099000074,
              5.5531795390000411,
              0,
              null
            ],
            [
              95.282593146000067,
              5.5531734280000364,
              0,
              null
            ],
            [
              95.282577484000058,
              5.5531664740000224,
              0,
              null
            ],
            [
              95.282566661000033,
              5.5531625750000444,
              0,
              null
            ],
            [
              95.282556626000087,
              5.5531618720000324,
              0,
              null
            ],
            [
              95.282550169000046,
              5.5531624760000682,
              0,
              null
            ],
            [
              95.282541568000056,
              5.5531639280000604,
              0,
              null
            ],
            [
              95.282528411000044,
              5.5531653890000712,
              0,
              null
            ],
            [
              95.282516873000077,
              5.55316560600005,
              0,
              null
            ],
            [
              95.282498229000055,
              5.5531642770000644,
              0,
              null
            ],
            [
              95.282482778000087,
              5.5531628630000682,
              0,
              null
            ],
            [
              95.282468763000054,
              5.553161651000039,
              0,
              null
            ],
            [
              95.282450052000058,
              5.5531593370000678,
              0,
              null
            ],
            [
              95.282434925000075,
              5.5531553190000409,
              0,
              null
            ],
            [
              95.282416982000086,
              5.5531488170000216,
              0,
              null
            ],
            [
              95.282408308000072,
              5.5531429570000341,
              0,
              null
            ],
            [
              95.282396161000065,
              5.5531303760000696,
              0,
              null
            ],
            [
              95.282384797000077,
              5.5531171410000297,
              0,
              null
            ],
            [
              95.28237017400005,
              5.5531058080000548,
              0,
              null
            ],
            [
              95.282357193000053,
              5.5530989790000262,
              0,
              null
            ],
            [
              95.282342715000084,
              5.5530948220000482,
              0,
              null
            ],
            [
              95.282330649000073,
              5.5530937390000759,
              0,
              null
            ],
            [
              95.282321395000054,
              5.5530944080000495,
              0,
              null
            ],
            [
              95.282308955000076,
              5.5530971130000353,
              0,
              null
            ],
            [
              95.282299573000046,
              5.553099608000025,
              0,
              null
            ],
            [
              95.28228419800007,
              5.5531038890000559,
              0,
              null
            ],
            [
              95.282271750000064,
              5.553104362000056,
              0,
              null
            ],
            [
              95.282258325000043,
              5.5531041340000229,
              0,
              null
            ],
            [
              95.282247504000054,
              5.5531031720000215,
              0,
              null
            ],
            [
              95.282237849000069,
              5.5531003800000462,
              0,
              null
            ],
            [
              95.282231064000086,
              5.5530979110000658,
              0,
              null
            ],
            [
              95.282222202000071,
              5.5530948000000535,
              0,
              null
            ],
            [
              95.28221196700008,
              5.5530937100000415,
              0,
              null
            ],
            [
              95.282198081000047,
              5.5530934020000586,
              0,
              null
            ],
            [
              95.282186931000069,
              5.553091203000065,
              0,
              null
            ],
            [
              95.282173036000074,
              5.5530837270000575,
              0,
              null
            ],
            [
              95.282162587000073,
              5.5530763640000487,
              0,
              null
            ],
            [
              95.28215098000004,
              5.5530703800000651,
              0,
              null
            ],
            [
              95.282140741000035,
              5.5530681770000569,
              0,
              null
            ],
            [
              95.28212900300008,
              5.5530680060000464,
              0,
              null
            ],
            [
              95.282118190000062,
              5.5530690060000438,
              0,
              null
            ],
            [
              95.282101834000059,
              5.55306910500002,
              0,
              null
            ],
            [
              95.282092965000061,
              5.5530689220000227,
              0,
              null
            ],
            [
              95.282085399000039,
              5.5530674960000397,
              0,
              null
            ],
            [
              95.28207210000005,
              5.5530649800000447,
              0,
              null
            ],
            [
              95.282059717000038,
              5.5530634370000485,
              0,
              null
            ],
            [
              95.282045570000037,
              5.553063203000022,
              0,
              null
            ],
            [
              95.28203331800006,
              5.5530632230000379,
              0,
              null
            ],
            [
              95.282017351000036,
              5.5530636460000551,
              0,
              null
            ],
            [
              95.282004121000057,
              5.5530649180000751,
              0,
              null
            ],
            [
              95.28199010700007,
              5.55306644500007,
              0,
              null
            ],
            [
              95.281978051000067,
              5.5530655520000209,
              0,
              null
            ],
            [
              95.281963769000072,
              5.5530630940000378,
              0,
              null
            ],
            [
              95.281951780000043,
              5.5530610340000521,
              0,
              null
            ],
            [
              95.281935925000084,
              5.5530552470000316,
              0,
              null
            ],
            [
              95.281927316000065,
              5.5530525230000762,
              0,
              null
            ],
            [
              95.281916233000061,
              5.5530512370000338,
              0,
              null
            ],
            [
              95.281895632000044,
              5.5530455950000714,
              0,
              null
            ],
            [
              95.281890731000033,
              5.5530426670000566,
              0,
              null
            ],
            [
              95.281882250000081,
              5.5530376560000718,
              0,
              null
            ],
            [
              95.281872598000064,
              5.55303342600007,
              0,
              null
            ],
            [
              95.281862354000054,
              5.5530300490000286,
              0,
              null
            ],
            [
              95.281853746000081,
              5.5530272620000574,
              0,
              null
            ],
            [
              95.281840639000052,
              5.5530229740000436,
              0,
              null
            ],
            [
              95.281828454000049,
              5.5530214930000739,
              0,
              null
            ],
            [
              95.281818676000057,
              5.5530219110000303,
              0,
              null
            ],
            [
              95.281803424000032,
              5.5530229190000568,
              0,
              null
            ],
            [
              95.281789737000054,
              5.5530226190000462,
              0,
              null
            ],
            [
              95.281779435000033,
              5.5530205440000486,
              0,
              null
            ],
            [
              95.281766850000054,
              5.5530160000000706,
              0,
              null
            ],
            [
              95.281751385000064,
              5.5530084580000221,
              0,
              null
            ],
            [
              95.281735600000047,
              5.5530023450000385,
              0,
              null
            ],
            [
              95.281707104000077,
              5.552993913000023,
              0,
              null
            ],
            [
              95.28169842300008,
              5.5529909910000583,
              0,
              null
            ],
            [
              95.281688968000083,
              5.5529885230000673,
              0,
              null
            ],
            [
              95.281674948000045,
              5.5529815630000599,
              0,
              null
            ],
            [
              95.281662093000079,
              5.5529747970000471,
              0,
              null
            ],
            [
              95.281648128000086,
              5.5529655490000209,
              0,
              null
            ],
            [
              95.281634223000083,
              5.5529555870000422,
              0,
              null
            ],
            [
              95.28162240000006,
              5.5529426160000526,
              0,
              null
            ],
            [
              95.281614311000055,
              5.5529364920000717,
              0,
              null
            ],
            [
              95.281604327000082,
              5.5529304380000326,
              0,
              null
            ],
            [
              95.281595911000068,
              5.5529259420000585,
              0,
              null
            ],
            [
              95.28158273300005,
              5.5529197010000644,
              0,
              null
            ],
            [
              95.281570790000046,
              5.5529107170000316,
              0,
              null
            ],
            [
              95.281558911000047,
              5.5529020490000676,
              0,
              null
            ],
            [
              95.281549772000062,
              5.5528950790000522,
              0,
              null
            ],
            [
              95.281539136000049,
              5.5528906630000279,
              0,
              null
            ],
            [
              95.281524982000064,
              5.552886117000071,
              0,
              null
            ],
            [
              95.281513963000066,
              5.5528806540000346,
              0,
              null
            ],
            [
              95.281505671000048,
              5.5528757060000657,
              0,
              null
            ],
            [
              95.28149587300004,
              5.5528660530000593,
              0,
              null
            ],
            [
              95.28149065000008,
              5.5528593390000651,
              0,
              null
            ],
            [
              95.281484251000052,
              5.5528515180000682,
              0,
              null
            ],
            [
              95.281473933000086,
              5.5528428530000724,
              0,
              null
            ],
            [
              95.281463101000043,
              5.5528343160000304,
              0,
              null
            ],
            [
              95.281453705000047,
              5.5528285850000429,
              0,
              null
            ],
            [
              95.281439213000056,
              5.5528206500000579,
              0,
              null
            ],
            [
              95.281426039000053,
              5.5528130990000477,
              0,
              null
            ],
            [
              95.281415534000075,
              5.5528074990000391,
              0,
              null
            ],
            [
              95.28140019600005,
              5.5528002820000211,
              0,
              null
            ],
            [
              95.281385846000035,
              5.5527941720000626,
              0,
              null
            ],
            [
              95.281372478000037,
              5.5527876700000434,
              0,
              null
            ],
            [
              95.281359489000067,
              5.5527812940000558,
              0,
              null
            ],
            [
              95.281348990000083,
              5.5527747170000339,
              0,
              null
            ],
            [
              95.281337181000083,
              5.5527678840000476,
              0,
              null
            ],
            [
              95.281327714000042,
              5.5527600650000295,
              0,
              null
            ],
            [
              95.281318963000047,
              5.5527529580000419,
              0,
              null
            ],
            [
              95.281307671000036,
              5.5527445590000752,
              0,
              null
            ],
            [
              95.281297421000033,
              5.5527346550000516,
              0,
              null
            ],
            [
              95.281292390000033,
              5.5527285280000456,
              0,
              null
            ],
            [
              95.28128233700005,
              5.5527184240000338,
              0,
              null
            ],
            [
              95.281270646000053,
              5.5527094300000499,
              0,
              null
            ],
            [
              95.281259424000041,
              5.5527026580000438,
              0,
              null
            ],
            [
              95.281240641000068,
              5.5526932930000612,
              0,
              null
            ],
            [
              95.281224006000059,
              5.5526865330000419,
              0,
              null
            ],
            [
              95.281206128000065,
              5.5526780780000422,
              0,
              null
            ],
            [
              95.281194124000081,
              5.5526720950000481,
              0,
              null
            ],
            [
              95.281173961000036,
              5.5526605750000613,
              0,
              null
            ],
            [
              95.281159405000039,
              5.5526478040000598,
              0,
              null
            ],
            [
              95.281143665000059,
              5.5526297410000325,
              0,
              null
            ],
            [
              95.281125381000038,
              5.55261168800007,
              0,
              null
            ],
            [
              95.281112839000059,
              5.5525972100000445,
              0,
              null
            ],
            [
              95.28109741600008,
              5.5525795430000358,
              0,
              null
            ],
            [
              95.281065865000073,
              5.5525500480000574,
              0,
              null
            ],
            [
              95.281051707000074,
              5.552539834000072,
              0,
              null
            ],
            [
              95.281043373000045,
              5.552533439000058,
              0,
              null
            ],
            [
              95.281025527000054,
              5.5525215490000619,
              0,
              null
            ],
            [
              95.281013209000037,
              5.5525112550000699,
              0,
              null
            ],
            [
              95.280998538000063,
              5.5525014860000397,
              0,
              null
            ],
            [
              95.280983348000063,
              5.5524926050000545,
              0,
              null
            ],
            [
              95.280970595000042,
              5.5524842380000337,
              0,
              null
            ],
            [
              95.280960352000079,
              5.5524786640000343,
              0,
              null
            ],
            [
              95.280945971000051,
              5.5524692650000702,
              0,
              null
            ],
            [
              95.280930632000036,
              5.5524569130000714,
              0,
              null
            ],
            [
              95.280916976000071,
              5.5524438220000434,
              0,
              null
            ],
            [
              95.280892835000031,
              5.5524159480000321,
              0,
              null
            ],
            [
              95.28087430800008,
              5.5523982210000327,
              0,
              null
            ],
            [
              95.280859865000082,
              5.5523888210000223,
              0,
              null
            ],
            [
              95.280840186000034,
              5.5523787730000436,
              0,
              null
            ],
            [
              95.280818670000087,
              5.5523696900000346,
              0,
              null
            ],
            [
              95.280802098000038,
              5.5523653160000208,
              0,
              null
            ],
            [
              95.280788767000047,
              5.5523637310000709,
              0,
              null
            ],
            [
              95.280769551000049,
              5.5523616450000759,
              0,
              null
            ],
            [
              95.280749597000067,
              5.5523574920000556,
              0,
              null
            ],
            [
              95.280733757000064,
              5.5523509720000561,
              0,
              null
            ],
            [
              95.280719441000031,
              5.552339656000072,
              0,
              null
            ],
            [
              95.28070445700007,
              5.5523211920000222,
              0,
              null
            ],
            [
              95.28069529000004,
              5.5523090510000657,
              0,
              null
            ],
            [
              95.280682605000038,
              5.5522995730000275,
              0,
              null
            ],
            [
              95.28067014800007,
              5.5522932660000492,
              0,
              null
            ],
            [
              95.280656002000057,
              5.5522861440000497,
              0,
              null
            ],
            [
              95.280649077000078,
              5.552282329000036,
              0,
              null
            ],
            [
              95.280638519000036,
              5.5522723360000441,
              0,
              null
            ],
            [
              95.280632389000061,
              5.5522641610000392,
              0,
              null
            ],
            [
              95.280621026000063,
              5.5522537280000392,
              0,
              null
            ],
            [
              95.280613067000047,
              5.5522484340000346,
              0,
              null
            ],
            [
              95.280602603000034,
              5.5522442620000447,
              0,
              null
            ],
            [
              95.280591105000042,
              5.5522383950000744,
              0,
              null
            ],
            [
              95.280573267000079,
              5.552228484000068,
              0,
              null
            ],
            [
              95.280558668000083,
              5.5522184980000588,
              0,
              null
            ],
            [
              95.280541990000074,
              5.5522053470000401,
              0,
              null
            ],
            [
              95.280522678000068,
              5.5521922690000451,
              0,
              null
            ],
            [
              95.280501085000083,
              5.5521817130000386,
              0,
              null
            ],
            [
              95.280486935000056,
              5.5521761450000326,
              0,
              null
            ],
            [
              95.280468515000052,
              5.5521697800000425,
              0,
              null
            ],
            [
              95.280447817000038,
              5.5521620230000508,
              0,
              null
            ],
            [
              95.280430569000032,
              5.5521532940000498,
              0,
              null
            ],
            [
              95.28041599800008,
              5.5521465700000476,
              0,
              null
            ],
            [
              95.280468713000062,
              5.5519865800000616,
              0,
              null
            ],
            [
              95.280710820000081,
              5.5520908330000225,
              0,
              null
            ],
            [
              95.281186005000052,
              5.5523230820000435,
              0,
              null
            ],
            [
              95.281479412000067,
              5.5524968080000576,
              0,
              null
            ],
            [
              95.281702254000038,
              5.5526200390000326,
              0,
              null
            ],
            [
              95.281934688000035,
              5.5526755460000459,
              0,
              null
            ],
            [
              95.282173941000053,
              5.5526746230000299,
              0,
              null
            ],
            [
              95.282450993000054,
              5.5526213770000368,
              0,
              null
            ],
            [
              95.282905091000032,
              5.5524941200000626,
              0,
              null
            ],
            [
              95.282928361000074,
              5.5524998510000501,
              0,
              null
            ],
            [
              95.282950171000039,
              5.5525052250000613,
              0,
              null
            ],
            [
              95.283269790000077,
              5.5529336850000277,
              0,
              null
            ],
            [
              95.283814570000061,
              5.5517361510000569,
              0,
              null
            ],
            [
              95.283157839000069,
              5.5509747240000706,
              0,
              null
            ],
            [
              95.282891340000049,
              5.5504607600000213,
              0,
              null
            ],
            [
              95.282938928000078,
              5.5498421000000349,
              0,
              null
            ],
            [
              95.283024590000082,
              5.5490426000000639,
              0,
              null
            ],
            [
              95.283043625000062,
              5.5480241920000708,
              0,
              null
            ],
            [
              95.283297882000056,
              5.5464658410000425,
              0,
              null
            ],
            [
              95.283584799000039,
              5.5464337610000598,
              0,
              null
            ],
            [
              95.284348401000045,
              5.5463734110000473,
              0,
              null
            ],
            [
              95.285038111000063,
              5.5463398940000275,
              0,
              null
            ],
            [
              95.285265737000032,
              5.5463160550000339,
              0,
              null
            ],
            [
              95.285553514000071,
              5.5462919820000707,
              0,
              null
            ],
            [
              95.285864205000053,
              5.5462678220000612,
              0,
              null
            ],
            [
              95.28603032500007,
              5.546264309000037,
              0,
              null
            ],
            [
              95.286182113000052,
              5.5462579830000323,
              0,
              null
            ],
            [
              95.286235050000073,
              5.5462506610000446,
              0,
              null
            ],
            [
              95.28623501900006,
              5.5462507450000658,
              0,
              null
            ],
            [
              95.286274161000051,
              5.5462452520000625,
              0,
              null
            ],
            [
              95.286433257000056,
              5.5462033380000548,
              0,
              null
            ],
            [
              95.286483512000075,
              5.5461900980000678,
              0,
              null
            ],
            [
              95.286512296000069,
              5.5461826470000233,
              0,
              null
            ],
            [
              95.286592962000043,
              5.5461617660000684,
              0,
              null
            ],
            [
              95.286611978000053,
              5.5461568430000625,
              0,
              null
            ],
            [
              95.286617009000054,
              5.546155097000053,
              0,
              null
            ],
            [
              95.286662585000045,
              5.5461392820000697,
              0,
              null
            ],
            [
              95.286669283000037,
              5.5461333450000438,
              0,
              null
            ],
            [
              95.286669789000086,
              5.5461310920000528,
              0,
              null
            ],
            [
              95.286667805000036,
              5.5461234030000242,
              0,
              null
            ],
            [
              95.286657132000073,
              5.5460820210000747,
              0,
              null
            ],
            [
              95.286659026000052,
              5.5460724410000353,
              0,
              null
            ],
            [
              95.28668513000008,
              5.5460643040000264,
              0,
              null
            ],
            [
              95.286715224000034,
              5.5460557510000399,
              0,
              null
            ],
            [
              95.286724476000074,
              5.5460531210000568,
              0,
              null
            ],
            [
              95.286789405000036,
              5.5460346680000612,
              0,
              null
            ],
            [
              95.286800544000073,
              5.5460340010000664,
              0,
              null
            ],
            [
              95.286813729000073,
              5.5460327570000345,
              0,
              null
            ],
            [
              95.286827705000064,
              5.5460307230000581,
              0,
              null
            ],
            [
              95.28683923300008,
              5.546030452000025,
              0,
              null
            ],
            [
              95.286853390000033,
              5.5460308770000211,
              0,
              null
            ],
            [
              95.286865405000071,
              5.5460328550000213,
              0,
              null
            ],
            [
              95.286876242000062,
              5.5460356150000507,
              0,
              null
            ],
            [
              95.286989864000077,
              5.5460085960000356,
              0,
              null
            ],
            [
              95.287020742000038,
              5.5460034430000746,
              0,
              null
            ],
            [
              95.287030950000087,
              5.5460020390000295,
              0,
              null
            ],
            [
              95.28708847200005,
              5.545992535000039,
              0,
              null
            ],
            [
              95.28711783600005,
              5.5459876830000212,
              0,
              null
            ],
            [
              95.287146546000031,
              5.5459840760000247,
              0,
              null
            ],
            [
              95.287183735000042,
              5.5459794060000718,
              0,
              null
            ],
            [
              95.287191797000048,
              5.5459783930000413,
              0,
              null
            ],
            [
              95.287242797000033,
              5.5459719860000405,
              0,
              null
            ],
            [
              95.28727925700008,
              5.545966902000032,
              0,
              null
            ],
            [
              95.287422664000076,
              5.5459469020000256,
              0,
              null
            ],
            [
              95.287517376000039,
              5.5459314670000595,
              0,
              null
            ],
            [
              95.287552506000054,
              5.5459257430000548,
              0,
              null
            ],
            [
              95.287585727000078,
              5.5459203290000687,
              0,
              null
            ],
            [
              95.287634297000068,
              5.5458894610000584,
              0,
              null
            ],
            [
              95.287627831000066,
              5.5458107590000623,
              0,
              null
            ],
            [
              95.287627312000041,
              5.5458044280000536,
              0,
              null
            ],
            [
              95.287622483000064,
              5.5457548030000225,
              0,
              null
            ],
            [
              95.287617994000072,
              5.5457416950000606,
              0,
              null
            ],
            [
              95.287611880000043,
              5.545736626000064,
              0,
              null
            ],
            [
              95.287611016000085,
              5.5457359100000758,
              0,
              null
            ],
            [
              95.287605700000086,
              5.5457351200000744,
              0,
              null
            ],
            [
              95.287604075000047,
              5.5457348790000651,
              0,
              null
            ],
            [
              95.287567377000073,
              5.5457377150000298,
              0,
              null
            ],
            [
              95.287558493000063,
              5.5456436150000741,
              0,
              null
            ],
            [
              95.287556932000086,
              5.5456270750000272,
              0,
              null
            ],
            [
              95.287555987000076,
              5.545617056000026,
              0,
              null
            ],
            [
              95.287556089000077,
              5.54559673600005,
              0,
              null
            ],
            [
              95.287559190000081,
              5.5455819800000654,
              0,
              null
            ],
            [
              95.287567656000078,
              5.5455760090000581,
              0,
              null
            ],
            [
              95.287587029000065,
              5.5455723000000603,
              0,
              null
            ],
            [
              95.287734457000056,
              5.5455573930000241,
              0,
              null
            ],
            [
              95.287752183000066,
              5.5455579460000308,
              0,
              null
            ],
            [
              95.287764555000081,
              5.5455610710000656,
              0,
              null
            ],
            [
              95.287764259000085,
              5.5455817650000654,
              0,
              null
            ],
            [
              95.287769286000071,
              5.545597606000058,
              0,
              null
            ],
            [
              95.287773924000078,
              5.5456122220000452,
              0,
              null
            ],
            [
              95.287796688000071,
              5.5456348540000704,
              0,
              null
            ],
            [
              95.287843674000044,
              5.5456355490000533,
              0,
              null
            ],
            [
              95.287897952000037,
              5.5456293160000314,
              0,
              null
            ],
            [
              95.287913034000042,
              5.5456275840000444,
              0,
              null
            ],
            [
              95.287921572000073,
              5.5456266030000734,
              0,
              null
            ],
            [
              95.288018602000079,
              5.5456154600000218,
              0,
              null
            ],
            [
              95.28802285200004,
              5.5456141050000269,
              0,
              null
            ],
            [
              95.288047616000085,
              5.5456062100000736,
              0,
              null
            ],
            [
              95.288069858000085,
              5.5455991190000304,
              0,
              null
            ],
            [
              95.288077542000053,
              5.5455799550000506,
              0,
              null
            ],
            [
              95.288069796000059,
              5.5455237260000558,
              0,
              null
            ],
            [
              95.288080143000059,
              5.5455222610000305,
              0,
              null
            ],
            [
              95.288122949000069,
              5.5455161990000761,
              0,
              null
            ],
            [
              95.288157259000059,
              5.5455115370000385,
              0,
              null
            ],
            [
              95.288158622000083,
              5.5455329730000358,
              0,
              null
            ],
            [
              95.288166156000045,
              5.5456173350000313,
              0,
              null
            ],
            [
              95.288164788000074,
              5.5456598270000654,
              0,
              null
            ],
            [
              95.288163779000058,
              5.5456912230000626,
              0,
              null
            ],
            [
              95.288160878000042,
              5.545743744000049,
              0,
              null
            ],
            [
              95.28818246700007,
              5.5457462090000718,
              0,
              null
            ],
            [
              95.288199556000052,
              5.5457489550000219,
              0,
              null
            ],
            [
              95.288213274000043,
              5.5457526170000619,
              0,
              null
            ],
            [
              95.288224196000044,
              5.5457588840000653,
              0,
              null
            ],
            [
              95.28822531600008,
              5.545761518000063,
              0,
              null
            ],
            [
              95.288228229000083,
              5.5457683690000295,
              0,
              null
            ],
            [
              95.28822716500008,
              5.5457880580000278,
              0,
              null
            ],
            [
              95.288227126000038,
              5.5457887750000623,
              0,
              null
            ],
            [
              95.28822490500005,
              5.5458094380000489,
              0,
              null
            ],
            [
              95.288220910000064,
              5.5458216570000332,
              0,
              null
            ],
            [
              95.288231665000069,
              5.5458405340000354,
              0,
              null
            ],
            [
              95.288237233000075,
              5.5458527430000686,
              0,
              null
            ],
            [
              95.288242369000045,
              5.5458682660000704,
              0,
              null
            ],
            [
              95.288242454000056,
              5.5458685240000705,
              0,
              null
            ],
            [
              95.28824360200008,
              5.545870945000047,
              0,
              null
            ],
            [
              95.288247439000031,
              5.5458790350000413,
              0,
              null
            ],
            [
              95.288253958000041,
              5.5458884050000279,
              0,
              null
            ],
            [
              95.288254088000087,
              5.5458885910000504,
              0,
              null
            ],
            [
              95.288269478000075,
              5.5458999390000372,
              0,
              null
            ],
            [
              95.288283677000038,
              5.5459092310000528,
              0,
              null
            ],
            [
              95.288298435000058,
              5.5459158720000232,
              0,
              null
            ],
            [
              95.288317591000066,
              5.5459212850000768,
              0,
              null
            ],
            [
              95.288335301000075,
              5.5459252130000323,
              0,
              null
            ],
            [
              95.28833674200007,
              5.5459255310000231,
              0,
              null
            ],
            [
              95.288352940000038,
              5.5459289130000684,
              0,
              null
            ],
            [
              95.288375036000048,
              5.5459340160000465,
              0,
              null
            ],
            [
              95.288395664000063,
              5.545940010000038,
              0,
              null
            ],
            [
              95.288406159000033,
              5.545942311000033,
              0,
              null
            ],
            [
              95.288416287000075,
              5.5459445320000214,
              0,
              null
            ],
            [
              95.288439553000046,
              5.5459490340000457,
              0,
              null
            ],
            [
              95.288462805000052,
              5.5459523510000395,
              0,
              null
            ],
            [
              95.288484908000044,
              5.5459554030000504,
              0,
              null
            ],
            [
              95.28848927100006,
              5.5459560050000505,
              0,
              null
            ],
            [
              95.288490769000077,
              5.5459562120000214,
              0,
              null
            ],
            [
              95.288512250000053,
              5.5459586680000257,
              0,
              null
            ],
            [
              95.288522549000049,
              5.5459600480000404,
              0,
              null
            ],
            [
              95.288874323000073,
              5.5460435070000358,
              0,
              null
            ],
            [
              95.288885438000079,
              5.5460457810000321,
              0,
              null
            ],
            [
              95.288917593000065,
              5.5460546980000345,
              0,
              null
            ],
            [
              95.288934080000047,
              5.5460592700000575,
              0,
              null
            ],
            [
              95.288961721000078,
              5.5460669360000452,
              0,
              null
            ],
            [
              95.288993977000075,
              5.5460758800000463,
              0,
              null
            ],
            [
              95.288994357000036,
              5.5460754980000502,
              0,
              null
            ],
            [
              95.288998722000031,
              5.5460711160000642,
              0,
              null
            ],
            [
              95.289010470000051,
              5.5460200200000713,
              0,
              null
            ],
            [
              95.289015403000064,
              5.5459985650000476,
              0,
              null
            ],
            [
              95.289017943000033,
              5.54598379600003,
              0,
              null
            ],
            [
              95.289020821000065,
              5.5459670600000663,
              0,
              null
            ],
            [
              95.28902097100007,
              5.5459600560000695,
              0,
              null
            ],
            [
              95.289021157000036,
              5.5459513120000565,
              0,
              null
            ],
            [
              95.289215894000051,
              5.5458027010000706,
              0,
              null
            ],
            [
              95.289288121000084,
              5.5457936150000364,
              0,
              null
            ],
            [
              95.289305814000045,
              5.5457913880000547,
              0,
              null
            ],
            [
              95.289369957000076,
              5.5457839940000326,
              0,
              null
            ],
            [
              95.289381034000087,
              5.5457827170000655,
              0,
              null
            ],
            [
              95.289425243000039,
              5.5457776200000239,
              0,
              null
            ],
            [
              95.289485591000073,
              5.5457697280000389,
              0,
              null
            ],
            [
              95.289508795000074,
              5.5457666940000649,
              0,
              null
            ],
            [
              95.289530609000053,
              5.5457641130000752,
              0,
              null
            ],
            [
              95.289640667000072,
              5.5457510960000604,
              0,
              null
            ],
            [
              95.289725359000045,
              5.5457363510000732,
              0,
              null
            ],
            [
              95.289744485000085,
              5.5457317750000357,
              0,
              null
            ],
            [
              95.289753571000062,
              5.5457289460000538,
              0,
              null
            ],
            [
              95.289757947000055,
              5.5457275830000299,
              0,
              null
            ],
            [
              95.289772378000066,
              5.5457219500000292,
              0,
              null
            ],
            [
              95.289785750000078,
              5.5457153810000364,
              0,
              null
            ],
            [
              95.289805066000042,
              5.5457039440000244,
              0,
              null
            ],
            [
              95.289821755000048,
              5.5456848420000711,
              0,
              null
            ],
            [
              95.289828429000067,
              5.5456702990000508,
              0,
              null
            ],
            [
              95.289833945000055,
              5.5456456910000611,
              0,
              null
            ],
            [
              95.28983575500007,
              5.5456236820000413,
              0,
              null
            ],
            [
              95.289832358000069,
              5.5455920120000428,
              0,
              null
            ],
            [
              95.289825541000084,
              5.5455541800000674,
              0,
              null
            ],
            [
              95.289823646000059,
              5.5455436680000503,
              0,
              null
            ],
            [
              95.289818186000048,
              5.5454987090000714,
              0,
              null
            ],
            [
              95.28981321100008,
              5.5454508830000577,
              0,
              null
            ],
            [
              95.289812786000084,
              5.5454445290000649,
              0,
              null
            ],
            [
              95.289812630000085,
              5.5454421860000593,
              0,
              null
            ],
            [
              95.289812406000067,
              5.5454388390000418,
              0,
              null
            ],
            [
              95.289810616000068,
              5.545412051000028,
              0,
              null
            ],
            [
              95.289811141000087,
              5.5453936810000641,
              0,
              null
            ],
            [
              95.289809950000063,
              5.5453795120000677,
              0,
              null
            ],
            [
              95.289805647000037,
              5.5453610070000536,
              0,
              null
            ],
            [
              95.28980249500006,
              5.5453437720000238,
              0,
              null
            ],
            [
              95.289801221000062,
              5.5453324530000714,
              0,
              null
            ],
            [
              95.289801057000034,
              5.5453309870000567,
              0,
              null
            ],
            [
              95.289801204000071,
              5.5453153040000416,
              0,
              null
            ],
            [
              95.289804183000058,
              5.5452971320000302,
              0,
              null
            ],
            [
              95.289807938000081,
              5.5452837120000709,
              0,
              null
            ],
            [
              95.289813024000068,
              5.5452714260000562,
              0,
              null
            ],
            [
              95.289826694000055,
              5.5452462260000743,
              0,
              null
            ],
            [
              95.289834991000077,
              5.5452339090000464,
              0,
              null
            ],
            [
              95.289846527000066,
              5.5452260090000323,
              0,
              null
            ],
            [
              95.289861564000034,
              5.5452208530000462,
              0,
              null
            ],
            [
              95.289880946000039,
              5.5452171170000497,
              0,
              null
            ],
            [
              95.289919629000053,
              5.54521436400006,
              0,
              null
            ],
            [
              95.289929974000074,
              5.5452136280000559,
              0,
              null
            ],
            [
              95.289958050000052,
              5.5452131340000506,
              0,
              null
            ],
            [
              95.290001149000034,
              5.5452123760000518,
              0,
              null
            ],
            [
              95.290091723000046,
              5.545212781000032,
              0,
              null
            ],
            [
              95.290097547000073,
              5.5452128070000413,
              0,
              null
            ],
            [
              95.290107238000076,
              5.5452129170000717,
              0,
              null
            ],
            [
              95.290136278000034,
              5.5452132450000704,
              0,
              null
            ],
            [
              95.290143464000039,
              5.5452144910000243,
              0,
              null
            ],
            [
              95.290155535000054,
              5.5452168940000206,
              0,
              null
            ],
            [
              95.290276726000059,
              5.5452160710000271,
              0,
              null
            ],
            [
              95.290299402000073,
              5.5452159170000641,
              0,
              null
            ],
            [
              95.290316260000054,
              5.5452158020000297,
              0,
              null
            ],
            [
              95.290323289000071,
              5.5452138950000744,
              0,
              null
            ],
            [
              95.290336392000086,
              5.5452140130000203,
              0,
              null
            ],
            [
              95.290339915000061,
              5.5452140440000335,
              0,
              null
            ],
            [
              95.290395266000075,
              5.5452145470000573,
              0,
              null
            ],
            [
              95.290405833000079,
              5.5452151580000759,
              0,
              null
            ],
            [
              95.290409036000085,
              5.5452153430000521,
              0,
              null
            ],
            [
              95.290438278000067,
              5.5452161970000589,
              0,
              null
            ],
            [
              95.290475493000031,
              5.5452185930000724,
              0,
              null
            ],
            [
              95.290495281000062,
              5.5452220150000358,
              0,
              null
            ],
            [
              95.290515794000044,
              5.5452283800000259,
              0,
              null
            ],
            [
              95.290529027000048,
              5.5452350270000466,
              0,
              null
            ],
            [
              95.29054155700004,
              5.5452465670000493,
              0,
              null
            ],
            [
              95.29055214400006,
              5.5452663130000701,
              0,
              null
            ],
            [
              95.29055610000006,
              5.5452816650000614,
              0,
              null
            ],
            [
              95.290558801000032,
              5.5453129120000426,
              0,
              null
            ],
            [
              95.290559418000043,
              5.5453605470000298,
              0,
              null
            ],
            [
              95.290557743000079,
              5.545518970000046,
              0,
              null
            ],
            [
              95.290557117000048,
              5.5456106200000477,
              0,
              null
            ],
            [
              95.290551593000032,
              5.5457503260000749,
              0,
              null
            ],
            [
              95.290548110000032,
              5.5457711390000668,
              0,
              null
            ],
            [
              95.29054139200008,
              5.545792977000076,
              0,
              null
            ],
            [
              95.290503755000032,
              5.5458469790000322,
              0,
              null
            ],
            [
              95.290490099000067,
              5.5458664030000477,
              0,
              null
            ],
            [
              95.290480082000045,
              5.5458866180000541,
              0,
              null
            ],
            [
              95.290471108000077,
              5.5459132010000758,
              0,
              null
            ],
            [
              95.290451185000052,
              5.5460267040000417,
              0,
              null
            ],
            [
              95.290431633000082,
              5.5461758560000476,
              0,
              null
            ],
            [
              95.290409468000064,
              5.5463586170000667,
              0,
              null
            ],
            [
              95.290396490000035,
              5.546453237000037,
              0,
              null
            ],
            [
              95.290370033000045,
              5.5466318930000398,
              0,
              null
            ],
            [
              95.290359147000061,
              5.5467309070000397,
              0,
              null
            ],
            [
              95.290356742000085,
              5.5467854690000422,
              0,
              null
            ],
            [
              95.290355544000079,
              5.5469123220000256,
              0,
              null
            ],
            [
              95.290364184000055,
              5.5472335020000401,
              0,
              null
            ],
            [
              95.290364417000035,
              5.5472399260000316,
              0,
              null
            ],
            [
              95.290379595000047,
              5.5473009730000626,
              0,
              null
            ],
            [
              95.290380577000064,
              5.5473089660000596,
              0,
              null
            ],
            [
              95.290382450000038,
              5.5473269870000763,
              0,
              null
            ],
            [
              95.290390141000046,
              5.5474241760000496,
              0,
              null
            ],
            [
              95.290416188000052,
              5.5477142910000339,
              0,
              null
            ],
            [
              95.290421431000084,
              5.5477896230000283,
              0,
              null
            ],
            [
              95.290420493000056,
              5.5478130560000523,
              0,
              null
            ],
            [
              95.290417213000069,
              5.5478326030000744,
              0,
              null
            ],
            [
              95.290413676000071,
              5.5478418730000385,
              0,
              null
            ],
            [
              95.290402793000055,
              5.5478575350000483,
              0,
              null
            ],
            [
              95.290383679000058,
              5.5478793130000668,
              0,
              null
            ],
            [
              95.290368415000046,
              5.5479028740000444,
              0,
              null
            ],
            [
              95.290361389000054,
              5.5479197140000451,
              0,
              null
            ],
            [
              95.290354633000049,
              5.5479666730000758,
              0,
              null
            ],
            [
              95.290350195000087,
              5.5480697470000564,
              0,
              null
            ],
            [
              95.29034475800006,
              5.5481709630000751,
              0,
              null
            ],
            [
              95.290342582000051,
              5.5482266270000764,
              0,
              null
            ],
            [
              95.290333911000062,
              5.5483035130000644,
              0,
              null
            ],
            [
              95.290321590000076,
              5.5483603100000209,
              0,
              null
            ],
            [
              95.290308437000078,
              5.5483978740000452,
              0,
              null
            ],
            [
              95.290294427000049,
              5.5484259410000618,
              0,
              null
            ],
            [
              95.290271615000051,
              5.5484574320000206,
              0,
              null
            ],
            [
              95.290354885000056,
              5.5490421990000414,
              0,
              null
            ],
            [
              95.290297899000052,
              5.5490519160000531,
              0,
              null
            ],
            [
              95.290258976000075,
              5.5490579520000551,
              0,
              null
            ],
            [
              95.290152825000064,
              5.5490783940000483,
              0,
              null
            ],
            [
              95.290041551000058,
              5.5490993350000508,
              0,
              null
            ],
            [
              95.289973176000046,
              5.5491155460000527,
              0,
              null
            ],
            [
              95.289908904000072,
              5.5491338010000391,
              0,
              null
            ],
            [
              95.289863100000048,
              5.5491522290000717,
              0,
              null
            ],
            [
              95.289829911000083,
              5.549166838000076,
              0,
              null
            ],
            [
              95.289776126000049,
              5.5491906850000419,
              0,
              null
            ],
            [
              95.289715386000069,
              5.5492196020000506,
              0,
              null
            ],
            [
              95.289659999000037,
              5.549246862000075,
              0,
              null
            ],
            [
              95.289607896000064,
              5.5492740010000716,
              0,
              null
            ],
            [
              95.289552633000085,
              5.5493031860000315,
              0,
              null
            ],
            [
              95.289482629000076,
              5.5493405200000439,
              0,
              null
            ],
            [
              95.289459936000071,
              5.54935236700004,
              0,
              null
            ],
            [
              95.289301757000032,
              5.5494289910000703,
              0,
              null
            ],
            [
              95.289252972000043,
              5.5494510280000213,
              0,
              null
            ],
            [
              95.289129519000085,
              5.5494977520000361,
              0,
              null
            ],
            [
              95.289018567000085,
              5.5495434230000455,
              0,
              null
            ],
            [
              95.288936586000034,
              5.5495759390000217,
              0,
              null
            ],
            [
              95.288868710000031,
              5.5496117810000669,
              0,
              null
            ],
            [
              95.288812128000075,
              5.5496472710000262,
              0,
              null
            ],
            [
              95.288779486000067,
              5.5496725990000755,
              0,
              null
            ],
            [
              95.288735927000062,
              5.5497143040000765,
              0,
              null
            ],
            [
              95.288712246000046,
              5.5497470820000672,
              0,
              null
            ],
            [
              95.288677096000072,
              5.5498121110000511,
              0,
              null
            ],
            [
              95.288646219000043,
              5.5498742410000546,
              0,
              null
            ],
            [
              95.288585685000044,
              5.550010056000076,
              0,
              null
            ],
            [
              95.288559282000051,
              5.5500694380000368,
              0,
              null
            ],
            [
              95.288535848000038,
              5.5501315030000455,
              0,
              null
            ],
            [
              95.288497977000077,
              5.5502419870000494,
              0,
              null
            ],
            [
              95.288494098000058,
              5.5502601050000635,
              0,
              null
            ],
            [
              95.288458584000068,
              5.5502546740000298,
              0,
              null
            ],
            [
              95.288439543000038,
              5.5502558590000604,
              0,
              null
            ],
            [
              95.288401424000085,
              5.5502527980000309,
              0,
              null
            ],
            [
              95.288324718000069,
              5.550242555000068,
              0,
              null
            ],
            [
              95.288263368000059,
              5.5502324880000629,
              0,
              null
            ],
            [
              95.288186343000064,
              5.550223747000075,
              0,
              null
            ],
            [
              95.288155763000077,
              5.5502221750000444,
              0,
              null
            ],
            [
              95.28813202300006,
              5.5502257830000303,
              0,
              null
            ],
            [
              95.288111351000055,
              5.5502367830000594,
              0,
              null
            ],
            [
              95.288097310000069,
              5.5502521590000242,
              0,
              null
            ],
            [
              95.288085634000083,
              5.5502752090000627,
              0,
              null
            ],
            [
              95.28807432900004,
              5.550312305000034,
              0,
              null
            ],
            [
              95.288069961000076,
              5.5503400360000228,
              0,
              null
            ],
            [
              95.288068208000084,
              5.5504352090000566,
              0,
              null
            ],
            [
              95.288064320000046,
              5.5505381190000662,
              0,
              null
            ],
            [
              95.288058103000083,
              5.5506081350000613,
              0,
              null
            ],
            [
              95.288056543000039,
              5.5506177410000532,
              0,
              null
            ],
            [
              95.288044815000035,
              5.5506363800000713,
              0,
              null
            ],
            [
              95.288022455000032,
              5.550661099000024,
              0,
              null
            ],
            [
              95.28801122200008,
              5.5506677680000394,
              0,
              null
            ],
            [
              95.287999338000077,
              5.5506718730000557,
              0,
              null
            ],
            [
              95.287980214000072,
              5.5506747400000336,
              0,
              null
            ],
            [
              95.287953085000083,
              5.5506744930000309,
              0,
              null
            ],
            [
              95.287864983000077,
              5.5506683800000474,
              0,
              null
            ],
            [
              95.287843352000039,
              5.5506664020000471,
              0,
              null
            ],
            [
              95.28780891100007,
              5.5506632540000282,
              0,
              null
            ],
            [
              95.287685491000047,
              5.5506529940000746,
              0,
              null
            ],
            [
              95.287515927000072,
              5.5506340620000287,
              0,
              null
            ],
            [
              95.287343107000083,
              5.5506175560000202,
              0,
              null
            ],
            [
              95.287190063000082,
              5.5506012360000341,
              0,
              null
            ],
            [
              95.286931132000063,
              5.5505732400000625,
              0,
              null
            ],
            [
              95.286809638000079,
              5.5505618410000466,
              0,
              null
            ],
            [
              95.286791946000051,
              5.5505592510000383,
              0,
              null
            ],
            [
              95.286759921000055,
              5.5505562120000604,
              0,
              null
            ],
            [
              95.286734704000082,
              5.5503737490000731,
              0,
              null
            ],
            [
              95.286732886000038,
              5.5503548100000444,
              0,
              null
            ],
            [
              95.286732290000032,
              5.5503486010000529,
              0,
              null
            ],
            [
              95.28673064700007,
              5.5503314770000429,
              0,
              null
            ],
            [
              95.286699317000057,
              5.5503355690000262,
              0,
              null
            ],
            [
              95.286685886000043,
              5.5503373230000648,
              0,
              null
            ],
            [
              95.286661700000082,
              5.5503404820000242,
              0,
              null
            ],
            [
              95.285819267000079,
              5.5504653700000404,
              0,
              null
            ],
            [
              95.28565851500008,
              5.5505616590000386,
              0,
              null
            ],
            [
              95.284914331000039,
              5.5513262840000266,
              0,
              null
            ],
            [
              95.284106994000069,
              5.5521937920000255,
              0,
              null
            ],
            [
              95.283580740000048,
              5.5527592670000558,
              0,
              null
            ],
            [
              95.28319560500006,
              5.5531734280000364,
              0,
              null
            ]
          ]
        ]
      },
      "properties" : {
        "FID" : 0,
        "OBJECTID" : 5195,
        "KDPPUM" : "11",
        "NAMOBJ" : "Gampong Blang",
        "REMARK" : " ",
        "KDPBPS" : " ",
        "FCODE" : "BA03070040",
        "LUASWH" : 0,
        "UUPP" : "RBI",
        "SRS_ID" : "SRGI 2013",
        "METADATA" : "TASWIL1000020200326DATA_BATAS_DESA_KELURAHAN",
        "KDEBPS" : " ",
        "KDEPUM" : "11.71.03.2010",
        "KDCBPS" : " ",
        "KDCPUM" : "11.71.03",
        "KDBBPS" : " ",
        "WADMKD" : "Gampong Blang",
        "WIADKD" : "0",
        "WADMKC" : "Meuraxa",
        "WIADKC" : " ",
        "WADMKK" : "Kota Banda Aceh",
        "WIADKK" : " ",
        "WADMPR" : "Aceh",
        "WIADPR" : " ",
        "TIPADM" : 9,
        "KDPKAB" : "11.71",
        "SHAPE_Leng" : 0.035719647881541999,
        "SHAPE_Area" : 3.4459257619000002e-05
      }
    }
  ]
}