{
  "hasZ" : true,
  "hasM" : true,
  "type" : "FeatureCollection",
  "features" : [
    {
      "type" : "Feature",
      "id" : 0,
      "geometry" : {
        "type" : "Polygon",
        "coordinates" : [
          [
            [
              95.296984615000042,
              5.5448703100000216,
              0,
              null
            ],
            [
              95.296946551000076,
              5.5448558230000344,
              0,
              null
            ],
            [
              95.296788255000081,
              5.5447472710000625,
              0,
              null
            ],
            [
              95.296752595000044,
              5.5447338590000754,
              0,
              null
            ],
            [
              95.296717849000061,
              5.5447286990000748,
              0,
              null
            ],
            [
              95.296604175000084,
              5.5447118160000741,
              0,
              null
            ],
            [
              95.296565642000076,
              5.5447060930000589,
              0,
              null
            ],
            [
              95.296565142000077,
              5.5447061630000576,
              0,
              null
            ],
            [
              95.296564688000046,
              5.5447060970000734,
              0,
              null
            ],
            [
              95.296543497000073,
              5.5447091710000223,
              0,
              null
            ],
            [
              95.296520797000085,
              5.5447250330000202,
              0,
              null
            ],
            [
              95.296429085000057,
              5.544839664000051,
              0,
              null
            ],
            [
              95.296407188000046,
              5.5448486250000428,
              0,
              null
            ],
            [
              95.296376142000042,
              5.5448477420000586,
              0,
              null
            ],
            [
              95.296329036000031,
              5.5448372500000573,
              0,
              null
            ],
            [
              95.296134646000041,
              5.5447806500000638,
              0,
              null
            ],
            [
              95.296109157000046,
              5.5447774410000648,
              0,
              null
            ],
            [
              95.295887034000032,
              5.5447881470000766,
              0,
              null
            ],
            [
              95.29571900600007,
              5.5448042830000759,
              0,
              null
            ],
            [
              95.295688432000077,
              5.5448158640000429,
              0,
              null
            ],
            [
              95.295616443000085,
              5.5448678840000412,
              0,
              null
            ],
            [
              95.295588249000048,
              5.5448815800000375,
              0,
              null
            ],
            [
              95.295510610000065,
              5.5449003030000767,
              0,
              null
            ],
            [
              95.295352726000033,
              5.5449290550000683,
              0,
              null
            ],
            [
              95.295324848000064,
              5.5449448370000596,
              0,
              null
            ],
            [
              95.295272900000043,
              5.544974724000042,
              0,
              null
            ],
            [
              95.294943567000075,
              5.5450586300000282,
              0,
              null
            ],
            [
              95.294802668000045,
              5.5451029000000744,
              0,
              null
            ],
            [
              95.294737759000043,
              5.5451242590000334,
              0,
              null
            ],
            [
              95.294629946000043,
              5.5451131910000413,
              0,
              null
            ],
            [
              95.294534451000061,
              5.5451087780000421,
              0,
              null
            ],
            [
              95.294319461000043,
              5.5450665630000344,
              0,
              null
            ],
            [
              95.294056604000048,
              5.544991049000032,
              0,
              null
            ],
            [
              95.293812934000073,
              5.5449393780000378,
              0,
              null
            ],
            [
              95.293578645000082,
              5.544844620000049,
              0,
              null
            ],
            [
              95.293349058000047,
              5.5447307110000565,
              0,
              null
            ],
            [
              95.293283797000072,
              5.5446404620000749,
              0,
              null
            ],
            [
              95.292932241000074,
              5.5444660380000528,
              0,
              null
            ],
            [
              95.292444629000045,
              5.5442921410000281,
              0,
              null
            ],
            [
              95.292318715000079,
              5.5442565530000252,
              0,
              null
            ],
            [
              95.292134450000049,
              5.5442044720000467,
              0,
              null
            ],
            [
              95.291957448000062,
              5.5441094910000288,
              0,
              null
            ],
            [
              95.291790012000035,
              5.5440192560000696,
              0,
              null
            ],
            [
              95.291722846000084,
              5.5439744740000378,
              0,
              null
            ],
            [
              95.29166665200006,
              5.5439370070000678,
              0,
              null
            ],
            [
              95.291454861000034,
              5.5438542090000738,
              0,
              null
            ],
            [
              95.291338247000056,
              5.5438202210000327,
              0,
              null
            ],
            [
              95.291233126000066,
              5.5437957560000655,
              0,
              null
            ],
            [
              95.291131788000087,
              5.5437617080000337,
              0,
              null
            ],
            [
              95.291047459000083,
              5.5437149960000625,
              0,
              null
            ],
            [
              95.290986191000059,
              5.5436111960000289,
              0,
              null
            ],
            [
              95.29094972300004,
              5.5434391380000534,
              0,
              null
            ],
            [
              95.290952889000039,
              5.5433315000000221,
              0,
              null
            ],
            [
              95.291049788000066,
              5.5430811970000491,
              0,
              null
            ],
            [
              95.291037485000061,
              5.5429855790000602,
              0,
              null
            ],
            [
              95.290784945000041,
              5.542490287000021,
              0,
              null
            ],
            [
              95.290629241000033,
              5.5423473900000317,
              0,
              null
            ],
            [
              95.290431814000044,
              5.5422166130000505,
              0,
              null
            ],
            [
              95.290067162000071,
              5.5420506080000678,
              0,
              null
            ],
            [
              95.289971479000087,
              5.5419971660000442,
              0,
              null
            ],
            [
              95.289788186000067,
              5.5416666970000392,
              0,
              null
            ],
            [
              95.289580379000085,
              5.5411705830000528,
              0,
              null
            ],
            [
              95.289481113000079,
              5.5409616960000676,
              0,
              null
            ],
            [
              95.289375947000053,
              5.5407707700000515,
              0,
              null
            ],
            [
              95.28921396700008,
              5.5405471780000539,
              0,
              null
            ],
            [
              95.288885590000064,
              5.5401651990000573,
              0,
              null
            ],
            [
              95.28891004500008,
              5.5401304450000453,
              0,
              null
            ],
            [
              95.289095495000083,
              5.5398831170000449,
              0,
              null
            ],
            [
              95.289234688000079,
              5.5397331490000283,
              0,
              null
            ],
            [
              95.289433403000032,
              5.5395290050000767,
              0,
              null
            ],
            [
              95.28954802800007,
              5.5394087450000598,
              0,
              null
            ],
            [
              95.289662658000054,
              5.5392855030000305,
              0,
              null
            ],
            [
              95.289781115000039,
              5.5391374120000592,
              0,
              null
            ],
            [
              95.289874133000069,
              5.5390211250000334,
              0,
              null
            ],
            [
              95.290034935000051,
              5.5388392190000673,
              0,
              null
            ],
            [
              95.290166699000054,
              5.5386907180000549,
              0,
              null
            ],
            [
              95.290267917000051,
              5.5385867900000676,
              0,
              null
            ],
            [
              95.290322966000076,
              5.5385400420000224,
              0,
              null
            ],
            [
              95.29039582200005,
              5.5385022660000232,
              0,
              null
            ],
            [
              95.290464936000035,
              5.5384741570000529,
              0,
              null
            ],
            [
              95.290574916000082,
              5.5384386950000248,
              0,
              null
            ],
            [
              95.290742838000085,
              5.5383862500000305,
              0,
              null
            ],
            [
              95.291014803000053,
              5.5383005720000256,
              0,
              null
            ],
            [
              95.291125500000078,
              5.5382732970000461,
              0,
              null
            ],
            [
              95.291173779000076,
              5.538265228000057,
              0,
              null
            ],
            [
              95.291216845000065,
              5.5382645820000675,
              0,
              null
            ],
            [
              95.291266593000046,
              5.5382676710000283,
              0,
              null
            ],
            [
              95.291325224000047,
              5.5382797010000218,
              0,
              null
            ],
            [
              95.29138607200008,
              5.5382932330000472,
              0,
              null
            ],
            [
              95.291487724000035,
              5.5383276950000209,
              0,
              null
            ],
            [
              95.291666647000056,
              5.5383868470000266,
              0,
              null
            ],
            [
              95.291781453000056,
              5.5384258100000352,
              0,
              null
            ],
            [
              95.291986465000036,
              5.5384974730000636,
              0,
              null
            ],
            [
              95.292180083000062,
              5.5385602250000261,
              0,
              null
            ],
            [
              95.292340431000071,
              5.5386023050000404,
              0,
              null
            ],
            [
              95.292346715000065,
              5.5386039540000525,
              0,
              null
            ],
            [
              95.292404067000064,
              5.5386145550000379,
              0,
              null
            ],
            [
              95.292518100000052,
              5.5386356330000694,
              0,
              null
            ],
            [
              95.292598955000074,
              5.5386505780000448,
              0,
              null
            ],
            [
              95.292864118000068,
              5.5386935730000459,
              0,
              null
            ],
            [
              95.293050856000036,
              5.5387246860000232,
              0,
              null
            ],
            [
              95.293147359000045,
              5.5387550740000506,
              0,
              null
            ],
            [
              95.29316248300006,
              5.5387606410000672,
              0,
              null
            ],
            [
              95.29322290500005,
              5.538782885000046,
              0,
              null
            ],
            [
              95.293478494000055,
              5.5388769790000651,
              0,
              null
            ],
            [
              95.293627160000085,
              5.5389308910000636,
              0,
              null
            ],
            [
              95.293743328000062,
              5.5389730180000356,
              0,
              null
            ],
            [
              95.293895114000065,
              5.539028060000021,
              0,
              null
            ],
            [
              95.293920832000083,
              5.5390373870000644,
              0,
              null
            ],
            [
              95.294002807000084,
              5.5390671140000336,
              0,
              null
            ],
            [
              95.294065592000038,
              5.5390904030000456,
              0,
              null
            ],
            [
              95.294333963000042,
              5.5391899500000363,
              0,
              null
            ],
            [
              95.294410223000057,
              5.539230132000057,
              0,
              null
            ],
            [
              95.294462577000047,
              5.5392820410000354,
              0,
              null
            ],
            [
              95.294489891000069,
              5.5393373370000631,
              0,
              null
            ],
            [
              95.294493962000047,
              5.5393934890000764,
              0,
              null
            ],
            [
              95.294496704000039,
              5.539431301000036,
              0,
              null
            ],
            [
              95.294488615000034,
              5.5394905620000259,
              0,
              null
            ],
            [
              95.294476797000073,
              5.539577146000056,
              0,
              null
            ],
            [
              95.29443682200008,
              5.5397792970000523,
              0,
              null
            ],
            [
              95.294428474000085,
              5.53982151200006,
              0,
              null
            ],
            [
              95.294407633000048,
              5.5398848140000609,
              0,
              null
            ],
            [
              95.294407564000039,
              5.5398850200000425,
              0,
              null
            ],
            [
              95.294393443000047,
              5.539927910000074,
              0,
              null
            ],
            [
              95.294304553000075,
              5.5400776620000443,
              0,
              null
            ],
            [
              95.294241410000041,
              5.5401408270000729,
              0,
              null
            ],
            [
              95.294160696000063,
              5.5401902230000246,
              0,
              null
            ],
            [
              95.29411538100004,
              5.5402141220000658,
              0,
              null
            ],
            [
              95.293990680000036,
              5.5402798830000393,
              0,
              null
            ],
            [
              95.293863786000031,
              5.5403433880000534,
              0,
              null
            ],
            [
              95.293851538000069,
              5.5403509320000239,
              0,
              null
            ],
            [
              95.293797752000046,
              5.5403840590000755,
              0,
              null
            ],
            [
              95.29375437200008,
              5.5404391130000477,
              0,
              null
            ],
            [
              95.293721875000074,
              5.5405228080000484,
              0,
              null
            ],
            [
              95.293709457000034,
              5.5405892680000761,
              0,
              null
            ],
            [
              95.293724610000083,
              5.5406821150000383,
              0,
              null
            ],
            [
              95.293772747000048,
              5.5407937720000291,
              0,
              null
            ],
            [
              95.293836394000039,
              5.5408920170000329,
              0,
              null
            ],
            [
              95.293846729000052,
              5.5409021880000751,
              0,
              null
            ],
            [
              95.293881204000058,
              5.5409361180000474,
              0,
              null
            ],
            [
              95.29393632600005,
              5.5409903660000737,
              0,
              null
            ],
            [
              95.294029601000034,
              5.5410422700000481,
              0,
              null
            ],
            [
              95.294159887000035,
              5.5410858590000203,
              0,
              null
            ],
            [
              95.29429725500006,
              5.5411134480000328,
              0,
              null
            ],
            [
              95.294411010000033,
              5.5411257340000475,
              0,
              null
            ],
            [
              95.294477674000063,
              5.5411075330000585,
              0,
              null
            ],
            [
              95.294517393000035,
              5.5410966890000282,
              0,
              null
            ],
            [
              95.294524876000082,
              5.5410932180000714,
              0,
              null
            ],
            [
              95.294582573000071,
              5.5410630590000665,
              0,
              null
            ],
            [
              95.294657431000076,
              5.5410016910000763,
              0,
              null
            ],
            [
              95.294750088000058,
              5.5409057220000477,
              0,
              null
            ],
            [
              95.294870021000065,
              5.5407815010000263,
              0,
              null
            ],
            [
              95.295151828000087,
              5.5404972700000599,
              0,
              null
            ],
            [
              95.295258198000056,
              5.5403917160000447,
              0,
              null
            ],
            [
              95.295453748000057,
              5.5401976670000295,
              0,
              null
            ],
            [
              95.295583216000068,
              5.5403423850000308,
              0,
              null
            ],
            [
              95.295632377000061,
              5.5403967930000704,
              0,
              null
            ],
            [
              95.295704323000052,
              5.5404549620000694,
              0,
              null
            ],
            [
              95.295765156000073,
              5.5404948520000517,
              0,
              null
            ],
            [
              95.295791145000067,
              5.5405086190000361,
              0,
              null
            ],
            [
              95.295796960000075,
              5.5405117000000246,
              0,
              null
            ],
            [
              95.295871174000069,
              5.5405510140000729,
              0,
              null
            ],
            [
              95.295881988000076,
              5.5405567430000247,
              0,
              null
            ],
            [
              95.295933375000061,
              5.5405803410000658,
              0,
              null
            ],
            [
              95.295973746000072,
              5.5405988810000508,
              0,
              null
            ],
            [
              95.296095802000082,
              5.5406488460000674,
              0,
              null
            ],
            [
              95.296114276000083,
              5.5406600650000541,
              0,
              null
            ],
            [
              95.296128957000064,
              5.5406713060000357,
              0,
              null
            ],
            [
              95.296156548000056,
              5.5406924320000712,
              0,
              null
            ],
            [
              95.296186183000032,
              5.5407151240000303,
              0,
              null
            ],
            [
              95.296186888000079,
              5.5407156640000608,
              0,
              null
            ],
            [
              95.296257551000053,
              5.5407734950000531,
              0,
              null
            ],
            [
              95.296288128000072,
              5.540795269000057,
              0,
              null
            ],
            [
              95.296308736000071,
              5.5408101040000588,
              0,
              null
            ],
            [
              95.296325441000079,
              5.5408185810000532,
              0,
              null
            ],
            [
              95.296341491000078,
              5.5408257780000554,
              0,
              null
            ],
            [
              95.296356729000081,
              5.5408288010000319,
              0,
              null
            ],
            [
              95.296451954000077,
              5.5408476940000355,
              0,
              null
            ],
            [
              95.296468140000059,
              5.54085094200002,
              0,
              null
            ],
            [
              95.296476768000048,
              5.5408526730000744,
              0,
              null
            ],
            [
              95.296667446000072,
              5.5408909340000605,
              0,
              null
            ],
            [
              95.296714488000077,
              5.5409059910000451,
              0,
              null
            ],
            [
              95.296756230000085,
              5.5409226910000484,
              0,
              null
            ],
            [
              95.296769708000056,
              5.5409343180000405,
              0,
              null
            ],
            [
              95.296779319000052,
              5.5409260180000501,
              0,
              null
            ],
            [
              95.296791087000031,
              5.5409198530000481,
              0,
              null
            ],
            [
              95.296811919000049,
              5.5409132730000579,
              0,
              null
            ],
            [
              95.296832448000032,
              5.5409075530000678,
              0,
              null
            ],
            [
              95.296866056000056,
              5.5408990070000641,
              0,
              null
            ],
            [
              95.296875515000067,
              5.5408970380000255,
              0,
              null
            ],
            [
              95.296890034000057,
              5.540894015000049,
              0,
              null
            ],
            [
              95.296910595000043,
              5.5408897680000564,
              0,
              null
            ],
            [
              95.296921864000069,
              5.5408852680000678,
              0,
              null
            ],
            [
              95.296933827000032,
              5.5408761820000336,
              0,
              null
            ],
            [
              95.296943852000084,
              5.5408650610000336,
              0,
              null
            ],
            [
              95.296952454000063,
              5.5408521100000598,
              0,
              null
            ],
            [
              95.29696139400005,
              5.540835669000046,
              0,
              null
            ],
            [
              95.29696959000006,
              5.5408195960000626,
              0,
              null
            ],
            [
              95.29697496700004,
              5.540809050000064,
              0,
              null
            ],
            [
              95.296986967000066,
              5.5407859350000308,
              0,
              null
            ],
            [
              95.296998816000041,
              5.5407635260000347,
              0,
              null
            ],
            [
              95.297007783000083,
              5.5407471940000619,
              0,
              null
            ],
            [
              95.297017127000061,
              5.5407325500000297,
              0,
              null
            ],
            [
              95.29702628800004,
              5.5407197060000613,
              0,
              null
            ],
            [
              95.297035291000043,
              5.5407101340000509,
              0,
              null
            ],
            [
              95.297049551000043,
              5.5407000810000682,
              0,
              null
            ],
            [
              95.29706410600005,
              5.5406916000000592,
              0,
              null
            ],
            [
              95.297095454000043,
              5.5406763880000653,
              0,
              null
            ],
            [
              95.297097999000073,
              5.540675153000052,
              0,
              null
            ],
            [
              95.297128680000071,
              5.5406607880000251,
              0,
              null
            ],
            [
              95.297158717000059,
              5.5406455580000511,
              0,
              null
            ],
            [
              95.297171784000057,
              5.540637236000066,
              0,
              null
            ],
            [
              95.297184515000083,
              5.5406261040000686,
              0,
              null
            ],
            [
              95.297188028000051,
              5.5406222930000695,
              0,
              null
            ],
            [
              95.297193723000078,
              5.5406161160000238,
              0,
              null
            ],
            [
              95.297202133000042,
              5.5406071260000544,
              0,
              null
            ],
            [
              95.297214860000054,
              5.5405879400000231,
              0,
              null
            ],
            [
              95.29722773900005,
              5.5405612520000318,
              0,
              null
            ],
            [
              95.297239178000041,
              5.5405355810000287,
              0,
              null
            ],
            [
              95.297245820000057,
              5.5405191120000268,
              0,
              null
            ],
            [
              95.297252707000041,
              5.5405020380000565,
              0,
              null
            ],
            [
              95.297264231000042,
              5.5404726150000556,
              0,
              null
            ],
            [
              95.297274025000036,
              5.54044615600003,
              0,
              null
            ],
            [
              95.297282739000082,
              5.5404250150000394,
              0,
              null
            ],
            [
              95.297293220000086,
              5.5404058560000635,
              0,
              null
            ],
            [
              95.297304175000079,
              5.5403925530000606,
              0,
              null
            ],
            [
              95.297313746000043,
              5.5403829610000344,
              0,
              null
            ],
            [
              95.297325268000066,
              5.5403739320000227,
              0,
              null
            ],
            [
              95.297343200000057,
              5.5403640540000652,
              0,
              null
            ],
            [
              95.297359497000059,
              5.5403579980000472,
              0,
              null
            ],
            [
              95.297376124000039,
              5.5403536040000745,
              0,
              null
            ],
            [
              95.297400356000082,
              5.5403490260000581,
              0,
              null
            ],
            [
              95.297428572000058,
              5.5403435560000389,
              0,
              null
            ],
            [
              95.297451153000054,
              5.5403365450000592,
              0,
              null
            ],
            [
              95.297460908000062,
              5.5403331210000601,
              0,
              null
            ],
            [
              95.297470892000035,
              5.540329616000065,
              0,
              null
            ],
            [
              95.297482083000034,
              5.5403247210000472,
              0,
              null
            ],
            [
              95.297490508000067,
              5.5403210340000442,
              0,
              null
            ],
            [
              95.297506018000036,
              5.5403121610000312,
              0,
              null
            ],
            [
              95.297517217000063,
              5.5403037830000699,
              0,
              null
            ],
            [
              95.297527833000061,
              5.5402940070000568,
              0,
              null
            ],
            [
              95.297534985000084,
              5.5402863040000625,
              0,
              null
            ],
            [
              95.29754256700005,
              5.5402757260000612,
              0,
              null
            ],
            [
              95.297550859000069,
              5.5402598210000633,
              0,
              null
            ],
            [
              95.297558152000079,
              5.5402418770000281,
              0,
              null
            ],
            [
              95.297562353000046,
              5.5402271720000726,
              0,
              null
            ],
            [
              95.297564085000033,
              5.5402147030000606,
              0,
              null
            ],
            [
              95.297564600000044,
              5.5402109920000271,
              0,
              null
            ],
            [
              95.297566475000053,
              5.5401848970000742,
              0,
              null
            ],
            [
              95.297568063000085,
              5.5401523310000584,
              0,
              null
            ],
            [
              95.297568971000032,
              5.5401258430000553,
              0,
              null
            ],
            [
              95.297569276000047,
              5.5401096780000216,
              0,
              null
            ],
            [
              95.297569278000083,
              5.5401095710000732,
              0,
              null
            ],
            [
              95.29757057900008,
              5.5400821140000289,
              0,
              null
            ],
            [
              95.297571964000042,
              5.5400647170000639,
              0,
              null
            ],
            [
              95.297574801000053,
              5.540044665000039,
              0,
              null
            ],
            [
              95.297576201000084,
              5.54003584000003,
              0,
              null
            ],
            [
              95.297578050000084,
              5.5400241880000749,
              0,
              null
            ],
            [
              95.297581604000072,
              5.5400053630000343,
              0,
              null
            ],
            [
              95.297587397000086,
              5.5399822090000725,
              0,
              null
            ],
            [
              95.297592858000087,
              5.5399621210000305,
              0,
              null
            ],
            [
              95.297598740000069,
              5.5399458180000352,
              0,
              null
            ],
            [
              95.297605123000039,
              5.5399352720000365,
              0,
              null
            ],
            [
              95.297613425000065,
              5.5399265620000619,
              0,
              null
            ],
            [
              95.297622001000036,
              5.5399187190000703,
              0,
              null
            ],
            [
              95.297633088000055,
              5.5399114440000403,
              0,
              null
            ],
            [
              95.297648433000063,
              5.5399044520000302,
              0,
              null
            ],
            [
              95.297669524000071,
              5.5398970750000558,
              0,
              null
            ],
            [
              95.297692765000079,
              5.5398905220000643,
              0,
              null
            ],
            [
              95.297718960000054,
              5.5398833660000264,
              0,
              null
            ],
            [
              95.297724820000042,
              5.5398817650000751,
              0,
              null
            ],
            [
              95.29777071400008,
              5.5398705590000645,
              0,
              null
            ],
            [
              95.297800032000055,
              5.5398626830000239,
              0,
              null
            ],
            [
              95.297813594000047,
              5.5398590390000209,
              0,
              null
            ],
            [
              95.297857205000071,
              5.5398476790000473,
              0,
              null
            ],
            [
              95.297879823000073,
              5.5398409380000544,
              0,
              null
            ],
            [
              95.297899168000072,
              5.5398346620000325,
              0,
              null
            ],
            [
              95.297934799000075,
              5.5398220410000363,
              0,
              null
            ],
            [
              95.297978245000081,
              5.5398072590000424,
              0,
              null
            ],
            [
              95.298001181000075,
              5.5397994560000257,
              0,
              null
            ],
            [
              95.298037536000038,
              5.5397872110000321,
              0,
              null
            ],
            [
              95.298073641000087,
              5.5397759620000215,
              0,
              null
            ],
            [
              95.298083875000032,
              5.5397728250000569,
              0,
              null
            ],
            [
              95.298095745000069,
              5.5397691870000472,
              0,
              null
            ],
            [
              95.29811499200008,
              5.5397634810000227,
              0,
              null
            ],
            [
              95.298137359000066,
              5.5397570760000576,
              0,
              null
            ],
            [
              95.298158758000056,
              5.5397524460000227,
              0,
              null
            ],
            [
              95.298171950000039,
              5.5397496470000647,
              0,
              null
            ],
            [
              95.298176678000061,
              5.5397486430000527,
              0,
              null
            ],
            [
              95.298198719000084,
              5.5397443810000482,
              0,
              null
            ],
            [
              95.298214921000067,
              5.5397418780000294,
              0,
              null
            ],
            [
              95.298233507000077,
              5.5397400700000503,
              0,
              null
            ],
            [
              95.298255994000044,
              5.5397390520000727,
              0,
              null
            ],
            [
              95.298275497000077,
              5.5397388500000488,
              0,
              null
            ],
            [
              95.298291891000076,
              5.5397392200000581,
              0,
              null
            ],
            [
              95.298308042000087,
              5.539740097000049,
              0,
              null
            ],
            [
              95.298329857000056,
              5.5397424800000294,
              0,
              null
            ],
            [
              95.298335726000062,
              5.5397433940000269,
              0,
              null
            ],
            [
              95.298346177000042,
              5.5397450200000549,
              0,
              null
            ],
            [
              95.298354455000037,
              5.5397462990000577,
              0,
              null
            ],
            [
              95.298358650000068,
              5.5397470960000419,
              0,
              null
            ],
            [
              95.298372674000063,
              5.5397497620000422,
              0,
              null
            ],
            [
              95.29839426500007,
              5.5397546240000679,
              0,
              null
            ],
            [
              95.298401956000077,
              5.5397563560000549,
              0,
              null
            ],
            [
              95.298429464000037,
              5.5397614830000634,
              0,
              null
            ],
            [
              95.298483784000041,
              5.5397688740000604,
              0,
              null
            ],
            [
              95.298512989000074,
              5.5397719600000528,
              0,
              null
            ],
            [
              95.298538049000058,
              5.5397740150000345,
              0,
              null
            ],
            [
              95.298557549000066,
              5.5397753230000717,
              0,
              null
            ],
            [
              95.298568613000043,
              5.5397760650000691,
              0,
              null
            ],
            [
              95.298588876000053,
              5.5397763480000322,
              0,
              null
            ],
            [
              95.298610867000036,
              5.5397754670000268,
              0,
              null
            ],
            [
              95.298636970000075,
              5.539774110000053,
              0,
              null
            ],
            [
              95.298667667000075,
              5.5397727700000701,
              0,
              null
            ],
            [
              95.298675404000051,
              5.5397724330000528,
              0,
              null
            ],
            [
              95.298678796000047,
              5.539772284000037,
              0,
              null
            ],
            [
              95.29869485100005,
              5.5397715350000567,
              0,
              null
            ],
            [
              95.29874116700006,
              5.5397691130000339,
              0,
              null
            ],
            [
              95.298799194000082,
              5.5397669890000429,
              0,
              null
            ],
            [
              95.29885259200006,
              5.5397648870000467,
              0,
              null
            ],
            [
              95.298861829000032,
              5.5397645230000307,
              0,
              null
            ],
            [
              95.298917053000082,
              5.5397630250000702,
              0,
              null
            ],
            [
              95.298936414000082,
              5.5397624920000226,
              0,
              null
            ],
            [
              95.29896868600008,
              5.5397616040000344,
              0,
              null
            ],
            [
              95.299022544000081,
              5.5397593520000328,
              0,
              null
            ],
            [
              95.29906042600004,
              5.5397572340000352,
              0,
              null
            ],
            [
              95.299092379000058,
              5.5397568390000629,
              0,
              null
            ],
            [
              95.29910927800006,
              5.5397574600000326,
              0,
              null
            ],
            [
              95.299127565000049,
              5.5397597480000513,
              0,
              null
            ],
            [
              95.299127966000071,
              5.5397598000000698,
              0,
              null
            ],
            [
              95.299144606000084,
              5.539761942000041,
              0,
              null
            ],
            [
              95.299157971000056,
              5.5397653610000361,
              0,
              null
            ],
            [
              95.299171005000062,
              5.5397695680000538,
              0,
              null
            ],
            [
              95.299189184000056,
              5.5397768190000534,
              0,
              null
            ],
            [
              95.299218282000083,
              5.5397895600000311,
              0,
              null
            ],
            [
              95.299238021000065,
              5.5397987200000216,
              0,
              null
            ],
            [
              95.299251622000043,
              5.5398050320000607,
              0,
              null
            ],
            [
              95.299259367000047,
              5.5398083650000558,
              0,
              null
            ],
            [
              95.299269804000062,
              5.5398128440000391,
              0,
              null
            ],
            [
              95.29929227100007,
              5.5398207840000282,
              0,
              null
            ],
            [
              95.299292900000069,
              5.5398209360000692,
              0,
              null
            ],
            [
              95.299320435000084,
              5.5398275710000462,
              0,
              null
            ],
            [
              95.299353050000036,
              5.5398329130000548,
              0,
              null
            ],
            [
              95.299355284000058,
              5.539833164000072,
              0,
              null
            ],
            [
              95.299370803000045,
              5.5398349050000206,
              0,
              null
            ],
            [
              95.299393471000087,
              5.5398355780000657,
              0,
              null
            ],
            [
              95.299414950000084,
              5.5398362160000261,
              0,
              null
            ],
            [
              95.299432332000038,
              5.5398358550000353,
              0,
              null
            ],
            [
              95.299447055000087,
              5.5398355490000313,
              0,
              null
            ],
            [
              95.299466602000052,
              5.5398343480000563,
              0,
              null
            ],
            [
              95.299499800000035,
              5.5398323070000401,
              0,
              null
            ],
            [
              95.299501131000056,
              5.5398322040000494,
              0,
              null
            ],
            [
              95.299520552000047,
              5.5398306990000492,
              0,
              null
            ],
            [
              95.299533760000031,
              5.5398291380000728,
              0,
              null
            ],
            [
              95.299542699000085,
              5.5398280820000423,
              0,
              null
            ],
            [
              95.299562524000066,
              5.5398254310000539,
              0,
              null
            ],
            [
              95.299569929000086,
              5.5398244420000538,
              0,
              null
            ],
            [
              95.299608438000064,
              5.5398194190000254,
              0,
              null
            ],
            [
              95.299623787000087,
              5.5398174170000516,
              0,
              null
            ],
            [
              95.299639245000037,
              5.5398150460000579,
              0,
              null
            ],
            [
              95.29965492000008,
              5.5398126410000259,
              0,
              null
            ],
            [
              95.299678197000048,
              5.5398097800000414,
              0,
              null
            ],
            [
              95.299719852000067,
              5.5398046600000725,
              0,
              null
            ],
            [
              95.299725869000042,
              5.5398038490000658,
              0,
              null
            ],
            [
              95.299770346000059,
              5.5397978560000638,
              0,
              null
            ],
            [
              95.299805682000056,
              5.5397929010000553,
              0,
              null
            ],
            [
              95.299841303000051,
              5.5397869320000268,
              0,
              null
            ],
            [
              95.29986075000005,
              5.5397837040000582,
              0,
              null
            ],
            [
              95.299891777000084,
              5.5397785520000298,
              0,
              null
            ],
            [
              95.299898110000072,
              5.5397775010000601,
              0,
              null
            ],
            [
              95.299952057000041,
              5.539767682000047,
              0,
              null
            ],
            [
              95.300027076000049,
              5.5397569500000259,
              0,
              null
            ],
            [
              95.300051634000056,
              5.5397533840000506,
              0,
              null
            ],
            [
              95.300078928000062,
              5.5397730560000582,
              0,
              null
            ],
            [
              95.30008330000004,
              5.5397760340000559,
              0,
              null
            ],
            [
              95.300105830000064,
              5.5397913820000326,
              0,
              null
            ],
            [
              95.30011998100008,
              5.5397998970000231,
              0,
              null
            ],
            [
              95.300126102000036,
              5.5398035790000222,
              0,
              null
            ],
            [
              95.300126455000054,
              5.5398037850000605,
              0,
              null
            ],
            [
              95.300143631000083,
              5.5398138200000631,
              0,
              null
            ],
            [
              95.30014755600007,
              5.5398158560000752,
              0,
              null
            ],
            [
              95.300191508000069,
              5.5398386500000356,
              0,
              null
            ],
            [
              95.300216830000068,
              5.5398521740000319,
              0,
              null
            ],
            [
              95.300248985000053,
              5.539866919000076,
              0,
              null
            ],
            [
              95.30027089400005,
              5.5398776170000588,
              0,
              null
            ],
            [
              95.300281410000082,
              5.5398819030000368,
              0,
              null
            ],
            [
              95.300334804000045,
              5.5399036640000645,
              0,
              null
            ],
            [
              95.300399723000055,
              5.5399295170000755,
              0,
              null
            ],
            [
              95.300465128000042,
              5.5399549800000614,
              0,
              null
            ],
            [
              95.300475836000032,
              5.5399594440000328,
              0,
              null
            ],
            [
              95.300534019000054,
              5.5399837010000397,
              0,
              null
            ],
            [
              95.300596901000063,
              5.5400100680000719,
              0,
              null
            ],
            [
              95.300667955000051,
              5.5400430300000494,
              0,
              null
            ],
            [
              95.300711574000047,
              5.5400641870000413,
              0,
              null
            ],
            [
              95.300768878000042,
              5.5400919830000248,
              0,
              null
            ],
            [
              95.300802904000079,
              5.540107416000069,
              0,
              null
            ],
            [
              95.300830233000056,
              5.5401177230000371,
              0,
              null
            ],
            [
              95.300860992000082,
              5.5401258110000526,
              0,
              null
            ],
            [
              95.300910240000064,
              5.5401375430000712,
              0,
              null
            ],
            [
              95.300926237000056,
              5.5401410650000571,
              0,
              null
            ],
            [
              95.300935973000037,
              5.5401432100000534,
              0,
              null
            ],
            [
              95.301008381000031,
              5.5401530160000334,
              0,
              null
            ],
            [
              95.301079443000049,
              5.5401621770000702,
              0,
              null
            ],
            [
              95.301086122000072,
              5.540162973000065,
              0,
              null
            ],
            [
              95.301130997000087,
              5.5401683310000749,
              0,
              null
            ],
            [
              95.301165755000056,
              5.5401724890000423,
              0,
              null
            ],
            [
              95.301255634000086,
              5.5401790370000299,
              0,
              null
            ],
            [
              95.301301555000066,
              5.5401820130000488,
              0,
              null
            ],
            [
              95.301367718000051,
              5.5401910850000604,
              0,
              null
            ],
            [
              95.301389502000063,
              5.5401945160000423,
              0,
              null
            ],
            [
              95.301430589000063,
              5.5402009890000272,
              0,
              null
            ],
            [
              95.301448247000053,
              5.5402037700000619,
              0,
              null
            ],
            [
              95.30152223500005,
              5.5402184150000267,
              0,
              null
            ],
            [
              95.30155957900007,
              5.540226505000021,
              0,
              null
            ],
            [
              95.301569276000066,
              5.540228609000053,
              0,
              null
            ],
            [
              95.301652474000036,
              5.5402432190000468,
              0,
              null
            ],
            [
              95.30172314400005,
              5.5402538180000533,
              0,
              null
            ],
            [
              95.301797394000062,
              5.5402639430000704,
              0,
              null
            ],
            [
              95.301905776000069,
              5.540279837000071,
              0,
              null
            ],
            [
              95.301951356000075,
              5.5402864220000652,
              0,
              null
            ],
            [
              95.301974133000044,
              5.5402897130000497,
              0,
              null
            ],
            [
              95.302086427000063,
              5.5403092890000494,
              0,
              null
            ],
            [
              95.302127067000072,
              5.5403170830000477,
              0,
              null
            ],
            [
              95.302169856000035,
              5.5403252900000552,
              0,
              null
            ],
            [
              95.302254291000054,
              5.5403422990000308,
              0,
              null
            ],
            [
              95.302347163000036,
              5.5403669670000681,
              0,
              null
            ],
            [
              95.302423546000057,
              5.5403853720000598,
              0,
              null
            ],
            [
              95.302458653000087,
              5.540394261000074,
              0,
              null
            ],
            [
              95.302493206000065,
              5.5404030080000553,
              0,
              null
            ],
            [
              95.302510375000054,
              5.5404075890000399,
              0,
              null
            ],
            [
              95.30254930500007,
              5.5404179670000531,
              0,
              null
            ],
            [
              95.302527141000041,
              5.5405066830000465,
              0,
              null
            ],
            [
              95.302503296000054,
              5.5406229030000418,
              0,
              null
            ],
            [
              95.302480815000081,
              5.5407533640000679,
              0,
              null
            ],
            [
              95.302465290000043,
              5.5408443140000259,
              0,
              null
            ],
            [
              95.30242835100006,
              5.5409944730000689,
              0,
              null
            ],
            [
              95.30238415000008,
              5.5411411770000427,
              0,
              null
            ],
            [
              95.302293568000039,
              5.5411187270000255,
              0,
              null
            ],
            [
              95.302248163000058,
              5.5412599690000661,
              0,
              null
            ],
            [
              95.302233756000078,
              5.5415078220000282,
              0,
              null
            ],
            [
              95.30214273200005,
              5.5415064590000611,
              0,
              null
            ],
            [
              95.302133388000073,
              5.541521021000051,
              0,
              null
            ],
            [
              95.30213090500007,
              5.5415458100000592,
              0,
              null
            ],
            [
              95.302118793000034,
              5.5416667580000762,
              0,
              null
            ],
            [
              95.30211362600005,
              5.5417182990000242,
              0,
              null
            ],
            [
              95.302120303000038,
              5.5417279820000545,
              0,
              null
            ],
            [
              95.302132403000087,
              5.5417356360000554,
              0,
              null
            ],
            [
              95.302126564000048,
              5.5417862420000574,
              0,
              null
            ],
            [
              95.302121398000054,
              5.5418080380000561,
              0,
              null
            ],
            [
              95.302031488000068,
              5.5419869040000549,
              0,
              null
            ],
            [
              95.302026444000035,
              5.5420167260000426,
              0,
              null
            ],
            [
              95.302028788000086,
              5.5420256750000476,
              0,
              null
            ],
            [
              95.302107831000058,
              5.5422507430000678,
              0,
              null
            ],
            [
              95.302110164000055,
              5.5422617980000268,
              0,
              null
            ],
            [
              95.302148665000061,
              5.5423767060000273,
              0,
              null
            ],
            [
              95.302172006000035,
              5.5424309590000576,
              0,
              null
            ],
            [
              95.302237883000032,
              5.5425468790000423,
              0,
              null
            ],
            [
              95.302247753000074,
              5.5425642470000298,
              0,
              null
            ],
            [
              95.302253996000047,
              5.542576274000055,
              0,
              null
            ],
            [
              95.302300916000036,
              5.5426666620000447,
              0,
              null
            ],
            [
              95.302314681000041,
              5.542693181000061,
              0,
              null
            ],
            [
              95.302318504000084,
              5.5427005450000593,
              0,
              null
            ],
            [
              95.302328131000081,
              5.5427099450000696,
              0,
              null
            ],
            [
              95.302335891000041,
              5.5427135950000661,
              0,
              null
            ],
            [
              95.302339148000044,
              5.542715127000065,
              0,
              null
            ],
            [
              95.30242060900008,
              5.5427377600000227,
              0,
              null
            ],
            [
              95.302500745000032,
              5.5427627130000587,
              0,
              null
            ],
            [
              95.302558691000058,
              5.542779418000066,
              0,
              null
            ],
            [
              95.302689057000066,
              5.5428102310000327,
              0,
              null
            ],
            [
              95.302700324000057,
              5.5428107850000288,
              0,
              null
            ],
            [
              95.302698595000038,
              5.5428792190000422,
              0,
              null
            ],
            [
              95.302686988000062,
              5.5430895980000514,
              0,
              null
            ],
            [
              95.302677395000046,
              5.5432028700000728,
              0,
              null
            ],
            [
              95.30267140400008,
              5.5433678960000634,
              0,
              null
            ],
            [
              95.302668420000032,
              5.5434893140000554,
              0,
              null
            ],
            [
              95.302661360000059,
              5.5435066960000654,
              0,
              null
            ],
            [
              95.302648915000077,
              5.5435218400000394,
              0,
              null
            ],
            [
              95.302638177000063,
              5.5435256880000452,
              0,
              null
            ],
            [
              95.302541304000044,
              5.5435374000000479,
              0,
              null
            ],
            [
              95.302521561000049,
              5.5435456120000595,
              0,
              null
            ],
            [
              95.302505306000057,
              5.5435600750000731,
              0,
              null
            ],
            [
              95.302494085000035,
              5.5435814690000598,
              0,
              null
            ],
            [
              95.302456766000034,
              5.5436961960000417,
              0,
              null
            ],
            [
              95.302426439000044,
              5.5437711800000216,
              0,
              null
            ],
            [
              95.302422658000069,
              5.5437805290000597,
              0,
              null
            ],
            [
              95.302415773000064,
              5.5438010390000727,
              0,
              null
            ],
            [
              95.302402572000062,
              5.5438801730000478,
              0,
              null
            ],
            [
              95.302390815000081,
              5.5439506500000562,
              0,
              null
            ],
            [
              95.30238606100005,
              5.5439791560000344,
              0,
              null
            ],
            [
              95.302379380000048,
              5.5440106110000329,
              0,
              null
            ],
            [
              95.302370143000076,
              5.5440441270000633,
              0,
              null
            ],
            [
              95.302365297000051,
              5.5440617110000403,
              0,
              null
            ],
            [
              95.302361235000035,
              5.5440940940000587,
              0,
              null
            ],
            [
              95.30235850300005,
              5.5441158770000243,
              0,
              null
            ],
            [
              95.302358171000037,
              5.5441457750000609,
              0,
              null
            ],
            [
              95.302346989000057,
              5.544147444000032,
              0,
              null
            ],
            [
              95.302336382000078,
              5.5441548150000699,
              0,
              null
            ],
            [
              95.302273097000068,
              5.5442146320000347,
              0,
              null
            ],
            [
              95.302216269000041,
              5.5442589670000757,
              0,
              null
            ],
            [
              95.302201765000063,
              5.544266652000033,
              0,
              null
            ],
            [
              95.302182999000081,
              5.5442708110000467,
              0,
              null
            ],
            [
              95.302160848000085,
              5.5442677790000516,
              0,
              null
            ],
            [
              95.302148840000086,
              5.5442633940000405,
              0,
              null
            ],
            [
              95.302062916000068,
              5.5442320210000275,
              0,
              null
            ],
            [
              95.301847787000042,
              5.5441383620000693,
              0,
              null
            ],
            [
              95.301695592000044,
              5.5440760180000552,
              0,
              null
            ],
            [
              95.30166601500008,
              5.5440668090000713,
              0,
              null
            ],
            [
              95.301530817000071,
              5.5440267400000494,
              0,
              null
            ],
            [
              95.301515111000072,
              5.544024433000061,
              0,
              null
            ],
            [
              95.301496976000067,
              5.5440245410000557,
              0,
              null
            ],
            [
              95.301291281000033,
              5.5440251500000386,
              0,
              null
            ],
            [
              95.301265163000039,
              5.5440227200000436,
              0,
              null
            ],
            [
              95.301157166000053,
              5.5440060930000641,
              0,
              null
            ],
            [
              95.30111067100006,
              5.5440010220000318,
              0,
              null
            ],
            [
              95.300984620000065,
              5.5439872750000632,
              0,
              null
            ],
            [
              95.30090627900006,
              5.5439814540000611,
              0,
              null
            ],
            [
              95.30086226700007,
              5.5439790510000648,
              0,
              null
            ],
            [
              95.300803392000034,
              5.543975165000063,
              0,
              null
            ],
            [
              95.300671292000061,
              5.5439662780000276,
              0,
              null
            ],
            [
              95.300662586000044,
              5.5439657020000368,
              0,
              null
            ],
            [
              95.300586053000075,
              5.5439606430000481,
              0,
              null
            ],
            [
              95.300580363000051,
              5.5439602310000282,
              0,
              null
            ],
            [
              95.300576790000036,
              5.5439599720000388,
              0,
              null
            ],
            [
              95.300508027000035,
              5.5439549880000527,
              0,
              null
            ],
            [
              95.300477755000031,
              5.543952794000063,
              0,
              null
            ],
            [
              95.300326092000034,
              5.5439429250000671,
              0,
              null
            ],
            [
              95.300172479000082,
              5.5439331350000316,
              0,
              null
            ],
            [
              95.300131856000064,
              5.5439305460000696,
              0,
              null
            ],
            [
              95.300057361000086,
              5.5439223750000224,
              0,
              null
            ],
            [
              95.300027124000053,
              5.5439186060000338,
              0,
              null
            ],
            [
              95.299979748000055,
              5.543922473000066,
              0,
              null
            ],
            [
              95.29997617500004,
              5.5439227650000475,
              0,
              null
            ],
            [
              95.299973228000056,
              5.5439232340000331,
              0,
              null
            ],
            [
              95.299959228000034,
              5.543925459000036,
              0,
              null
            ],
            [
              95.299936628000069,
              5.5439322810000249,
              0,
              null
            ],
            [
              95.299929925000072,
              5.5439342700000225,
              0,
              null
            ],
            [
              95.299908342000037,
              5.5439406710000299,
              0,
              null
            ],
            [
              95.299874855000041,
              5.543947825000032,
              0,
              null
            ],
            [
              95.299846521000063,
              5.5439508820000469,
              0,
              null
            ],
            [
              95.29982016200006,
              5.543949059000056,
              0,
              null
            ],
            [
              95.299727618000077,
              5.5439276610000547,
              0,
              null
            ],
            [
              95.29972500100007,
              5.5439272230000256,
              0,
              null
            ],
            [
              95.299679583000056,
              5.543919613000071,
              0,
              null
            ],
            [
              95.299651924000045,
              5.5439198020000617,
              0,
              null
            ],
            [
              95.299619352000036,
              5.5439303150000683,
              0,
              null
            ],
            [
              95.299549518000049,
              5.5439864760000432,
              0,
              null
            ],
            [
              95.299496790000035,
              5.5440361800000346,
              0,
              null
            ],
            [
              95.299480912000035,
              5.5440560220000634,
              0,
              null
            ],
            [
              95.299468904000037,
              5.5440493530000481,
              0,
              null
            ],
            [
              95.299450462000038,
              5.5440400090000708,
              0,
              null
            ],
            [
              95.299420812000051,
              5.5440267320000203,
              0,
              null
            ],
            [
              95.299397054000053,
              5.5440170850000641,
              0,
              null
            ],
            [
              95.299384367000073,
              5.5440132450000306,
              0,
              null
            ],
            [
              95.299271776000069,
              5.5439791760000503,
              0,
              null
            ],
            [
              95.299256914000068,
              5.5439746780000405,
              0,
              null
            ],
            [
              95.299251496000068,
              5.5439730390000364,
              0,
              null
            ],
            [
              95.299248025000054,
              5.5439719880000666,
              0,
              null
            ],
            [
              95.299199084000065,
              5.5439676860000304,
              0,
              null
            ],
            [
              95.299176147000082,
              5.5439681510000582,
              0,
              null
            ],
            [
              95.299094471000046,
              5.5439698080000426,
              0,
              null
            ],
            [
              95.299082489000057,
              5.5439700500000413,
              0,
              null
            ],
            [
              95.299065846000076,
              5.5439703880000479,
              0,
              null
            ],
            [
              95.299023684000076,
              5.5439712420000546,
              0,
              null
            ],
            [
              95.299004013000058,
              5.5439716550000639,
              0,
              null
            ],
            [
              95.298968918000071,
              5.543972391000068,
              0,
              null
            ],
            [
              95.298924056000033,
              5.5439733310000747,
              0,
              null
            ],
            [
              95.298847711000064,
              5.543974932000026,
              0,
              null
            ],
            [
              95.298842430000036,
              5.5439750420000564,
              0,
              null
            ],
            [
              95.298815132000072,
              5.5439756140000327,
              0,
              null
            ],
            [
              95.298789280000051,
              5.5439763290000315,
              0,
              null
            ],
            [
              95.298785336000037,
              5.5439764390000619,
              0,
              null
            ],
            [
              95.298781054000074,
              5.5439765570000645,
              0,
              null
            ],
            [
              95.298735381000085,
              5.5439778210000554,
              0,
              null
            ],
            [
              95.298661333000041,
              5.5439798690000544,
              0,
              null
            ],
            [
              95.298653211000044,
              5.5439800930000729,
              0,
              null
            ],
            [
              95.298603676000084,
              5.5439814640000691,
              0,
              null
            ],
            [
              95.298585036000077,
              5.5439819790000229,
              0,
              null
            ],
            [
              95.298573530000056,
              5.5439822980000599,
              0,
              null
            ],
            [
              95.298483626000063,
              5.5439847850000206,
              0,
              null
            ],
            [
              95.298457602000042,
              5.5439844590000575,
              0,
              null
            ],
            [
              95.298430928000073,
              5.5439841250000654,
              0,
              null
            ],
            [
              95.298354416000052,
              5.5439831690000574,
              0,
              null
            ],
            [
              95.298297575000049,
              5.5439824580000732,
              0,
              null
            ],
            [
              95.298108180000042,
              5.5439870130000486,
              0,
              null
            ],
            [
              95.298086409000064,
              5.5439954640000337,
              0,
              null
            ],
            [
              95.298082992000047,
              5.5439970530000551,
              0,
              null
            ],
            [
              95.298078424000039,
              5.5439985260000526,
              0,
              null
            ],
            [
              95.298070104000033,
              5.5440076710000312,
              0,
              null
            ],
            [
              95.298063988000081,
              5.5440143940000439,
              0,
              null
            ],
            [
              95.298052237000036,
              5.5440273090000574,
              0,
              null
            ],
            [
              95.298044144000073,
              5.5440416180000511,
              0,
              null
            ],
            [
              95.298036596000031,
              5.5440549600000395,
              0,
              null
            ],
            [
              95.298027132000072,
              5.544071898000027,
              0,
              null
            ],
            [
              95.298021640000059,
              5.5440818120000586,
              0,
              null
            ],
            [
              95.297953633000077,
              5.5442163780000442,
              0,
              null
            ],
            [
              95.297872901000062,
              5.5443754670000658,
              0,
              null
            ],
            [
              95.297854284000039,
              5.5443948560000536,
              0,
              null
            ],
            [
              95.297831379000058,
              5.5444020680000676,
              0,
              null
            ],
            [
              95.297796818000052,
              5.5444045880000203,
              0,
              null
            ],
            [
              95.297635944000035,
              5.5444063160000496,
              0,
              null
            ],
            [
              95.297595088000037,
              5.5444139140000743,
              0,
              null
            ],
            [
              95.297464772000069,
              5.5444652840000686,
              0,
              null
            ],
            [
              95.29736104300008,
              5.5445565320000583,
              0,
              null
            ],
            [
              95.297341267000036,
              5.5445758950000368,
              0,
              null
            ],
            [
              95.297206225000082,
              5.544708116000038,
              0,
              null
            ],
            [
              95.297192254000038,
              5.5447208670000236,
              0,
              null
            ],
            [
              95.29715882000005,
              5.5447513800000365,
              0,
              null
            ],
            [
              95.29713472800006,
              5.5447733690000405,
              0,
              null
            ],
            [
              95.297090707000052,
              5.5448135450000677,
              0,
              null
            ],
            [
              95.297090667000077,
              5.5448135810000281,
              0,
              null
            ],
            [
              95.297080677000054,
              5.5448226990000649,
              0,
              null
            ],
            [
              95.297040722000077,
              5.5448591640000586,
              0,
              null
            ],
            [
              95.297005956000078,
              5.5448737890000643,
              0,
              null
            ],
            [
              95.296984615000042,
              5.5448703100000216,
              0,
              null
            ]
          ]
        ]
      },
      "properties" : {
        "FID" : 0,
        "OBJECTID" : 20383,
        "KDPPUM" : "11",
        "NAMOBJ" : "Surien",
        "REMARK" : " ",
        "KDPBPS" : " ",
        "FCODE" : "BA03070040",
        "LUASWH" : 0,
        "UUPP" : "RBI",
        "SRS_ID" : "SRGI 2013",
        "METADATA" : "TASWIL1000020200326DATA_BATAS_DESA_KELURAHAN",
        "KDEBPS" : " ",
        "KDEPUM" : "11.71.03.2014",
        "KDCBPS" : " ",
        "KDCPUM" : "11.71.03",
        "KDBBPS" : " ",
        "WADMKD" : "Surien",
        "WIADKD" : "0",
        "WADMKC" : "Meuraxa",
        "WIADKC" : " ",
        "WADMKK" : "Kota Banda Aceh",
        "WIADKK" : " ",
        "WADMPR" : "Aceh",
        "WIADPR" : " ",
        "TIPADM" : 9,
        "KDPKAB" : "11.71",
        "SHAPE_Leng" : 0.039952275136558003,
        "SHAPE_Area" : 5.7368135656e-05
      }
    }
  ]
}