{
  "hasZ" : true,
  "hasM" : true,
  "type" : "FeatureCollection",
  "features" : [
    {
      "type" : "Feature",
      "id" : 0,
      "geometry" : {
        "type" : "Polygon",
        "coordinates" : [
          [
            [
              95.333545738000055,
              5.5470102420000558,
              0,
              null
            ],
            [
              95.333545429000083,
              5.5470098540000663,
              0,
              null
            ],
            [
              95.333521803000053,
              5.546980101000031,
              0,
              null
            ],
            [
              95.333517329000074,
              5.5469549630000756,
              0,
              null
            ],
            [
              95.333518903000083,
              5.5469047340000657,
              0,
              null
            ],
            [
              95.333333305000053,
              5.5468860940000582,
              0,
              null
            ],
            [
              95.333238517000041,
              5.5468840840000553,
              0,
              null
            ],
            [
              95.333067293000056,
              5.5468847600000686,
              0,
              null
            ],
            [
              95.333054006000054,
              5.5469048020000287,
              0,
              null
            ],
            [
              95.333031434000077,
              5.5469919450000589,
              0,
              null
            ],
            [
              95.333015252000052,
              5.5470044450000273,
              0,
              null
            ],
            [
              95.33298951200004,
              5.5470141120000562,
              0,
              null
            ],
            [
              95.332635046000064,
              5.5470710520000353,
              0,
              null
            ],
            [
              95.332605554000054,
              5.5470931150000524,
              0,
              null
            ],
            [
              95.332567950000055,
              5.547126745000071,
              0,
              null
            ],
            [
              95.33255556000006,
              5.5471325340000703,
              0,
              null
            ],
            [
              95.332519302000037,
              5.547138417000042,
              0,
              null
            ],
            [
              95.332308277000038,
              5.5471325530000399,
              0,
              null
            ],
            [
              95.332268189000047,
              5.5471355810000205,
              0,
              null
            ],
            [
              95.33204095800005,
              5.5471895580000705,
              0,
              null
            ],
            [
              95.331905943000038,
              5.5472091770000702,
              0,
              null
            ],
            [
              95.33186177400006,
              5.5472156290000498,
              0,
              null
            ],
            [
              95.331851722000067,
              5.5472084930000278,
              0,
              null
            ],
            [
              95.331791663000047,
              5.5468672110000625,
              0,
              null
            ],
            [
              95.331780070000036,
              5.5468328180000412,
              0,
              null
            ],
            [
              95.33175275900004,
              5.5468070960000659,
              0,
              null
            ],
            [
              95.331605087000071,
              5.5467863850000754,
              0,
              null
            ],
            [
              95.331551291000039,
              5.5467876640000213,
              0,
              null
            ],
            [
              95.331464114000084,
              5.5467886620000399,
              0,
              null
            ],
            [
              95.331457365000063,
              5.5467887400000677,
              0,
              null
            ],
            [
              95.331305703000055,
              5.546790015000056,
              0,
              null
            ],
            [
              95.33125762800006,
              5.5467922750000298,
              0,
              null
            ],
            [
              95.331213054000045,
              5.546799429000032,
              0,
              null
            ],
            [
              95.331173111000055,
              5.5468075950000753,
              0,
              null
            ],
            [
              95.331135244000052,
              5.546815337000055,
              0,
              null
            ],
            [
              95.331113440000081,
              5.5468196900000635,
              0,
              null
            ],
            [
              95.331044259000066,
              5.5468334990000585,
              0,
              null
            ],
            [
              95.331035141000086,
              5.5468353190000244,
              0,
              null
            ],
            [
              95.331001535000041,
              5.5468425870000715,
              0,
              null
            ],
            [
              95.330994614000076,
              5.5468440840000426,
              0,
              null
            ],
            [
              95.330941334000045,
              5.546855608000044,
              0,
              null
            ],
            [
              95.330934758000069,
              5.5468570300000692,
              0,
              null
            ],
            [
              95.33092177900005,
              5.5468598370000564,
              0,
              null
            ],
            [
              95.330904443000065,
              5.5467119670000216,
              0,
              null
            ],
            [
              95.330897580000055,
              5.5466406990000223,
              0,
              null
            ],
            [
              95.330893096000068,
              5.5465941320000525,
              0,
              null
            ],
            [
              95.33089190700008,
              5.5465817800000536,
              0,
              null
            ],
            [
              95.33088316900006,
              5.5464910360000204,
              0,
              null
            ],
            [
              95.330876198000055,
              5.546395288000042,
              0,
              null
            ],
            [
              95.330872301000056,
              5.5463417410000488,
              0,
              null
            ],
            [
              95.330865585000083,
              5.546249491000026,
              0,
              null
            ],
            [
              95.330862092000075,
              5.5462079950000316,
              0,
              null
            ],
            [
              95.330857391000052,
              5.5461521490000223,
              0,
              null
            ],
            [
              95.330855536000058,
              5.5461301070000673,
              0,
              null
            ],
            [
              95.330849433000083,
              5.5459957510000208,
              0,
              null
            ],
            [
              95.330848672000059,
              5.5459776180000517,
              0,
              null
            ],
            [
              95.330837182000039,
              5.5459779180000623,
              0,
              null
            ],
            [
              95.330701355000087,
              5.5459814610000535,
              0,
              null
            ],
            [
              95.330613094000057,
              5.5459825320000391,
              0,
              null
            ],
            [
              95.330534354000065,
              5.5459821830000351,
              0,
              null
            ],
            [
              95.330411904000073,
              5.5459812730000522,
              0,
              null
            ],
            [
              95.330280751000032,
              5.5459803410000745,
              0,
              null
            ],
            [
              95.330280451000078,
              5.5459803660000375,
              0,
              null
            ],
            [
              95.330253663000065,
              5.5459825930000761,
              0,
              null
            ],
            [
              95.330170406000036,
              5.5459789680000426,
              0,
              null
            ],
            [
              95.329814268000064,
              5.5459846050000579,
              0,
              null
            ],
            [
              95.329573855000035,
              5.54599014300004,
              0,
              null
            ],
            [
              95.329421811000032,
              5.5460003680000227,
              0,
              null
            ],
            [
              95.329416798000068,
              5.5459757540000396,
              0,
              null
            ],
            [
              95.329401658000052,
              5.5459222660000478,
              0,
              null
            ],
            [
              95.329395967000039,
              5.5459091840000383,
              0,
              null
            ],
            [
              95.329385117000072,
              5.5458842490000393,
              0,
              null
            ],
            [
              95.329363879000084,
              5.5458491530000629,
              0,
              null
            ],
            [
              95.329326264000031,
              5.5457950390000406,
              0,
              null
            ],
            [
              95.329322213000069,
              5.5457906080000612,
              0,
              null
            ],
            [
              95.329268342000034,
              5.5457316780000383,
              0,
              null
            ],
            [
              95.329243543000075,
              5.5457107770000675,
              0,
              null
            ],
            [
              95.329099295000049,
              5.5458019140000374,
              0,
              null
            ],
            [
              95.329076367000084,
              5.5457571120000466,
              0,
              null
            ],
            [
              95.329036537000036,
              5.5457038290000469,
              0,
              null
            ],
            [
              95.328956170000083,
              5.5456301150000513,
              0,
              null
            ],
            [
              95.328783127000065,
              5.5454713970000284,
              0,
              null
            ],
            [
              95.328660563000085,
              5.5453590860000759,
              0,
              null
            ],
            [
              95.328656318000071,
              5.5453551960000595,
              0,
              null
            ],
            [
              95.328647730000057,
              5.5453473270000586,
              0,
              null
            ],
            [
              95.32868712700008,
              5.5453044750000231,
              0,
              null
            ],
            [
              95.328710999000066,
              5.5452785100000597,
              0,
              null
            ],
            [
              95.328749851000055,
              5.5452311950000421,
              0,
              null
            ],
            [
              95.328758682000057,
              5.5452218570000582,
              0,
              null
            ],
            [
              95.328828342000065,
              5.545130461000042,
              0,
              null
            ],
            [
              95.328880667000078,
              5.545083021000039,
              0,
              null
            ],
            [
              95.328969507000068,
              5.5450647340000501,
              0,
              null
            ],
            [
              95.329027242000052,
              5.5450623880000762,
              0,
              null
            ],
            [
              95.329054726000038,
              5.5450712480000561,
              0,
              null
            ],
            [
              95.329100156000038,
              5.5450913980000678,
              0,
              null
            ],
            [
              95.329124970000066,
              5.5451038560000256,
              0,
              null
            ],
            [
              95.329132132000041,
              5.5451044250000336,
              0,
              null
            ],
            [
              95.329190005000044,
              5.5451018060000479,
              0,
              null
            ],
            [
              95.329194172000086,
              5.5450993980000476,
              0,
              null
            ],
            [
              95.329199117000087,
              5.5450914360000638,
              0,
              null
            ],
            [
              95.329176052000037,
              5.5448916160000294,
              0,
              null
            ],
            [
              95.329177916000049,
              5.5448801290000347,
              0,
              null
            ],
            [
              95.329186486000083,
              5.5448743560000366,
              0,
              null
            ],
            [
              95.329206610000085,
              5.544872549000047,
              0,
              null
            ],
            [
              95.329616058000056,
              5.5448564010000609,
              0,
              null
            ],
            [
              95.329632274000062,
              5.5448525110000446,
              0,
              null
            ],
            [
              95.329638923000061,
              5.5448438750000264,
              0,
              null
            ],
            [
              95.329646235000041,
              5.5447950290000563,
              0,
              null
            ],
            [
              95.329649228000051,
              5.5445501460000628,
              0,
              null
            ],
            [
              95.329669934000037,
              5.5440995070000554,
              0,
              null
            ],
            [
              95.329719002000047,
              5.5440107700000567,
              0,
              null
            ],
            [
              95.329811329000052,
              5.54381668700006,
              0,
              null
            ],
            [
              95.329813585000068,
              5.5437831960000494,
              0,
              null
            ],
            [
              95.329787484000065,
              5.543214100000057,
              0,
              null
            ],
            [
              95.329786527000067,
              5.5425439990000314,
              0,
              null
            ],
            [
              95.329795138000065,
              5.5425487470000689,
              0,
              null
            ],
            [
              95.329860153000084,
              5.5425550210000551,
              0,
              null
            ],
            [
              95.329991668000048,
              5.5425560850000579,
              0,
              null
            ],
            [
              95.33000239200004,
              5.5425517380000429,
              0,
              null
            ],
            [
              95.330042356000035,
              5.5425171420000652,
              0,
              null
            ],
            [
              95.330188023000062,
              5.5424125340000501,
              0,
              null
            ],
            [
              95.330375227000047,
              5.5423091970000655,
              0,
              null
            ],
            [
              95.330483214000083,
              5.542273615000056,
              0,
              null
            ],
            [
              95.330619075000072,
              5.5422250100000383,
              0,
              null
            ],
            [
              95.330674119000037,
              5.5422011160000579,
              0,
              null
            ],
            [
              95.330765546000066,
              5.542171647000032,
              0,
              null
            ],
            [
              95.330788580000046,
              5.54217103000002,
              0,
              null
            ],
            [
              95.330797364000034,
              5.5421707960000504,
              0,
              null
            ],
            [
              95.330963626000084,
              5.542166347000034,
              0,
              null
            ],
            [
              95.331073595000078,
              5.5421634030000746,
              0,
              null
            ],
            [
              95.331096934000072,
              5.542162779000023,
              0,
              null
            ],
            [
              95.33110418800004,
              5.5421625850000282,
              0,
              null
            ],
            [
              95.331155630000069,
              5.5421584900000767,
              0,
              null
            ],
            [
              95.331338488000085,
              5.5421439360000591,
              0,
              null
            ],
            [
              95.331376533000082,
              5.5421394190000228,
              0,
              null
            ],
            [
              95.331392419000053,
              5.5421375320000266,
              0,
              null
            ],
            [
              95.331412098000044,
              5.5421321140000259,
              0,
              null
            ],
            [
              95.331451345000062,
              5.5421213090000379,
              0,
              null
            ],
            [
              95.331493358000046,
              5.5421029490000251,
              0,
              null
            ],
            [
              95.33154436600006,
              5.5420741430000362,
              0,
              null
            ],
            [
              95.331544809000036,
              5.5420738930000653,
              0,
              null
            ],
            [
              95.331556917000057,
              5.5420558750000737,
              0,
              null
            ],
            [
              95.331596800000057,
              5.5419684920000236,
              0,
              null
            ],
            [
              95.331619419000049,
              5.541911601000038,
              0,
              null
            ],
            [
              95.331632421000052,
              5.5418823540000517,
              0,
              null
            ],
            [
              95.331647734000057,
              5.5418627420000348,
              0,
              null
            ],
            [
              95.331666609000081,
              5.5418493710000689,
              0,
              null
            ],
            [
              95.331713962000038,
              5.5418265510000424,
              0,
              null
            ],
            [
              95.33172144200006,
              5.5418233300000566,
              0,
              null
            ],
            [
              95.33173301000005,
              5.5418183490000388,
              0,
              null
            ],
            [
              95.331769145000067,
              5.5418126480000751,
              0,
              null
            ],
            [
              95.331905821000078,
              5.5417985130000602,
              0,
              null
            ],
            [
              95.331923270000061,
              5.5417967090000388,
              0,
              null
            ],
            [
              95.331951598000046,
              5.5417937790000451,
              0,
              null
            ],
            [
              95.332012657000064,
              5.5417898680000235,
              0,
              null
            ],
            [
              95.332047189000036,
              5.5417872010000337,
              0,
              null
            ],
            [
              95.332071748000033,
              5.5417880990000299,
              0,
              null
            ],
            [
              95.33208634600004,
              5.5417907800000421,
              0,
              null
            ],
            [
              95.332237993000035,
              5.541864113000031,
              0,
              null
            ],
            [
              95.332265756000083,
              5.5418790980000381,
              0,
              null
            ],
            [
              95.33228272000008,
              5.541895701000044,
              0,
              null
            ],
            [
              95.332318254000086,
              5.5419304780000402,
              0,
              null
            ],
            [
              95.332341218000067,
              5.5419501010000545,
              0,
              null
            ],
            [
              95.332372363000047,
              5.5419670440000459,
              0,
              null
            ],
            [
              95.33239211700004,
              5.5419754360000297,
              0,
              null
            ],
            [
              95.332417931000066,
              5.5419811470000582,
              0,
              null
            ],
            [
              95.33246727900007,
              5.5419887890000723,
              0,
              null
            ],
            [
              95.332687768000085,
              5.5420229370000698,
              0,
              null
            ],
            [
              95.33285473400008,
              5.5420488750000345,
              0,
              null
            ],
            [
              95.332933766000053,
              5.5420611520000307,
              0,
              null
            ],
            [
              95.333027126000047,
              5.5420808140000304,
              0,
              null
            ],
            [
              95.333101610000085,
              5.5420965020000494,
              0,
              null
            ],
            [
              95.333233999000072,
              5.5422016870000448,
              0,
              null
            ],
            [
              95.333245994000038,
              5.5422109090000617,
              0,
              null
            ],
            [
              95.333254229000033,
              5.5422128650000673,
              0,
              null
            ],
            [
              95.333298082000056,
              5.5422427920000246,
              0,
              null
            ],
            [
              95.333319896000035,
              5.5422575490000554,
              0,
              null
            ],
            [
              95.333333329000084,
              5.542264398000043,
              0,
              null
            ],
            [
              95.333357463000084,
              5.542276700000059,
              0,
              null
            ],
            [
              95.333377933000065,
              5.5422883700000511,
              0,
              null
            ],
            [
              95.333388882000065,
              5.5422943920000307,
              0,
              null
            ],
            [
              95.333400945000051,
              5.5422993610000617,
              0,
              null
            ],
            [
              95.333431895000047,
              5.5423127070000646,
              0,
              null
            ],
            [
              95.333465469000032,
              5.5423278510000387,
              0,
              null
            ],
            [
              95.333483558000069,
              5.5423334710000631,
              0,
              null
            ],
            [
              95.333498274000078,
              5.5423380440000756,
              0,
              null
            ],
            [
              95.333513553000046,
              5.5423419430000536,
              0,
              null
            ],
            [
              95.333534073000067,
              5.542347846000041,
              0,
              null
            ],
            [
              95.333551545000034,
              5.5423532070000761,
              0,
              null
            ],
            [
              95.333576912000069,
              5.5423609910000664,
              0,
              null
            ],
            [
              95.333593395000037,
              5.5423681120000765,
              0,
              null
            ],
            [
              95.333613786000058,
              5.5423780650000367,
              0,
              null
            ],
            [
              95.333629759000075,
              5.542386390000047,
              0,
              null
            ],
            [
              95.333637941000063,
              5.5423931740000398,
              0,
              null
            ],
            [
              95.333643437000035,
              5.5424027420000357,
              0,
              null
            ],
            [
              95.333705024000039,
              5.5424345970000672,
              0,
              null
            ],
            [
              95.333776221000051,
              5.5424855320000574,
              0,
              null
            ],
            [
              95.333784784000045,
              5.542493261000061,
              0,
              null
            ],
            [
              95.33378723900006,
              5.542495476000056,
              0,
              null
            ],
            [
              95.333814627000038,
              5.5425089450000655,
              0,
              null
            ],
            [
              95.333832802000074,
              5.5425150560000702,
              0,
              null
            ],
            [
              95.333848989000046,
              5.5425227750000658,
              0,
              null
            ],
            [
              95.333876573000055,
              5.5425358450000317,
              0,
              null
            ],
            [
              95.333886566000047,
              5.5425395930000718,
              0,
              null
            ],
            [
              95.333895779000045,
              5.5425495450000426,
              0,
              null
            ],
            [
              95.33389982500006,
              5.5425621200000705,
              0,
              null
            ],
            [
              95.333898085000044,
              5.5425739140000587,
              0,
              null
            ],
            [
              95.333883965000041,
              5.5425825750000399,
              0,
              null
            ],
            [
              95.333870239000078,
              5.5425906280000277,
              0,
              null
            ],
            [
              95.333855324000069,
              5.5426012810000316,
              0,
              null
            ],
            [
              95.333844814000031,
              5.5426151250000544,
              0,
              null
            ],
            [
              95.333839893000061,
              5.542629932000068,
              0,
              null
            ],
            [
              95.333840228000042,
              5.5426469790000397,
              0,
              null
            ],
            [
              95.33384041100004,
              5.5426563060000262,
              0,
              null
            ],
            [
              95.333845117000067,
              5.5426830710000559,
              0,
              null
            ],
            [
              95.333855801000084,
              5.5427066020000666,
              0,
              null
            ],
            [
              95.33386783800006,
              5.5427235300000461,
              0,
              null
            ],
            [
              95.334121223000068,
              5.5427450920000751,
              0,
              null
            ],
            [
              95.334134777000031,
              5.5427457170000594,
              0,
              null
            ],
            [
              95.334542667000051,
              5.5429084780000721,
              0,
              null
            ],
            [
              95.334750812000038,
              5.5429621360000283,
              0,
              null
            ],
            [
              95.334807505000072,
              5.5434187060000681,
              0,
              null
            ],
            [
              95.335053464000055,
              5.5434464340000318,
              0,
              null
            ],
            [
              95.335056505000068,
              5.543612936000045,
              0,
              null
            ],
            [
              95.335190424000075,
              5.5436260050000215,
              0,
              null
            ],
            [
              95.335436622000032,
              5.5436420240000643,
              0,
              null
            ],
            [
              95.335619933000032,
              5.5436431480000579,
              0,
              null
            ],
            [
              95.335746775000075,
              5.54364847100004,
              0,
              null
            ],
            [
              95.335809827000048,
              5.5436845370000469,
              0,
              null
            ],
            [
              95.335846405000041,
              5.5437020160000543,
              0,
              null
            ],
            [
              95.335846876000062,
              5.5437022410000623,
              0,
              null
            ],
            [
              95.335472892000041,
              5.5444633540000723,
              0,
              null
            ],
            [
              95.335398861000044,
              5.544611805000045,
              0,
              null
            ],
            [
              95.335362106000048,
              5.5446853400000577,
              0,
              null
            ],
            [
              95.335357412000064,
              5.5446947310000496,
              0,
              null
            ],
            [
              95.335316089000059,
              5.5447776460000568,
              0,
              null
            ],
            [
              95.335160889000065,
              5.5450878310000462,
              0,
              null
            ],
            [
              95.335142399000063,
              5.5451252540000269,
              0,
              null
            ],
            [
              95.33514193600007,
              5.5451261870000508,
              0,
              null
            ],
            [
              95.334790313000042,
              5.5458378370000219,
              0,
              null
            ],
            [
              95.33428017600005,
              5.5468597070000669,
              0,
              null
            ],
            [
              95.334142206000081,
              5.5471372480000696,
              0,
              null
            ],
            [
              95.334103435000031,
              5.5471192080000264,
              0,
              null
            ],
            [
              95.334035532000087,
              5.5470866500000398,
              0,
              null
            ],
            [
              95.334025340000039,
              5.5470818010000471,
              0,
              null
            ],
            [
              95.334025269000051,
              5.5470817750000379,
              0,
              null
            ],
            [
              95.334013063000043,
              5.5470772300000704,
              0,
              null
            ],
            [
              95.333954687000073,
              5.5470568970000613,
              0,
              null
            ],
            [
              95.333906814000045,
              5.5470393600000421,
              0,
              null
            ],
            [
              95.333870475000083,
              5.5470276530000433,
              0,
              null
            ],
            [
              95.333828886000049,
              5.5470135630000641,
              0,
              null
            ],
            [
              95.333814200000063,
              5.547006796000062,
              0,
              null
            ],
            [
              95.333797700000048,
              5.5470412280000687,
              0,
              null
            ],
            [
              95.333760101000053,
              5.5470339710000758,
              0,
              null
            ],
            [
              95.333677474000069,
              5.5470164830000499,
              0,
              null
            ],
            [
              95.333657119000065,
              5.5470129750000297,
              0,
              null
            ],
            [
              95.333577784000056,
              5.5470016640000495,
              0,
              null
            ],
            [
              95.333561833000033,
              5.5470012660000521,
              0,
              null
            ],
            [
              95.333554555000035,
              5.5470018190000587,
              0,
              null
            ],
            [
              95.333545738000055,
              5.5470102420000558,
              0,
              null
            ]
          ]
        ]
      },
      "properties" : {
        "FID" : 0,
        "OBJECTID" : 3321,
        "KDPPUM" : "11",
        "NAMOBJ" : "Blang Cut",
        "REMARK" : " ",
        "KDPBPS" : " ",
        "FCODE" : "BA03070040",
        "LUASWH" : 0,
        "UUPP" : "RBI",
        "SRS_ID" : "SRGI 2013",
        "METADATA" : "TASWIL1000020200326DATA_BATAS_DESA_KELURAHAN",
        "KDEBPS" : " ",
        "KDEPUM" : "11.71.05.2004",
        "KDCBPS" : " ",
        "KDCPUM" : "11.71.05",
        "KDBBPS" : " ",
        "WADMKD" : "Blang Cut",
        "WIADKD" : "0",
        "WADMKC" : "Lueng Bata",
        "WIADKC" : " ",
        "WADMKK" : "Kota Banda Aceh",
        "WIADKK" : " ",
        "WADMPR" : "Aceh",
        "WIADPR" : " ",
        "TIPADM" : 9,
        "KDPKAB" : "11.71",
        "SHAPE_Leng" : 0.022202887237861998,
        "SHAPE_Area" : 2.4332659768999999e-05
      }
    }
  ]
}