{
  "hasZ" : true,
  "hasM" : true,
  "type" : "FeatureCollection",
  "features" : [
    {
      "type" : "Feature",
      "id" : 0,
      "geometry" : {
        "type" : "Polygon",
        "coordinates" : [
          [
            [
              95.31107514100006,
              5.5491975050000519,
              0,
              null
            ],
            [
              95.311016340000037,
              5.5492097500000455,
              0,
              null
            ],
            [
              95.310997216000032,
              5.5492134980000287,
              0,
              null
            ],
            [
              95.31077382400008,
              5.5492572740000696,
              0,
              null
            ],
            [
              95.310562277000031,
              5.5493022920000499,
              0,
              null
            ],
            [
              95.310464788000047,
              5.5493232540000577,
              0,
              null
            ],
            [
              95.310300312000038,
              5.5493597360000422,
              0,
              null
            ],
            [
              95.310012672000084,
              5.5494388630000344,
              0,
              null
            ],
            [
              95.309668207000072,
              5.5495540510000296,
              0,
              null
            ],
            [
              95.309465597000042,
              5.5496265910000488,
              0,
              null
            ],
            [
              95.30919506400005,
              5.5497257050000712,
              0,
              null
            ],
            [
              95.308954325000059,
              5.5498139400000355,
              0,
              null
            ],
            [
              95.308725497000069,
              5.5498961500000519,
              0,
              null
            ],
            [
              95.308515751000073,
              5.5499746970000388,
              0,
              null
            ],
            [
              95.308235702000047,
              5.5500822180000569,
              0,
              null
            ],
            [
              95.307973503000085,
              5.5501765160000218,
              0,
              null
            ],
            [
              95.307655295000075,
              5.5502925570000343,
              0,
              null
            ],
            [
              95.307291815000042,
              5.5504291030000559,
              0,
              null
            ],
            [
              95.307065047000037,
              5.5505042300000582,
              0,
              null
            ],
            [
              95.306569749000062,
              5.5506568060000632,
              0,
              null
            ],
            [
              95.306215939000083,
              5.5507634190000203,
              0,
              null
            ],
            [
              95.305908856000087,
              5.5508554990000221,
              0,
              null
            ],
            [
              95.305490201000055,
              5.5509834110000611,
              0,
              null
            ],
            [
              95.305020985000056,
              5.5511220430000208,
              0,
              null
            ],
            [
              95.304478859000085,
              5.5512822450000385,
              0,
              null
            ],
            [
              95.304464866000046,
              5.5512341230000288,
              0,
              null
            ],
            [
              95.30445185700006,
              5.5511955730000295,
              0,
              null
            ],
            [
              95.304443869000067,
              5.5511688450000634,
              0,
              null
            ],
            [
              95.304437080000071,
              5.5511461320000421,
              0,
              null
            ],
            [
              95.304421078000075,
              5.5510925960000463,
              0,
              null
            ],
            [
              95.304411241000082,
              5.5510622400000216,
              0,
              null
            ],
            [
              95.304384619000075,
              5.5509800810000343,
              0,
              null
            ],
            [
              95.304380536000053,
              5.5509674800000539,
              0,
              null
            ],
            [
              95.304341678000071,
              5.5508565910000698,
              0,
              null
            ],
            [
              95.304340761000049,
              5.5508539750000523,
              0,
              null
            ],
            [
              95.304325892000065,
              5.5508112660000393,
              0,
              null
            ],
            [
              95.304321715000071,
              5.5507992650000233,
              0,
              null
            ],
            [
              95.30429900300004,
              5.5507340250000539,
              0,
              null
            ],
            [
              95.304263306000053,
              5.5506323230000589,
              0,
              null
            ],
            [
              95.304253067000047,
              5.5506031530000541,
              0,
              null
            ],
            [
              95.304244407000056,
              5.5505782350000459,
              0,
              null
            ],
            [
              95.304241482000066,
              5.5505698180000422,
              0,
              null
            ],
            [
              95.304225247000034,
              5.5505061540000611,
              0,
              null
            ],
            [
              95.304225075000033,
              5.5505054780000478,
              0,
              null
            ],
            [
              95.304222698000046,
              5.5504918520000501,
              0,
              null
            ],
            [
              95.30421775800005,
              5.550463528000023,
              0,
              null
            ],
            [
              95.304202642000064,
              5.5503508860000466,
              0,
              null
            ],
            [
              95.304200600000058,
              5.5503059960000201,
              0,
              null
            ],
            [
              95.304201234000061,
              5.5502021680000553,
              0,
              null
            ],
            [
              95.304201832000047,
              5.5501977620000389,
              0,
              null
            ],
            [
              95.304205330000059,
              5.5501719520000279,
              0,
              null
            ],
            [
              95.304210067000042,
              5.5501429350000535,
              0,
              null
            ],
            [
              95.304211549000058,
              5.5501338600000736,
              0,
              null
            ],
            [
              95.304213772000082,
              5.5501202370000442,
              0,
              null
            ],
            [
              95.304224866000084,
              5.5500522780000665,
              0,
              null
            ],
            [
              95.304229531000033,
              5.5500295890000757,
              0,
              null
            ],
            [
              95.304230435000079,
              5.5500251930000672,
              0,
              null
            ],
            [
              95.304245876000039,
              5.5499659170000655,
              0,
              null
            ],
            [
              95.304258903000061,
              5.5498943570000279,
              0,
              null
            ],
            [
              95.304259222000042,
              5.549892605000025,
              0,
              null
            ],
            [
              95.30426181100006,
              5.5498783820000313,
              0,
              null
            ],
            [
              95.304278679000049,
              5.5497791660000644,
              0,
              null
            ],
            [
              95.304279289000078,
              5.5497755750000692,
              0,
              null
            ],
            [
              95.304290132000062,
              5.5497118050000722,
              0,
              null
            ],
            [
              95.304294092000077,
              5.5496939560000556,
              0,
              null
            ],
            [
              95.304310844000042,
              5.549618439000028,
              0,
              null
            ],
            [
              95.304319126000053,
              5.5495752410000705,
              0,
              null
            ],
            [
              95.304334444000062,
              5.5494953500000292,
              0,
              null
            ],
            [
              95.304336444000057,
              5.5494878240000389,
              0,
              null
            ],
            [
              95.304338428000051,
              5.5494803570000499,
              0,
              null
            ],
            [
              95.304357530000061,
              5.5494535540000243,
              0,
              null
            ],
            [
              95.304379306000044,
              5.5494338510000603,
              0,
              null
            ],
            [
              95.304371378000042,
              5.5494243640000605,
              0,
              null
            ],
            [
              95.304363970000054,
              5.5494154980000303,
              0,
              null
            ],
            [
              95.304356924000047,
              5.549407426000073,
              0,
              null
            ],
            [
              95.304356417000065,
              5.5494068450000213,
              0,
              null
            ],
            [
              95.304351238000038,
              5.5494009130000563,
              0,
              null
            ],
            [
              95.304339853000045,
              5.5493893300000536,
              0,
              null
            ],
            [
              95.30432301500008,
              5.5493721970000252,
              0,
              null
            ],
            [
              95.304319743000065,
              5.5493693180000605,
              0,
              null
            ],
            [
              95.304305843000066,
              5.5493570870000326,
              0,
              null
            ],
            [
              95.304287456000054,
              5.5493429310000693,
              0,
              null
            ],
            [
              95.304260794000072,
              5.5493259240000725,
              0,
              null
            ],
            [
              95.304242751000061,
              5.5493141800000672,
              0,
              null
            ],
            [
              95.304214989000059,
              5.5492996900000549,
              0,
              null
            ],
            [
              95.304197095000063,
              5.5492918960000566,
              0,
              null
            ],
            [
              95.304189234000035,
              5.5492884730000469,
              0,
              null
            ],
            [
              95.304165095000087,
              5.549279398000067,
              0,
              null
            ],
            [
              95.304159275000075,
              5.5492772090000244,
              0,
              null
            ],
            [
              95.304105177000054,
              5.5492621080000504,
              0,
              null
            ],
            [
              95.304082267000069,
              5.5492562220000536,
              0,
              null
            ],
            [
              95.304039762000059,
              5.5492482170000699,
              0,
              null
            ],
            [
              95.304025403000082,
              5.5492460750000419,
              0,
              null
            ],
            [
              95.304010344000062,
              5.5492438300000231,
              0,
              null
            ],
            [
              95.30396660100007,
              5.5492399140000543,
              0,
              null
            ],
            [
              95.303949408000051,
              5.5492383640000753,
              0,
              null
            ],
            [
              95.303928288000066,
              5.5492364610000209,
              0,
              null
            ],
            [
              95.303917091000073,
              5.5492354520000617,
              0,
              null
            ],
            [
              95.303822643000046,
              5.5492258590000461,
              0,
              null
            ],
            [
              95.303792986000076,
              5.5492233570000735,
              0,
              null
            ],
            [
              95.303787114000045,
              5.5492228620000219,
              0,
              null
            ],
            [
              95.303783829000054,
              5.5492225850000523,
              0,
              null
            ],
            [
              95.303768337000065,
              5.5492199060000758,
              0,
              null
            ],
            [
              95.303706301000034,
              5.5492048440000303,
              0,
              null
            ],
            [
              95.30368456900004,
              5.5492005360000576,
              0,
              null
            ],
            [
              95.30363720400004,
              5.549189904000059,
              0,
              null
            ],
            [
              95.303613282000072,
              5.5491845340000623,
              0,
              null
            ],
            [
              95.303603783000085,
              5.5491821580000646,
              0,
              null
            ],
            [
              95.303539612000066,
              5.5491661010000257,
              0,
              null
            ],
            [
              95.303465989000074,
              5.5491484540000329,
              0,
              null
            ],
            [
              95.303431733000082,
              5.549140244000057,
              0,
              null
            ],
            [
              95.303405463000047,
              5.5491339470000298,
              0,
              null
            ],
            [
              95.303364160000058,
              5.5491264340000725,
              0,
              null
            ],
            [
              95.303348046000053,
              5.5491260360000751,
              0,
              null
            ],
            [
              95.303326625000068,
              5.5491274030000568,
              0,
              null
            ],
            [
              95.303306968000072,
              5.5491322700000296,
              0,
              null
            ],
            [
              95.303304599000057,
              5.5491331200000218,
              0,
              null
            ],
            [
              95.303299351000078,
              5.5491350020000709,
              0,
              null
            ],
            [
              95.303284491000056,
              5.5491088140000215,
              0,
              null
            ],
            [
              95.30325778100007,
              5.5490576620000525,
              0,
              null
            ],
            [
              95.303250044000038,
              5.5490425060000348,
              0,
              null
            ],
            [
              95.303239745000042,
              5.5490223350000747,
              0,
              null
            ],
            [
              95.303221186000087,
              5.5489822270000673,
              0,
              null
            ],
            [
              95.303219032000072,
              5.5489769550000574,
              0,
              null
            ],
            [
              95.30321196400007,
              5.5489596440000355,
              0,
              null
            ],
            [
              95.303175918000079,
              5.5488713750000329,
              0,
              null
            ],
            [
              95.303156259000048,
              5.5487952470000437,
              0,
              null
            ],
            [
              95.303152605000037,
              5.548781100000042,
              0,
              null
            ],
            [
              95.303132271000038,
              5.5487023560000353,
              0,
              null
            ],
            [
              95.303120131000071,
              5.5486821930000474,
              0,
              null
            ],
            [
              95.303111117000071,
              5.5486693740000419,
              0,
              null
            ],
            [
              95.303092508000077,
              5.548653646000048,
              0,
              null
            ],
            [
              95.303072392000047,
              5.5486449560000324,
              0,
              null
            ],
            [
              95.303398901000037,
              5.5485717620000514,
              0,
              null
            ],
            [
              95.303365265000082,
              5.548249750000025,
              0,
              null
            ],
            [
              95.303343709000046,
              5.5479084150000517,
              0,
              null
            ],
            [
              95.303247759000044,
              5.5479215700000282,
              0,
              null
            ],
            [
              95.303229888000033,
              5.5479237250000324,
              0,
              null
            ],
            [
              95.303180006000048,
              5.5479255920000696,
              0,
              null
            ],
            [
              95.303077587000075,
              5.547926253000071,
              0,
              null
            ],
            [
              95.302970545000051,
              5.5479284330000382,
              0,
              null
            ],
            [
              95.302928156000064,
              5.5479290680000304,
              0,
              null
            ],
            [
              95.302873002000069,
              5.5479278270000236,
              0,
              null
            ],
            [
              95.302851812000085,
              5.5479281450000713,
              0,
              null
            ],
            [
              95.302825832000053,
              5.5479288520000409,
              0,
              null
            ],
            [
              95.302788800000087,
              5.5479314550000254,
              0,
              null
            ],
            [
              95.302775052000072,
              5.5479341020000561,
              0,
              null
            ],
            [
              95.302751284000067,
              5.547939700000029,
              0,
              null
            ],
            [
              95.302741677000085,
              5.547942699000032,
              0,
              null
            ],
            [
              95.302737683000032,
              5.5479297440000437,
              0,
              null
            ],
            [
              95.302735146000032,
              5.5479215130000625,
              0,
              null
            ],
            [
              95.302731056000084,
              5.5478972490000729,
              0,
              null
            ],
            [
              95.302729425000052,
              5.5478793400000654,
              0,
              null
            ],
            [
              95.302727369000081,
              5.5477377840000486,
              0,
              null
            ],
            [
              95.302726279000069,
              5.5477008900000442,
              0,
              null
            ],
            [
              95.302723094000044,
              5.5476759490000518,
              0,
              null
            ],
            [
              95.302718398000081,
              5.5476391740000395,
              0,
              null
            ],
            [
              95.302720351000062,
              5.5476240070000244,
              0,
              null
            ],
            [
              95.302726950000078,
              5.547613406000039,
              0,
              null
            ],
            [
              95.30273709100004,
              5.547608991000061,
              0,
              null
            ],
            [
              95.302859092000062,
              5.5475863150000464,
              0,
              null
            ],
            [
              95.302879352000048,
              5.5475810840000577,
              0,
              null
            ],
            [
              95.302894585000047,
              5.547572917000025,
              0,
              null
            ],
            [
              95.302904812000065,
              5.5475603660000274,
              0,
              null
            ],
            [
              95.302910037000061,
              5.5475421590000451,
              0,
              null
            ],
            [
              95.302913227000033,
              5.547492476000059,
              0,
              null
            ],
            [
              95.302910810000071,
              5.547295059000021,
              0,
              null
            ],
            [
              95.302906374000031,
              5.5472492840000314,
              0,
              null
            ],
            [
              95.302901563000034,
              5.5472251950000668,
              0,
              null
            ],
            [
              95.302885574000072,
              5.5471617740000738,
              0,
              null
            ],
            [
              95.302857642000049,
              5.5470288160000223,
              0,
              null
            ],
            [
              95.302856551000048,
              5.5470103720000452,
              0,
              null
            ],
            [
              95.302859424000076,
              5.5469930410000643,
              0,
              null
            ],
            [
              95.302869871000041,
              5.5469766940000227,
              0,
              null
            ],
            [
              95.302886399000045,
              5.5469652850000557,
              0,
              null
            ],
            [
              95.302941931000078,
              5.5469314790000226,
              0,
              null
            ],
            [
              95.302951243000052,
              5.5469203610000477,
              0,
              null
            ],
            [
              95.302961545000073,
              5.5468991320000214,
              0,
              null
            ],
            [
              95.302966540000057,
              5.5468868920000318,
              0,
              null
            ],
            [
              95.302998461000072,
              5.5467386140000485,
              0,
              null
            ],
            [
              95.303022857000087,
              5.5466229800000519,
              0,
              null
            ],
            [
              95.303033158000062,
              5.5465841390000605,
              0,
              null
            ],
            [
              95.303037619000065,
              5.5465713130000722,
              0,
              null
            ],
            [
              95.302975803000038,
              5.5465537330000529,
              0,
              null
            ],
            [
              95.302959871000041,
              5.546546825000064,
              0,
              null
            ],
            [
              95.302947338000081,
              5.5465370030000258,
              0,
              null
            ],
            [
              95.302938752000045,
              5.5465259550000496,
              0,
              null
            ],
            [
              95.302930836000087,
              5.5465045060000762,
              0,
              null
            ],
            [
              95.302919426000074,
              5.54651268300006,
              0,
              null
            ],
            [
              95.302896757000042,
              5.5465329610000254,
              0,
              null
            ],
            [
              95.30288588500008,
              5.5465397460000645,
              0,
              null
            ],
            [
              95.302873074000047,
              5.5465441170000531,
              0,
              null
            ],
            [
              95.30285777000006,
              5.5465457950000427,
              0,
              null
            ],
            [
              95.302841911000087,
              5.5465457840000454,
              0,
              null
            ],
            [
              95.302714987000058,
              5.5465248650000376,
              0,
              null
            ],
            [
              95.302579813000079,
              5.5465004970000678,
              0,
              null
            ],
            [
              95.302553203000059,
              5.546494616000075,
              0,
              null
            ],
            [
              95.302525906000085,
              5.546488160000024,
              0,
              null
            ],
            [
              95.302485595000064,
              5.5464780670000664,
              0,
              null
            ],
            [
              95.302386766000041,
              5.5464529250000396,
              0,
              null
            ],
            [
              95.302351171000055,
              5.5464415210000766,
              0,
              null
            ],
            [
              95.302273278000087,
              5.5464165680000406,
              0,
              null
            ],
            [
              95.30223019400006,
              5.5463986570000543,
              0,
              null
            ],
            [
              95.302199079000047,
              5.5463824260000365,
              0,
              null
            ],
            [
              95.302167486000087,
              5.5463617500000737,
              0,
              null
            ],
            [
              95.302147540000078,
              5.5463500670000485,
              0,
              null
            ],
            [
              95.302125990000036,
              5.5463415100000475,
              0,
              null
            ],
            [
              95.302084384000068,
              5.5463324880000755,
              0,
              null
            ],
            [
              95.302004656000065,
              5.5463125960000639,
              0,
              null
            ],
            [
              95.301824833000069,
              5.5462599280000404,
              0,
              null
            ],
            [
              95.301800140000068,
              5.5462529010000594,
              0,
              null
            ],
            [
              95.301775063000036,
              5.5462479530000337,
              0,
              null
            ],
            [
              95.301761681000073,
              5.5462458960000731,
              0,
              null
            ],
            [
              95.301764588000083,
              5.5462301110000567,
              0,
              null
            ],
            [
              95.301768970000069,
              5.5461875920000239,
              0,
              null
            ],
            [
              95.301772117000041,
              5.5461687960000745,
              0,
              null
            ],
            [
              95.301787140000044,
              5.5460877280000318,
              0,
              null
            ],
            [
              95.301797664000048,
              5.5460331620000716,
              0,
              null
            ],
            [
              95.301806734000081,
              5.5459922060000508,
              0,
              null
            ],
            [
              95.301814006000086,
              5.5459503980000591,
              0,
              null
            ],
            [
              95.301822695000055,
              5.5458740640000315,
              0,
              null
            ],
            [
              95.301833904000034,
              5.5458123820000651,
              0,
              null
            ],
            [
              95.301836374000061,
              5.5457990500000278,
              0,
              null
            ],
            [
              95.301864619000071,
              5.5456254300000296,
              0,
              null
            ],
            [
              95.301872869000078,
              5.5455729070000643,
              0,
              null
            ],
            [
              95.301885614000071,
              5.5455118690000518,
              0,
              null
            ],
            [
              95.301902871000038,
              5.5454299610000248,
              0,
              null
            ],
            [
              95.301930274000085,
              5.545314974000064,
              0,
              null
            ],
            [
              95.301938504000077,
              5.5452712830000337,
              0,
              null
            ],
            [
              95.301955083000053,
              5.5452218280000238,
              0,
              null
            ],
            [
              95.301986961000068,
              5.5451182490000406,
              0,
              null
            ],
            [
              95.302125471000068,
              5.5447584000000347,
              0,
              null
            ],
            [
              95.302162822000071,
              5.544637797000064,
              0,
              null
            ],
            [
              95.302172182000049,
              5.5445900970000253,
              0,
              null
            ],
            [
              95.302173804000063,
              5.5445758000000751,
              0,
              null
            ],
            [
              95.302174033000085,
              5.5445206950000738,
              0,
              null
            ],
            [
              95.302175545000068,
              5.5444710550000309,
              0,
              null
            ],
            [
              95.302182719000086,
              5.5443759610000711,
              0,
              null
            ],
            [
              95.302184540000042,
              5.5443337140000608,
              0,
              null
            ],
            [
              95.302183561000049,
              5.5442845730000272,
              0,
              null
            ],
            [
              95.302182999000081,
              5.5442708110000467,
              0,
              null
            ],
            [
              95.302201765000063,
              5.544266652000033,
              0,
              null
            ],
            [
              95.302216269000041,
              5.5442589670000757,
              0,
              null
            ],
            [
              95.302273097000068,
              5.5442146320000347,
              0,
              null
            ],
            [
              95.302336382000078,
              5.5441548150000699,
              0,
              null
            ],
            [
              95.302346989000057,
              5.544147444000032,
              0,
              null
            ],
            [
              95.302358171000037,
              5.5441457750000609,
              0,
              null
            ],
            [
              95.30235850300005,
              5.5441158770000243,
              0,
              null
            ],
            [
              95.302361235000035,
              5.5440940940000587,
              0,
              null
            ],
            [
              95.302365297000051,
              5.5440617110000403,
              0,
              null
            ],
            [
              95.302370143000076,
              5.5440441270000633,
              0,
              null
            ],
            [
              95.302379380000048,
              5.5440106110000329,
              0,
              null
            ],
            [
              95.30238606100005,
              5.5439791560000344,
              0,
              null
            ],
            [
              95.302390815000081,
              5.5439506500000562,
              0,
              null
            ],
            [
              95.302402572000062,
              5.5438801730000478,
              0,
              null
            ],
            [
              95.302415773000064,
              5.5438010390000727,
              0,
              null
            ],
            [
              95.302422658000069,
              5.5437805290000597,
              0,
              null
            ],
            [
              95.302426439000044,
              5.5437711800000216,
              0,
              null
            ],
            [
              95.302456766000034,
              5.5436961960000417,
              0,
              null
            ],
            [
              95.302494085000035,
              5.5435814690000598,
              0,
              null
            ],
            [
              95.302505306000057,
              5.5435600750000731,
              0,
              null
            ],
            [
              95.302521561000049,
              5.5435456120000595,
              0,
              null
            ],
            [
              95.302541304000044,
              5.5435374000000479,
              0,
              null
            ],
            [
              95.302638177000063,
              5.5435256880000452,
              0,
              null
            ],
            [
              95.302648915000077,
              5.5435218400000394,
              0,
              null
            ],
            [
              95.302661360000059,
              5.5435066960000654,
              0,
              null
            ],
            [
              95.302668420000032,
              5.5434893140000554,
              0,
              null
            ],
            [
              95.30267140400008,
              5.5433678960000634,
              0,
              null
            ],
            [
              95.302677395000046,
              5.5432028700000728,
              0,
              null
            ],
            [
              95.302686988000062,
              5.5430895980000514,
              0,
              null
            ],
            [
              95.302698595000038,
              5.5428792190000422,
              0,
              null
            ],
            [
              95.302700324000057,
              5.5428107850000288,
              0,
              null
            ],
            [
              95.302689057000066,
              5.5428102310000327,
              0,
              null
            ],
            [
              95.302558691000058,
              5.542779418000066,
              0,
              null
            ],
            [
              95.302500745000032,
              5.5427627130000587,
              0,
              null
            ],
            [
              95.30242060900008,
              5.5427377600000227,
              0,
              null
            ],
            [
              95.302339148000044,
              5.542715127000065,
              0,
              null
            ],
            [
              95.302335891000041,
              5.5427135950000661,
              0,
              null
            ],
            [
              95.302328131000081,
              5.5427099450000696,
              0,
              null
            ],
            [
              95.302318504000084,
              5.5427005450000593,
              0,
              null
            ],
            [
              95.302314681000041,
              5.542693181000061,
              0,
              null
            ],
            [
              95.302300916000036,
              5.5426666620000447,
              0,
              null
            ],
            [
              95.302253996000047,
              5.542576274000055,
              0,
              null
            ],
            [
              95.302247753000074,
              5.5425642470000298,
              0,
              null
            ],
            [
              95.302237883000032,
              5.5425468790000423,
              0,
              null
            ],
            [
              95.302172006000035,
              5.5424309590000576,
              0,
              null
            ],
            [
              95.302148665000061,
              5.5423767060000273,
              0,
              null
            ],
            [
              95.302110164000055,
              5.5422617980000268,
              0,
              null
            ],
            [
              95.302107831000058,
              5.5422507430000678,
              0,
              null
            ],
            [
              95.302028788000086,
              5.5420256750000476,
              0,
              null
            ],
            [
              95.302026444000035,
              5.5420167260000426,
              0,
              null
            ],
            [
              95.302031488000068,
              5.5419869040000549,
              0,
              null
            ],
            [
              95.302121398000054,
              5.5418080380000561,
              0,
              null
            ],
            [
              95.302126564000048,
              5.5417862420000574,
              0,
              null
            ],
            [
              95.302132403000087,
              5.5417356360000554,
              0,
              null
            ],
            [
              95.302120303000038,
              5.5417279820000545,
              0,
              null
            ],
            [
              95.30211362600005,
              5.5417182990000242,
              0,
              null
            ],
            [
              95.302118793000034,
              5.5416667580000762,
              0,
              null
            ],
            [
              95.30213090500007,
              5.5415458100000592,
              0,
              null
            ],
            [
              95.302133388000073,
              5.541521021000051,
              0,
              null
            ],
            [
              95.30214273200005,
              5.5415064590000611,
              0,
              null
            ],
            [
              95.302233756000078,
              5.5415078220000282,
              0,
              null
            ],
            [
              95.302248163000058,
              5.5412599690000661,
              0,
              null
            ],
            [
              95.302293568000039,
              5.5411187270000255,
              0,
              null
            ],
            [
              95.30238415000008,
              5.5411411770000427,
              0,
              null
            ],
            [
              95.30242835100006,
              5.5409944730000689,
              0,
              null
            ],
            [
              95.302465290000043,
              5.5408443140000259,
              0,
              null
            ],
            [
              95.302480815000081,
              5.5407533640000679,
              0,
              null
            ],
            [
              95.302503296000054,
              5.5406229030000418,
              0,
              null
            ],
            [
              95.302527141000041,
              5.5405066830000465,
              0,
              null
            ],
            [
              95.30254930500007,
              5.5404179670000531,
              0,
              null
            ],
            [
              95.302594387000056,
              5.5404296470000531,
              0,
              null
            ],
            [
              95.302632865000078,
              5.5404395890000728,
              0,
              null
            ],
            [
              95.302701293000041,
              5.5404583140000341,
              0,
              null
            ],
            [
              95.302766622000036,
              5.5404760570000349,
              0,
              null
            ],
            [
              95.30284028300008,
              5.5404947990000437,
              0,
              null
            ],
            [
              95.302910026000063,
              5.5405130310000459,
              0,
              null
            ],
            [
              95.302966834000074,
              5.5405278890000318,
              0,
              null
            ],
            [
              95.302979770000036,
              5.5405312720000666,
              0,
              null
            ],
            [
              95.303048696000076,
              5.5405504920000226,
              0,
              null
            ],
            [
              95.303127086000075,
              5.5405721800000265,
              0,
              null
            ],
            [
              95.303206141000032,
              5.5405955010000412,
              0,
              null
            ],
            [
              95.303218511000068,
              5.5405995480000456,
              0,
              null
            ],
            [
              95.303281918000039,
              5.5406202990000679,
              0,
              null
            ],
            [
              95.303347574000043,
              5.5406431110000653,
              0,
              null
            ],
            [
              95.303395366000075,
              5.5406608770000503,
              0,
              null
            ],
            [
              95.303433897000048,
              5.5406746180000255,
              0,
              null
            ],
            [
              95.303443734000041,
              5.5406781260000457,
              0,
              null
            ],
            [
              95.303495177000059,
              5.5406973330000255,
              0,
              null
            ],
            [
              95.303518606000068,
              5.5407068500000491,
              0,
              null
            ],
            [
              95.303568664000068,
              5.5407271930000661,
              0,
              null
            ],
            [
              95.303620758000079,
              5.5407491810000238,
              0,
              null
            ],
            [
              95.303663377000078,
              5.5407683780000525,
              0,
              null
            ],
            [
              95.303668873000049,
              5.5407710780000343,
              0,
              null
            ],
            [
              95.303686408000033,
              5.5407796950000261,
              0,
              null
            ],
            [
              95.303712294000036,
              5.5407922410000765,
              0,
              null
            ],
            [
              95.303733013000056,
              5.5408053750000477,
              0,
              null
            ],
            [
              95.303762004000077,
              5.5408252750000315,
              0,
              null
            ],
            [
              95.303780447000065,
              5.5408356080000658,
              0,
              null
            ],
            [
              95.30380647700008,
              5.5408501680000199,
              0,
              null
            ],
            [
              95.303830420000054,
              5.5408619980000253,
              0,
              null
            ],
            [
              95.303857322000056,
              5.5408736710000426,
              0,
              null
            ],
            [
              95.303875978000065,
              5.540880550000054,
              0,
              null
            ],
            [
              95.303899070000057,
              5.5408866150000335,
              0,
              null
            ],
            [
              95.303913388000069,
              5.5408893440000497,
              0,
              null
            ],
            [
              95.303927416000079,
              5.5408914130000539,
              0,
              null
            ],
            [
              95.303943134000065,
              5.5408922020000659,
              0,
              null
            ],
            [
              95.303958885000043,
              5.5408921590000659,
              0,
              null
            ],
            [
              95.303986273000078,
              5.5408917270000302,
              0,
              null
            ],
            [
              95.30402904400006,
              5.5408895440000379,
              0,
              null
            ],
            [
              95.304062449000071,
              5.5408868290000441,
              0,
              null
            ],
            [
              95.304128540000079,
              5.5408800370000222,
              0,
              null
            ],
            [
              95.304146360000061,
              5.5408782050000696,
              0,
              null
            ],
            [
              95.304170050000039,
              5.54087577100006,
              0,
              null
            ],
            [
              95.304198302000032,
              5.5408726240000306,
              0,
              null
            ],
            [
              95.304227027000081,
              5.5408705420000501,
              0,
              null
            ],
            [
              95.304273611000042,
              5.5408698540000501,
              0,
              null
            ],
            [
              95.304341343000033,
              5.5408696990000408,
              0,
              null
            ],
            [
              95.304429338000034,
              5.5408694650000712,
              0,
              null
            ],
            [
              95.304463620000035,
              5.5408694530000275,
              0,
              null
            ],
            [
              95.304513363000069,
              5.5408694360000368,
              0,
              null
            ],
            [
              95.304533857000081,
              5.5408702220000237,
              0,
              null
            ],
            [
              95.304543102000082,
              5.5408705770000211,
              0,
              null
            ],
            [
              95.304574414000058,
              5.5408749770000441,
              0,
              null
            ],
            [
              95.304586916000062,
              5.5408767330000614,
              0,
              null
            ],
            [
              95.304621887000053,
              5.5408824100000516,
              0,
              null
            ],
            [
              95.304634240000041,
              5.5408835690000728,
              0,
              null
            ],
            [
              95.304636493000032,
              5.5408837810000477,
              0,
              null
            ],
            [
              95.304726737000067,
              5.5408922520000488,
              0,
              null
            ],
            [
              95.304753414000061,
              5.540894842000057,
              0,
              null
            ],
            [
              95.304785413000047,
              5.5409041630000502,
              0,
              null
            ],
            [
              95.304797763000067,
              5.5409110840000722,
              0,
              null
            ],
            [
              95.304817145000072,
              5.5409253260000355,
              0,
              null
            ],
            [
              95.304828207000071,
              5.5409334550000722,
              0,
              null
            ],
            [
              95.304853690000073,
              5.5409584850000329,
              0,
              null
            ],
            [
              95.304883797000059,
              5.540989110000055,
              0,
              null
            ],
            [
              95.304915125000036,
              5.5410161960000437,
              0,
              null
            ],
            [
              95.304941891000055,
              5.5410371350000673,
              0,
              null
            ],
            [
              95.304964924000046,
              5.5410536060000481,
              0,
              null
            ],
            [
              95.304991874000052,
              5.5410684060000222,
              0,
              null
            ],
            [
              95.305023536000078,
              5.5410836950000544,
              0,
              null
            ],
            [
              95.30508138600004,
              5.5411082730000203,
              0,
              null
            ],
            [
              95.305146851000075,
              5.5411352450000209,
              0,
              null
            ],
            [
              95.305155063000086,
              5.5411377660000767,
              0,
              null
            ],
            [
              95.305221877000065,
              5.5411582780000685,
              0,
              null
            ],
            [
              95.305235032000041,
              5.5411623170000439,
              0,
              null
            ],
            [
              95.305295846000035,
              5.5411808190000329,
              0,
              null
            ],
            [
              95.305356217000053,
              5.5411994120000259,
              0,
              null
            ],
            [
              95.305384855000057,
              5.5412075170000321,
              0,
              null
            ],
            [
              95.30541867800008,
              5.5412147890000369,
              0,
              null
            ],
            [
              95.305463576000079,
              5.5412214110000377,
              0,
              null
            ],
            [
              95.305517170000087,
              5.5412275650000424,
              0,
              null
            ],
            [
              95.305537585000081,
              5.5412299090000374,
              0,
              null
            ],
            [
              95.305639916000075,
              5.5412416950000534,
              0,
              null
            ],
            [
              95.305734407000045,
              5.5412534760000653,
              0,
              null
            ],
            [
              95.305784449000043,
              5.5412597920000621,
              0,
              null
            ],
            [
              95.305798743000082,
              5.5412615960000267,
              0,
              null
            ],
            [
              95.305869384000061,
              5.5412715620000768,
              0,
              null
            ],
            [
              95.305927798000084,
              5.5412810240000567,
              0,
              null
            ],
            [
              95.305955640000036,
              5.5412867630000733,
              0,
              null
            ],
            [
              95.305968725000071,
              5.5412894610000762,
              0,
              null
            ],
            [
              95.306003242000031,
              5.5412988810000456,
              0,
              null
            ],
            [
              95.306039380000072,
              5.5413101840000536,
              0,
              null
            ],
            [
              95.306089299000064,
              5.5413294870000414,
              0,
              null
            ],
            [
              95.306100542000081,
              5.5413345930000446,
              0,
              null
            ],
            [
              95.306108090000066,
              5.541311409000059,
              0,
              null
            ],
            [
              95.306112791000032,
              5.5412967460000573,
              0,
              null
            ],
            [
              95.306137364000051,
              5.541220097000064,
              0,
              null
            ],
            [
              95.306153626000082,
              5.5411702460000356,
              0,
              null
            ],
            [
              95.306173471000079,
              5.5411139800000342,
              0,
              null
            ],
            [
              95.306188980000059,
              5.5410654520000548,
              0,
              null
            ],
            [
              95.306189337000035,
              5.5410643750000759,
              0,
              null
            ],
            [
              95.306207490000077,
              5.5410670170000458,
              0,
              null
            ],
            [
              95.30621612300007,
              5.5410682180000208,
              0,
              null
            ],
            [
              95.306251574000044,
              5.5410731530000703,
              0,
              null
            ],
            [
              95.306319225000038,
              5.5410777800000233,
              0,
              null
            ],
            [
              95.306352025000081,
              5.5410791960000552,
              0,
              null
            ],
            [
              95.306368590000034,
              5.5410799110000539,
              0,
              null
            ],
            [
              95.306466613000055,
              5.5410850320000691,
              0,
              null
            ],
            [
              95.306533788000081,
              5.5410885410000219,
              0,
              null
            ],
            [
              95.306734352000035,
              5.5410956150000743,
              0,
              null
            ],
            [
              95.306815081000082,
              5.5410984650000614,
              0,
              null
            ],
            [
              95.306903771000066,
              5.5411015980000684,
              0,
              null
            ],
            [
              95.307064389000061,
              5.5411082250000732,
              0,
              null
            ],
            [
              95.307067915000061,
              5.5411083700000745,
              0,
              null
            ],
            [
              95.307231000000058,
              5.5411188440000387,
              0,
              null
            ],
            [
              95.307393778000062,
              5.5411247270000672,
              0,
              null
            ],
            [
              95.307396467000046,
              5.541124825000054,
              0,
              null
            ],
            [
              95.307442484000035,
              5.5411284440000372,
              0,
              null
            ],
            [
              95.307467975000066,
              5.5411304480000467,
              0,
              null
            ],
            [
              95.307472919000077,
              5.5411307250000732,
              0,
              null
            ],
            [
              95.30752373200005,
              5.5411335650000524,
              0,
              null
            ],
            [
              95.307572436000044,
              5.5411362870000289,
              0,
              null
            ],
            [
              95.307588310000085,
              5.541137175000074,
              0,
              null
            ],
            [
              95.307699412000034,
              5.5411425720000693,
              0,
              null
            ],
            [
              95.30781432100008,
              5.541147924000029,
              0,
              null
            ],
            [
              95.307850359000042,
              5.5411496030000649,
              0,
              null
            ],
            [
              95.307939140000087,
              5.5411551340000642,
              0,
              null
            ],
            [
              95.30797229500007,
              5.5411572000000433,
              0,
              null
            ],
            [
              95.308001306000051,
              5.5411590030000752,
              0,
              null
            ],
            [
              95.308144862000063,
              5.5411654940000403,
              0,
              null
            ],
            [
              95.308215476000044,
              5.5411675510000578,
              0,
              null
            ],
            [
              95.308244460000083,
              5.541168396000046,
              0,
              null
            ],
            [
              95.308271575000049,
              5.5411694790000752,
              0,
              null
            ],
            [
              95.308339462000049,
              5.5411721920000332,
              0,
              null
            ],
            [
              95.308450037000057,
              5.5411767960000589,
              0,
              null
            ],
            [
              95.308511560000056,
              5.5411782190000736,
              0,
              null
            ],
            [
              95.308588082000085,
              5.5411810910000554,
              0,
              null
            ],
            [
              95.308588790000044,
              5.541181128000062,
              0,
              null
            ],
            [
              95.308603864000077,
              5.541182162000041,
              0,
              null
            ],
            [
              95.30870664300005,
              5.5411892040000339,
              0,
              null
            ],
            [
              95.308723625000084,
              5.5413475100000369,
              0,
              null
            ],
            [
              95.308764079000071,
              5.5416667210000696,
              0,
              null
            ],
            [
              95.30876429500006,
              5.5416687870000487,
              0,
              null
            ],
            [
              95.308769321000057,
              5.5417170100000703,
              0,
              null
            ],
            [
              95.308780489000071,
              5.541841603000023,
              0,
              null
            ],
            [
              95.308786871000052,
              5.5419127980000553,
              0,
              null
            ],
            [
              95.308798208000042,
              5.5420242100000223,
              0,
              null
            ],
            [
              95.308820572000059,
              5.542243979000034,
              0,
              null
            ],
            [
              95.30885022800004,
              5.5425211250000643,
              0,
              null
            ],
            [
              95.308865537000031,
              5.5426847220000468,
              0,
              null
            ],
            [
              95.30887165300004,
              5.5427373450000346,
              0,
              null
            ],
            [
              95.308878277000076,
              5.5427943250000453,
              0,
              null
            ],
            [
              95.30888675500006,
              5.5428881910000314,
              0,
              null
            ],
            [
              95.308890556000051,
              5.5429373980000491,
              0,
              null
            ],
            [
              95.308891116000041,
              5.5429446430000553,
              0,
              null
            ],
            [
              95.308892005000075,
              5.5429561600000739,
              0,
              null
            ],
            [
              95.308890820000045,
              5.5429780150000738,
              0,
              null
            ],
            [
              95.308889135000072,
              5.5430091180000431,
              0,
              null
            ],
            [
              95.30888875900007,
              5.5430160630000387,
              0,
              null
            ],
            [
              95.308887510000034,
              5.543039115000056,
              0,
              null
            ],
            [
              95.308859074000054,
              5.5431149340000729,
              0,
              null
            ],
            [
              95.30884620900008,
              5.5431492360000334,
              0,
              null
            ],
            [
              95.30869954700006,
              5.5434700150000253,
              0,
              null
            ],
            [
              95.308690912000031,
              5.5434889020000355,
              0,
              null
            ],
            [
              95.308680682000045,
              5.5435125730000436,
              0,
              null
            ],
            [
              95.308650000000057,
              5.5435818960000347,
              0,
              null
            ],
            [
              95.308633992000068,
              5.5436180650000324,
              0,
              null
            ],
            [
              95.308573876000082,
              5.5437948200000733,
              0,
              null
            ],
            [
              95.308530483000084,
              5.5439525890000709,
              0,
              null
            ],
            [
              95.308509556000047,
              5.5440286750000496,
              0,
              null
            ],
            [
              95.308500017000085,
              5.5440771050000421,
              0,
              null
            ],
            [
              95.308503250000058,
              5.5441511850000325,
              0,
              null
            ],
            [
              95.308519362000084,
              5.5442092180000486,
              0,
              null
            ],
            [
              95.308543894000081,
              5.5442874230000712,
              0,
              null
            ],
            [
              95.308566347000067,
              5.5443590260000519,
              0,
              null
            ],
            [
              95.308586469000034,
              5.5444231920000675,
              0,
              null
            ],
            [
              95.308591017000083,
              5.5444344050000609,
              0,
              null
            ],
            [
              95.308630288000074,
              5.5445312320000539,
              0,
              null
            ],
            [
              95.30865949300005,
              5.5445887300000436,
              0,
              null
            ],
            [
              95.308712915000058,
              5.5446607100000733,
              0,
              null
            ],
            [
              95.308744800000056,
              5.5446960370000511,
              0,
              null
            ],
            [
              95.308749259000081,
              5.5447015100000385,
              0,
              null
            ],
            [
              95.308757084000035,
              5.5447111160000304,
              0,
              null
            ],
            [
              95.308768881000049,
              5.5447255960000348,
              0,
              null
            ],
            [
              95.308778465000046,
              5.5447362550000321,
              0,
              null
            ],
            [
              95.308793766000065,
              5.5447532720000368,
              0,
              null
            ],
            [
              95.308799843000031,
              5.5447600320000561,
              0,
              null
            ],
            [
              95.308812170000067,
              5.5447730010000669,
              0,
              null
            ],
            [
              95.308852933000082,
              5.5448158850000482,
              0,
              null
            ],
            [
              95.308975138000051,
              5.5449427700000342,
              0,
              null
            ],
            [
              95.309100623000063,
              5.5450720370000681,
              0,
              null
            ],
            [
              95.309104698000056,
              5.5450762350000673,
              0,
              null
            ],
            [
              95.309167599000034,
              5.5451570520000359,
              0,
              null
            ],
            [
              95.309192327000062,
              5.5451888240000358,
              0,
              null
            ],
            [
              95.309307205000039,
              5.5453685350000228,
              0,
              null
            ],
            [
              95.309332226000038,
              5.545411940000065,
              0,
              null
            ],
            [
              95.309386117000031,
              5.5455054280000695,
              0,
              null
            ],
            [
              95.309407881000084,
              5.5455431840000529,
              0,
              null
            ],
            [
              95.309422935000043,
              5.5455692990000216,
              0,
              null
            ],
            [
              95.309531243000038,
              5.5457695930000455,
              0,
              null
            ],
            [
              95.309560367000074,
              5.5458199420000369,
              0,
              null
            ],
            [
              95.309649439000054,
              5.5459739290000698,
              0,
              null
            ],
            [
              95.309666569000058,
              5.546003545000076,
              0,
              null
            ],
            [
              95.309691680000071,
              5.5460476580000204,
              0,
              null
            ],
            [
              95.309744944000045,
              5.5461412290000567,
              0,
              null
            ],
            [
              95.309877052000047,
              5.5463712460000352,
              0,
              null
            ],
            [
              95.309888108000052,
              5.5463904960000718,
              0,
              null
            ],
            [
              95.309925939000038,
              5.5464556200000743,
              0,
              null
            ],
            [
              95.310040281000056,
              5.546652454000025,
              0,
              null
            ],
            [
              95.310150651000072,
              5.5467970840000476,
              0,
              null
            ],
            [
              95.31016126600008,
              5.5468109920000757,
              0,
              null
            ],
            [
              95.310174781000057,
              5.5468344950000414,
              0,
              null
            ],
            [
              95.310277581000037,
              5.5470132620000641,
              0,
              null
            ],
            [
              95.310331312000073,
              5.5471212980000359,
              0,
              null
            ],
            [
              95.31036055900006,
              5.547180165000043,
              0,
              null
            ],
            [
              95.310383630000047,
              5.5472266660000287,
              0,
              null
            ],
            [
              95.310461779000036,
              5.5473841860000448,
              0,
              null
            ],
            [
              95.310513305000086,
              5.5474880420000545,
              0,
              null
            ],
            [
              95.310519982000073,
              5.5475015020000455,
              0,
              null
            ],
            [
              95.310595196000065,
              5.5476515880000647,
              0,
              null
            ],
            [
              95.310675322000066,
              5.5478114740000706,
              0,
              null
            ],
            [
              95.310707110000067,
              5.5478749060000609,
              0,
              null
            ],
            [
              95.310713502000056,
              5.5478886910000256,
              0,
              null
            ],
            [
              95.310816626000076,
              5.5481110710000507,
              0,
              null
            ],
            [
              95.310867908000034,
              5.548221657000056,
              0,
              null
            ],
            [
              95.310883542000056,
              5.54825536900006,
              0,
              null
            ],
            [
              95.310898479000059,
              5.5483112540000548,
              0,
              null
            ],
            [
              95.310921724000082,
              5.5484263540000711,
              0,
              null
            ],
            [
              95.310929706000081,
              5.5484658750000335,
              0,
              null
            ],
            [
              95.31094106200004,
              5.5485221040000283,
              0,
              null
            ],
            [
              95.310987177000072,
              5.5487573390000762,
              0,
              null
            ],
            [
              95.310989793000033,
              5.5487706830000434,
              0,
              null
            ],
            [
              95.311004036000043,
              5.5488433380000401,
              0,
              null
            ],
            [
              95.311022748000084,
              5.5489329840000323,
              0,
              null
            ],
            [
              95.311050546000047,
              5.5490661630000204,
              0,
              null
            ],
            [
              95.311060908000059,
              5.5491158010000277,
              0,
              null
            ],
            [
              95.311066344000039,
              5.5491470050000657,
              0,
              null
            ],
            [
              95.311074895000047,
              5.5491960950000703,
              0,
              null
            ],
            [
              95.31107514100006,
              5.5491975050000519,
              0,
              null
            ]
          ]
        ]
      },
      "properties" : {
        "FID" : 0,
        "OBJECTID" : 16467,
        "KDPPUM" : "11",
        "NAMOBJ" : "Punge Blang Cut",
        "REMARK" : " ",
        "KDPBPS" : " ",
        "FCODE" : "BA03070040",
        "LUASWH" : 0,
        "UUPP" : "RBI",
        "SRS_ID" : "SRGI 2013",
        "METADATA" : "TASWIL1000020200326DATA_BATAS_DESA_KELURAHAN",
        "KDEBPS" : " ",
        "KDEPUM" : "11.71.08.2001",
        "KDCBPS" : " ",
        "KDCPUM" : "11.71.08",
        "KDBBPS" : " ",
        "WADMKD" : "Punge Blang Cut",
        "WIADKD" : "0",
        "WADMKC" : "Jaya Baru",
        "WIADKC" : " ",
        "WADMKK" : "Kota Banda Aceh",
        "WIADKK" : " ",
        "WADMPR" : "Aceh",
        "WIADPR" : " ",
        "TIPADM" : 9,
        "KDPKAB" : "11.71",
        "SHAPE_Leng" : 0.037159944604443003,
        "SHAPE_Area" : 6.4751572029000005e-05
      }
    }
  ]
}