{
  "hasZ" : true,
  "hasM" : true,
  "type" : "FeatureCollection",
  "features" : [
    {
      "type" : "Feature",
      "id" : 0,
      "geometry" : {
        "type" : "Polygon",
        "coordinates" : [
          [
            [
              95.30870664300005,
              5.5411892040000339,
              0,
              null
            ],
            [
              95.308603864000077,
              5.541182162000041,
              0,
              null
            ],
            [
              95.308588790000044,
              5.541181128000062,
              0,
              null
            ],
            [
              95.308588082000085,
              5.5411810910000554,
              0,
              null
            ],
            [
              95.308511560000056,
              5.5411782190000736,
              0,
              null
            ],
            [
              95.308450037000057,
              5.5411767960000589,
              0,
              null
            ],
            [
              95.308339462000049,
              5.5411721920000332,
              0,
              null
            ],
            [
              95.308271575000049,
              5.5411694790000752,
              0,
              null
            ],
            [
              95.308244460000083,
              5.541168396000046,
              0,
              null
            ],
            [
              95.308215476000044,
              5.5411675510000578,
              0,
              null
            ],
            [
              95.308144862000063,
              5.5411654940000403,
              0,
              null
            ],
            [
              95.308001306000051,
              5.5411590030000752,
              0,
              null
            ],
            [
              95.30797229500007,
              5.5411572000000433,
              0,
              null
            ],
            [
              95.307939140000087,
              5.5411551340000642,
              0,
              null
            ],
            [
              95.307850359000042,
              5.5411496030000649,
              0,
              null
            ],
            [
              95.30781432100008,
              5.541147924000029,
              0,
              null
            ],
            [
              95.307699412000034,
              5.5411425720000693,
              0,
              null
            ],
            [
              95.307588310000085,
              5.541137175000074,
              0,
              null
            ],
            [
              95.307572436000044,
              5.5411362870000289,
              0,
              null
            ],
            [
              95.30752373200005,
              5.5411335650000524,
              0,
              null
            ],
            [
              95.307472919000077,
              5.5411307250000732,
              0,
              null
            ],
            [
              95.307467975000066,
              5.5411304480000467,
              0,
              null
            ],
            [
              95.307442484000035,
              5.5411284440000372,
              0,
              null
            ],
            [
              95.307396467000046,
              5.541124825000054,
              0,
              null
            ],
            [
              95.307393778000062,
              5.5411247270000672,
              0,
              null
            ],
            [
              95.307231000000058,
              5.5411188440000387,
              0,
              null
            ],
            [
              95.307067915000061,
              5.5411083700000745,
              0,
              null
            ],
            [
              95.307064389000061,
              5.5411082250000732,
              0,
              null
            ],
            [
              95.306903771000066,
              5.5411015980000684,
              0,
              null
            ],
            [
              95.306815081000082,
              5.5410984650000614,
              0,
              null
            ],
            [
              95.306734352000035,
              5.5410956150000743,
              0,
              null
            ],
            [
              95.306533788000081,
              5.5410885410000219,
              0,
              null
            ],
            [
              95.306466613000055,
              5.5410850320000691,
              0,
              null
            ],
            [
              95.306368590000034,
              5.5410799110000539,
              0,
              null
            ],
            [
              95.306352025000081,
              5.5410791960000552,
              0,
              null
            ],
            [
              95.306319225000038,
              5.5410777800000233,
              0,
              null
            ],
            [
              95.306251574000044,
              5.5410731530000703,
              0,
              null
            ],
            [
              95.30621612300007,
              5.5410682180000208,
              0,
              null
            ],
            [
              95.306207490000077,
              5.5410670170000458,
              0,
              null
            ],
            [
              95.306189337000035,
              5.5410643750000759,
              0,
              null
            ],
            [
              95.306188980000059,
              5.5410654520000548,
              0,
              null
            ],
            [
              95.306173471000079,
              5.5411139800000342,
              0,
              null
            ],
            [
              95.306153626000082,
              5.5411702460000356,
              0,
              null
            ],
            [
              95.306137364000051,
              5.541220097000064,
              0,
              null
            ],
            [
              95.306112791000032,
              5.5412967460000573,
              0,
              null
            ],
            [
              95.306108090000066,
              5.541311409000059,
              0,
              null
            ],
            [
              95.306100542000081,
              5.5413345930000446,
              0,
              null
            ],
            [
              95.306089299000064,
              5.5413294870000414,
              0,
              null
            ],
            [
              95.306039380000072,
              5.5413101840000536,
              0,
              null
            ],
            [
              95.306003242000031,
              5.5412988810000456,
              0,
              null
            ],
            [
              95.305968725000071,
              5.5412894610000762,
              0,
              null
            ],
            [
              95.305955640000036,
              5.5412867630000733,
              0,
              null
            ],
            [
              95.305927798000084,
              5.5412810240000567,
              0,
              null
            ],
            [
              95.305869384000061,
              5.5412715620000768,
              0,
              null
            ],
            [
              95.305798743000082,
              5.5412615960000267,
              0,
              null
            ],
            [
              95.305784449000043,
              5.5412597920000621,
              0,
              null
            ],
            [
              95.305734407000045,
              5.5412534760000653,
              0,
              null
            ],
            [
              95.305639916000075,
              5.5412416950000534,
              0,
              null
            ],
            [
              95.305537585000081,
              5.5412299090000374,
              0,
              null
            ],
            [
              95.305517170000087,
              5.5412275650000424,
              0,
              null
            ],
            [
              95.305463576000079,
              5.5412214110000377,
              0,
              null
            ],
            [
              95.30541867800008,
              5.5412147890000369,
              0,
              null
            ],
            [
              95.305384855000057,
              5.5412075170000321,
              0,
              null
            ],
            [
              95.305356217000053,
              5.5411994120000259,
              0,
              null
            ],
            [
              95.305295846000035,
              5.5411808190000329,
              0,
              null
            ],
            [
              95.305235032000041,
              5.5411623170000439,
              0,
              null
            ],
            [
              95.305221877000065,
              5.5411582780000685,
              0,
              null
            ],
            [
              95.305155063000086,
              5.5411377660000767,
              0,
              null
            ],
            [
              95.305146851000075,
              5.5411352450000209,
              0,
              null
            ],
            [
              95.30508138600004,
              5.5411082730000203,
              0,
              null
            ],
            [
              95.305023536000078,
              5.5410836950000544,
              0,
              null
            ],
            [
              95.304991874000052,
              5.5410684060000222,
              0,
              null
            ],
            [
              95.304964924000046,
              5.5410536060000481,
              0,
              null
            ],
            [
              95.304941891000055,
              5.5410371350000673,
              0,
              null
            ],
            [
              95.304915125000036,
              5.5410161960000437,
              0,
              null
            ],
            [
              95.304883797000059,
              5.540989110000055,
              0,
              null
            ],
            [
              95.304853690000073,
              5.5409584850000329,
              0,
              null
            ],
            [
              95.304828207000071,
              5.5409334550000722,
              0,
              null
            ],
            [
              95.304817145000072,
              5.5409253260000355,
              0,
              null
            ],
            [
              95.304797763000067,
              5.5409110840000722,
              0,
              null
            ],
            [
              95.304785413000047,
              5.5409041630000502,
              0,
              null
            ],
            [
              95.304753414000061,
              5.540894842000057,
              0,
              null
            ],
            [
              95.304726737000067,
              5.5408922520000488,
              0,
              null
            ],
            [
              95.304636493000032,
              5.5408837810000477,
              0,
              null
            ],
            [
              95.304634240000041,
              5.5408835690000728,
              0,
              null
            ],
            [
              95.304621887000053,
              5.5408824100000516,
              0,
              null
            ],
            [
              95.304586916000062,
              5.5408767330000614,
              0,
              null
            ],
            [
              95.304574414000058,
              5.5408749770000441,
              0,
              null
            ],
            [
              95.304543102000082,
              5.5408705770000211,
              0,
              null
            ],
            [
              95.304533857000081,
              5.5408702220000237,
              0,
              null
            ],
            [
              95.304513363000069,
              5.5408694360000368,
              0,
              null
            ],
            [
              95.304463620000035,
              5.5408694530000275,
              0,
              null
            ],
            [
              95.304429338000034,
              5.5408694650000712,
              0,
              null
            ],
            [
              95.304341343000033,
              5.5408696990000408,
              0,
              null
            ],
            [
              95.304273611000042,
              5.5408698540000501,
              0,
              null
            ],
            [
              95.304227027000081,
              5.5408705420000501,
              0,
              null
            ],
            [
              95.304198302000032,
              5.5408726240000306,
              0,
              null
            ],
            [
              95.304170050000039,
              5.54087577100006,
              0,
              null
            ],
            [
              95.304146360000061,
              5.5408782050000696,
              0,
              null
            ],
            [
              95.304128540000079,
              5.5408800370000222,
              0,
              null
            ],
            [
              95.304062449000071,
              5.5408868290000441,
              0,
              null
            ],
            [
              95.30402904400006,
              5.5408895440000379,
              0,
              null
            ],
            [
              95.303986273000078,
              5.5408917270000302,
              0,
              null
            ],
            [
              95.303958885000043,
              5.5408921590000659,
              0,
              null
            ],
            [
              95.303943134000065,
              5.5408922020000659,
              0,
              null
            ],
            [
              95.303927416000079,
              5.5408914130000539,
              0,
              null
            ],
            [
              95.303913388000069,
              5.5408893440000497,
              0,
              null
            ],
            [
              95.303899070000057,
              5.5408866150000335,
              0,
              null
            ],
            [
              95.303875978000065,
              5.540880550000054,
              0,
              null
            ],
            [
              95.303857322000056,
              5.5408736710000426,
              0,
              null
            ],
            [
              95.303830420000054,
              5.5408619980000253,
              0,
              null
            ],
            [
              95.30380647700008,
              5.5408501680000199,
              0,
              null
            ],
            [
              95.303780447000065,
              5.5408356080000658,
              0,
              null
            ],
            [
              95.303762004000077,
              5.5408252750000315,
              0,
              null
            ],
            [
              95.303733013000056,
              5.5408053750000477,
              0,
              null
            ],
            [
              95.303712294000036,
              5.5407922410000765,
              0,
              null
            ],
            [
              95.303686408000033,
              5.5407796950000261,
              0,
              null
            ],
            [
              95.303668873000049,
              5.5407710780000343,
              0,
              null
            ],
            [
              95.303663377000078,
              5.5407683780000525,
              0,
              null
            ],
            [
              95.303620758000079,
              5.5407491810000238,
              0,
              null
            ],
            [
              95.303568664000068,
              5.5407271930000661,
              0,
              null
            ],
            [
              95.303518606000068,
              5.5407068500000491,
              0,
              null
            ],
            [
              95.303495177000059,
              5.5406973330000255,
              0,
              null
            ],
            [
              95.303443734000041,
              5.5406781260000457,
              0,
              null
            ],
            [
              95.303433897000048,
              5.5406746180000255,
              0,
              null
            ],
            [
              95.303395366000075,
              5.5406608770000503,
              0,
              null
            ],
            [
              95.303347574000043,
              5.5406431110000653,
              0,
              null
            ],
            [
              95.303281918000039,
              5.5406202990000679,
              0,
              null
            ],
            [
              95.303218511000068,
              5.5405995480000456,
              0,
              null
            ],
            [
              95.303206141000032,
              5.5405955010000412,
              0,
              null
            ],
            [
              95.303127086000075,
              5.5405721800000265,
              0,
              null
            ],
            [
              95.303048696000076,
              5.5405504920000226,
              0,
              null
            ],
            [
              95.302979770000036,
              5.5405312720000666,
              0,
              null
            ],
            [
              95.302966834000074,
              5.5405278890000318,
              0,
              null
            ],
            [
              95.302910026000063,
              5.5405130310000459,
              0,
              null
            ],
            [
              95.30284028300008,
              5.5404947990000437,
              0,
              null
            ],
            [
              95.302766622000036,
              5.5404760570000349,
              0,
              null
            ],
            [
              95.302701293000041,
              5.5404583140000341,
              0,
              null
            ],
            [
              95.302632865000078,
              5.5404395890000728,
              0,
              null
            ],
            [
              95.302594387000056,
              5.5404296470000531,
              0,
              null
            ],
            [
              95.30254930500007,
              5.5404179670000531,
              0,
              null
            ],
            [
              95.302510375000054,
              5.5404075890000399,
              0,
              null
            ],
            [
              95.302493206000065,
              5.5404030080000553,
              0,
              null
            ],
            [
              95.302458653000087,
              5.540394261000074,
              0,
              null
            ],
            [
              95.302423546000057,
              5.5403853720000598,
              0,
              null
            ],
            [
              95.302347163000036,
              5.5403669670000681,
              0,
              null
            ],
            [
              95.302254291000054,
              5.5403422990000308,
              0,
              null
            ],
            [
              95.302169856000035,
              5.5403252900000552,
              0,
              null
            ],
            [
              95.302127067000072,
              5.5403170830000477,
              0,
              null
            ],
            [
              95.302086427000063,
              5.5403092890000494,
              0,
              null
            ],
            [
              95.301974133000044,
              5.5402897130000497,
              0,
              null
            ],
            [
              95.301951356000075,
              5.5402864220000652,
              0,
              null
            ],
            [
              95.301905776000069,
              5.540279837000071,
              0,
              null
            ],
            [
              95.301797394000062,
              5.5402639430000704,
              0,
              null
            ],
            [
              95.30172314400005,
              5.5402538180000533,
              0,
              null
            ],
            [
              95.301652474000036,
              5.5402432190000468,
              0,
              null
            ],
            [
              95.301569276000066,
              5.540228609000053,
              0,
              null
            ],
            [
              95.30155957900007,
              5.540226505000021,
              0,
              null
            ],
            [
              95.30152223500005,
              5.5402184150000267,
              0,
              null
            ],
            [
              95.301448247000053,
              5.5402037700000619,
              0,
              null
            ],
            [
              95.301430589000063,
              5.5402009890000272,
              0,
              null
            ],
            [
              95.301389502000063,
              5.5401945160000423,
              0,
              null
            ],
            [
              95.301367718000051,
              5.5401910850000604,
              0,
              null
            ],
            [
              95.301301555000066,
              5.5401820130000488,
              0,
              null
            ],
            [
              95.301255634000086,
              5.5401790370000299,
              0,
              null
            ],
            [
              95.301165755000056,
              5.5401724890000423,
              0,
              null
            ],
            [
              95.301130997000087,
              5.5401683310000749,
              0,
              null
            ],
            [
              95.301086122000072,
              5.540162973000065,
              0,
              null
            ],
            [
              95.301079443000049,
              5.5401621770000702,
              0,
              null
            ],
            [
              95.301008381000031,
              5.5401530160000334,
              0,
              null
            ],
            [
              95.300935973000037,
              5.5401432100000534,
              0,
              null
            ],
            [
              95.300926237000056,
              5.5401410650000571,
              0,
              null
            ],
            [
              95.300910240000064,
              5.5401375430000712,
              0,
              null
            ],
            [
              95.300860992000082,
              5.5401258110000526,
              0,
              null
            ],
            [
              95.300830233000056,
              5.5401177230000371,
              0,
              null
            ],
            [
              95.300802904000079,
              5.540107416000069,
              0,
              null
            ],
            [
              95.300768878000042,
              5.5400919830000248,
              0,
              null
            ],
            [
              95.300711574000047,
              5.5400641870000413,
              0,
              null
            ],
            [
              95.300667955000051,
              5.5400430300000494,
              0,
              null
            ],
            [
              95.300596901000063,
              5.5400100680000719,
              0,
              null
            ],
            [
              95.300534019000054,
              5.5399837010000397,
              0,
              null
            ],
            [
              95.300475836000032,
              5.5399594440000328,
              0,
              null
            ],
            [
              95.300465128000042,
              5.5399549800000614,
              0,
              null
            ],
            [
              95.300399723000055,
              5.5399295170000755,
              0,
              null
            ],
            [
              95.300334804000045,
              5.5399036640000645,
              0,
              null
            ],
            [
              95.300281410000082,
              5.5398819030000368,
              0,
              null
            ],
            [
              95.30027089400005,
              5.5398776170000588,
              0,
              null
            ],
            [
              95.300248985000053,
              5.539866919000076,
              0,
              null
            ],
            [
              95.300216830000068,
              5.5398521740000319,
              0,
              null
            ],
            [
              95.300191508000069,
              5.5398386500000356,
              0,
              null
            ],
            [
              95.30014755600007,
              5.5398158560000752,
              0,
              null
            ],
            [
              95.300143631000083,
              5.5398138200000631,
              0,
              null
            ],
            [
              95.300126455000054,
              5.5398037850000605,
              0,
              null
            ],
            [
              95.300126102000036,
              5.5398035790000222,
              0,
              null
            ],
            [
              95.30011998100008,
              5.5397998970000231,
              0,
              null
            ],
            [
              95.300105830000064,
              5.5397913820000326,
              0,
              null
            ],
            [
              95.30008330000004,
              5.5397760340000559,
              0,
              null
            ],
            [
              95.300078928000062,
              5.5397730560000582,
              0,
              null
            ],
            [
              95.300051634000056,
              5.5397533840000506,
              0,
              null
            ],
            [
              95.300036698000042,
              5.5397426310000242,
              0,
              null
            ],
            [
              95.300013487000058,
              5.539724227000022,
              0,
              null
            ],
            [
              95.299987024000075,
              5.5397022920000722,
              0,
              null
            ],
            [
              95.299967519000063,
              5.5396858260000386,
              0,
              null
            ],
            [
              95.299939580000057,
              5.5396624640000596,
              0,
              null
            ],
            [
              95.299927922000052,
              5.5396527150000452,
              0,
              null
            ],
            [
              95.299887330000047,
              5.5396166250000647,
              0,
              null
            ],
            [
              95.299850356000036,
              5.5395830890000752,
              0,
              null
            ],
            [
              95.299804376000054,
              5.5395414880000544,
              0,
              null
            ],
            [
              95.299758773000065,
              5.5394998670000746,
              0,
              null
            ],
            [
              95.299737723000078,
              5.5394806220000419,
              0,
              null
            ],
            [
              95.299698224000053,
              5.5394445110000561,
              0,
              null
            ],
            [
              95.29967926900008,
              5.5394274440000686,
              0,
              null
            ],
            [
              95.299643064000065,
              5.5393948470000396,
              0,
              null
            ],
            [
              95.299594404000061,
              5.5393510510000397,
              0,
              null
            ],
            [
              95.299532558000067,
              5.5392962780000516,
              0,
              null
            ],
            [
              95.29948973900008,
              5.539257937000059,
              0,
              null
            ],
            [
              95.299481808000053,
              5.5392508360000647,
              0,
              null
            ],
            [
              95.299429845000077,
              5.5392020450000246,
              0,
              null
            ],
            [
              95.299376742000049,
              5.5391523270000675,
              0,
              null
            ],
            [
              95.299323215000072,
              5.5391001880000204,
              0,
              null
            ],
            [
              95.299274066000066,
              5.5390513230000238,
              0,
              null
            ],
            [
              95.299268796000035,
              5.5390456990000416,
              0,
              null
            ],
            [
              95.299222340000085,
              5.5389961310000331,
              0,
              null
            ],
            [
              95.299174330000085,
              5.5389476230000696,
              0,
              null
            ],
            [
              95.299135226000033,
              5.5389064170000211,
              0,
              null
            ],
            [
              95.299123186000031,
              5.5388937310000301,
              0,
              null
            ],
            [
              95.29910529700004,
              5.5388755710000623,
              0,
              null
            ],
            [
              95.299072676000037,
              5.5388424570000439,
              0,
              null
            ],
            [
              95.299020791000032,
              5.5387905020000403,
              0,
              null
            ],
            [
              95.299018599000078,
              5.5387883590000229,
              0,
              null
            ],
            [
              95.298950093000087,
              5.5387213100000281,
              0,
              null
            ],
            [
              95.298914405000062,
              5.5386865030000649,
              0,
              null
            ],
            [
              95.298914065000076,
              5.5386861780000345,
              0,
              null
            ],
            [
              95.298814049000043,
              5.5385904790000495,
              0,
              null
            ],
            [
              95.298764799000082,
              5.5385433500000545,
              0,
              null
            ],
            [
              95.298743498000078,
              5.5385232510000719,
              0,
              null
            ],
            [
              95.298733105000053,
              5.5385134440000456,
              0,
              null
            ],
            [
              95.298704197000063,
              5.5384861680000768,
              0,
              null
            ],
            [
              95.298664014000053,
              5.538448241000026,
              0,
              null
            ],
            [
              95.298571392000042,
              5.5383601060000274,
              0,
              null
            ],
            [
              95.298558778000086,
              5.5383485130000736,
              0,
              null
            ],
            [
              95.298537405000047,
              5.5383288720000223,
              0,
              null
            ],
            [
              95.298516261000032,
              5.5383106670000757,
              0,
              null
            ],
            [
              95.298496903000057,
              5.5382948060000672,
              0,
              null
            ],
            [
              95.298474340000041,
              5.5382785870000362,
              0,
              null
            ],
            [
              95.29846553200008,
              5.5382730980000474,
              0,
              null
            ],
            [
              95.298473260000037,
              5.5382557760000282,
              0,
              null
            ],
            [
              95.298476875000063,
              5.5382480880000458,
              0,
              null
            ],
            [
              95.298480313000084,
              5.538241241000037,
              0,
              null
            ],
            [
              95.298482463000084,
              5.5382374740000273,
              0,
              null
            ],
            [
              95.298484130000077,
              5.5382345550000309,
              0,
              null
            ],
            [
              95.298488622000036,
              5.5382274870000288,
              0,
              null
            ],
            [
              95.298501306000048,
              5.5382086810000715,
              0,
              null
            ],
            [
              95.298512490000064,
              5.5381916170000522,
              0,
              null
            ],
            [
              95.298518105000085,
              5.5381829010000274,
              0,
              null
            ],
            [
              95.298524300000054,
              5.5381732840000382,
              0,
              null
            ],
            [
              95.298532986000055,
              5.5381566000000362,
              0,
              null
            ],
            [
              95.298537614000054,
              5.5381462890000535,
              0,
              null
            ],
            [
              95.298542163000036,
              5.5381361540000285,
              0,
              null
            ],
            [
              95.298549205000086,
              5.5381142060000457,
              0,
              null
            ],
            [
              95.298552388000076,
              5.5380972910000423,
              0,
              null
            ],
            [
              95.298554204000084,
              5.5380793770000309,
              0,
              null
            ],
            [
              95.298555365000084,
              5.538055454000073,
              0,
              null
            ],
            [
              95.298555634000081,
              5.5380268980000551,
              0,
              null
            ],
            [
              95.298554804000048,
              5.5380059850000407,
              0,
              null
            ],
            [
              95.298552628000039,
              5.5379851360000316,
              0,
              null
            ],
            [
              95.298552087000076,
              5.5379799530000469,
              0,
              null
            ],
            [
              95.298548924000045,
              5.5379620890000751,
              0,
              null
            ],
            [
              95.298548896000057,
              5.5379619320000302,
              0,
              null
            ],
            [
              95.298542161000057,
              5.5379325260000201,
              0,
              null
            ],
            [
              95.298537646000057,
              5.5379128830000468,
              0,
              null
            ],
            [
              95.298533327000087,
              5.5378923630000259,
              0,
              null
            ],
            [
              95.298530502000062,
              5.5378733370000646,
              0,
              null
            ],
            [
              95.298529801000086,
              5.5378507960000434,
              0,
              null
            ],
            [
              95.298529951000035,
              5.53782424700006,
              0,
              null
            ],
            [
              95.298530515000039,
              5.5378067090000513,
              0,
              null
            ],
            [
              95.298532550000061,
              5.5377822860000379,
              0,
              null
            ],
            [
              95.29853483100004,
              5.5377666830000294,
              0,
              null
            ],
            [
              95.298536452000064,
              5.5377555960000677,
              0,
              null
            ],
            [
              95.29854146200006,
              5.5377277370000684,
              0,
              null
            ],
            [
              95.298543367000036,
              5.5377171430000658,
              0,
              null
            ],
            [
              95.298550250000062,
              5.5376773340000227,
              0,
              null
            ],
            [
              95.298554121000052,
              5.5376472640000429,
              0,
              null
            ],
            [
              95.298556538000071,
              5.5376166920000287,
              0,
              null
            ],
            [
              95.298557745000039,
              5.5375766620000491,
              0,
              null
            ],
            [
              95.298557687000084,
              5.5375709940000206,
              0,
              null
            ],
            [
              95.298557168000059,
              5.5375234290000321,
              0,
              null
            ],
            [
              95.298556584000039,
              5.5374700210000469,
              0,
              null
            ],
            [
              95.298555737000072,
              5.5374141250000548,
              0,
              null
            ],
            [
              95.29855428500008,
              5.5373792570000546,
              0,
              null
            ],
            [
              95.298553030000051,
              5.5373456050000414,
              0,
              null
            ],
            [
              95.298552544000074,
              5.5373325580000596,
              0,
              null
            ],
            [
              95.298552076000078,
              5.5373187240000448,
              0,
              null
            ],
            [
              95.298549589000061,
              5.5372450790000585,
              0,
              null
            ],
            [
              95.298547432000078,
              5.5371887450000372,
              0,
              null
            ],
            [
              95.298547392000046,
              5.5371877600000516,
              0,
              null
            ],
            [
              95.298546340000087,
              5.5371628520000513,
              0,
              null
            ],
            [
              95.298547617000054,
              5.5371283930000459,
              0,
              null
            ],
            [
              95.298549037000043,
              5.5370900940000638,
              0,
              null
            ],
            [
              95.298550098000078,
              5.5370614890000525,
              0,
              null
            ],
            [
              95.298552098000073,
              5.5370071460000645,
              0,
              null
            ],
            [
              95.298554300000035,
              5.5369472090000613,
              0,
              null
            ],
            [
              95.29855430200007,
              5.5369471620000468,
              0,
              null
            ],
            [
              95.298557581000068,
              5.5368729000000485,
              0,
              null
            ],
            [
              95.298558325000045,
              5.5368560570000227,
              0,
              null
            ],
            [
              95.298558496000055,
              5.5368256310000561,
              0,
              null
            ],
            [
              95.298558287000048,
              5.5367833180000616,
              0,
              null
            ],
            [
              95.298557471000038,
              5.5367401140000538,
              0,
              null
            ],
            [
              95.298557265000056,
              5.53670309000006,
              0,
              null
            ],
            [
              95.298557216000063,
              5.5366825260000496,
              0,
              null
            ],
            [
              95.29855716600008,
              5.5366611300000272,
              0,
              null
            ],
            [
              95.298557934000087,
              5.5366117060000306,
              0,
              null
            ],
            [
              95.298558691000039,
              5.5365630600000486,
              0,
              null
            ],
            [
              95.298559420000061,
              5.5365162220000457,
              0,
              null
            ],
            [
              95.298559958000055,
              5.5364878350000595,
              0,
              null
            ],
            [
              95.298560514000087,
              5.5364584740000282,
              0,
              null
            ],
            [
              95.298561145000065,
              5.5364418760000262,
              0,
              null
            ],
            [
              95.298561302000053,
              5.5364335140000662,
              0,
              null
            ],
            [
              95.298561928000083,
              5.5364252770000348,
              0,
              null
            ],
            [
              95.298563018000038,
              5.53641783300003,
              0,
              null
            ],
            [
              95.298564648000081,
              5.5364099630000396,
              0,
              null
            ],
            [
              95.298567234000075,
              5.5363997830000358,
              0,
              null
            ],
            [
              95.298570018000078,
              5.5363896500000465,
              0,
              null
            ],
            [
              95.298572934000049,
              5.5363785640000742,
              0,
              null
            ],
            [
              95.298564964000036,
              5.5363777240000331,
              0,
              null
            ],
            [
              95.298539599000037,
              5.5363738720000697,
              0,
              null
            ],
            [
              95.29853567400005,
              5.536373276000063,
              0,
              null
            ],
            [
              95.298473045000037,
              5.5363634860000275,
              0,
              null
            ],
            [
              95.298458635000031,
              5.5363615500000378,
              0,
              null
            ],
            [
              95.298378190000051,
              5.5363507470000286,
              0,
              null
            ],
            [
              95.298355408000077,
              5.5363476890000243,
              0,
              null
            ],
            [
              95.298310346000051,
              5.5363422300000593,
              0,
              null
            ],
            [
              95.298283979000075,
              5.5363390360000722,
              0,
              null
            ],
            [
              95.298242182000081,
              5.5363363870000626,
              0,
              null
            ],
            [
              95.298215188000086,
              5.5363382900000602,
              0,
              null
            ],
            [
              95.298205235000069,
              5.5363399650000247,
              0,
              null
            ],
            [
              95.298201207000034,
              5.5363291910000498,
              0,
              null
            ],
            [
              95.298155042000076,
              5.5361961770000221,
              0,
              null
            ],
            [
              95.298136571000043,
              5.5361429560000488,
              0,
              null
            ],
            [
              95.29813587600006,
              5.536140954000075,
              0,
              null
            ],
            [
              95.298107341000048,
              5.5360614110000483,
              0,
              null
            ],
            [
              95.298089286000049,
              5.5360116380000477,
              0,
              null
            ],
            [
              95.298083902000087,
              5.5359961590000353,
              0,
              null
            ],
            [
              95.298081194000076,
              5.5359883750000449,
              0,
              null
            ],
            [
              95.298076267000056,
              5.535971608000068,
              0,
              null
            ],
            [
              95.298074075000045,
              5.5359552110000436,
              0,
              null
            ],
            [
              95.298073622000061,
              5.5359337980000305,
              0,
              null
            ],
            [
              95.298073742000042,
              5.5358972340000605,
              0,
              null
            ],
            [
              95.298073464000083,
              5.5358205250000765,
              0,
              null
            ],
            [
              95.298073464000083,
              5.5358204640000395,
              0,
              null
            ],
            [
              95.298073875000057,
              5.5358124720000319,
              0,
              null
            ],
            [
              95.298074456000052,
              5.5358087000000751,
              0,
              null
            ],
            [
              95.298075328000039,
              5.5358056510000324,
              0,
              null
            ],
            [
              95.298077789000047,
              5.5358029020000572,
              0,
              null
            ],
            [
              95.298102349000033,
              5.5356992370000739,
              0,
              null
            ],
            [
              95.298156920000054,
              5.5357159120000574,
              0,
              null
            ],
            [
              95.298296844000049,
              5.5357578600000465,
              0,
              null
            ],
            [
              95.298360569000067,
              5.5357734940000682,
              0,
              null
            ],
            [
              95.298408445000064,
              5.5357779640000331,
              0,
              null
            ],
            [
              95.298440613000082,
              5.5357767350000699,
              0,
              null
            ],
            [
              95.298470854000072,
              5.5357755790000738,
              0,
              null
            ],
            [
              95.298510814000053,
              5.5357719800000496,
              0,
              null
            ],
            [
              95.29855486200006,
              5.5357594080000467,
              0,
              null
            ],
            [
              95.298598523000067,
              5.5357353380000518,
              0,
              null
            ],
            [
              95.298635296000043,
              5.5357006930000239,
              0,
              null
            ],
            [
              95.29866312300004,
              5.5356624660000762,
              0,
              null
            ],
            [
              95.298690184000066,
              5.5356007220000265,
              0,
              null
            ],
            [
              95.298705712000071,
              5.5355531070000552,
              0,
              null
            ],
            [
              95.29871180400005,
              5.5355344260000265,
              0,
              null
            ],
            [
              95.298744558000067,
              5.535400725000045,
              0,
              null
            ],
            [
              95.298761245000037,
              5.53531137300007,
              0,
              null
            ],
            [
              95.298786907000078,
              5.5351739550000616,
              0,
              null
            ],
            [
              95.298796202000062,
              5.5351241850000292,
              0,
              null
            ],
            [
              95.298824826000043,
              5.5349793920000252,
              0,
              null
            ],
            [
              95.298828180000044,
              5.5349693240000306,
              0,
              null
            ],
            [
              95.298837374000072,
              5.5349417310000604,
              0,
              null
            ],
            [
              95.29885826900005,
              5.5349025370000504,
              0,
              null
            ],
            [
              95.29888466500006,
              5.5348697390000439,
              0,
              null
            ],
            [
              95.298931325000069,
              5.5348327140000606,
              0,
              null
            ],
            [
              95.298985114000061,
              5.5347961400000258,
              0,
              null
            ],
            [
              95.29903844100005,
              5.5347686890000318,
              0,
              null
            ],
            [
              95.299080549000053,
              5.5347582570000213,
              0,
              null
            ],
            [
              95.299121833000072,
              5.5347517870000615,
              0,
              null
            ],
            [
              95.299217231000057,
              5.5347588160000214,
              0,
              null
            ],
            [
              95.299221719000059,
              5.5347591460000558,
              0,
              null
            ],
            [
              95.299465373000032,
              5.5347884830000567,
              0,
              null
            ],
            [
              95.299556020000068,
              5.5348011070000211,
              0,
              null
            ],
            [
              95.29960903500006,
              5.5348084890000564,
              0,
              null
            ],
            [
              95.299635211000066,
              5.534808885000075,
              0,
              null
            ],
            [
              95.299650409000037,
              5.53480911500003,
              0,
              null
            ],
            [
              95.299695994000047,
              5.5347997630000236,
              0,
              null
            ],
            [
              95.29977311600004,
              5.5347664350000514,
              0,
              null
            ],
            [
              95.299811900000066,
              5.5347435500000302,
              0,
              null
            ],
            [
              95.299854583000069,
              5.5347044620000361,
              0,
              null
            ],
            [
              95.299887972000079,
              5.5346628870000245,
              0,
              null
            ],
            [
              95.299927006000075,
              5.5346040710000466,
              0,
              null
            ],
            [
              95.299958567000033,
              5.5345487550000598,
              0,
              null
            ],
            [
              95.299964703000057,
              5.534538001000044,
              0,
              null
            ],
            [
              95.299971605000053,
              5.5345188300000245,
              0,
              null
            ],
            [
              95.299985794000065,
              5.5344794080000383,
              0,
              null
            ],
            [
              95.299995185000057,
              5.534418664000043,
              0,
              null
            ],
            [
              95.299992332000045,
              5.5343792910000502,
              0,
              null
            ],
            [
              95.299991402000046,
              5.5343664590000685,
              0,
              null
            ],
            [
              95.299969672000032,
              5.5343179390000614,
              0,
              null
            ],
            [
              95.299937592000049,
              5.5342689980000728,
              0,
              null
            ],
            [
              95.299891737000053,
              5.534217887000068,
              0,
              null
            ],
            [
              95.299880426000072,
              5.534208010000043,
              0,
              null
            ],
            [
              95.299877451000043,
              5.5342054120000626,
              0,
              null
            ],
            [
              95.299825930000054,
              5.5341604180000559,
              0,
              null
            ],
            [
              95.299823710000055,
              5.5341587430000345,
              0,
              null
            ],
            [
              95.299748743000066,
              5.5341021880000767,
              0,
              null
            ],
            [
              95.299667797000041,
              5.5340397790000679,
              0,
              null
            ],
            [
              95.299629174000074,
              5.5339900950000356,
              0,
              null
            ],
            [
              95.299606105000066,
              5.5339360390000252,
              0,
              null
            ],
            [
              95.299596450000081,
              5.5338911340000436,
              0,
              null
            ],
            [
              95.299590631000058,
              5.5338351220000277,
              0,
              null
            ],
            [
              95.299590232000071,
              5.5338116410000566,
              0,
              null
            ],
            [
              95.299589650000087,
              5.5337774190000459,
              0,
              null
            ],
            [
              95.299592910000058,
              5.5337339260000249,
              0,
              null
            ],
            [
              95.299594206000052,
              5.5337166390000334,
              0,
              null
            ],
            [
              95.299606235000056,
              5.5336731860000441,
              0,
              null
            ],
            [
              95.299620965000031,
              5.5336376950000385,
              0,
              null
            ],
            [
              95.299643588000038,
              5.5336067560000401,
              0,
              null
            ],
            [
              95.299695000000042,
              5.5335528720000298,
              0,
              null
            ],
            [
              95.299736622000069,
              5.5335172230000467,
              0,
              null
            ],
            [
              95.299781628000062,
              5.5334912770000528,
              0,
              null
            ],
            [
              95.299826893000045,
              5.5334784640000407,
              0,
              null
            ],
            [
              95.299880715000086,
              5.5334739980000336,
              0,
              null
            ],
            [
              95.29988859000008,
              5.5334738740000375,
              0,
              null
            ],
            [
              95.29994107400006,
              5.5334730410000361,
              0,
              null
            ],
            [
              95.300006576000044,
              5.5334748750000244,
              0,
              null
            ],
            [
              95.300064141000064,
              5.5334773450000512,
              0,
              null
            ],
            [
              95.30006734300008,
              5.5334769520000577,
              0,
              null
            ],
            [
              95.300101418000054,
              5.5334727710000493,
              0,
              null
            ],
            [
              95.30013808700005,
              5.5334557430000473,
              0,
              null
            ],
            [
              95.300172054000086,
              5.5334304190000694,
              0,
              null
            ],
            [
              95.300201952000066,
              5.5333957280000732,
              0,
              null
            ],
            [
              95.300229245000082,
              5.5333513210000547,
              0,
              null
            ],
            [
              95.300248686000032,
              5.5333196890000522,
              0,
              null
            ],
            [
              95.300261097000032,
              5.5332960550000507,
              0,
              null
            ],
            [
              95.30031123100008,
              5.5332005800000275,
              0,
              null
            ],
            [
              95.30037171500004,
              5.5330804120000607,
              0,
              null
            ],
            [
              95.300371790000042,
              5.5330802570000515,
              0,
              null
            ],
            [
              95.30043842300006,
              5.5329431870000576,
              0,
              null
            ],
            [
              95.300462588000073,
              5.5328934760000266,
              0,
              null
            ],
            [
              95.300465083000063,
              5.5328883450000603,
              0,
              null
            ],
            [
              95.300506693000045,
              5.5328053660000478,
              0,
              null
            ],
            [
              95.300526166000054,
              5.5327522460000296,
              0,
              null
            ],
            [
              95.300537269000074,
              5.5327219590000709,
              0,
              null
            ],
            [
              95.300554031000047,
              5.5326426110000284,
              0,
              null
            ],
            [
              95.300557781000066,
              5.5326185690000216,
              0,
              null
            ],
            [
              95.300574595000057,
              5.5325107660000299,
              0,
              null
            ],
            [
              95.300583435000078,
              5.532467294000071,
              0,
              null
            ],
            [
              95.300592642000083,
              5.5324220170000444,
              0,
              null
            ],
            [
              95.300596373000076,
              5.5324036650000608,
              0,
              null
            ],
            [
              95.300619629000039,
              5.5323380490000318,
              0,
              null
            ],
            [
              95.300622940000039,
              5.5323311070000614,
              0,
              null
            ],
            [
              95.300656883000045,
              5.5322599410000635,
              0,
              null
            ],
            [
              95.300663905000079,
              5.5322477750000303,
              0,
              null
            ],
            [
              95.300664739000069,
              5.5322463300000209,
              0,
              null
            ],
            [
              95.300679337000076,
              5.532221039000035,
              0,
              null
            ],
            [
              95.300684403000048,
              5.5322122610000406,
              0,
              null
            ],
            [
              95.300699741000074,
              5.5321921110000289,
              0,
              null
            ],
            [
              95.300724821000074,
              5.5321591610000382,
              0,
              null
            ],
            [
              95.30075006900006,
              5.532129904000044,
              0,
              null
            ],
            [
              95.300786827000081,
              5.5320873110000548,
              0,
              null
            ],
            [
              95.300866656000039,
              5.5320008750000511,
              0,
              null
            ],
            [
              95.300899305000087,
              5.5319684690000486,
              0,
              null
            ],
            [
              95.300929994000057,
              5.5319469910000407,
              0,
              null
            ],
            [
              95.300941579000039,
              5.5319410600000651,
              0,
              null
            ],
            [
              95.300962199000082,
              5.5319305040000586,
              0,
              null
            ],
            [
              95.30098066100004,
              5.5319244490000301,
              0,
              null
            ],
            [
              95.301018502000034,
              5.5319120360000511,
              0,
              null
            ],
            [
              95.301086020000071,
              5.5318984860000455,
              0,
              null
            ],
            [
              95.301174096000068,
              5.5318823890000317,
              0,
              null
            ],
            [
              95.301212404000069,
              5.5318762330000482,
              0,
              null
            ],
            [
              95.301261314000044,
              5.5318683740000552,
              0,
              null
            ],
            [
              95.301315897000052,
              5.5318555250000259,
              0,
              null
            ],
            [
              95.301363079000055,
              5.5318368380000607,
              0,
              null
            ],
            [
              95.301365201000067,
              5.531835845000046,
              0,
              null
            ],
            [
              95.301443917000086,
              5.5317990120000218,
              0,
              null
            ],
            [
              95.301474641000084,
              5.5317819440000449,
              0,
              null
            ],
            [
              95.301505244000055,
              5.5317501510000398,
              0,
              null
            ],
            [
              95.301538444000073,
              5.5317130250000446,
              0,
              null
            ],
            [
              95.301547897000034,
              5.5316983490000666,
              0,
              null
            ],
            [
              95.301581389000035,
              5.531646356000067,
              0,
              null
            ],
            [
              95.301589979000084,
              5.5316263130000607,
              0,
              null
            ],
            [
              95.301605600000073,
              5.5315898660000471,
              0,
              null
            ],
            [
              95.301632419000043,
              5.5315289370000755,
              0,
              null
            ],
            [
              95.301660154000047,
              5.5314388260000555,
              0,
              null
            ],
            [
              95.301676505000046,
              5.5313909440000657,
              0,
              null
            ],
            [
              95.30169759100005,
              5.5313474470000301,
              0,
              null
            ],
            [
              95.301713506000056,
              5.5313257440000712,
              0,
              null
            ],
            [
              95.301724334000085,
              5.5313109780000218,
              0,
              null
            ],
            [
              95.301770340000076,
              5.5312590050000381,
              0,
              null
            ],
            [
              95.301837719000048,
              5.5311956580000583,
              0,
              null
            ],
            [
              95.301884292000068,
              5.5311430150000547,
              0,
              null
            ],
            [
              95.301888683000072,
              5.5311380520000739,
              0,
              null
            ],
            [
              95.301920630000041,
              5.5310920990000341,
              0,
              null
            ],
            [
              95.301942918000066,
              5.5310515440000358,
              0,
              null
            ],
            [
              95.301949489000037,
              5.5310290920000398,
              0,
              null
            ],
            [
              95.301954242000079,
              5.5310007620000761,
              0,
              null
            ],
            [
              95.301953651000076,
              5.5309668760000363,
              0,
              null
            ],
            [
              95.30194633800005,
              5.5309374820000698,
              0,
              null
            ],
            [
              95.301934961000086,
              5.530913708000071,
              0,
              null
            ],
            [
              95.301899487000071,
              5.5308595100000275,
              0,
              null
            ],
            [
              95.301893335000045,
              5.5308492870000237,
              0,
              null
            ],
            [
              95.301867563000087,
              5.5308064560000503,
              0,
              null
            ],
            [
              95.301845367000055,
              5.530756565000047,
              0,
              null
            ],
            [
              95.301835999000048,
              5.5307274670000766,
              0,
              null
            ],
            [
              95.301828655000065,
              5.530694828000037,
              0,
              null
            ],
            [
              95.301826022000057,
              5.5306624420000503,
              0,
              null
            ],
            [
              95.301826314000039,
              5.5306282540000211,
              0,
              null
            ],
            [
              95.30183181700005,
              5.5305840130000661,
              0,
              null
            ],
            [
              95.301840919000085,
              5.5305488690000288,
              0,
              null
            ],
            [
              95.301853623000056,
              5.5305131770000457,
              0,
              null
            ],
            [
              95.301864167000076,
              5.5304835510000316,
              0,
              null
            ],
            [
              95.301891505000071,
              5.53041435800003,
              0,
              null
            ],
            [
              95.301922341000079,
              5.5304247890000511,
              0,
              null
            ],
            [
              95.30200265600007,
              5.5304538390000744,
              0,
              null
            ],
            [
              95.302207790000068,
              5.5305330070000309,
              0,
              null
            ],
            [
              95.302215783000065,
              5.5305341000000681,
              0,
              null
            ],
            [
              95.302215515000057,
              5.5305360580000524,
              0,
              null
            ],
            [
              95.302264458000082,
              5.5305553460000283,
              0,
              null
            ],
            [
              95.302383245000044,
              5.5306074570000305,
              0,
              null
            ],
            [
              95.30245172900004,
              5.530640930000061,
              0,
              null
            ],
            [
              95.302470757000037,
              5.530653376000032,
              0,
              null
            ],
            [
              95.30249651400004,
              5.5306604890000699,
              0,
              null
            ],
            [
              95.30257933200005,
              5.5306845380000595,
              0,
              null
            ],
            [
              95.302588768000078,
              5.5306865080000307,
              0,
              null
            ],
            [
              95.302625370000044,
              5.5306941270000607,
              0,
              null
            ],
            [
              95.302637620000041,
              5.5306966770000372,
              0,
              null
            ],
            [
              95.302684114000044,
              5.5307055360000277,
              0,
              null
            ],
            [
              95.302706868000087,
              5.5307094010000242,
              0,
              null
            ],
            [
              95.302870066000082,
              5.5307371290000447,
              0,
              null
            ],
            [
              95.302899811000032,
              5.5307424430000651,
              0,
              null
            ],
            [
              95.303042541000082,
              5.5307679460000259,
              0,
              null
            ],
            [
              95.303060249000055,
              5.5307711100000461,
              0,
              null
            ],
            [
              95.303190435000033,
              5.5307919190000234,
              0,
              null
            ],
            [
              95.303209339000034,
              5.5307929570000738,
              0,
              null
            ],
            [
              95.303225796000049,
              5.5307914110000524,
              0,
              null
            ],
            [
              95.303232249000075,
              5.5307898630000523,
              0,
              null
            ],
            [
              95.303253673000086,
              5.5307847220000212,
              0,
              null
            ],
            [
              95.303322038000033,
              5.5307664050000653,
              0,
              null
            ],
            [
              95.303413115000069,
              5.5307413580000571,
              0,
              null
            ],
            [
              95.303494135000051,
              5.5307190760000253,
              0,
              null
            ],
            [
              95.303530967000086,
              5.5307117200000562,
              0,
              null
            ],
            [
              95.303644571000063,
              5.5306897660000232,
              0,
              null
            ],
            [
              95.303687900000057,
              5.530683305000025,
              0,
              null
            ],
            [
              95.303698366000049,
              5.5307577310000511,
              0,
              null
            ],
            [
              95.303699727000037,
              5.5307674060000522,
              0,
              null
            ],
            [
              95.303714927000044,
              5.5308653820000586,
              0,
              null
            ],
            [
              95.303744299000073,
              5.53105471300006,
              0,
              null
            ],
            [
              95.303748495000036,
              5.5310817620000421,
              0,
              null
            ],
            [
              95.303775817000087,
              5.5312578800000551,
              0,
              null
            ],
            [
              95.303793317000043,
              5.5313706830000342,
              0,
              null
            ],
            [
              95.303799771000058,
              5.5314122870000233,
              0,
              null
            ],
            [
              95.30380649600005,
              5.5314556370000219,
              0,
              null
            ],
            [
              95.303809242000057,
              5.5314735950000227,
              0,
              null
            ],
            [
              95.303823432000058,
              5.5315664330000232,
              0,
              null
            ],
            [
              95.30382508100007,
              5.5315772160000733,
              0,
              null
            ],
            [
              95.303867536000041,
              5.5318549550000284,
              0,
              null
            ],
            [
              95.303873575000068,
              5.5318944650000503,
              0,
              null
            ],
            [
              95.303875377000054,
              5.5319062560000702,
              0,
              null
            ],
            [
              95.303942684000049,
              5.5323339470000406,
              0,
              null
            ],
            [
              95.303951019000067,
              5.5323869110000601,
              0,
              null
            ],
            [
              95.303981082000064,
              5.532577940000067,
              0,
              null
            ],
            [
              95.30399034900006,
              5.5326368490000277,
              0,
              null
            ],
            [
              95.303999117000046,
              5.5326925680000727,
              0,
              null
            ],
            [
              95.303999478000037,
              5.5326949810000201,
              0,
              null
            ],
            [
              95.304021674000069,
              5.5328435370000761,
              0,
              null
            ],
            [
              95.304028514000038,
              5.5328893210000274,
              0,
              null
            ],
            [
              95.304038052000067,
              5.5329531540000403,
              0,
              null
            ],
            [
              95.304067003000057,
              5.5331469420000303,
              0,
              null
            ],
            [
              95.304087669000069,
              5.5332852560000561,
              0,
              null
            ],
            [
              95.304097255000045,
              5.5333494080000492,
              0,
              null
            ],
            [
              95.304099501000053,
              5.5333644360000562,
              0,
              null
            ],
            [
              95.304120516000069,
              5.5334727350000321,
              0,
              null
            ],
            [
              95.304148733000034,
              5.5336005300000579,
              0,
              null
            ],
            [
              95.304176622000057,
              5.5337412340000469,
              0,
              null
            ],
            [
              95.304185307000068,
              5.5337850510000521,
              0,
              null
            ],
            [
              95.304189356000052,
              5.5338054370000691,
              0,
              null
            ],
            [
              95.304191435000064,
              5.5338171510000507,
              0,
              null
            ],
            [
              95.304232267000032,
              5.5340471470000239,
              0,
              null
            ],
            [
              95.304253720000077,
              5.5341679850000673,
              0,
              null
            ],
            [
              95.30426000600005,
              5.5341997740000579,
              0,
              null
            ],
            [
              95.304266147000078,
              5.5342308290000233,
              0,
              null
            ],
            [
              95.304232388000059,
              5.5342877420000605,
              0,
              null
            ],
            [
              95.304242420000037,
              5.5343413900000655,
              0,
              null
            ],
            [
              95.304254018000051,
              5.534403411000028,
              0,
              null
            ],
            [
              95.304264507000084,
              5.5344595000000254,
              0,
              null
            ],
            [
              95.304332521000049,
              5.5345128590000741,
              0,
              null
            ],
            [
              95.304369893000057,
              5.5345513940000615,
              0,
              null
            ],
            [
              95.304563690000066,
              5.534752696000055,
              0,
              null
            ],
            [
              95.30481388700008,
              5.5350121720000516,
              0,
              null
            ],
            [
              95.305115123000064,
              5.5353223910000224,
              0,
              null
            ],
            [
              95.30529271000006,
              5.5355075300000749,
              0,
              null
            ],
            [
              95.305550819000075,
              5.5357755850000672,
              0,
              null
            ],
            [
              95.305728384000076,
              5.5359549840000568,
              0,
              null
            ],
            [
              95.305892291000077,
              5.5361208040000633,
              0,
              null
            ],
            [
              95.306074203000037,
              5.5363131000000294,
              0,
              null
            ],
            [
              95.306270483000048,
              5.5365175380000551,
              0,
              null
            ],
            [
              95.306463869000083,
              5.5367140950000362,
              0,
              null
            ],
            [
              95.306711907000079,
              5.536969991000035,
              0,
              null
            ],
            [
              95.306928784000036,
              5.5371991210000715,
              0,
              null
            ],
            [
              95.307008735000068,
              5.5372755820000634,
              0,
              null
            ],
            [
              95.307494255000051,
              5.5377772740000637,
              0,
              null
            ],
            [
              95.307621851000079,
              5.5379088550000688,
              0,
              null
            ],
            [
              95.307748794000076,
              5.5380388780000658,
              0,
              null
            ],
            [
              95.30820299800007,
              5.5385056900000222,
              0,
              null
            ],
            [
              95.308434268000042,
              5.5387433730000453,
              0,
              null
            ],
            [
              95.308485155000085,
              5.5387957750000396,
              0,
              null
            ],
            [
              95.308539864000068,
              5.5388531260000491,
              0,
              null
            ],
            [
              95.308540066000035,
              5.5388696390000405,
              0,
              null
            ],
            [
              95.308540402000062,
              5.5388969830000292,
              0,
              null
            ],
            [
              95.308540570000048,
              5.5389106730000321,
              0,
              null
            ],
            [
              95.30853994000006,
              5.5389242130000298,
              0,
              null
            ],
            [
              95.308539874000076,
              5.538925627000026,
              0,
              null
            ],
            [
              95.308537427000033,
              5.5389782230000719,
              0,
              null
            ],
            [
              95.308536665000076,
              5.5389946180000607,
              0,
              null
            ],
            [
              95.308526070000084,
              5.5390377670000248,
              0,
              null
            ],
            [
              95.308513723000033,
              5.5390850270000556,
              0,
              null
            ],
            [
              95.308506694000073,
              5.5391150370000446,
              0,
              null
            ],
            [
              95.308503985000073,
              5.5391469470000629,
              0,
              null
            ],
            [
              95.308503301000087,
              5.5392075580000437,
              0,
              null
            ],
            [
              95.308507003000045,
              5.5393049270000461,
              0,
              null
            ],
            [
              95.30850789200008,
              5.539328322000074,
              0,
              null
            ],
            [
              95.308512854000071,
              5.5393908140000576,
              0,
              null
            ],
            [
              95.308524663000071,
              5.5395395480000502,
              0,
              null
            ],
            [
              95.308546813000078,
              5.5397702690000301,
              0,
              null
            ],
            [
              95.30855861100008,
              5.5398873260000414,
              0,
              null
            ],
            [
              95.308572992000052,
              5.5400300080000306,
              0,
              null
            ],
            [
              95.308575775000065,
              5.5400547110000389,
              0,
              null
            ],
            [
              95.308589931000085,
              5.5401803280000763,
              0,
              null
            ],
            [
              95.308616698000037,
              5.5403870310000229,
              0,
              null
            ],
            [
              95.308628069000065,
              5.5404725260000305,
              0,
              null
            ],
            [
              95.30863768100005,
              5.5405448010000669,
              0,
              null
            ],
            [
              95.308646359000079,
              5.5406181440000637,
              0,
              null
            ],
            [
              95.308656476000067,
              5.5407036650000236,
              0,
              null
            ],
            [
              95.308677773000056,
              5.5409118360000207,
              0,
              null
            ],
            [
              95.308698708000065,
              5.5411152450000714,
              0,
              null
            ],
            [
              95.308699464000085,
              5.5411222930000577,
              0,
              null
            ],
            [
              95.30870664300005,
              5.5411892040000339,
              0,
              null
            ]
          ]
        ]
      },
      "properties" : {
        "FID" : 0,
        "OBJECTID" : 10456,
        "KDPPUM" : "11",
        "NAMOBJ" : "Lamteumen Timur",
        "REMARK" : " ",
        "KDPBPS" : " ",
        "FCODE" : "BA03070040",
        "LUASWH" : 0,
        "UUPP" : "RBI",
        "SRS_ID" : "SRGI 2013",
        "METADATA" : "TASWIL1000020200326DATA_BATAS_DESA_KELURAHAN",
        "KDEBPS" : " ",
        "KDEPUM" : "11.71.08.2008",
        "KDCBPS" : " ",
        "KDCPUM" : "11.71.08",
        "KDBBPS" : " ",
        "WADMKD" : "Lamteumen Timur",
        "WIADKD" : "0",
        "WADMKC" : "Jaya Baru",
        "WIADKC" : " ",
        "WADMKK" : "Kota Banda Aceh",
        "WIADKK" : " ",
        "WADMPR" : "Aceh",
        "WIADPR" : " ",
        "TIPADM" : 9,
        "KDPKAB" : "11.71",
        "SHAPE_Leng" : 0.036675720440766002,
        "SHAPE_Area" : 6.3026688554000007e-05
      }
    }
  ]
}