{
  "hasZ" : true,
  "hasM" : true,
  "type" : "FeatureCollection",
  "features" : [
    {
      "type" : "Feature",
      "id" : 0,
      "geometry" : {
        "type" : "Polygon",
        "coordinates" : [
          [
            [
              95.321056807000048,
              5.5616018290000397,
              0,
              null
            ],
            [
              95.321041511000033,
              5.5616076570000246,
              0,
              null
            ],
            [
              95.321026578000044,
              5.5616116560000251,
              0,
              null
            ],
            [
              95.320997745000057,
              5.5616659640000421,
              0,
              null
            ],
            [
              95.32098803100007,
              5.561689513000033,
              0,
              null
            ],
            [
              95.320894082000052,
              5.5624797060000333,
              0,
              null
            ],
            [
              95.320891619000065,
              5.5625000890000251,
              0,
              null
            ],
            [
              95.320876569000063,
              5.5625897200000622,
              0,
              null
            ],
            [
              95.320870090000085,
              5.5626329270000383,
              0,
              null
            ],
            [
              95.320858954000073,
              5.562699948000045,
              0,
              null
            ],
            [
              95.320847897000078,
              5.5627664880000225,
              0,
              null
            ],
            [
              95.32084233900008,
              5.5628020520000518,
              0,
              null
            ],
            [
              95.320827653000038,
              5.5628960090000419,
              0,
              null
            ],
            [
              95.320810855000047,
              5.5630323600000224,
              0,
              null
            ],
            [
              95.320808699000054,
              5.5630499730000338,
              0,
              null
            ],
            [
              95.320790755000075,
              5.5631965760000526,
              0,
              null
            ],
            [
              95.320781982000085,
              5.5632225490000451,
              0,
              null
            ],
            [
              95.320744986000079,
              5.5632188910000764,
              0,
              null
            ],
            [
              95.320643346000054,
              5.5632088400000725,
              0,
              null
            ],
            [
              95.320460479000076,
              5.5631933890000482,
              0,
              null
            ],
            [
              95.320454329000086,
              5.5631930640000746,
              0,
              null
            ],
            [
              95.320350202000043,
              5.5631875580000383,
              0,
              null
            ],
            [
              95.32031760700005,
              5.5631830770000761,
              0,
              null
            ],
            [
              95.320312018000038,
              5.5631822680000482,
              0,
              null
            ],
            [
              95.320301022000081,
              5.5631816130000402,
              0,
              null
            ],
            [
              95.32026090800008,
              5.5631792200000518,
              0,
              null
            ],
            [
              95.320144793000054,
              5.5631722930000365,
              0,
              null
            ],
            [
              95.320118667000031,
              5.5631707350000283,
              0,
              null
            ],
            [
              95.320082555000056,
              5.5631668810000292,
              0,
              null
            ],
            [
              95.319827650000036,
              5.5631396740000696,
              0,
              null
            ],
            [
              95.319784068000047,
              5.5631325420000621,
              0,
              null
            ],
            [
              95.319765681000035,
              5.5631295330000512,
              0,
              null
            ],
            [
              95.319608490000064,
              5.5631038120000653,
              0,
              null
            ],
            [
              95.319591165000077,
              5.5631009770000333,
              0,
              null
            ],
            [
              95.319527940000057,
              5.5630934040000284,
              0,
              null
            ],
            [
              95.319422751000047,
              5.5630808040000375,
              0,
              null
            ],
            [
              95.319234878000032,
              5.5630631750000248,
              0,
              null
            ],
            [
              95.319208383000046,
              5.563061833000063,
              0,
              null
            ],
            [
              95.319048544000054,
              5.5630537350000395,
              0,
              null
            ],
            [
              95.319010291000041,
              5.563051797000071,
              0,
              null
            ],
            [
              95.31896983300004,
              5.5630497470000364,
              0,
              null
            ],
            [
              95.318940065000049,
              5.5630492850000337,
              0,
              null
            ],
            [
              95.31893914300008,
              5.5631452670000385,
              0,
              null
            ],
            [
              95.318909375000032,
              5.5631447960000742,
              0,
              null
            ],
            [
              95.318898149000063,
              5.5631446180000239,
              0,
              null
            ],
            [
              95.318804987000078,
              5.5631421470000646,
              0,
              null
            ],
            [
              95.318765314000075,
              5.5631410940000592,
              0,
              null
            ],
            [
              95.318703991000064,
              5.5631394680000312,
              0,
              null
            ],
            [
              95.31863809500004,
              5.5631377200000429,
              0,
              null
            ],
            [
              95.318621397000072,
              5.5631372770000667,
              0,
              null
            ],
            [
              95.318564190000075,
              5.5631386140000245,
              0,
              null
            ],
            [
              95.318563565000034,
              5.563138628000047,
              0,
              null
            ],
            [
              95.318539977000057,
              5.5631391790000748,
              0,
              null
            ],
            [
              95.318522255000062,
              5.5631425010000726,
              0,
              null
            ],
            [
              95.318486633000077,
              5.5631589870000653,
              0,
              null
            ],
            [
              95.31844392000005,
              5.5631857800000262,
              0,
              null
            ],
            [
              95.318106460000081,
              5.5633125750000545,
              0,
              null
            ],
            [
              95.318132010000056,
              5.5631061060000206,
              0,
              null
            ],
            [
              95.318137444000058,
              5.5630621890000498,
              0,
              null
            ],
            [
              95.318168968000066,
              5.5625667280000357,
              0,
              null
            ],
            [
              95.318173209000065,
              5.5625000730000238,
              0,
              null
            ],
            [
              95.318184677000033,
              5.5624493840000468,
              0,
              null
            ],
            [
              95.318226921000075,
              5.5622626710000418,
              0,
              null
            ],
            [
              95.318235184000059,
              5.5620505980000416,
              0,
              null
            ],
            [
              95.31823729000007,
              5.5616782310000303,
              0,
              null
            ],
            [
              95.318235004000087,
              5.5614955240000654,
              0,
              null
            ],
            [
              95.318234393000068,
              5.5614466510000398,
              0,
              null
            ],
            [
              95.318231469000068,
              5.561212825000041,
              0,
              null
            ],
            [
              95.318230128000039,
              5.5611056390000613,
              0,
              null
            ],
            [
              95.318229882000082,
              5.5610860070000285,
              0,
              null
            ],
            [
              95.318221925000046,
              5.5608274230000347,
              0,
              null
            ],
            [
              95.318217329000049,
              5.5606780690000619,
              0,
              null
            ],
            [
              95.318215059000067,
              5.5606042900000716,
              0,
              null
            ],
            [
              95.318214270000055,
              5.5605786330000342,
              0,
              null
            ],
            [
              95.318214160000082,
              5.5605750490000219,
              0,
              null
            ],
            [
              95.318213696000043,
              5.5605536580000603,
              0,
              null
            ],
            [
              95.318213592000063,
              5.5605488510000214,
              0,
              null
            ],
            [
              95.318212948000053,
              5.5605191210000271,
              0,
              null
            ],
            [
              95.318212260000053,
              5.5604874240000299,
              0,
              null
            ],
            [
              95.318209822000085,
              5.5603750060000721,
              0,
              null
            ],
            [
              95.318206266000061,
              5.560211038000034,
              0,
              null
            ],
            [
              95.318207744000063,
              5.5601242090000369,
              0,
              null
            ],
            [
              95.31821091200004,
              5.5599380930000279,
              0,
              null
            ],
            [
              95.318214452000063,
              5.559730132000027,
              0,
              null
            ],
            [
              95.318213447000062,
              5.5596219480000286,
              0,
              null
            ],
            [
              95.318211130000066,
              5.5593723750000663,
              0,
              null
            ],
            [
              95.318210389000058,
              5.5592925860000264,
              0,
              null
            ],
            [
              95.318196316000069,
              5.5590709530000595,
              0,
              null
            ],
            [
              95.318196191000084,
              5.5590558410000313,
              0,
              null
            ],
            [
              95.318195016000061,
              5.5590504730000703,
              0,
              null
            ],
            [
              95.318189564000079,
              5.5589646190000508,
              0,
              null
            ],
            [
              95.318137313000079,
              5.5586522080000691,
              0,
              null
            ],
            [
              95.318108392000056,
              5.5584792920000723,
              0,
              null
            ],
            [
              95.318096432000061,
              5.5584246610000605,
              0,
              null
            ],
            [
              95.31807036400005,
              5.5583055810000701,
              0,
              null
            ],
            [
              95.318042034000086,
              5.5581761730000494,
              0,
              null
            ],
            [
              95.317980000000034,
              5.5578928070000302,
              0,
              null
            ],
            [
              95.317970743000046,
              5.5578505180000661,
              0,
              null
            ],
            [
              95.317958135000083,
              5.5576656550000507,
              0,
              null
            ],
            [
              95.317953190000082,
              5.5575931520000381,
              0,
              null
            ],
            [
              95.317949805000069,
              5.5574362560000736,
              0,
              null
            ],
            [
              95.317945696000038,
              5.5572457350000377,
              0,
              null
            ],
            [
              95.31794469600004,
              5.5571950870000251,
              0,
              null
            ],
            [
              95.317943391000085,
              5.5571290350000595,
              0,
              null
            ],
            [
              95.317939295000087,
              5.5569216700000652,
              0,
              null
            ],
            [
              95.317940859000032,
              5.5569024150000246,
              0,
              null
            ],
            [
              95.317955299000062,
              5.5567245990000629,
              0,
              null
            ],
            [
              95.317958342000054,
              5.5566871200000492,
              0,
              null
            ],
            [
              95.317994072000033,
              5.5565060600000606,
              0,
              null
            ],
            [
              95.318003785000087,
              5.5564568400000667,
              0,
              null
            ],
            [
              95.318097761000047,
              5.5562473580000642,
              0,
              null
            ],
            [
              95.318101002000049,
              5.5562401330000739,
              0,
              null
            ],
            [
              95.318122824000056,
              5.556202843000051,
              0,
              null
            ],
            [
              95.318246316000057,
              5.5559918170000628,
              0,
              null
            ],
            [
              95.318307478000065,
              5.5559170910000262,
              0,
              null
            ],
            [
              95.318328002000044,
              5.5558920170000761,
              0,
              null
            ],
            [
              95.318522643000051,
              5.5556542140000715,
              0,
              null
            ],
            [
              95.318590190000066,
              5.5555978100000516,
              0,
              null
            ],
            [
              95.318720875000054,
              5.5554886830000214,
              0,
              null
            ],
            [
              95.318747070000086,
              5.5554668100000413,
              0,
              null
            ],
            [
              95.319034501000033,
              5.5552233950000414,
              0,
              null
            ],
            [
              95.319068930000071,
              5.5551954240000327,
              0,
              null
            ],
            [
              95.319226158000049,
              5.5550676880000651,
              0,
              null
            ],
            [
              95.319278832000066,
              5.5550248940000415,
              0,
              null
            ],
            [
              95.319510506000086,
              5.5548400950000314,
              0,
              null
            ],
            [
              95.31953255600007,
              5.554822505000061,
              0,
              null
            ],
            [
              95.319793960000084,
              5.5546765820000701,
              0,
              null
            ],
            [
              95.319880308000052,
              5.5546283800000538,
              0,
              null
            ],
            [
              95.320065656000054,
              5.5545119930000624,
              0,
              null
            ],
            [
              95.320165572000064,
              5.5544492510000509,
              0,
              null
            ],
            [
              95.32031995300008,
              5.5543329930000596,
              0,
              null
            ],
            [
              95.320362914000043,
              5.554300640000065,
              0,
              null
            ],
            [
              95.320516023000039,
              5.5541520500000274,
              0,
              null
            ],
            [
              95.320534575000067,
              5.5541366550000362,
              0,
              null
            ],
            [
              95.320610758000043,
              5.5540734340000313,
              0,
              null
            ],
            [
              95.320832476000078,
              5.554415390000031,
              0,
              null
            ],
            [
              95.320910129000083,
              5.5545359440000652,
              0,
              null
            ],
            [
              95.320941958000049,
              5.5545824620000417,
              0,
              null
            ],
            [
              95.320994336000069,
              5.55466162700003,
              0,
              null
            ],
            [
              95.321421899000086,
              5.5553558160000307,
              0,
              null
            ],
            [
              95.321584056000063,
              5.5556206470000689,
              0,
              null
            ],
            [
              95.321708580000063,
              5.5558256020000272,
              0,
              null
            ],
            [
              95.32175161300006,
              5.5559133570000654,
              0,
              null
            ],
            [
              95.32179711100008,
              5.5560205460000702,
              0,
              null
            ],
            [
              95.321737008000071,
              5.5561091660000557,
              0,
              null
            ],
            [
              95.321719173000076,
              5.5561579340000549,
              0,
              null
            ],
            [
              95.321695071000079,
              5.5562600040000234,
              0,
              null
            ],
            [
              95.321677828000077,
              5.5563974110000345,
              0,
              null
            ],
            [
              95.321639752000067,
              5.556663550000053,
              0,
              null
            ],
            [
              95.32161198600005,
              5.5568875140000387,
              0,
              null
            ],
            [
              95.321595774000059,
              5.5570143330000406,
              0,
              null
            ],
            [
              95.321578713000065,
              5.5571679410000456,
              0,
              null
            ],
            [
              95.321558812000035,
              5.5573277790000475,
              0,
              null
            ],
            [
              95.321540306000031,
              5.557478523000043,
              0,
              null
            ],
            [
              95.321515307000084,
              5.5576776030000588,
              0,
              null
            ],
            [
              95.32149146200004,
              5.5578610340000409,
              0,
              null
            ],
            [
              95.321487767000065,
              5.5579013530000339,
              0,
              null
            ],
            [
              95.321476859000086,
              5.5579944740000542,
              0,
              null
            ],
            [
              95.321470776000069,
              5.558046412000067,
              0,
              null
            ],
            [
              95.321468597000035,
              5.5580650150000679,
              0,
              null
            ],
            [
              95.321466047000058,
              5.5580924250000407,
              0,
              null
            ],
            [
              95.321412216000056,
              5.5585328050000271,
              0,
              null
            ],
            [
              95.321309169000074,
              5.5594032770000581,
              0,
              null
            ],
            [
              95.321270340000069,
              5.5597278510000478,
              0,
              null
            ],
            [
              95.321243774000038,
              5.5599533640000232,
              0,
              null
            ],
            [
              95.321215482000071,
              5.560195626000052,
              0,
              null
            ],
            [
              95.321189596000067,
              5.5603956720000269,
              0,
              null
            ],
            [
              95.321181212000056,
              5.560425217000045,
              0,
              null
            ],
            [
              95.321176425000033,
              5.5604826340000386,
              0,
              null
            ],
            [
              95.321173089000069,
              5.5605450690000566,
              0,
              null
            ],
            [
              95.321171997000079,
              5.5605665570000724,
              0,
              null
            ],
            [
              95.321150509000063,
              5.5607435970000552,
              0,
              null
            ],
            [
              95.321106277000069,
              5.5611081620000391,
              0,
              null
            ],
            [
              95.321072159000039,
              5.5613893570000528,
              0,
              null
            ],
            [
              95.321072256000036,
              5.5614673230000449,
              0,
              null
            ],
            [
              95.321062646000087,
              5.5615509850000535,
              0,
              null
            ],
            [
              95.321056807000048,
              5.5616018290000397,
              0,
              null
            ]
          ]
        ]
      },
      "properties" : {
        "FID" : 0,
        "OBJECTID" : 15879,
        "KDPPUM" : "11",
        "NAMOBJ" : "Peunayong",
        "REMARK" : " ",
        "KDPBPS" : " ",
        "FCODE" : "BA03070040",
        "LUASWH" : 0,
        "UUPP" : "RBI",
        "SRS_ID" : "SRGI 2013",
        "METADATA" : "TASWIL1000020200326DATA_BATAS_DESA_KELURAHAN",
        "KDEBPS" : " ",
        "KDEPUM" : "11.71.02.2002",
        "KDCBPS" : " ",
        "KDCPUM" : "11.71.02",
        "KDBBPS" : " ",
        "WADMKD" : "Peunayong",
        "WIADKD" : "0",
        "WADMKC" : "Kuta Alam",
        "WIADKC" : " ",
        "WADMKK" : "Kota Banda Aceh",
        "WIADKK" : " ",
        "WADMPR" : "Aceh",
        "WIADPR" : " ",
        "TIPADM" : 9,
        "KDPKAB" : "11.71",
        "SHAPE_Leng" : 0.022890453896957999,
        "SHAPE_Area" : 2.6120404420999999e-05
      }
    }
  ]
}