{
  "hasZ" : true,
  "hasM" : true,
  "type" : "FeatureCollection",
  "features" : [
    {
      "type" : "Feature",
      "id" : 0,
      "geometry" : {
        "type" : "Polygon",
        "coordinates" : [
          [
            [
              95.28569673700008,
              5.54236872000007,
              0,
              null
            ],
            [
              95.285656574000086,
              5.5423823830000742,
              0,
              null
            ],
            [
              95.285614572000043,
              5.5423966710000627,
              0,
              null
            ],
            [
              95.285594877000051,
              5.542403370000045,
              0,
              null
            ],
            [
              95.285557802000085,
              5.5424159820000227,
              0,
              null
            ],
            [
              95.285513949000062,
              5.5424309000000562,
              0,
              null
            ],
            [
              95.285504857000035,
              5.5424339930000315,
              0,
              null
            ],
            [
              95.283764847000043,
              5.5435843070000601,
              0,
              null
            ],
            [
              95.283157839000069,
              5.5427037160000623,
              0,
              null
            ],
            [
              95.282966394000084,
              5.542482643000028,
              0,
              null
            ],
            [
              95.28280981100005,
              5.5422127110000474,
              0,
              null
            ],
            [
              95.282371840000053,
              5.5417960740000467,
              0,
              null
            ],
            [
              95.282358341000077,
              5.5417804870000396,
              0,
              null
            ],
            [
              95.282313348000059,
              5.5417404310000506,
              0,
              null
            ],
            [
              95.282235901000035,
              5.5416667580000762,
              0,
              null
            ],
            [
              95.281624564000083,
              5.5411054890000742,
              0,
              null
            ],
            [
              95.281585478000068,
              5.5410628820000625,
              0,
              null
            ],
            [
              95.281663538000032,
              5.5408287010000663,
              0,
              null
            ],
            [
              95.281939555000065,
              5.5403623280000716,
              0,
              null
            ],
            [
              95.282158464000076,
              5.5398864350000281,
              0,
              null
            ],
            [
              95.281605439000032,
              5.5395956650000358,
              0,
              null
            ],
            [
              95.281041506000065,
              5.5392708680000737,
              0,
              null
            ],
            [
              95.280695294000054,
              5.5390638560000411,
              0,
              null
            ],
            [
              95.280520057000047,
              5.5389812430000234,
              0,
              null
            ],
            [
              95.280514062000066,
              5.5389767370000413,
              0,
              null
            ],
            [
              95.28047560400006,
              5.5389465400000404,
              0,
              null
            ],
            [
              95.28043548100004,
              5.5389124080000443,
              0,
              null
            ],
            [
              95.280388625000057,
              5.5388684400000443,
              0,
              null
            ],
            [
              95.280299460000037,
              5.5387893450000547,
              0,
              null
            ],
            [
              95.280292068000051,
              5.5387832960000765,
              0,
              null
            ],
            [
              95.280270562000055,
              5.5387604730000248,
              0,
              null
            ],
            [
              95.280247892000034,
              5.5387496780000447,
              0,
              null
            ],
            [
              95.280241643000068,
              5.5387452660000349,
              0,
              null
            ],
            [
              95.28020820200004,
              5.5387246490000734,
              0,
              null
            ],
            [
              95.280171562000078,
              5.5387071730000343,
              0,
              null
            ],
            [
              95.280130529000076,
              5.5386901380000495,
              0,
              null
            ],
            [
              95.280084639000052,
              5.5386718290000658,
              0,
              null
            ],
            [
              95.280083779000051,
              5.5386715300000446,
              0,
              null
            ],
            [
              95.280045702000052,
              5.5386533990000544,
              0,
              null
            ],
            [
              95.279973765000079,
              5.5386030440000695,
              0,
              null
            ],
            [
              95.279972660000055,
              5.5385941380000645,
              0,
              null
            ],
            [
              95.279977230000043,
              5.5385719980000658,
              0,
              null
            ],
            [
              95.27999619700006,
              5.5385384420000605,
              0,
              null
            ],
            [
              95.280017221000037,
              5.5385038600000485,
              0,
              null
            ],
            [
              95.280026440000086,
              5.5384886980000374,
              0,
              null
            ],
            [
              95.280065574000048,
              5.5384233730000574,
              0,
              null
            ],
            [
              95.280092221000075,
              5.5383694580000338,
              0,
              null
            ],
            [
              95.280114296000079,
              5.5383063520000633,
              0,
              null
            ],
            [
              95.280146352000031,
              5.5382000390000599,
              0,
              null
            ],
            [
              95.280181230000039,
              5.5380831900000658,
              0,
              null
            ],
            [
              95.280198187000053,
              5.5380027030000747,
              0,
              null
            ],
            [
              95.280231300000082,
              5.5379110070000479,
              0,
              null
            ],
            [
              95.28021050600006,
              5.5379040760000748,
              0,
              null
            ],
            [
              95.280208130000062,
              5.5378966960000753,
              0,
              null
            ],
            [
              95.28020405400008,
              5.5378900490000547,
              0,
              null
            ],
            [
              95.280193386000064,
              5.5378840790000368,
              0,
              null
            ],
            [
              95.280137504000038,
              5.5378646970000318,
              0,
              null
            ],
            [
              95.280057542000065,
              5.5378401740000527,
              0,
              null
            ],
            [
              95.279979021000031,
              5.5378173800000354,
              0,
              null
            ],
            [
              95.279901203000065,
              5.5377965550000567,
              0,
              null
            ],
            [
              95.279834799000071,
              5.5377782640000532,
              0,
              null
            ],
            [
              95.279699490000041,
              5.5377254100000641,
              0,
              null
            ],
            [
              95.27957813900008,
              5.5376504560000512,
              0,
              null
            ],
            [
              95.27953887700005,
              5.5375398110000447,
              0,
              null
            ],
            [
              95.279544868000073,
              5.5373602870000695,
              0,
              null
            ],
            [
              95.279711825000049,
              5.5374153910000246,
              0,
              null
            ],
            [
              95.279897421000044,
              5.5375010520000387,
              0,
              null
            ],
            [
              95.280097297000054,
              5.5376152660000457,
              0,
              null
            ],
            [
              95.280768305000038,
              5.5377152020000722,
              0,
              null
            ],
            [
              95.280782582000086,
              5.5374296670000263,
              0,
              null
            ],
            [
              95.280839689000061,
              5.5370870250000621,
              0,
              null
            ],
            [
              95.280868241000064,
              5.5368443190000676,
              0,
              null
            ],
            [
              95.280896796000036,
              5.5364017410000201,
              0,
              null
            ],
            [
              95.280882519000045,
              5.5359306070000684,
              0,
              null
            ],
            [
              95.280978247000064,
              5.5359169320000206,
              0,
              null
            ],
            [
              95.281078962000038,
              5.5360443840000357,
              0,
              null
            ],
            [
              95.281088689000057,
              5.5360614500000338,
              0,
              null
            ],
            [
              95.281093576000046,
              5.5360745550000274,
              0,
              null
            ],
            [
              95.281115570000054,
              5.5360721560000457,
              0,
              null
            ],
            [
              95.281233370000052,
              5.536064399000054,
              0,
              null
            ],
            [
              95.281424377000064,
              5.5360582040000281,
              0,
              null
            ],
            [
              95.281632864000073,
              5.5360441760000754,
              0,
              null
            ],
            [
              95.281779284000038,
              5.5360397610000405,
              0,
              null
            ],
            [
              95.282143527000073,
              5.5360207310000646,
              0,
              null
            ],
            [
              95.282322187000034,
              5.5360060770000246,
              0,
              null
            ],
            [
              95.28237400900008,
              5.5359997760000397,
              0,
              null
            ],
            [
              95.282386064000036,
              5.5359955620000392,
              0,
              null
            ],
            [
              95.282393596000077,
              5.5359883200000581,
              0,
              null
            ],
            [
              95.282399331000079,
              5.5359735370000749,
              0,
              null
            ],
            [
              95.28241083000006,
              5.5359137780000651,
              0,
              null
            ],
            [
              95.28241747800007,
              5.5358829920000403,
              0,
              null
            ],
            [
              95.282426530000066,
              5.53586277200003,
              0,
              null
            ],
            [
              95.282434376000083,
              5.5358528160000446,
              0,
              null
            ],
            [
              95.282447035000075,
              5.535846187000061,
              0,
              null
            ],
            [
              95.282464504000075,
              5.5358422780000751,
              0,
              null
            ],
            [
              95.282499458000075,
              5.5358365660000572,
              0,
              null
            ],
            [
              95.282587742000032,
              5.5358245560000228,
              0,
              null
            ],
            [
              95.282603104000032,
              5.5358218570000304,
              0,
              null
            ],
            [
              95.282617873000049,
              5.535817335000047,
              0,
              null
            ],
            [
              95.28263305300004,
              5.5358088850000513,
              0,
              null
            ],
            [
              95.282638507000058,
              5.5358058500000311,
              0,
              null
            ],
            [
              95.282667115000038,
              5.5358021180000492,
              0,
              null
            ],
            [
              95.282663981000042,
              5.5357911490000333,
              0,
              null
            ],
            [
              95.282683827000085,
              5.5357789540000226,
              0,
              null
            ],
            [
              95.282709769000064,
              5.5358222210000463,
              0,
              null
            ],
            [
              95.282773840000061,
              5.5359304740000539,
              0,
              null
            ],
            [
              95.282786072000079,
              5.5359500950000324,
              0,
              null
            ],
            [
              95.282846417000087,
              5.5360477330000322,
              0,
              null
            ],
            [
              95.282928083000058,
              5.5361777660000371,
              0,
              null
            ],
            [
              95.283008540000083,
              5.5363032570000428,
              0,
              null
            ],
            [
              95.283048706000045,
              5.5363649040000382,
              0,
              null
            ],
            [
              95.283086839000077,
              5.5364259000000402,
              0,
              null
            ],
            [
              95.283127153000066,
              5.5364883240000609,
              0,
              null
            ],
            [
              95.283205767000084,
              5.5366108210000675,
              0,
              null
            ],
            [
              95.283326713000065,
              5.5367973250000659,
              0,
              null
            ],
            [
              95.283407045000047,
              5.5369207730000767,
              0,
              null
            ],
            [
              95.283459812000046,
              5.5370029100000693,
              0,
              null
            ],
            [
              95.283519904000059,
              5.5370959110000513,
              0,
              null
            ],
            [
              95.283586498000034,
              5.5372004240000479,
              0,
              null
            ],
            [
              95.283629583000049,
              5.537268139000048,
              0,
              null
            ],
            [
              95.283706577000032,
              5.5373881830000755,
              0,
              null
            ],
            [
              95.283735400000069,
              5.5374369280000337,
              0,
              null
            ],
            [
              95.283745925000062,
              5.5374547300000359,
              0,
              null
            ],
            [
              95.283796013000085,
              5.5375377200000457,
              0,
              null
            ],
            [
              95.283842499000059,
              5.5376075780000633,
              0,
              null
            ],
            [
              95.283897560000071,
              5.5376839540000447,
              0,
              null
            ],
            [
              95.283975774000055,
              5.5377954630000659,
              0,
              null
            ],
            [
              95.28405044200008,
              5.5379074160000528,
              0,
              null
            ],
            [
              95.284089553000058,
              5.5379677460000494,
              0,
              null
            ],
            [
              95.284143204000031,
              5.5380499420000433,
              0,
              null
            ],
            [
              95.284208721000084,
              5.5381516260000581,
              0,
              null
            ],
            [
              95.284254163000071,
              5.5382233060000203,
              0,
              null
            ],
            [
              95.284274072000073,
              5.5382547120000254,
              0,
              null
            ],
            [
              95.284316112000056,
              5.5383249400000523,
              0,
              null
            ],
            [
              95.284355484000059,
              5.5383982690000266,
              0,
              null
            ],
            [
              95.284388463000084,
              5.5384701400000722,
              0,
              null
            ],
            [
              95.284418734000042,
              5.5385487200000512,
              0,
              null
            ],
            [
              95.284438562000048,
              5.538607038000066,
              0,
              null
            ],
            [
              95.284467602000063,
              5.5387031140000431,
              0,
              null
            ],
            [
              95.284493286000043,
              5.5387901000000284,
              0,
              null
            ],
            [
              95.284513781000044,
              5.5388623450000409,
              0,
              null
            ],
            [
              95.284532290000072,
              5.5389294090000476,
              0,
              null
            ],
            [
              95.284553248000066,
              5.5390024380000682,
              0,
              null
            ],
            [
              95.284585245000073,
              5.5391193290000729,
              0,
              null
            ],
            [
              95.284612116000062,
              5.5392144550000353,
              0,
              null
            ],
            [
              95.284639411000057,
              5.5393091200000413,
              0,
              null
            ],
            [
              95.284665403000076,
              5.539401256000076,
              0,
              null
            ],
            [
              95.284685614000068,
              5.5394702120000261,
              0,
              null
            ],
            [
              95.284728984000083,
              5.5396093950000704,
              0,
              null
            ],
            [
              95.284759585000074,
              5.5397056460000726,
              0,
              null
            ],
            [
              95.284769483000048,
              5.5397346740000444,
              0,
              null
            ],
            [
              95.284807022000052,
              5.5398447050000641,
              0,
              null
            ],
            [
              95.284837452000033,
              5.5399361400000657,
              0,
              null
            ],
            [
              95.284879948000082,
              5.5400660990000574,
              0,
              null
            ],
            [
              95.28491338200007,
              5.5401674880000655,
              0,
              null
            ],
            [
              95.284943829000042,
              5.5402635760000294,
              0,
              null
            ],
            [
              95.284987059000059,
              5.540401513000063,
              0,
              null
            ],
            [
              95.285026770000059,
              5.5405301970000664,
              0,
              null
            ],
            [
              95.285083321000059,
              5.5407330070000285,
              0,
              null
            ],
            [
              95.285097613000062,
              5.5407898050000313,
              0,
              null
            ],
            [
              95.285119423000083,
              5.540870678000033,
              0,
              null
            ],
            [
              95.285152284000048,
              5.5409869330000561,
              0,
              null
            ],
            [
              95.285172939000063,
              5.5410558200000537,
              0,
              null
            ],
            [
              95.285188220000066,
              5.5411050650000675,
              0,
              null
            ],
            [
              95.285210477000078,
              5.5413027830000487,
              0,
              null
            ],
            [
              95.285258596000062,
              5.5414327430000299,
              0,
              null
            ],
            [
              95.285320047000084,
              5.5415843770000492,
              0,
              null
            ],
            [
              95.285352507000084,
              5.5416667440000538,
              0,
              null
            ],
            [
              95.28569673700008,
              5.54236872000007,
              0,
              null
            ]
          ]
        ]
      },
      "properties" : {
        "FID" : 0,
        "OBJECTID" : 22398,
        "KDPPUM" : "11",
        "NAMOBJ" : "Ulee  Pata",
        "REMARK" : " ",
        "KDPBPS" : " ",
        "FCODE" : "BA03070040",
        "LUASWH" : 0,
        "UUPP" : "RBI",
        "SRS_ID" : "SRGI 2013",
        "METADATA" : "TASWIL1000020200326DATA_BATAS_DESA_KELURAHAN",
        "KDEBPS" : " ",
        "KDEPUM" : "11.71.08.2004",
        "KDCBPS" : " ",
        "KDCPUM" : "11.71.08",
        "KDBBPS" : " ",
        "WADMKD" : "Ulee  Pata",
        "WIADKD" : "0",
        "WADMKC" : "Jaya Baru",
        "WIADKC" : " ",
        "WADMKK" : "Kota Banda Aceh",
        "WIADKK" : " ",
        "WADMPR" : "Aceh",
        "WIADPR" : " ",
        "TIPADM" : 9,
        "KDPKAB" : "11.71",
        "SHAPE_Leng" : 0.023662814069258999,
        "SHAPE_Area" : 2.2178946127000001e-05
      }
    }
  ]
}