{
  "hasZ" : true,
  "hasM" : true,
  "type" : "FeatureCollection",
  "features" : [
    {
      "type" : "Feature",
      "id" : 0,
      "geometry" : {
        "type" : "Polygon",
        "coordinates" : [
          [
            [
              95.335483257000078,
              5.5508403730000282,
              0,
              null
            ],
            [
              95.335242581000045,
              5.5509718970000677,
              0,
              null
            ],
            [
              95.335004943000058,
              5.5511101940000458,
              0,
              null
            ],
            [
              95.334680629000047,
              5.5513464960000647,
              0,
              null
            ],
            [
              95.334502348000058,
              5.5514957720000666,
              0,
              null
            ],
            [
              95.334420816000033,
              5.5515640390000272,
              0,
              null
            ],
            [
              95.334283212000059,
              5.5516975310000589,
              0,
              null
            ],
            [
              95.334114811000063,
              5.5518601300000228,
              0,
              null
            ],
            [
              95.333939426000086,
              5.5520222820000527,
              0,
              null
            ],
            [
              95.333912763000058,
              5.5520469330000424,
              0,
              null
            ],
            [
              95.333827408000047,
              5.5521214710000208,
              0,
              null
            ],
            [
              95.333762441000033,
              5.5521782040000289,
              0,
              null
            ],
            [
              95.333664997000085,
              5.5522610400000758,
              0,
              null
            ],
            [
              95.333555209000053,
              5.5523543710000354,
              0,
              null
            ],
            [
              95.333333295000045,
              5.5525192980000497,
              0,
              null
            ],
            [
              95.33303956900005,
              5.5526916040000742,
              0,
              null
            ],
            [
              95.33292023000007,
              5.5527540320000526,
              0,
              null
            ],
            [
              95.332846949000043,
              5.5527923670000519,
              0,
              null
            ],
            [
              95.33275576300008,
              5.5528400680000232,
              0,
              null
            ],
            [
              95.332624631000044,
              5.5529086660000644,
              0,
              null
            ],
            [
              95.332447897000065,
              5.5529865350000591,
              0,
              null
            ],
            [
              95.332180039000036,
              5.5531045530000256,
              0,
              null
            ],
            [
              95.331963091000034,
              5.5532041760000652,
              0,
              null
            ],
            [
              95.331764658000054,
              5.5532952980000232,
              0,
              null
            ],
            [
              95.331674452000073,
              5.5533367200000612,
              0,
              null
            ],
            [
              95.331267060000073,
              5.553489695000053,
              0,
              null
            ],
            [
              95.331180886000084,
              5.5535220530000515,
              0,
              null
            ],
            [
              95.330865220000078,
              5.5535683720000293,
              0,
              null
            ],
            [
              95.330822832000081,
              5.5535745910000287,
              0,
              null
            ],
            [
              95.330813371000033,
              5.5535748380000314,
              0,
              null
            ],
            [
              95.330780812000057,
              5.5535756860000447,
              0,
              null
            ],
            [
              95.330770477000044,
              5.5535759560000315,
              0,
              null
            ],
            [
              95.330741918000058,
              5.5535767010000541,
              0,
              null
            ],
            [
              95.330722538000032,
              5.5535772050000674,
              0,
              null
            ],
            [
              95.330702761000055,
              5.5535777210000674,
              0,
              null
            ],
            [
              95.330687414000067,
              5.5535781210000437,
              0,
              null
            ],
            [
              95.330653591000043,
              5.5535790020000491,
              0,
              null
            ],
            [
              95.33063093700008,
              5.5532901370000332,
              0,
              null
            ],
            [
              95.330620664000037,
              5.5531558810000661,
              0,
              null
            ],
            [
              95.330613732000074,
              5.5530335020000621,
              0,
              null
            ],
            [
              95.330599680000034,
              5.5527382230000626,
              0,
              null
            ],
            [
              95.330584887000043,
              5.5524362230000293,
              0,
              null
            ],
            [
              95.330580443000031,
              5.5522840270000415,
              0,
              null
            ],
            [
              95.330571340000063,
              5.5521806560000755,
              0,
              null
            ],
            [
              95.330568525000047,
              5.5521735350000654,
              0,
              null
            ],
            [
              95.330568760000062,
              5.552147461000061,
              0,
              null
            ],
            [
              95.330566094000062,
              5.552061664000064,
              0,
              null
            ],
            [
              95.330562471000064,
              5.5520360470000583,
              0,
              null
            ],
            [
              95.330554823000057,
              5.5519444070000645,
              0,
              null
            ],
            [
              95.330541321000055,
              5.5517887680000513,
              0,
              null
            ],
            [
              95.330521092000083,
              5.5516483650000623,
              0,
              null
            ],
            [
              95.330502029000058,
              5.551568479000025,
              0,
              null
            ],
            [
              95.330493854000053,
              5.5515342190000752,
              0,
              null
            ],
            [
              95.330449137000073,
              5.5513315890000285,
              0,
              null
            ],
            [
              95.330389213000046,
              5.551146238000058,
              0,
              null
            ],
            [
              95.330319532000033,
              5.5509876860000418,
              0,
              null
            ],
            [
              95.330368237000073,
              5.5509893140000486,
              0,
              null
            ],
            [
              95.330433434000042,
              5.5509752160000403,
              0,
              null
            ],
            [
              95.33068052200008,
              5.5509676290000698,
              0,
              null
            ],
            [
              95.330798823000066,
              5.5509639970000535,
              0,
              null
            ],
            [
              95.331040113000086,
              5.5509326510000392,
              0,
              null
            ],
            [
              95.331271234000042,
              5.5508921740000687,
              0,
              null
            ],
            [
              95.33140854800007,
              5.5508554160000472,
              0,
              null
            ],
            [
              95.33153059700004,
              5.5508102240000312,
              0,
              null
            ],
            [
              95.331485509000061,
              5.5506863170000429,
              0,
              null
            ],
            [
              95.331637270000044,
              5.5502000750000207,
              0,
              null
            ],
            [
              95.331702427000039,
              5.5498527470000454,
              0,
              null
            ],
            [
              95.331776208000065,
              5.5496068060000425,
              0,
              null
            ],
            [
              95.331802223000068,
              5.5495457180000471,
              0,
              null
            ],
            [
              95.331842693000056,
              5.5495180550000214,
              0,
              null
            ],
            [
              95.331875545000059,
              5.5495193980000295,
              0,
              null
            ],
            [
              95.331929656000057,
              5.5495313990000454,
              0,
              null
            ],
            [
              95.331944080000085,
              5.5495330660000377,
              0,
              null
            ],
            [
              95.331952673000046,
              5.5494584050000526,
              0,
              null
            ],
            [
              95.331961814000067,
              5.5493793720000326,
              0,
              null
            ],
            [
              95.331970960000035,
              5.5493001130000721,
              0,
              null
            ],
            [
              95.331978532000051,
              5.5491838680000569,
              0,
              null
            ],
            [
              95.331978710000044,
              5.5491719630000489,
              0,
              null
            ],
            [
              95.331974023000043,
              5.5491564730000391,
              0,
              null
            ],
            [
              95.331968624000069,
              5.54914188500004,
              0,
              null
            ],
            [
              95.331972430000064,
              5.5491371330000447,
              0,
              null
            ],
            [
              95.331985990000078,
              5.5490846350000425,
              0,
              null
            ],
            [
              95.331999697000072,
              5.5490625890000729,
              0,
              null
            ],
            [
              95.332015289000083,
              5.5490494840000224,
              0,
              null
            ],
            [
              95.332066412000074,
              5.549021587000027,
              0,
              null
            ],
            [
              95.332188820000056,
              5.5489496500000541,
              0,
              null
            ],
            [
              95.332320244000073,
              5.548899446000064,
              0,
              null
            ],
            [
              95.332393213000046,
              5.5488841370000728,
              0,
              null
            ],
            [
              95.332434267000053,
              5.5488839750000238,
              0,
              null
            ],
            [
              95.332591853000054,
              5.5488967470000716,
              0,
              null
            ],
            [
              95.332644342000037,
              5.5488908000000379,
              0,
              null
            ],
            [
              95.332692956000074,
              5.5488705180000579,
              0,
              null
            ],
            [
              95.332710074000033,
              5.5488532310000664,
              0,
              null
            ],
            [
              95.332780378000052,
              5.5487649430000374,
              0,
              null
            ],
            [
              95.332845117000033,
              5.5487178120000635,
              0,
              null
            ],
            [
              95.332881357000076,
              5.5487071470000728,
              0,
              null
            ],
            [
              95.332964277000087,
              5.5486936320000382,
              0,
              null
            ],
            [
              95.333041394000077,
              5.5486895660000641,
              0,
              null
            ],
            [
              95.33306297300004,
              5.5486890950000429,
              0,
              null
            ],
            [
              95.333081868000079,
              5.5486921090000578,
              0,
              null
            ],
            [
              95.333110032000036,
              5.5487004930000694,
              0,
              null
            ],
            [
              95.333215840000037,
              5.5487469620000525,
              0,
              null
            ],
            [
              95.333226178000075,
              5.5487515030000623,
              0,
              null
            ],
            [
              95.333320008000044,
              5.5488079610000227,
              0,
              null
            ],
            [
              95.33333329900006,
              5.5487802980000538,
              0,
              null
            ],
            [
              95.33337384500004,
              5.5486935620000395,
              0,
              null
            ],
            [
              95.333854356000074,
              5.5477123830000323,
              0,
              null
            ],
            [
              95.333893983000053,
              5.5477306270000213,
              0,
              null
            ],
            [
              95.333957591000058,
              5.5477659650000533,
              0,
              null
            ],
            [
              95.334165428000063,
              5.547779318000039,
              0,
              null
            ],
            [
              95.334290921000047,
              5.5477961840000489,
              0,
              null
            ],
            [
              95.334414590000051,
              5.5478066140000237,
              0,
              null
            ],
            [
              95.334498280000048,
              5.5478092140000399,
              0,
              null
            ],
            [
              95.334504851000077,
              5.547702159000039,
              0,
              null
            ],
            [
              95.334511496000061,
              5.5476925660000234,
              0,
              null
            ],
            [
              95.335097395000048,
              5.5476722250000421,
              0,
              null
            ],
            [
              95.335096269000076,
              5.5476872370000478,
              0,
              null
            ],
            [
              95.335094851000065,
              5.5477061430000276,
              0,
              null
            ],
            [
              95.335091269000031,
              5.5477725580000765,
              0,
              null
            ],
            [
              95.335091372000079,
              5.5478008770000429,
              0,
              null
            ],
            [
              95.335093743000073,
              5.547828030000062,
              0,
              null
            ],
            [
              95.335097183000073,
              5.547858442000063,
              0,
              null
            ],
            [
              95.335097216000065,
              5.5478761040000677,
              0,
              null
            ],
            [
              95.335096414000077,
              5.5478833250000434,
              0,
              null
            ],
            [
              95.335093051000058,
              5.547913597000047,
              0,
              null
            ],
            [
              95.335092306000035,
              5.5479304750000438,
              0,
              null
            ],
            [
              95.335093793000055,
              5.5479554440000243,
              0,
              null
            ],
            [
              95.335096559000078,
              5.5479820080000763,
              0,
              null
            ],
            [
              95.335097870000084,
              5.5480010570000218,
              0,
              null
            ],
            [
              95.335096888000066,
              5.5480289830000515,
              0,
              null
            ],
            [
              95.335094250000054,
              5.548050786000033,
              0,
              null
            ],
            [
              95.335088993000056,
              5.5481013010000311,
              0,
              null
            ],
            [
              95.335087256000065,
              5.5481283850000409,
              0,
              null
            ],
            [
              95.335089020000055,
              5.5481595000000539,
              0,
              null
            ],
            [
              95.335099080000077,
              5.5481942780000395,
              0,
              null
            ],
            [
              95.335126949000085,
              5.5482694450000736,
              0,
              null
            ],
            [
              95.335137477000046,
              5.5482978410000214,
              0,
              null
            ],
            [
              95.335170189000053,
              5.5483805630000234,
              0,
              null
            ],
            [
              95.335187545000053,
              5.5484078020000425,
              0,
              null
            ],
            [
              95.33521322200005,
              5.5484312830000704,
              0,
              null
            ],
            [
              95.335240484000053,
              5.5484425290000559,
              0,
              null
            ],
            [
              95.335266451000052,
              5.5484526040000333,
              0,
              null
            ],
            [
              95.335287067000081,
              5.5484738640000728,
              0,
              null
            ],
            [
              95.335293527000033,
              5.5484863730000598,
              0,
              null
            ],
            [
              95.335305172000062,
              5.5484843360000582,
              0,
              null
            ],
            [
              95.335316934000048,
              5.5484822790000408,
              0,
              null
            ],
            [
              95.335329268000066,
              5.5484804940000458,
              0,
              null
            ],
            [
              95.335354790000054,
              5.5484759640000334,
              0,
              null
            ],
            [
              95.335406471000056,
              5.5484660800000256,
              0,
              null
            ],
            [
              95.335425924000049,
              5.5484623600000305,
              0,
              null
            ],
            [
              95.335427221000032,
              5.5484620620000555,
              0,
              null
            ],
            [
              95.335502816000087,
              5.548444719000031,
              0,
              null
            ],
            [
              95.335558973000047,
              5.5484286340000608,
              0,
              null
            ],
            [
              95.335638623000079,
              5.5484103580000692,
              0,
              null
            ],
            [
              95.335652381000045,
              5.5484074300000543,
              0,
              null
            ],
            [
              95.335664889000043,
              5.5484047680000685,
              0,
              null
            ],
            [
              95.33576772300006,
              5.5483815290000393,
              0,
              null
            ],
            [
              95.335837587000071,
              5.5483676960000707,
              0,
              null
            ],
            [
              95.335846149000076,
              5.5483940450000659,
              0,
              null
            ],
            [
              95.335864150000077,
              5.5484338450000337,
              0,
              null
            ],
            [
              95.335877451000044,
              5.5484575110000378,
              0,
              null
            ],
            [
              95.335890871000061,
              5.5484725530000674,
              0,
              null
            ],
            [
              95.335907580000082,
              5.5484960070000398,
              0,
              null
            ],
            [
              95.335943746000055,
              5.5485484260000248,
              0,
              null
            ],
            [
              95.335954236000077,
              5.5485582430000591,
              0,
              null
            ],
            [
              95.335966260000077,
              5.5485694940000485,
              0,
              null
            ],
            [
              95.335977094000043,
              5.5485796330000312,
              0,
              null
            ],
            [
              95.33601186900006,
              5.5486110690000601,
              0,
              null
            ],
            [
              95.336047033000057,
              5.548638004000054,
              0,
              null
            ],
            [
              95.336052923000068,
              5.5486425160000294,
              0,
              null
            ],
            [
              95.336097817000052,
              5.548687009000048,
              0,
              null
            ],
            [
              95.336160389000042,
              5.5487524760000611,
              0,
              null
            ],
            [
              95.33619606700006,
              5.5487898020000443,
              0,
              null
            ],
            [
              95.336346283000069,
              5.5489253900000222,
              0,
              null
            ],
            [
              95.336367732000042,
              5.5489495120000356,
              0,
              null
            ],
            [
              95.336376525000048,
              5.5489626740000517,
              0,
              null
            ],
            [
              95.336435283000071,
              5.5490203280000401,
              0,
              null
            ],
            [
              95.336469272000045,
              5.5490585010000473,
              0,
              null
            ],
            [
              95.336481684000034,
              5.549070954000058,
              0,
              null
            ],
            [
              95.336513942000067,
              5.5491033200000288,
              0,
              null
            ],
            [
              95.336552130000086,
              5.5491399490000504,
              0,
              null
            ],
            [
              95.336590636000039,
              5.5491774720000535,
              0,
              null
            ],
            [
              95.336624656000083,
              5.5492028270000446,
              0,
              null
            ],
            [
              95.336669468000082,
              5.5492308610000691,
              0,
              null
            ],
            [
              95.336698648000038,
              5.5492460490000326,
              0,
              null
            ],
            [
              95.336729925000043,
              5.5492620050000596,
              0,
              null
            ],
            [
              95.336771013000032,
              5.5492790990000458,
              0,
              null
            ],
            [
              95.336821689000033,
              5.5492958730000623,
              0,
              null
            ],
            [
              95.336833207000041,
              5.5492998840000496,
              0,
              null
            ],
            [
              95.336907083000085,
              5.5493256110000289,
              0,
              null
            ],
            [
              95.336930428000073,
              5.5493337420000444,
              0,
              null
            ],
            [
              95.336986714000034,
              5.5493549420000363,
              0,
              null
            ],
            [
              95.337021631000084,
              5.5493720230000463,
              0,
              null
            ],
            [
              95.337051583000061,
              5.5493883100000403,
              0,
              null
            ],
            [
              95.337097295000035,
              5.5494067410000412,
              0,
              null
            ],
            [
              95.337168999000085,
              5.5494371360000514,
              0,
              null
            ],
            [
              95.337172860000067,
              5.5494370300000355,
              0,
              null
            ],
            [
              95.337182717000076,
              5.5494422140000665,
              0,
              null
            ],
            [
              95.337267003000079,
              5.5494865350000282,
              0,
              null
            ],
            [
              95.337267529000087,
              5.5494895070000325,
              0,
              null
            ],
            [
              95.337269664000075,
              5.5494931410000277,
              0,
              null
            ],
            [
              95.337299186000052,
              5.5495194190000348,
              0,
              null
            ],
            [
              95.337300822000032,
              5.5495201440000415,
              0,
              null
            ],
            [
              95.337307640000063,
              5.5495242030000327,
              0,
              null
            ],
            [
              95.337325294000038,
              5.5495331360000364,
              0,
              null
            ],
            [
              95.337336386000061,
              5.5495366540000646,
              0,
              null
            ],
            [
              95.337345312000082,
              5.5495376670000383,
              0,
              null
            ],
            [
              95.337366855000084,
              5.5495399770000517,
              0,
              null
            ],
            [
              95.337407929000051,
              5.5495513750000214,
              0,
              null
            ],
            [
              95.337436361000073,
              5.5495574820000684,
              0,
              null
            ],
            [
              95.337454403000038,
              5.5495618760000411,
              0,
              null
            ],
            [
              95.337476214000048,
              5.5495702500000448,
              0,
              null
            ],
            [
              95.337548455000046,
              5.5495927240000356,
              0,
              null
            ],
            [
              95.337579430000062,
              5.5496030150000593,
              0,
              null
            ],
            [
              95.337598337000031,
              5.5496095210000362,
              0,
              null
            ],
            [
              95.337621855000066,
              5.5498096430000601,
              0,
              null
            ],
            [
              95.337624420000054,
              5.549827538000045,
              0,
              null
            ],
            [
              95.337626986000032,
              5.5498454320000405,
              0,
              null
            ],
            [
              95.337688624000066,
              5.5502989860000298,
              0,
              null
            ],
            [
              95.33769664600004,
              5.5504956780000612,
              0,
              null
            ],
            [
              95.337622942000053,
              5.5505008570000314,
              0,
              null
            ],
            [
              95.337463099000047,
              5.5505120870000724,
              0,
              null
            ],
            [
              95.337235023000062,
              5.5505309050000733,
              0,
              null
            ],
            [
              95.337061136000045,
              5.5505403330000718,
              0,
              null
            ],
            [
              95.336933466000062,
              5.5505472560000726,
              0,
              null
            ],
            [
              95.336656306000066,
              5.550548334000041,
              0,
              null
            ],
            [
              95.336462484000037,
              5.5505604260000609,
              0,
              null
            ],
            [
              95.336268727000061,
              5.550591311000062,
              0,
              null
            ],
            [
              95.336218194000082,
              5.5505993650000391,
              0,
              null
            ],
            [
              95.336009743000034,
              5.5506512730000281,
              0,
              null
            ],
            [
              95.335991538000087,
              5.5506558060000657,
              0,
              null
            ],
            [
              95.335776813000052,
              5.55072730400002,
              0,
              null
            ],
            [
              95.335523003000048,
              5.5508186530000216,
              0,
              null
            ],
            [
              95.335483257000078,
              5.5508403730000282,
              0,
              null
            ]
          ]
        ]
      },
      "properties" : {
        "FID" : 0,
        "OBJECTID" : 10425,
        "KDPPUM" : "11",
        "NAMOBJ" : "Lamseupeung",
        "REMARK" : " ",
        "KDPBPS" : " ",
        "FCODE" : "BA03070040",
        "LUASWH" : 0,
        "UUPP" : "RBI",
        "SRS_ID" : "SRGI 2013",
        "METADATA" : "TASWIL1000020200326DATA_BATAS_DESA_KELURAHAN",
        "KDEBPS" : " ",
        "KDEPUM" : "11.71.05.2005",
        "KDCBPS" : " ",
        "KDCPUM" : "11.71.05",
        "KDBBPS" : " ",
        "WADMKD" : "Lamseupeung",
        "WIADKD" : "0",
        "WADMKC" : "Lueng Bata",
        "WIADKC" : " ",
        "WADMKK" : "Kota Banda Aceh",
        "WIADKK" : " ",
        "WADMPR" : "Aceh",
        "WIADPR" : " ",
        "TIPADM" : 9,
        "KDPKAB" : "11.71",
        "SHAPE_Leng" : 0.02232786865875,
        "SHAPE_Area" : 2.0788631487000002e-05
      }
    }
  ]
}