{
  "hasZ" : true,
  "hasM" : true,
  "type" : "FeatureCollection",
  "features" : [
    {
      "type" : "Feature",
      "id" : 0,
      "geometry" : {
        "type" : "Polygon",
        "coordinates" : [
          [
            [
              95.352361992000056,
              5.583417488000066,
              0,
              null
            ],
            [
              95.35233891300004,
              5.583403302000022,
              0,
              null
            ],
            [
              95.352313025000058,
              5.5833905260000734,
              0,
              null
            ],
            [
              95.352309571000035,
              5.5833896080000613,
              0,
              null
            ],
            [
              95.352254809000044,
              5.583375032000049,
              0,
              null
            ],
            [
              95.352245022000034,
              5.5833736950000343,
              0,
              null
            ],
            [
              95.352201371000035,
              5.5833677350000244,
              0,
              null
            ],
            [
              95.352147464000041,
              5.5833649580000611,
              0,
              null
            ],
            [
              95.35213462300004,
              5.5833642960000702,
              0,
              null
            ],
            [
              95.351954265000074,
              5.5833610590000262,
              0,
              null
            ],
            [
              95.351893345000065,
              5.5833615990000567,
              0,
              null
            ],
            [
              95.351831307000054,
              5.5833621500000277,
              0,
              null
            ],
            [
              95.351822595000044,
              5.583362227000066,
              0,
              null
            ],
            [
              95.351712841000051,
              5.5833632010000542,
              0,
              null
            ],
            [
              95.351703508000071,
              5.5833635760000675,
              0,
              null
            ],
            [
              95.351670910000053,
              5.5833648890000518,
              0,
              null
            ],
            [
              95.351634563000061,
              5.5833663520000414,
              0,
              null
            ],
            [
              95.351601617000085,
              5.5833691780000549,
              0,
              null
            ],
            [
              95.351584888000048,
              5.5833724920000236,
              0,
              null
            ],
            [
              95.351530528000069,
              5.5833832650000659,
              0,
              null
            ],
            [
              95.351512023000055,
              5.5833892570000216,
              0,
              null
            ],
            [
              95.351468003000036,
              5.5834035130000643,
              0,
              null
            ],
            [
              95.351437151000084,
              5.5834135030000311,
              0,
              null
            ],
            [
              95.351408521000053,
              5.5834227740000415,
              0,
              null
            ],
            [
              95.351353568000036,
              5.5834469540000669,
              0,
              null
            ],
            [
              95.351322755000069,
              5.5834605120000447,
              0,
              null
            ],
            [
              95.351283698000032,
              5.5834776970000348,
              0,
              null
            ],
            [
              95.35120383900005,
              5.5835126950000245,
              0,
              null
            ],
            [
              95.351091617000066,
              5.5835618770000224,
              0,
              null
            ],
            [
              95.351056705000076,
              5.5835765040000638,
              0,
              null
            ],
            [
              95.350896540000065,
              5.5836436110000705,
              0,
              null
            ],
            [
              95.350833498000043,
              5.5836636840000438,
              0,
              null
            ],
            [
              95.350717015000043,
              5.583700775000068,
              0,
              null
            ],
            [
              95.35065417800007,
              5.583720784000036,
              0,
              null
            ],
            [
              95.350549524000087,
              5.5837541080000506,
              0,
              null
            ],
            [
              95.350535974000081,
              5.5837581790000286,
              0,
              null
            ],
            [
              95.350330352000071,
              5.5838199500000201,
              0,
              null
            ],
            [
              95.350269487000048,
              5.5838382340000408,
              0,
              null
            ],
            [
              95.350233201000037,
              5.5838491350000368,
              0,
              null
            ],
            [
              95.350146138000071,
              5.5838692550000246,
              0,
              null
            ],
            [
              95.350051850000057,
              5.5838910460000761,
              0,
              null
            ],
            [
              95.350022691000049,
              5.5838977840000439,
              0,
              null
            ],
            [
              95.349956765000059,
              5.5839080990000411,
              0,
              null
            ],
            [
              95.349938272000031,
              5.5839109930000745,
              0,
              null
            ],
            [
              95.349883402000046,
              5.5839156510000407,
              0,
              null
            ],
            [
              95.349821215000077,
              5.5839169540000739,
              0,
              null
            ],
            [
              95.349653627000066,
              5.5839204660000519,
              0,
              null
            ],
            [
              95.349653494000052,
              5.5839204590000691,
              0,
              null
            ],
            [
              95.349577662000058,
              5.5839167470000461,
              0,
              null
            ],
            [
              95.349460233000059,
              5.5839109980000217,
              0,
              null
            ],
            [
              95.349449526000058,
              5.5839096040000413,
              0,
              null
            ],
            [
              95.349315898000043,
              5.5838921990000472,
              0,
              null
            ],
            [
              95.349253129000033,
              5.5838840230000528,
              0,
              null
            ],
            [
              95.349199500000054,
              5.5838741120000464,
              0,
              null
            ],
            [
              95.349076202000049,
              5.5838513260000582,
              0,
              null
            ],
            [
              95.348978754000086,
              5.5838333180000745,
              0,
              null
            ],
            [
              95.348932464000086,
              5.5838256290000459,
              0,
              null
            ],
            [
              95.348819766000076,
              5.5838069090000317,
              0,
              null
            ],
            [
              95.348753024000075,
              5.5837976280000703,
              0,
              null
            ],
            [
              95.348670264000077,
              5.5837861210000597,
              0,
              null
            ],
            [
              95.348627451000084,
              5.5837826770000447,
              0,
              null
            ],
            [
              95.348558890000049,
              5.5837822530000381,
              0,
              null
            ],
            [
              95.348553696000067,
              5.5837822210000354,
              0,
              null
            ],
            [
              95.348490777000052,
              5.5837820930000248,
              0,
              null
            ],
            [
              95.34847286300004,
              5.5837830970000368,
              0,
              null
            ],
            [
              95.348448194000071,
              5.583784478000041,
              0,
              null
            ],
            [
              95.348386360000063,
              5.5837934770000288,
              0,
              null
            ],
            [
              95.348383627000032,
              5.5837938740000368,
              0,
              null
            ],
            [
              95.348338889000047,
              5.5838034000000221,
              0,
              null
            ],
            [
              95.348258703000056,
              5.5838276580000752,
              0,
              null
            ],
            [
              95.34823506500004,
              5.5838348090000522,
              0,
              null
            ],
            [
              95.348191545000077,
              5.5838498270000514,
              0,
              null
            ],
            [
              95.348140729000079,
              5.583867362000035,
              0,
              null
            ],
            [
              95.34813282500005,
              5.5838461890000417,
              0,
              null
            ],
            [
              95.348129809000056,
              5.5838363930000696,
              0,
              null
            ],
            [
              95.34812762200005,
              5.5838292910000291,
              0,
              null
            ],
            [
              95.348122913000054,
              5.5838139980000392,
              0,
              null
            ],
            [
              95.348122132000071,
              5.5838082520000398,
              0,
              null
            ],
            [
              95.348122168000032,
              5.5838013640000668,
              0,
              null
            ],
            [
              95.348123196000074,
              5.5837943190000487,
              0,
              null
            ],
            [
              95.348130465000054,
              5.5837733010000647,
              0,
              null
            ],
            [
              95.348131499000033,
              5.583770310000034,
              0,
              null
            ],
            [
              95.348168353000062,
              5.5836637520000636,
              0,
              null
            ],
            [
              95.348179230000085,
              5.5836288130000753,
              0,
              null
            ],
            [
              95.348204923000083,
              5.5835462830000324,
              0,
              null
            ],
            [
              95.348232801000051,
              5.5834567370000627,
              0,
              null
            ],
            [
              95.348246102000076,
              5.5834169900000461,
              0,
              null
            ],
            [
              95.348274071000048,
              5.5833334080000441,
              0,
              null
            ],
            [
              95.348329430000035,
              5.5831512430000316,
              0,
              null
            ],
            [
              95.348332086000084,
              5.5831425040000227,
              0,
              null
            ],
            [
              95.348335375000033,
              5.5831320260000439,
              0,
              null
            ],
            [
              95.348339520000081,
              5.5831188180000595,
              0,
              null
            ],
            [
              95.348342511000055,
              5.583109291000028,
              0,
              null
            ],
            [
              95.348357275000069,
              5.5830623830000263,
              0,
              null
            ],
            [
              95.348416265000083,
              5.5828653430000372,
              0,
              null
            ],
            [
              95.348441903000037,
              5.5827797070000429,
              0,
              null
            ],
            [
              95.348453150000068,
              5.5827474960000245,
              0,
              null
            ],
            [
              95.348457637000081,
              5.5827346470000521,
              0,
              null
            ],
            [
              95.348462879000067,
              5.5827196350000463,
              0,
              null
            ],
            [
              95.348480876000053,
              5.5826680940000415,
              0,
              null
            ],
            [
              95.348495740000033,
              5.5826241960000402,
              0,
              null
            ],
            [
              95.348517959000048,
              5.5825585780000324,
              0,
              null
            ],
            [
              95.348542073000033,
              5.5824873610000623,
              0,
              null
            ],
            [
              95.348547688000053,
              5.5824707780000722,
              0,
              null
            ],
            [
              95.348551070000042,
              5.582460870000034,
              0,
              null
            ],
            [
              95.348564231000069,
              5.5824223140000413,
              0,
              null
            ],
            [
              95.348566683000058,
              5.5824151300000722,
              0,
              null
            ],
            [
              95.34856867600007,
              5.5824092940000583,
              0,
              null
            ],
            [
              95.348570532000053,
              5.5824044350000577,
              0,
              null
            ],
            [
              95.348558338000032,
              5.5823984270000437,
              0,
              null
            ],
            [
              95.348515476000046,
              5.5823773070000584,
              0,
              null
            ],
            [
              95.348436762000063,
              5.5823385230000326,
              0,
              null
            ],
            [
              95.34833589200008,
              5.5822888210000201,
              0,
              null
            ],
            [
              95.348311337000041,
              5.5822767220000742,
              0,
              null
            ],
            [
              95.348298829000043,
              5.5822705580000616,
              0,
              null
            ],
            [
              95.348169468000037,
              5.5822050330000366,
              0,
              null
            ],
            [
              95.348108628000034,
              5.5821742170000448,
              0,
              null
            ],
            [
              95.348046791000058,
              5.5821428940000715,
              0,
              null
            ],
            [
              95.347987837000062,
              5.5821127570000613,
              0,
              null
            ],
            [
              95.34795984200008,
              5.5820984460000318,
              0,
              null
            ],
            [
              95.347931668000058,
              5.5820840440000552,
              0,
              null
            ],
            [
              95.347903969000072,
              5.5820698840000205,
              0,
              null
            ],
            [
              95.347899260000077,
              5.5820656280000662,
              0,
              null
            ],
            [
              95.347891122000078,
              5.5820583150000402,
              0,
              null
            ],
            [
              95.347883345000071,
              5.5820512450000592,
              0,
              null
            ],
            [
              95.347876909000036,
              5.5820313440000291,
              0,
              null
            ],
            [
              95.34787876300004,
              5.5820151850000457,
              0,
              null
            ],
            [
              95.347889985000052,
              5.5819855890000554,
              0,
              null
            ],
            [
              95.347610688000032,
              5.581871657000022,
              0,
              null
            ],
            [
              95.347575449000033,
              5.5818489290000457,
              0,
              null
            ],
            [
              95.347503674000052,
              5.5817973880000409,
              0,
              null
            ],
            [
              95.347381461000055,
              5.5817091400000436,
              0,
              null
            ],
            [
              95.347359216000086,
              5.5816929670000377,
              0,
              null
            ],
            [
              95.347356456000057,
              5.5816885130000742,
              0,
              null
            ],
            [
              95.347308460000079,
              5.5816591920000747,
              0,
              null
            ],
            [
              95.347278248000066,
              5.5816424710000661,
              0,
              null
            ],
            [
              95.34724654200005,
              5.5816228670000214,
              0,
              null
            ],
            [
              95.347192935000066,
              5.5815884630000596,
              0,
              null
            ],
            [
              95.347160303000067,
              5.5815657610000358,
              0,
              null
            ],
            [
              95.347157137000067,
              5.5815614980000419,
              0,
              null
            ],
            [
              95.346964900000046,
              5.5814569110000321,
              0,
              null
            ],
            [
              95.346901592000052,
              5.5815811570000733,
              0,
              null
            ],
            [
              95.346890622000046,
              5.5815925810000522,
              0,
              null
            ],
            [
              95.346889317000034,
              5.5815945090000696,
              0,
              null
            ],
            [
              95.346870504000037,
              5.5816223000000491,
              0,
              null
            ],
            [
              95.346867304000057,
              5.5816276010000365,
              0,
              null
            ],
            [
              95.346838319000085,
              5.5816756230000237,
              0,
              null
            ],
            [
              95.346805219000032,
              5.5817347200000427,
              0,
              null
            ],
            [
              95.346792480000033,
              5.5817574640000203,
              0,
              null
            ],
            [
              95.346736188000079,
              5.5818560780000439,
              0,
              null
            ],
            [
              95.346733401000051,
              5.5818626320000249,
              0,
              null
            ],
            [
              95.346695252000075,
              5.5819523290000461,
              0,
              null
            ],
            [
              95.346685685000068,
              5.5819664930000386,
              0,
              null
            ],
            [
              95.346667550000063,
              5.581999551000024,
              0,
              null
            ],
            [
              95.34665982100006,
              5.5820067570000447,
              0,
              null
            ],
            [
              95.346650883000052,
              5.5820100810000213,
              0,
              null
            ],
            [
              95.346643106000045,
              5.5820103910000398,
              0,
              null
            ],
            [
              95.346599696000055,
              5.5819804110000746,
              0,
              null
            ],
            [
              95.346595096000044,
              5.5819773610000425,
              0,
              null
            ],
            [
              95.346568262000062,
              5.5819595670000695,
              0,
              null
            ],
            [
              95.346518105000087,
              5.5819286550000697,
              0,
              null
            ],
            [
              95.346443863000047,
              5.5818854020000686,
              0,
              null
            ],
            [
              95.346383963000051,
              5.5818478670000218,
              0,
              null
            ],
            [
              95.346334247000073,
              5.5818193400000382,
              0,
              null
            ],
            [
              95.346291619000056,
              5.5817942280000352,
              0,
              null
            ],
            [
              95.346275368000079,
              5.5817889600000399,
              0,
              null
            ],
            [
              95.346263487000044,
              5.5817892960000677,
              0,
              null
            ],
            [
              95.346251571000039,
              5.581791848000023,
              0,
              null
            ],
            [
              95.346243328000071,
              5.581792703000076,
              0,
              null
            ],
            [
              95.346234635000087,
              5.5817914910000468,
              0,
              null
            ],
            [
              95.346220964000054,
              5.5817816380000522,
              0,
              null
            ],
            [
              95.346185793000075,
              5.5817556740000214,
              0,
              null
            ],
            [
              95.346145481000065,
              5.581727484000055,
              0,
              null
            ],
            [
              95.346135682000067,
              5.5817206320000423,
              0,
              null
            ],
            [
              95.34608336000008,
              5.5816854170000738,
              0,
              null
            ],
            [
              95.346025860000054,
              5.5816460010000242,
              0,
              null
            ],
            [
              95.345969766000053,
              5.5816081980000263,
              0,
              null
            ],
            [
              95.345907409000063,
              5.5815701000000217,
              0,
              null
            ],
            [
              95.345905917000039,
              5.58156918800006,
              0,
              null
            ],
            [
              95.345850110000072,
              5.5815334540000663,
              0,
              null
            ],
            [
              95.345821623000063,
              5.5815183550000711,
              0,
              null
            ],
            [
              95.345798467000066,
              5.5815079170000672,
              0,
              null
            ],
            [
              95.345779977000063,
              5.5815045200000668,
              0,
              null
            ],
            [
              95.34576553100004,
              5.581503595000072,
              0,
              null
            ],
            [
              95.345761775000085,
              5.5815033540000627,
              0,
              null
            ],
            [
              95.34574850100006,
              5.5815001800000346,
              0,
              null
            ],
            [
              95.345735640000044,
              5.5814900270000294,
              0,
              null
            ],
            [
              95.345715691000066,
              5.5814758250000409,
              0,
              null
            ],
            [
              95.345667562000074,
              5.5814470020000613,
              0,
              null
            ],
            [
              95.345607165000047,
              5.5814115210000637,
              0,
              null
            ],
            [
              95.345550081000056,
              5.5813768760000357,
              0,
              null
            ],
            [
              95.345519697000043,
              5.5813587210000719,
              0,
              null
            ],
            [
              95.345509974000038,
              5.5813529110000673,
              0,
              null
            ],
            [
              95.345478488000083,
              5.5813369840000746,
              0,
              null
            ],
            [
              95.345456891000083,
              5.5813281580000762,
              0,
              null
            ],
            [
              95.345443498000066,
              5.5813224440000226,
              0,
              null
            ],
            [
              95.345433607000075,
              5.581314864000035,
              0,
              null
            ],
            [
              95.345418237000047,
              5.5813019810000242,
              0,
              null
            ],
            [
              95.345412869000086,
              5.5812987610000278,
              0,
              null
            ],
            [
              95.345394489000057,
              5.5812877310000317,
              0,
              null
            ],
            [
              95.345346645000063,
              5.581262405000075,
              0,
              null
            ],
            [
              95.345291422000059,
              5.5812306460000514,
              0,
              null
            ],
            [
              95.345216662000041,
              5.5811907120000228,
              0,
              null
            ],
            [
              95.345155859000045,
              5.581162048000067,
              0,
              null
            ],
            [
              95.345084811000049,
              5.5811299360000248,
              0,
              null
            ],
            [
              95.34502341700005,
              5.581098101000066,
              0,
              null
            ],
            [
              95.345010069000068,
              5.5810909870000387,
              0,
              null
            ],
            [
              95.34495306000008,
              5.5810605990000681,
              0,
              null
            ],
            [
              95.344931989000031,
              5.5810479650000389,
              0,
              null
            ],
            [
              95.344918818000053,
              5.5810367010000732,
              0,
              null
            ],
            [
              95.344909458000075,
              5.5810243730000479,
              0,
              null
            ],
            [
              95.344901580000055,
              5.5810079260000407,
              0,
              null
            ],
            [
              95.34489861600008,
              5.580990755000073,
              0,
              null
            ],
            [
              95.344894724000085,
              5.5809581760000242,
              0,
              null
            ],
            [
              95.344891479000069,
              5.580938303000039,
              0,
              null
            ],
            [
              95.344903118000047,
              5.5808752980000236,
              0,
              null
            ],
            [
              95.344694656000058,
              5.5807619740000405,
              0,
              null
            ],
            [
              95.344438862000061,
              5.5806229180000742,
              0,
              null
            ],
            [
              95.344102528000064,
              5.5804419420000499,
              0,
              null
            ],
            [
              95.343799320000073,
              5.5803115680000701,
              0,
              null
            ],
            [
              95.343784605000053,
              5.5803056900000456,
              0,
              null
            ],
            [
              95.343769911000038,
              5.5802998200000502,
              0,
              null
            ],
            [
              95.343759937000073,
              5.5803303380000671,
              0,
              null
            ],
            [
              95.343757794000055,
              5.5803368960000626,
              0,
              null
            ],
            [
              95.343755644000055,
              5.5803436900000634,
              0,
              null
            ],
            [
              95.343749908000063,
              5.5803618110000457,
              0,
              null
            ],
            [
              95.343732736000049,
              5.5804255220000414,
              0,
              null
            ],
            [
              95.343727016000059,
              5.5804462070000227,
              0,
              null
            ],
            [
              95.343709123000053,
              5.5805109070000753,
              0,
              null
            ],
            [
              95.343695775000072,
              5.5805658400000766,
              0,
              null
            ],
            [
              95.343638223000085,
              5.5807972870000526,
              0,
              null
            ],
            [
              95.343616091000058,
              5.5808879400000251,
              0,
              null
            ],
            [
              95.34357641400004,
              5.5808751440000606,
              0,
              null
            ],
            [
              95.343524378000041,
              5.5808552120000741,
              0,
              null
            ],
            [
              95.343507744000078,
              5.5808488070000521,
              0,
              null
            ],
            [
              95.343499147000045,
              5.5808452660000398,
              0,
              null
            ],
            [
              95.343490493000047,
              5.5808418520000487,
              0,
              null
            ],
            [
              95.343476986000042,
              5.5808368720000203,
              0,
              null
            ],
            [
              95.343479826000078,
              5.5808261350000521,
              0,
              null
            ],
            [
              95.343459099000086,
              5.5808161470000641,
              0,
              null
            ],
            [
              95.343338672000073,
              5.5807581100000334,
              0,
              null
            ],
            [
              95.343274687000076,
              5.5807278280000219,
              0,
              null
            ],
            [
              95.343216334000033,
              5.5807003650000411,
              0,
              null
            ],
            [
              95.343124926000087,
              5.5806540170000289,
              0,
              null
            ],
            [
              95.34309714300008,
              5.5806377030000363,
              0,
              null
            ],
            [
              95.343015219000051,
              5.5805897200000345,
              0,
              null
            ],
            [
              95.342994936000082,
              5.5805776490000767,
              0,
              null
            ],
            [
              95.342957484000067,
              5.5805553580000264,
              0,
              null
            ],
            [
              95.342889939000031,
              5.5805141090000348,
              0,
              null
            ],
            [
              95.342870209000068,
              5.5805013440000266,
              0,
              null
            ],
            [
              95.342860616000053,
              5.5804948270000523,
              0,
              null
            ],
            [
              95.342844011000068,
              5.5804835470000285,
              0,
              null
            ],
            [
              95.342756738000048,
              5.5804230130000292,
              0,
              null
            ],
            [
              95.342694853000069,
              5.5803783960000715,
              0,
              null
            ],
            [
              95.342651488000058,
              5.5803486440000256,
              0,
              null
            ],
            [
              95.342630111000062,
              5.5803364200000374,
              0,
              null
            ],
            [
              95.342587494000043,
              5.5803120500000318,
              0,
              null
            ],
            [
              95.342558870000062,
              5.5802989850000699,
              0,
              null
            ],
            [
              95.342473079000058,
              5.5802529880000407,
              0,
              null
            ],
            [
              95.342387252000037,
              5.5802071020000312,
              0,
              null
            ],
            [
              95.342303867000055,
              5.5801609700000654,
              0,
              null
            ],
            [
              95.342291639000052,
              5.5801557650000291,
              0,
              null
            ],
            [
              95.34227536700007,
              5.5801492430000508,
              0,
              null
            ],
            [
              95.342175411000085,
              5.5801050570000257,
              0,
              null
            ],
            [
              95.342099731000076,
              5.5800745420000339,
              0,
              null
            ],
            [
              95.342013099000042,
              5.5800396110000747,
              0,
              null
            ],
            [
              95.342006905000062,
              5.5800370000000612,
              0,
              null
            ],
            [
              95.342004239000062,
              5.5800358350000465,
              0,
              null
            ],
            [
              95.342001893000031,
              5.5800347380000517,
              0,
              null
            ],
            [
              95.341968203000079,
              5.5800203290000354,
              0,
              null
            ],
            [
              95.341801527000086,
              5.5799561530000688,
              0,
              null
            ],
            [
              95.341799528000081,
              5.5799554370000237,
              0,
              null
            ],
            [
              95.34179894600004,
              5.5799552200000448,
              0,
              null
            ],
            [
              95.341794812000046,
              5.5799536790000275,
              0,
              null
            ],
            [
              95.341791826000076,
              5.5799525290000247,
              0,
              null
            ],
            [
              95.341720060000057,
              5.5799245850000716,
              0,
              null
            ],
            [
              95.341691486000059,
              5.5799134590000676,
              0,
              null
            ],
            [
              95.341687814000068,
              5.5799120200000516,
              0,
              null
            ],
            [
              95.341683367000087,
              5.5799103150000633,
              0,
              null
            ],
            [
              95.341677677000064,
              5.5799080420000564,
              0,
              null
            ],
            [
              95.341665830000068,
              5.5799033880000479,
              0,
              null
            ],
            [
              95.341595319000078,
              5.5798965460000431,
              0,
              null
            ],
            [
              95.341586266000036,
              5.5798708720000718,
              0,
              null
            ],
            [
              95.341584412000032,
              5.5798547360000725,
              0,
              null
            ],
            [
              95.341586666000069,
              5.5798212450000619,
              0,
              null
            ],
            [
              95.341590162000045,
              5.5797997070000633,
              0,
              null
            ],
            [
              95.341596886000048,
              5.5797797840000385,
              0,
              null
            ],
            [
              95.341599235000047,
              5.5797728260000667,
              0,
              null
            ],
            [
              95.341611985000043,
              5.5797350470000424,
              0,
              null
            ],
            [
              95.34162253900007,
              5.5796877720000566,
              0,
              null
            ],
            [
              95.341629772000033,
              5.5796667290000528,
              0,
              null
            ],
            [
              95.341649086000075,
              5.579610538000054,
              0,
              null
            ],
            [
              95.341674139000077,
              5.57954998200006,
              0,
              null
            ],
            [
              95.341690462000031,
              5.5795105250000461,
              0,
              null
            ],
            [
              95.341718821000086,
              5.5794386650000547,
              0,
              null
            ],
            [
              95.341726006000044,
              5.5794188420000523,
              0,
              null
            ],
            [
              95.34174833600008,
              5.5793572340000424,
              0,
              null
            ],
            [
              95.34174828600004,
              5.5793446790000303,
              0,
              null
            ],
            [
              95.341743464000047,
              5.5793327400000408,
              0,
              null
            ],
            [
              95.341729680000071,
              5.5793178470000271,
              0,
              null
            ],
            [
              95.341702161000057,
              5.5793006180000475,
              0,
              null
            ],
            [
              95.341639325000074,
              5.5792560260000528,
              0,
              null
            ],
            [
              95.341559829000062,
              5.5792240560000437,
              0,
              null
            ],
            [
              95.341537737000067,
              5.5792167230000587,
              0,
              null
            ],
            [
              95.341394311000045,
              5.5791691120000451,
              0,
              null
            ],
            [
              95.34133760900005,
              5.5791516850000562,
              0,
              null
            ],
            [
              95.341286763000085,
              5.5791360580000742,
              0,
              null
            ],
            [
              95.341171090000046,
              5.579100406000066,
              0,
              null
            ],
            [
              95.341144175000068,
              5.579092097000057,
              0,
              null
            ],
            [
              95.341077346000077,
              5.5790714650000268,
              0,
              null
            ],
            [
              95.340999014000033,
              5.5790472810000438,
              0,
              null
            ],
            [
              95.340942856000083,
              5.5790313620000234,
              0,
              null
            ],
            [
              95.340903425000079,
              5.5790201580000485,
              0,
              null
            ],
            [
              95.340871166000056,
              5.5790113180000276,
              0,
              null
            ],
            [
              95.340845491000039,
              5.5790078340000377,
              0,
              null
            ],
            [
              95.340814902000034,
              5.5790060980000362,
              0,
              null
            ],
            [
              95.340806096000051,
              5.5790055990000269,
              0,
              null
            ],
            [
              95.340718216000084,
              5.5790054620000546,
              0,
              null
            ],
            [
              95.340698083000063,
              5.5790054310000414,
              0,
              null
            ],
            [
              95.340616326000031,
              5.5790051590000758,
              0,
              null
            ],
            [
              95.340540531000045,
              5.5790030690000663,
              0,
              null
            ],
            [
              95.34050830800004,
              5.5790037950000624,
              0,
              null
            ],
            [
              95.340501240000037,
              5.5790042480000466,
              0,
              null
            ],
            [
              95.34047847800008,
              5.5790057080000679,
              0,
              null
            ],
            [
              95.340444485000035,
              5.5790112240000553,
              0,
              null
            ],
            [
              95.340430037000033,
              5.5790166820000309,
              0,
              null
            ],
            [
              95.340414096000075,
              5.5790227050000567,
              0,
              null
            ],
            [
              95.340384289000042,
              5.5790305960000524,
              0,
              null
            ],
            [
              95.340373399000043,
              5.5790317890000551,
              0,
              null
            ],
            [
              95.340350289000071,
              5.5790343180000264,
              0,
              null
            ],
            [
              95.340313881000043,
              5.5790326700000605,
              0,
              null
            ],
            [
              95.340243372000032,
              5.5790294530000324,
              0,
              null
            ],
            [
              95.340193314000032,
              5.5790271710000638,
              0,
              null
            ],
            [
              95.340098991000048,
              5.5790179800000601,
              0,
              null
            ],
            [
              95.340057193000064,
              5.5790115700000342,
              0,
              null
            ],
            [
              95.340046885000049,
              5.5790079580000338,
              0,
              null
            ],
            [
              95.340028508000046,
              5.5790015190000304,
              0,
              null
            ],
            [
              95.339935259000072,
              5.5789624300000469,
              0,
              null
            ],
            [
              95.339899978000062,
              5.5789499930000375,
              0,
              null
            ],
            [
              95.339899553000066,
              5.5789498420000427,
              0,
              null
            ],
            [
              95.339831279000066,
              5.5789257740000266,
              0,
              null
            ],
            [
              95.339741624000055,
              5.5788902580000581,
              0,
              null
            ],
            [
              95.33966543300005,
              5.5788594920000492,
              0,
              null
            ],
            [
              95.339647784000078,
              5.5788523650000457,
              0,
              null
            ],
            [
              95.339629400000035,
              5.5788460850000661,
              0,
              null
            ],
            [
              95.339628040000036,
              5.5788456200000383,
              0,
              null
            ],
            [
              95.339614917000063,
              5.5788411370000404,
              0,
              null
            ],
            [
              95.33961417200004,
              5.5788409430000456,
              0,
              null
            ],
            [
              95.339594607000038,
              5.5788358370000424,
              0,
              null
            ],
            [
              95.339579084000036,
              5.578834104000066,
              0,
              null
            ],
            [
              95.339562969000042,
              5.5788335710000752,
              0,
              null
            ],
            [
              95.339542690000087,
              5.5788360430000239,
              0,
              null
            ],
            [
              95.339528344000087,
              5.5788384010000414,
              0,
              null
            ],
            [
              95.339456299000062,
              5.5788485830000241,
              0,
              null
            ],
            [
              95.339338545000032,
              5.5788529890000405,
              0,
              null
            ],
            [
              95.33933257800004,
              5.5787787020000223,
              0,
              null
            ],
            [
              95.339318596000055,
              5.5786756990000299,
              0,
              null
            ],
            [
              95.339292968000052,
              5.5785624150000217,
              0,
              null
            ],
            [
              95.33928813600005,
              5.578525604000049,
              0,
              null
            ],
            [
              95.339271504000067,
              5.5784632000000443,
              0,
              null
            ],
            [
              95.339236474000074,
              5.5783635310000363,
              0,
              null
            ],
            [
              95.339220736000073,
              5.5783237870000448,
              0,
              null
            ],
            [
              95.339207164000072,
              5.5782895140000619,
              0,
              null
            ],
            [
              95.33918852100004,
              5.5782519970000521,
              0,
              null
            ],
            [
              95.339167435000036,
              5.5782095650000656,
              0,
              null
            ],
            [
              95.339108949000035,
              5.5780973310000377,
              0,
              null
            ],
            [
              95.33905810300007,
              5.5780362230000264,
              0,
              null
            ],
            [
              95.339024229000074,
              5.5779955130000758,
              0,
              null
            ],
            [
              95.338965317000032,
              5.5779287590000308,
              0,
              null
            ],
            [
              95.338902785000073,
              5.5778579000000263,
              0,
              null
            ],
            [
              95.338772741000071,
              5.5776984780000589,
              0,
              null
            ],
            [
              95.338672612000039,
              5.5775786340000764,
              0,
              null
            ],
            [
              95.338643740000066,
              5.5775440760000379,
              0,
              null
            ],
            [
              95.338555144000054,
              5.5774396380000439,
              0,
              null
            ],
            [
              95.33847972500007,
              5.5773507300000347,
              0,
              null
            ],
            [
              95.338367069000071,
              5.577216867000061,
              0,
              null
            ],
            [
              95.338306860000046,
              5.577111589000026,
              0,
              null
            ],
            [
              95.338270575000081,
              5.5770512600000757,
              0,
              null
            ],
            [
              95.338248573000044,
              5.5770146780000687,
              0,
              null
            ],
            [
              95.338242147000074,
              5.5770039930000621,
              0,
              null
            ],
            [
              95.338212879000082,
              5.5769196240000269,
              0,
              null
            ],
            [
              95.33813338300007,
              5.5767226460000643,
              0,
              null
            ],
            [
              95.338054262000071,
              5.5765684710000301,
              0,
              null
            ],
            [
              95.338049265000052,
              5.5765577230000645,
              0,
              null
            ],
            [
              95.337987890000079,
              5.5764256800000567,
              0,
              null
            ],
            [
              95.337929778000046,
              5.5763234020000709,
              0,
              null
            ],
            [
              95.337858776000076,
              5.5761828160000277,
              0,
              null
            ],
            [
              95.33782823100006,
              5.5761223380000615,
              0,
              null
            ],
            [
              95.337810508000075,
              5.5760448680000536,
              0,
              null
            ],
            [
              95.337808775000042,
              5.5760306170000717,
              0,
              null
            ],
            [
              95.337799909000069,
              5.5759576900000525,
              0,
              null
            ],
            [
              95.337796536000042,
              5.5758429350000256,
              0,
              null
            ],
            [
              95.337794781000071,
              5.5758022930000379,
              0,
              null
            ],
            [
              95.337793905000069,
              5.575782011000058,
              0,
              null
            ],
            [
              95.337789746000055,
              5.5757207220000282,
              0,
              null
            ],
            [
              95.33778884600008,
              5.5756836380000436,
              0,
              null
            ],
            [
              95.337784610000085,
              5.5756451640000364,
              0,
              null
            ],
            [
              95.337778127000036,
              5.5755927940000447,
              0,
              null
            ],
            [
              95.337777215000074,
              5.5755514700000504,
              0,
              null
            ],
            [
              95.337776143000042,
              5.5755029400000353,
              0,
              null
            ],
            [
              95.337777262000031,
              5.5754340840000509,
              0,
              null
            ],
            [
              95.337779162000061,
              5.5753593290000367,
              0,
              null
            ],
            [
              95.337778598000057,
              5.5753489010000408,
              0,
              null
            ],
            [
              95.337781287000041,
              5.5753071300000556,
              0,
              null
            ],
            [
              95.337786983000058,
              5.5752487610000685,
              0,
              null
            ],
            [
              95.337791727000081,
              5.5751983220000625,
              0,
              null
            ],
            [
              95.337798181000039,
              5.5751257980000446,
              0,
              null
            ],
            [
              95.337799182000083,
              5.5751165950000541,
              0,
              null
            ],
            [
              95.33780740800006,
              5.5750408580000226,
              0,
              null
            ],
            [
              95.337807683000051,
              5.5750382170000421,
              0,
              null
            ],
            [
              95.337814577000074,
              5.5749701140000525,
              0,
              null
            ],
            [
              95.337836386000049,
              5.5747578940000722,
              0,
              null
            ],
            [
              95.337845967000078,
              5.574662485000033,
              0,
              null
            ],
            [
              95.337852905000034,
              5.5745827070000473,
              0,
              null
            ],
            [
              95.337856312000042,
              5.5745416310000451,
              0,
              null
            ],
            [
              95.337860069000044,
              5.5744963370000278,
              0,
              null
            ],
            [
              95.337864774000082,
              5.5744178150000607,
              0,
              null
            ],
            [
              95.33787265400008,
              5.5743230360000666,
              0,
              null
            ],
            [
              95.337876720000054,
              5.5742654510000307,
              0,
              null
            ],
            [
              95.337881701000072,
              5.574185797000041,
              0,
              null
            ],
            [
              95.337885504000042,
              5.5741513130000726,
              0,
              null
            ],
            [
              95.337894529000039,
              5.5740694860000417,
              0,
              null
            ],
            [
              95.337905199000033,
              5.5739479330000563,
              0,
              null
            ],
            [
              95.337910289000035,
              5.5738753200000701,
              0,
              null
            ],
            [
              95.337918843000068,
              5.5737936730000683,
              0,
              null
            ],
            [
              95.337929644000042,
              5.573706679000054,
              0,
              null
            ],
            [
              95.337931415000071,
              5.5736924130000602,
              0,
              null
            ],
            [
              95.337937527000065,
              5.5736249570000496,
              0,
              null
            ],
            [
              95.337951303000068,
              5.5735086340000635,
              0,
              null
            ],
            [
              95.337959270000056,
              5.5734451210000202,
              0,
              null
            ],
            [
              95.337962861000051,
              5.5734092730000384,
              0,
              null
            ],
            [
              95.33796596600007,
              5.5733775330000412,
              0,
              null
            ],
            [
              95.337967911000078,
              5.5733420690000344,
              0,
              null
            ],
            [
              95.337971320000065,
              5.5733143150000615,
              0,
              null
            ],
            [
              95.337984415000051,
              5.5732608780000419,
              0,
              null
            ],
            [
              95.338002450000033,
              5.5732291070000315,
              0,
              null
            ],
            [
              95.338030513000035,
              5.573196102000054,
              0,
              null
            ],
            [
              95.338047882000069,
              5.5731738720000408,
              0,
              null
            ],
            [
              95.338062037000043,
              5.5731581660000415,
              0,
              null
            ],
            [
              95.33807478600005,
              5.5731474620000654,
              0,
              null
            ],
            [
              95.338078508000081,
              5.5731444530000545,
              0,
              null
            ],
            [
              95.338084352000067,
              5.5731397260000222,
              0,
              null
            ],
            [
              95.338109239000062,
              5.573115979000022,
              0,
              null
            ],
            [
              95.338111697000045,
              5.5731138850000548,
              0,
              null
            ],
            [
              95.338117355000065,
              5.5731090660000291,
              0,
              null
            ],
            [
              95.33813630800006,
              5.5730929220000576,
              0,
              null
            ],
            [
              95.33814529700004,
              5.5730852650000315,
              0,
              null
            ],
            [
              95.338162583000042,
              5.573070542000039,
              0,
              null
            ],
            [
              95.338365932000045,
              5.5729707710000298,
              0,
              null
            ],
            [
              95.338377832000049,
              5.572964933000037,
              0,
              null
            ],
            [
              95.338398558000051,
              5.5729564120000532,
              0,
              null
            ],
            [
              95.338447701000064,
              5.572936210000023,
              0,
              null
            ],
            [
              95.338510408000047,
              5.5728934950000735,
              0,
              null
            ],
            [
              95.338568064000071,
              5.5728385030000709,
              0,
              null
            ],
            [
              95.338602963000085,
              5.5727984880000463,
              0,
              null
            ],
            [
              95.338640137000084,
              5.5727294410000354,
              0,
              null
            ],
            [
              95.338669297000081,
              5.5726752810000448,
              0,
              null
            ],
            [
              95.338735892000045,
              5.5724885230000609,
              0,
              null
            ],
            [
              95.33876136400005,
              5.5724193240000659,
              0,
              null
            ],
            [
              95.338827940000044,
              5.572197736000021,
              0,
              null
            ],
            [
              95.338847263000048,
              5.572133420000057,
              0,
              null
            ],
            [
              95.338847907000059,
              5.5721306690000461,
              0,
              null
            ],
            [
              95.338881970000045,
              5.5719851480000671,
              0,
              null
            ],
            [
              95.338905303000047,
              5.5718854710000301,
              0,
              null
            ],
            [
              95.338955972000065,
              5.5716746130000274,
              0,
              null
            ],
            [
              95.338995676000081,
              5.5715115110000397,
              0,
              null
            ],
            [
              95.339012497000056,
              5.5714127800000597,
              0,
              null
            ],
            [
              95.339015771000049,
              5.5713733790000219,
              0,
              null
            ],
            [
              95.339021261000084,
              5.5713073010000471,
              0,
              null
            ],
            [
              95.339021350000053,
              5.5713062290000721,
              0,
              null
            ],
            [
              95.339014359000032,
              5.5711992530000316,
              0,
              null
            ],
            [
              95.339002153000081,
              5.5709208260000764,
              0,
              null
            ],
            [
              95.338998741000069,
              5.5708429830000341,
              0,
              null
            ],
            [
              95.338994853000031,
              5.5707469560000504,
              0,
              null
            ],
            [
              95.338993939000034,
              5.5707243780000226,
              0,
              null
            ],
            [
              95.338993025000036,
              5.5707017970000265,
              0,
              null
            ],
            [
              95.338991890000045,
              5.5706737760000351,
              0,
              null
            ],
            [
              95.338992103000066,
              5.5706416010000339,
              0,
              null
            ],
            [
              95.338993228000049,
              5.5704713490000586,
              0,
              null
            ],
            [
              95.338991720000081,
              5.5703128980000542,
              0,
              null
            ],
            [
              95.33899057800005,
              5.5701929700000505,
              0,
              null
            ],
            [
              95.338990666000086,
              5.5700867620000736,
              0,
              null
            ],
            [
              95.338990771000056,
              5.5699593100000584,
              0,
              null
            ],
            [
              95.33898638800008,
              5.5697195390000616,
              0,
              null
            ],
            [
              95.338985988000047,
              5.5696295540000733,
              0,
              null
            ],
            [
              95.338985949000062,
              5.5696208110000498,
              0,
              null
            ],
            [
              95.338989625000067,
              5.5695539580000286,
              0,
              null
            ],
            [
              95.33899873200005,
              5.56950344400002,
              0,
              null
            ],
            [
              95.339009065000084,
              5.5694655960000432,
              0,
              null
            ],
            [
              95.339012569000033,
              5.5694572110000422,
              0,
              null
            ],
            [
              95.339021713000079,
              5.5694353270000647,
              0,
              null
            ],
            [
              95.339038906000042,
              5.5694001190000222,
              0,
              null
            ],
            [
              95.339053575000037,
              5.5693716430000677,
              0,
              null
            ],
            [
              95.339053695000075,
              5.5693714120000664,
              0,
              null
            ],
            [
              95.339084192000087,
              5.569312210000021,
              0,
              null
            ],
            [
              95.339164787000072,
              5.5691347020000421,
              0,
              null
            ],
            [
              95.339181387000053,
              5.5690981390000616,
              0,
              null
            ],
            [
              95.339250505000052,
              5.5689401590000216,
              0,
              null
            ],
            [
              95.33928183200004,
              5.5688764240000523,
              0,
              null
            ],
            [
              95.339346141000078,
              5.5687455840000553,
              0,
              null
            ],
            [
              95.339410311000051,
              5.5686179890000744,
              0,
              null
            ],
            [
              95.33951313700004,
              5.568413529000054,
              0,
              null
            ],
            [
              95.339560520000077,
              5.5683353340000394,
              0,
              null
            ],
            [
              95.339567760000079,
              5.568322356000067,
              0,
              null
            ],
            [
              95.339620810000042,
              5.5682272610000609,
              0,
              null
            ],
            [
              95.339637555000081,
              5.5681972450000217,
              0,
              null
            ],
            [
              95.339638823000087,
              5.5681949720000716,
              0,
              null
            ],
            [
              95.339786493000076,
              5.5680585880000422,
              0,
              null
            ],
            [
              95.339860327000054,
              5.568148347000033,
              0,
              null
            ],
            [
              95.339900972000066,
              5.5681973890000336,
              0,
              null
            ],
            [
              95.339970536000067,
              5.5682838070000571,
              0,
              null
            ],
            [
              95.33999932100005,
              5.56831956700006,
              0,
              null
            ],
            [
              95.340011316000073,
              5.5683348250000222,
              0,
              null
            ],
            [
              95.340062608000039,
              5.5683879530000695,
              0,
              null
            ],
            [
              95.340127325000083,
              5.568455856000071,
              0,
              null
            ],
            [
              95.340169987000081,
              5.5684996910000564,
              0,
              null
            ],
            [
              95.340829902000053,
              5.5691413590000707,
              0,
              null
            ],
            [
              95.341152440000087,
              5.5694571990000554,
              0,
              null
            ],
            [
              95.341376208000042,
              5.5696653340000353,
              0,
              null
            ],
            [
              95.341762899000059,
              5.5700268370000572,
              0,
              null
            ],
            [
              95.342019254000036,
              5.5702659310000513,
              0,
              null
            ],
            [
              95.342180528000085,
              5.5704071430000681,
              0,
              null
            ],
            [
              95.342300571000067,
              5.5705194460000484,
              0,
              null
            ],
            [
              95.342425386000059,
              5.57063196200005,
              0,
              null
            ],
            [
              95.342542041000058,
              5.5707352920000517,
              0,
              null
            ],
            [
              95.342647465000084,
              5.5708353190000253,
              0,
              null
            ],
            [
              95.342717893000042,
              5.5708986540000751,
              0,
              null
            ],
            [
              95.342959388000054,
              5.5711225010000476,
              0,
              null
            ],
            [
              95.343167827000059,
              5.5713168230000747,
              0,
              null
            ],
            [
              95.343435757000066,
              5.5715855260000353,
              0,
              null
            ],
            [
              95.343641447000039,
              5.5718090360000474,
              0,
              null
            ],
            [
              95.343843771000081,
              5.5720263410000257,
              0,
              null
            ],
            [
              95.344194671000082,
              5.572390854000048,
              0,
              null
            ],
            [
              95.344538825000086,
              5.572739130000059,
              0,
              null
            ],
            [
              95.344915488000083,
              5.5730987570000252,
              0,
              null
            ],
            [
              95.345134582000071,
              5.5733134100000257,
              0,
              null
            ],
            [
              95.345542327000032,
              5.5737040750000233,
              0,
              null
            ],
            [
              95.345774155000072,
              5.5739273600000274,
              0,
              null
            ],
            [
              95.345836075000079,
              5.5739874490000716,
              0,
              null
            ],
            [
              95.346213256000055,
              5.574351307000029,
              0,
              null
            ],
            [
              95.346544506000043,
              5.5746683330000337,
              0,
              null
            ],
            [
              95.34666926400007,
              5.5747891720000666,
              0,
              null
            ],
            [
              95.346833544000049,
              5.5749443330000759,
              0,
              null
            ],
            [
              95.34694046900006,
              5.5750461460000338,
              0,
              null
            ],
            [
              95.347111756000061,
              5.5752015120000351,
              0,
              null
            ],
            [
              95.347238995000055,
              5.5753098200000295,
              0,
              null
            ],
            [
              95.347343103000071,
              5.575393588000054,
              0,
              null
            ],
            [
              95.347633911000059,
              5.5756426510000665,
              0,
              null
            ],
            [
              95.347825309000086,
              5.5757932940000501,
              0,
              null
            ],
            [
              95.347991688000036,
              5.5759328920000257,
              0,
              null
            ],
            [
              95.34821297600007,
              5.5761163970000212,
              0,
              null
            ],
            [
              95.34839693300006,
              5.5762701530000527,
              0,
              null
            ],
            [
              95.348511294000048,
              5.5763703270000633,
              0,
              null
            ],
            [
              95.348727547000067,
              5.5765499660000728,
              0,
              null
            ],
            [
              95.34892631300005,
              5.5767123960000617,
              0,
              null
            ],
            [
              95.349137061000079,
              5.5768861390000666,
              0,
              null
            ],
            [
              95.349311288000081,
              5.5770301320000613,
              0,
              null
            ],
            [
              95.349520250000069,
              5.5772050760000411,
              0,
              null
            ],
            [
              95.349744178000037,
              5.5773919190000356,
              0,
              null
            ],
            [
              95.349957926000059,
              5.5775698340000304,
              0,
              null
            ],
            [
              95.350324354000065,
              5.5778756850000377,
              0,
              null
            ],
            [
              95.350550672000054,
              5.5780631150000204,
              0,
              null
            ],
            [
              95.350785366000082,
              5.5782558930000619,
              0,
              null
            ],
            [
              95.350996116000033,
              5.5784302310000271,
              0,
              null
            ],
            [
              95.351237377000075,
              5.5786235810000449,
              0,
              null
            ],
            [
              95.351463700000068,
              5.578812206000066,
              0,
              null
            ],
            [
              95.351706200000081,
              5.5790169110000534,
              0,
              null
            ],
            [
              95.351921145000063,
              5.5791954160000614,
              0,
              null
            ],
            [
              95.352137885000047,
              5.5793751120000366,
              0,
              null
            ],
            [
              95.352386355000078,
              5.579580389000057,
              0,
              null
            ],
            [
              95.352749241000083,
              5.5798952200000258,
              0,
              null
            ],
            [
              95.353042672000072,
              5.5801517350000722,
              0,
              null
            ],
            [
              95.353283425000086,
              5.5803672070000516,
              0,
              null
            ],
            [
              95.353509129000031,
              5.5805498550000721,
              0,
              null
            ],
            [
              95.35354682500008,
              5.5805828370000654,
              0,
              null
            ],
            [
              95.35358777600004,
              5.5806153230000746,
              0,
              null
            ],
            [
              95.353626561000056,
              5.5806394470000669,
              0,
              null
            ],
            [
              95.35374310800006,
              5.5807423940000263,
              0,
              null
            ],
            [
              95.353718125000057,
              5.5808743570000274,
              0,
              null
            ],
            [
              95.353714084000046,
              5.5809193930000447,
              0,
              null
            ],
            [
              95.353701714000067,
              5.5809703960000547,
              0,
              null
            ],
            [
              95.353659186000073,
              5.5811017460000585,
              0,
              null
            ],
            [
              95.353629912000031,
              5.5811831760000246,
              0,
              null
            ],
            [
              95.353611528000044,
              5.5812220320000279,
              0,
              null
            ],
            [
              95.353549290000046,
              5.581327510000051,
              0,
              null
            ],
            [
              95.353415325000071,
              5.5815534500000581,
              0,
              null
            ],
            [
              95.353266550000058,
              5.5818063550000261,
              0,
              null
            ],
            [
              95.35306440800008,
              5.5821449710000479,
              0,
              null
            ],
            [
              95.352925685000059,
              5.5823751150000476,
              0,
              null
            ],
            [
              95.352818987000035,
              5.5825549090000663,
              0,
              null
            ],
            [
              95.352795104000052,
              5.5825990640000214,
              0,
              null
            ],
            [
              95.352784865000046,
              5.5826239800000508,
              0,
              null
            ],
            [
              95.352694439000061,
              5.582754929000032,
              0,
              null
            ],
            [
              95.352685508000036,
              5.5827725730000566,
              0,
              null
            ],
            [
              95.352680645000078,
              5.5827821820000736,
              0,
              null
            ],
            [
              95.352622912000072,
              5.5828885990000572,
              0,
              null
            ],
            [
              95.352515089000065,
              5.5830701770000246,
              0,
              null
            ],
            [
              95.352507317000061,
              5.5830816240000445,
              0,
              null
            ],
            [
              95.352521416000059,
              5.5830902170000627,
              0,
              null
            ],
            [
              95.352545856000063,
              5.5831024570000523,
              0,
              null
            ],
            [
              95.352450217000069,
              5.5832700200000431,
              0,
              null
            ],
            [
              95.352450158000067,
              5.5832701190000762,
              0,
              null
            ],
            [
              95.352411783000036,
              5.5833333620000758,
              0,
              null
            ],
            [
              95.352384298000061,
              5.5833786470000746,
              0,
              null
            ],
            [
              95.352361992000056,
              5.583417488000066,
              0,
              null
            ]
          ]
        ]
      },
      "properties" : {
        "FID" : 0,
        "OBJECTID" : 7047,
        "KDPPUM" : "11",
        "NAMOBJ" : "Jeulingke",
        "REMARK" : " ",
        "KDPBPS" : " ",
        "FCODE" : "BA03070040",
        "LUASWH" : 0,
        "UUPP" : "RBI",
        "SRS_ID" : "SRGI 2013",
        "METADATA" : "TASWIL1000020200326DATA_BATAS_DESA_KELURAHAN",
        "KDEBPS" : " ",
        "KDEPUM" : "11.71.04.2001",
        "KDCBPS" : " ",
        "KDCPUM" : "11.71.04",
        "KDBBPS" : " ",
        "WADMKD" : "Jeulingke",
        "WIADKD" : "0",
        "WADMKC" : "Syiah Kuala",
        "WIADKC" : " ",
        "WADMKK" : "Kota Banda Aceh",
        "WIADKK" : " ",
        "WADMPR" : "Aceh",
        "WIADPR" : " ",
        "TIPADM" : 9,
        "KDPKAB" : "11.71",
        "SHAPE_Leng" : 0.051665899159173002,
        "SHAPE_Area" : 0.000110775266227
      }
    }
  ]
}