{
  "hasZ" : true,
  "hasM" : true,
  "type" : "FeatureCollection",
  "features" : [
    {
      "type" : "Feature",
      "id" : 0,
      "geometry" : {
        "type" : "Polygon",
        "coordinates" : [
          [
            [
              95.303863662000083,
              5.5548880660000464,
              0,
              null
            ],
            [
              95.303789350000045,
              5.5551812450000284,
              0,
              null
            ],
            [
              95.303779543000076,
              5.555421276000061,
              0,
              null
            ],
            [
              95.303634177000049,
              5.555421845000069,
              0,
              null
            ],
            [
              95.303662829000075,
              5.5557997520000413,
              0,
              null
            ],
            [
              95.303765620000036,
              5.5557998940000743,
              0,
              null
            ],
            [
              95.303740934000075,
              5.5560812470000656,
              0,
              null
            ],
            [
              95.303736973000071,
              5.5561673610000639,
              0,
              null
            ],
            [
              95.303738629000065,
              5.5562145510000391,
              0,
              null
            ],
            [
              95.303739974000052,
              5.5562529000000609,
              0,
              null
            ],
            [
              95.303740194000056,
              5.5562591880000696,
              0,
              null
            ],
            [
              95.303743209000061,
              5.55629792000002,
              0,
              null
            ],
            [
              95.303751958000078,
              5.5563380660000234,
              0,
              null
            ],
            [
              95.303773483000043,
              5.556383434000054,
              0,
              null
            ],
            [
              95.30390828600008,
              5.5563862350000477,
              0,
              null
            ],
            [
              95.303941190000046,
              5.5563792600000284,
              0,
              null
            ],
            [
              95.303926316000059,
              5.5564843910000263,
              0,
              null
            ],
            [
              95.303914990000067,
              5.5566086340000425,
              0,
              null
            ],
            [
              95.30391110000005,
              5.5566742200000476,
              0,
              null
            ],
            [
              95.303879709000057,
              5.5566756660000465,
              0,
              null
            ],
            [
              95.303615848000049,
              5.5566631930000767,
              0,
              null
            ],
            [
              95.303277665000053,
              5.5566472070000259,
              0,
              null
            ],
            [
              95.303275998000061,
              5.5567078880000622,
              0,
              null
            ],
            [
              95.303267361000053,
              5.556707192000033,
              0,
              null
            ],
            [
              95.303216421000059,
              5.556703088000063,
              0,
              null
            ],
            [
              95.303194609000059,
              5.5567013310000561,
              0,
              null
            ],
            [
              95.303134603000046,
              5.5566964960000291,
              0,
              null
            ],
            [
              95.303132133000076,
              5.556696296000041,
              0,
              null
            ],
            [
              95.303089766000085,
              5.5566928830000393,
              0,
              null
            ],
            [
              95.303028399000084,
              5.5566874380000399,
              0,
              null
            ],
            [
              95.302904674000047,
              5.5566764600000624,
              0,
              null
            ],
            [
              95.302884375000076,
              5.5566818960000433,
              0,
              null
            ],
            [
              95.302846290000048,
              5.5566854360000661,
              0,
              null
            ],
            [
              95.302828454000064,
              5.5567522490000556,
              0,
              null
            ],
            [
              95.302797106000071,
              5.5568620900000383,
              0,
              null
            ],
            [
              95.302775980000035,
              5.5569182880000767,
              0,
              null
            ],
            [
              95.302774474000046,
              5.5569234710000615,
              0,
              null
            ],
            [
              95.302766525000038,
              5.5569508480000422,
              0,
              null
            ],
            [
              95.302731874000074,
              5.5570625180000661,
              0,
              null
            ],
            [
              95.302699056000051,
              5.5571608580000316,
              0,
              null
            ],
            [
              95.302693435000037,
              5.5571769650000533,
              0,
              null
            ],
            [
              95.302718653000056,
              5.5571882630000573,
              0,
              null
            ],
            [
              95.303075302000082,
              5.5573051700000633,
              0,
              null
            ],
            [
              95.303134010000065,
              5.5573244130000603,
              0,
              null
            ],
            [
              95.303164370000047,
              5.5573343660000205,
              0,
              null
            ],
            [
              95.303156281000042,
              5.5573692800000458,
              0,
              null
            ],
            [
              95.30313252500008,
              5.5575259460000552,
              0,
              null
            ],
            [
              95.303132220000066,
              5.5575279620000515,
              0,
              null
            ],
            [
              95.303151779000075,
              5.5575293370000622,
              0,
              null
            ],
            [
              95.30330568100004,
              5.5575564390000523,
              0,
              null
            ],
            [
              95.303885649000051,
              5.5576618340000437,
              0,
              null
            ],
            [
              95.303931500000033,
              5.557666920000031,
              0,
              null
            ],
            [
              95.303928503000066,
              5.557696255000053,
              0,
              null
            ],
            [
              95.303910761000054,
              5.5578040620000593,
              0,
              null
            ],
            [
              95.303882086000044,
              5.5579583840000737,
              0,
              null
            ],
            [
              95.303862834000086,
              5.5581116470000325,
              0,
              null
            ],
            [
              95.303859920000036,
              5.5581628630000637,
              0,
              null
            ],
            [
              95.303859135000039,
              5.5581766440000706,
              0,
              null
            ],
            [
              95.303861754000081,
              5.5582305170000268,
              0,
              null
            ],
            [
              95.303863094000064,
              5.5582425220000573,
              0,
              null
            ],
            [
              95.303873989000067,
              5.5583400880000227,
              0,
              null
            ],
            [
              95.303876640000055,
              5.5583823500000449,
              0,
              null
            ],
            [
              95.303877433000082,
              5.5583949880000318,
              0,
              null
            ],
            [
              95.303874647000043,
              5.558492885000021,
              0,
              null
            ],
            [
              95.303859607000049,
              5.5586087090000547,
              0,
              null
            ],
            [
              95.303856784000061,
              5.5586335490000351,
              0,
              null
            ],
            [
              95.30383800900006,
              5.5587987890000363,
              0,
              null
            ],
            [
              95.303832665000073,
              5.5588654300000258,
              0,
              null
            ],
            [
              95.303831690000038,
              5.5588775940000232,
              0,
              null
            ],
            [
              95.303819010000041,
              5.5590357460000632,
              0,
              null
            ],
            [
              95.303797552000049,
              5.5591547730000457,
              0,
              null
            ],
            [
              95.303788250000082,
              5.5592063750000307,
              0,
              null
            ],
            [
              95.303787518000036,
              5.5592104340000219,
              0,
              null
            ],
            [
              95.303768066000032,
              5.5592935720000582,
              0,
              null
            ],
            [
              95.30372778900005,
              5.5594211160000668,
              0,
              null
            ],
            [
              95.303709301000083,
              5.559479657000054,
              0,
              null
            ],
            [
              95.303692225000077,
              5.5595281850000333,
              0,
              null
            ],
            [
              95.303635044000032,
              5.5596906870000566,
              0,
              null
            ],
            [
              95.303578555000058,
              5.5598629800000481,
              0,
              null
            ],
            [
              95.303547320000064,
              5.5599582480000436,
              0,
              null
            ],
            [
              95.303533381000079,
              5.5600067280000758,
              0,
              null
            ],
            [
              95.303511924000077,
              5.5600813570000582,
              0,
              null
            ],
            [
              95.303470466000078,
              5.5602255490000516,
              0,
              null
            ],
            [
              95.303455388000032,
              5.5602846430000454,
              0,
              null
            ],
            [
              95.303421126000046,
              5.5604189330000509,
              0,
              null
            ],
            [
              95.303402654000081,
              5.5604913320000264,
              0,
              null
            ],
            [
              95.303376584000034,
              5.5606098010000551,
              0,
              null
            ],
            [
              95.303339677000054,
              5.5607775160000301,
              0,
              null
            ],
            [
              95.303303288000052,
              5.5610178320000614,
              0,
              null
            ],
            [
              95.303148908000082,
              5.5609813760000293,
              0,
              null
            ],
            [
              95.303130201000045,
              5.560975939000059,
              0,
              null
            ],
            [
              95.303037255000049,
              5.5609489260000373,
              0,
              null
            ],
            [
              95.303019076000055,
              5.5609427760000472,
              0,
              null
            ],
            [
              95.302980391000062,
              5.5609296910000694,
              0,
              null
            ],
            [
              95.302897457000086,
              5.560901637000029,
              0,
              null
            ],
            [
              95.302818045000038,
              5.5608747750000589,
              0,
              null
            ],
            [
              95.302793889000043,
              5.560867341000062,
              0,
              null
            ],
            [
              95.302764732000071,
              5.5608583690000728,
              0,
              null
            ],
            [
              95.302587515000084,
              5.5608038330000227,
              0,
              null
            ],
            [
              95.302544578000038,
              5.5607906210000237,
              0,
              null
            ],
            [
              95.302400243000079,
              5.5607462040000541,
              0,
              null
            ],
            [
              95.302285760000075,
              5.560714947000065,
              0,
              null
            ],
            [
              95.302283428000067,
              5.5607143110000266,
              0,
              null
            ],
            [
              95.302016038000033,
              5.5606413040000575,
              0,
              null
            ],
            [
              95.301946292000082,
              5.5606222610000486,
              0,
              null
            ],
            [
              95.301872677000063,
              5.5606021620000661,
              0,
              null
            ],
            [
              95.301743682000051,
              5.5605662110000367,
              0,
              null
            ],
            [
              95.301732874000038,
              5.5605631990000575,
              0,
              null
            ],
            [
              95.301688254000055,
              5.5605507630000375,
              0,
              null
            ],
            [
              95.301574059000075,
              5.5605189370000403,
              0,
              null
            ],
            [
              95.301517855000043,
              5.5605045090000544,
              0,
              null
            ],
            [
              95.30142089800006,
              5.5604796200000237,
              0,
              null
            ],
            [
              95.301274616000057,
              5.5604420690000325,
              0,
              null
            ],
            [
              95.301260048000074,
              5.5604385490000254,
              0,
              null
            ],
            [
              95.301246417000073,
              5.5604352540000264,
              0,
              null
            ],
            [
              95.301206983000043,
              5.5604257230000371,
              0,
              null
            ],
            [
              95.301083193000068,
              5.5603958030000626,
              0,
              null
            ],
            [
              95.300935201000073,
              5.5603589790000569,
              0,
              null
            ],
            [
              95.300915688000032,
              5.5603541240000709,
              0,
              null
            ],
            [
              95.300876531000085,
              5.5603443800000605,
              0,
              null
            ],
            [
              95.30082939600004,
              5.5603392630000599,
              0,
              null
            ],
            [
              95.300802268000041,
              5.5603363180000542,
              0,
              null
            ],
            [
              95.300702879000085,
              5.5603176530000269,
              0,
              null
            ],
            [
              95.300675959000046,
              5.5603125970000633,
              0,
              null
            ],
            [
              95.30063275200007,
              5.5603044830000385,
              0,
              null
            ],
            [
              95.300452035000035,
              5.560264175000043,
              0,
              null
            ],
            [
              95.300409459000036,
              5.5602546790000247,
              0,
              null
            ],
            [
              95.300398389000065,
              5.5602522100000442,
              0,
              null
            ],
            [
              95.300338026000077,
              5.560237910000069,
              0,
              null
            ],
            [
              95.300249910000048,
              5.5602170370000294,
              0,
              null
            ],
            [
              95.300237979000087,
              5.5602142110000727,
              0,
              null
            ],
            [
              95.300167670000064,
              5.5601980930000536,
              0,
              null
            ],
            [
              95.300029946000052,
              5.5601665210000419,
              0,
              null
            ],
            [
              95.300014230000045,
              5.56016291800006,
              0,
              null
            ],
            [
              95.300007651000044,
              5.5601614000000268,
              0,
              null
            ],
            [
              95.299855756000056,
              5.56012636600002,
              0,
              null
            ],
            [
              95.299849762000065,
              5.5601248220000343,
              0,
              null
            ],
            [
              95.299754630000052,
              5.5601003080000737,
              0,
              null
            ],
            [
              95.299708165000084,
              5.5600883350000458,
              0,
              null
            ],
            [
              95.299529537000069,
              5.5600394780000215,
              0,
              null
            ],
            [
              95.299526473000071,
              5.560038640000073,
              0,
              null
            ],
            [
              95.299419368000031,
              5.5600106770000366,
              0,
              null
            ],
            [
              95.299425761000066,
              5.5599686680000673,
              0,
              null
            ],
            [
              95.299485974000049,
              5.5597859530000733,
              0,
              null
            ],
            [
              95.299500066000064,
              5.5597431910000523,
              0,
              null
            ],
            [
              95.299525450000033,
              5.5596666130000472,
              0,
              null
            ],
            [
              95.299587262000045,
              5.559480140000062,
              0,
              null
            ],
            [
              95.29959333000005,
              5.5594618370000717,
              0,
              null
            ],
            [
              95.299594951000074,
              5.5594569470000579,
              0,
              null
            ],
            [
              95.29962213500005,
              5.559361549000073,
              0,
              null
            ],
            [
              95.299631718000057,
              5.5593116390000432,
              0,
              null
            ],
            [
              95.299633389000064,
              5.5592840250000677,
              0,
              null
            ],
            [
              95.299634057000048,
              5.5592646470000204,
              0,
              null
            ],
            [
              95.299634187000038,
              5.5592608670000345,
              0,
              null
            ],
            [
              95.29964566600006,
              5.5592412300000547,
              0,
              null
            ],
            [
              95.299659846000054,
              5.5592304880000256,
              0,
              null
            ],
            [
              95.299699589000056,
              5.5592062180000426,
              0,
              null
            ],
            [
              95.299702410000066,
              5.5592044950000741,
              0,
              null
            ],
            [
              95.299736974000041,
              5.5591785340000683,
              0,
              null
            ],
            [
              95.29980325300005,
              5.5590794220000248,
              0,
              null
            ],
            [
              95.299841592000064,
              5.5590101970000205,
              0,
              null
            ],
            [
              95.299877396000056,
              5.5589455470000644,
              0,
              null
            ],
            [
              95.299897204000047,
              5.5588969700000348,
              0,
              null
            ],
            [
              95.299938058000066,
              5.5587967820000586,
              0,
              null
            ],
            [
              95.300001343000076,
              5.5586133880000261,
              0,
              null
            ],
            [
              95.30002795200005,
              5.5585362790000659,
              0,
              null
            ],
            [
              95.300056317000042,
              5.5584540770000217,
              0,
              null
            ],
            [
              95.300096747000055,
              5.5583382940000661,
              0,
              null
            ],
            [
              95.300136347000034,
              5.5582248850000724,
              0,
              null
            ],
            [
              95.300138847000085,
              5.5582115400000589,
              0,
              null
            ],
            [
              95.300146168000083,
              5.558172470000045,
              0,
              null
            ],
            [
              95.300139620000039,
              5.5581459480000603,
              0,
              null
            ],
            [
              95.300118776000033,
              5.5581259390000355,
              0,
              null
            ],
            [
              95.299891418000072,
              5.5580349860000524,
              0,
              null
            ],
            [
              95.299826848000066,
              5.5580036680000262,
              0,
              null
            ],
            [
              95.299764303000075,
              5.5579688150000379,
              0,
              null
            ],
            [
              95.299645282000085,
              5.5579024920000393,
              0,
              null
            ],
            [
              95.299572731000069,
              5.5578446580000218,
              0,
              null
            ],
            [
              95.299432697000043,
              5.5577381110000488,
              0,
              null
            ],
            [
              95.299428637000062,
              5.5577350220000312,
              0,
              null
            ],
            [
              95.299318480000068,
              5.5576512080000384,
              0,
              null
            ],
            [
              95.299206416000061,
              5.5575605230000633,
              0,
              null
            ],
            [
              95.299184895000053,
              5.557550562000074,
              0,
              null
            ],
            [
              95.299165577000053,
              5.5575549420000243,
              0,
              null
            ],
            [
              95.299153465000074,
              5.5575707740000553,
              0,
              null
            ],
            [
              95.299134759000083,
              5.5576239050000709,
              0,
              null
            ],
            [
              95.299110967000047,
              5.5576914780000379,
              0,
              null
            ],
            [
              95.29908534100008,
              5.5577789550000603,
              0,
              null
            ],
            [
              95.299051836000046,
              5.5578933240000765,
              0,
              null
            ],
            [
              95.299000470000067,
              5.5581584320000275,
              0,
              null
            ],
            [
              95.299006373000054,
              5.5581831390000502,
              0,
              null
            ],
            [
              95.299026751000042,
              5.5581961530000399,
              0,
              null
            ],
            [
              95.299167571000055,
              5.5582397200000742,
              0,
              null
            ],
            [
              95.299193924000065,
              5.5582478730000275,
              0,
              null
            ],
            [
              95.299214340000049,
              5.5582710690000567,
              0,
              null
            ],
            [
              95.299208652000061,
              5.558301641000071,
              0,
              null
            ],
            [
              95.299186332000033,
              5.5583788410000352,
              0,
              null
            ],
            [
              95.299164606000033,
              5.558453987000064,
              0,
              null
            ],
            [
              95.299154767000061,
              5.5584880230000522,
              0,
              null
            ],
            [
              95.299139815000046,
              5.5585397400000716,
              0,
              null
            ],
            [
              95.299098334000064,
              5.5586832160000768,
              0,
              null
            ],
            [
              95.299097043000074,
              5.5586881730000641,
              0,
              null
            ],
            [
              95.299068748000082,
              5.5587968800000453,
              0,
              null
            ],
            [
              95.299068146000081,
              5.5587991910000483,
              0,
              null
            ],
            [
              95.299041827000053,
              5.5589003030000299,
              0,
              null
            ],
            [
              95.299016281000036,
              5.5589984460000323,
              0,
              null
            ],
            [
              95.299009636000051,
              5.5590239740000698,
              0,
              null
            ],
            [
              95.299018416000081,
              5.5590413960000546,
              0,
              null
            ],
            [
              95.299033306000069,
              5.5590508620000492,
              0,
              null
            ],
            [
              95.299054804000036,
              5.5590645310000468,
              0,
              null
            ],
            [
              95.299098579000031,
              5.5590838980000399,
              0,
              null
            ],
            [
              95.29912282500004,
              5.5590946240000676,
              0,
              null
            ],
            [
              95.299119332000032,
              5.5591066400000386,
              0,
              null
            ],
            [
              95.299098940000079,
              5.559176773000047,
              0,
              null
            ],
            [
              95.29908682100006,
              5.5592184510000493,
              0,
              null
            ],
            [
              95.299045504000048,
              5.5593605560000583,
              0,
              null
            ],
            [
              95.299032982000085,
              5.5593982790000496,
              0,
              null
            ],
            [
              95.299028899000064,
              5.5594105780000405,
              0,
              null
            ],
            [
              95.298962869000036,
              5.5596094950000747,
              0,
              null
            ],
            [
              95.298935473000085,
              5.5596920270000396,
              0,
              null
            ],
            [
              95.298923354000067,
              5.5597285360000228,
              0,
              null
            ],
            [
              95.298915432000058,
              5.5597546140000418,
              0,
              null
            ],
            [
              95.29890888500006,
              5.5597761630000377,
              0,
              null
            ],
            [
              95.298899227000049,
              5.5598079550000534,
              0,
              null
            ],
            [
              95.298894932000053,
              5.5598349030000236,
              0,
              null
            ],
            [
              95.298895984000069,
              5.5598539960000721,
              0,
              null
            ],
            [
              95.298895552000033,
              5.559868687000062,
              0,
              null
            ],
            [
              95.298890130000075,
              5.5598946400000386,
              0,
              null
            ],
            [
              95.298860751000063,
              5.5598884350000617,
              0,
              null
            ],
            [
              95.298852081000064,
              5.5598862720000284,
              0,
              null
            ],
            [
              95.298805406000042,
              5.559874624000031,
              0,
              null
            ],
            [
              95.298648796000066,
              5.5598355410000408,
              0,
              null
            ],
            [
              95.298506627000052,
              5.5597997480000458,
              0,
              null
            ],
            [
              95.298479240000063,
              5.5597912490000567,
              0,
              null
            ],
            [
              95.298461093000071,
              5.5597822180000662,
              0,
              null
            ],
            [
              95.29842999400006,
              5.5597667400000432,
              0,
              null
            ],
            [
              95.298311438000042,
              5.5597011850000513,
              0,
              null
            ],
            [
              95.298286800000085,
              5.5596875140000748,
              0,
              null
            ],
            [
              95.298195690000057,
              5.5596457370000394,
              0,
              null
            ],
            [
              95.298071592000042,
              5.5595821860000569,
              0,
              null
            ],
            [
              95.297971271000051,
              5.559536769000033,
              0,
              null
            ],
            [
              95.297871345000033,
              5.5594958090000546,
              0,
              null
            ],
            [
              95.297869732000038,
              5.5594951490000426,
              0,
              null
            ],
            [
              95.297716300000047,
              5.5594391380000729,
              0,
              null
            ],
            [
              95.29771558300007,
              5.5594153400000437,
              0,
              null
            ],
            [
              95.29771098100008,
              5.5593892820000406,
              0,
              null
            ],
            [
              95.297691248000035,
              5.5593211400000655,
              0,
              null
            ],
            [
              95.297656973000073,
              5.559248660000037,
              0,
              null
            ],
            [
              95.297629119000078,
              5.5591897610000274,
              0,
              null
            ],
            [
              95.297589939000034,
              5.5591133240000659,
              0,
              null
            ],
            [
              95.297527978000062,
              5.5590087180000296,
              0,
              null
            ],
            [
              95.297459982000078,
              5.5589135280000619,
              0,
              null
            ],
            [
              95.29742791700005,
              5.5588620410000544,
              0,
              null
            ],
            [
              95.297411679000049,
              5.5588359650000712,
              0,
              null
            ],
            [
              95.297396311000057,
              5.5588112880000722,
              0,
              null
            ],
            [
              95.297390461000077,
              5.5588014680000697,
              0,
              null
            ],
            [
              95.297279621000087,
              5.5586125190000644,
              0,
              null
            ],
            [
              95.297178507000069,
              5.5584534920000692,
              0,
              null
            ],
            [
              95.297129217000077,
              5.5583616050000728,
              0,
              null
            ],
            [
              95.297096724000085,
              5.5582923740000751,
              0,
              null
            ],
            [
              95.297091692000038,
              5.5582800100000327,
              0,
              null
            ],
            [
              95.29708157500005,
              5.5582551480000575,
              0,
              null
            ],
            [
              95.297066599000061,
              5.558218350000061,
              0,
              null
            ],
            [
              95.297043649000045,
              5.5581478860000288,
              0,
              null
            ],
            [
              95.297036229000071,
              5.5580809490000433,
              0,
              null
            ],
            [
              95.297033443000032,
              5.5579781190000404,
              0,
              null
            ],
            [
              95.297026933000041,
              5.5578382320000514,
              0,
              null
            ],
            [
              95.297021941000082,
              5.5577820480000355,
              0,
              null
            ],
            [
              95.297009840000044,
              5.5577390460000515,
              0,
              null
            ],
            [
              95.296983406000038,
              5.5576937070000554,
              0,
              null
            ],
            [
              95.296942698000066,
              5.5576603820000514,
              0,
              null
            ],
            [
              95.296881705000033,
              5.5576283330000251,
              0,
              null
            ],
            [
              95.296833670000069,
              5.5576036140000724,
              0,
              null
            ],
            [
              95.296817128000043,
              5.5575951010000608,
              0,
              null
            ],
            [
              95.296748978000039,
              5.5575642750000611,
              0,
              null
            ],
            [
              95.296659262000048,
              5.5575120080000602,
              0,
              null
            ],
            [
              95.296605408000062,
              5.55747395100002,
              0,
              null
            ],
            [
              95.296524028000078,
              5.5574168680000753,
              0,
              null
            ],
            [
              95.296441474000062,
              5.5573645730000294,
              0,
              null
            ],
            [
              95.29640545500007,
              5.5573097050000229,
              0,
              null
            ],
            [
              95.296390999000039,
              5.5572750830000359,
              0,
              null
            ],
            [
              95.296375391000083,
              5.5572512270000516,
              0,
              null
            ],
            [
              95.296352527000067,
              5.5572404660000529,
              0,
              null
            ],
            [
              95.296341254000083,
              5.5572410380000292,
              0,
              null
            ],
            [
              95.296335234000082,
              5.5571935190000659,
              0,
              null
            ],
            [
              95.296322458000077,
              5.55712588800003,
              0,
              null
            ],
            [
              95.296317414000043,
              5.5570885120000639,
              0,
              null
            ],
            [
              95.29629999000008,
              5.5570142790000432,
              0,
              null
            ],
            [
              95.296286077000047,
              5.5569890950000627,
              0,
              null
            ],
            [
              95.296275680000065,
              5.5569908150000629,
              0,
              null
            ],
            [
              95.296252320000065,
              5.5569879860000242,
              0,
              null
            ],
            [
              95.296165017000078,
              5.5569709410000314,
              0,
              null
            ],
            [
              95.296139845000084,
              5.5569613610000488,
              0,
              null
            ],
            [
              95.29611643700008,
              5.5569499960000712,
              0,
              null
            ],
            [
              95.296087729000078,
              5.5569370300000287,
              0,
              null
            ],
            [
              95.296063829000047,
              5.5569250290000696,
              0,
              null
            ],
            [
              95.296014281000055,
              5.5569040330000234,
              0,
              null
            ],
            [
              95.295979419000048,
              5.5568917940000233,
              0,
              null
            ],
            [
              95.295952979000049,
              5.5568832190000421,
              0,
              null
            ],
            [
              95.295926142000042,
              5.5568746550000583,
              0,
              null
            ],
            [
              95.295897120000063,
              5.556865025000036,
              0,
              null
            ],
            [
              95.295895095000049,
              5.5568643530000372,
              0,
              null
            ],
            [
              95.295830338000087,
              5.5568390060000752,
              0,
              null
            ],
            [
              95.295790003000036,
              5.5568206600000281,
              0,
              null
            ],
            [
              95.295755453000083,
              5.5568028240000444,
              0,
              null
            ],
            [
              95.295731901000067,
              5.5567876210000691,
              0,
              null
            ],
            [
              95.295699064000075,
              5.5567649700000743,
              0,
              null
            ],
            [
              95.295670238000071,
              5.556743650000044,
              0,
              null
            ],
            [
              95.29564963100006,
              5.5567296560000727,
              0,
              null
            ],
            [
              95.295636607000063,
              5.5567208120000373,
              0,
              null
            ],
            [
              95.295609464000052,
              5.5567052610000474,
              0,
              null
            ],
            [
              95.295550510000055,
              5.5566688360000285,
              0,
              null
            ],
            [
              95.295503641000039,
              5.5566406170000278,
              0,
              null
            ],
            [
              95.295477884000036,
              5.5566242480000483,
              0,
              null
            ],
            [
              95.295442492000063,
              5.5566034320000313,
              0,
              null
            ],
            [
              95.295389793000084,
              5.5565722980000487,
              0,
              null
            ],
            [
              95.295365074000074,
              5.556558510000059,
              0,
              null
            ],
            [
              95.295345757000064,
              5.5565466350000747,
              0,
              null
            ],
            [
              95.295333672000083,
              5.5565382300000579,
              0,
              null
            ],
            [
              95.295268458000066,
              5.5564833350000526,
              0,
              null
            ],
            [
              95.295252919000063,
              5.556470804000071,
              0,
              null
            ],
            [
              95.295244516000082,
              5.5564643640000213,
              0,
              null
            ],
            [
              95.29525736100004,
              5.5564400660000501,
              0,
              null
            ],
            [
              95.295262422000064,
              5.5564275240000711,
              0,
              null
            ],
            [
              95.295270965000043,
              5.556406356000025,
              0,
              null
            ],
            [
              95.295277806000058,
              5.5563859000000662,
              0,
              null
            ],
            [
              95.29529210700008,
              5.5563327010000307,
              0,
              null
            ],
            [
              95.295301602000052,
              5.5562973800000464,
              0,
              null
            ],
            [
              95.295318716000054,
              5.5562337180000441,
              0,
              null
            ],
            [
              95.295330299000057,
              5.5561799440000641,
              0,
              null
            ],
            [
              95.295335041000044,
              5.5561557180000705,
              0,
              null
            ],
            [
              95.29536807900007,
              5.5559579730000337,
              0,
              null
            ],
            [
              95.295378890000052,
              5.5558787610000309,
              0,
              null
            ],
            [
              95.295381135000071,
              5.5558623150000699,
              0,
              null
            ],
            [
              95.295398398000032,
              5.5557358230000204,
              0,
              null
            ],
            [
              95.295399977000045,
              5.5557148540000298,
              0,
              null
            ],
            [
              95.295400265000069,
              5.5556576680000376,
              0,
              null
            ],
            [
              95.295400404000077,
              5.5556301170000211,
              0,
              null
            ],
            [
              95.295400087000075,
              5.5556165850000525,
              0,
              null
            ],
            [
              95.295398305000049,
              5.5556166360000248,
              0,
              null
            ],
            [
              95.295360426000059,
              5.5556178680000698,
              0,
              null
            ],
            [
              95.295360730000084,
              5.5556048970000234,
              0,
              null
            ],
            [
              95.295361557000035,
              5.5555944370000248,
              0,
              null
            ],
            [
              95.29536177500006,
              5.5555916710000588,
              0,
              null
            ],
            [
              95.295371171000056,
              5.5554728400000499,
              0,
              null
            ],
            [
              95.295371359000058,
              5.5554647240000463,
              0,
              null
            ],
            [
              95.295373490000031,
              5.5553727890000459,
              0,
              null
            ],
            [
              95.295376812000086,
              5.55522938200005,
              0,
              null
            ],
            [
              95.295377224000049,
              5.5552115810000373,
              0,
              null
            ],
            [
              95.295373106000056,
              5.5550825250000457,
              0,
              null
            ],
            [
              95.295371711000087,
              5.5550635560000501,
              0,
              null
            ],
            [
              95.295367369000076,
              5.5550045180000325,
              0,
              null
            ],
            [
              95.295360317000075,
              5.5549086220000277,
              0,
              null
            ],
            [
              95.295354853000049,
              5.5548304360000316,
              0,
              null
            ],
            [
              95.29535007800007,
              5.5547620900000538,
              0,
              null
            ],
            [
              95.295348186000069,
              5.5547290500000486,
              0,
              null
            ],
            [
              95.295338795000077,
              5.5545649960000674,
              0,
              null
            ],
            [
              95.295337442000061,
              5.5545219800000609,
              0,
              null
            ],
            [
              95.295335889000057,
              5.5544725920000246,
              0,
              null
            ],
            [
              95.295331480000073,
              5.5543324340000595,
              0,
              null
            ],
            [
              95.295328404000031,
              5.5541855310000301,
              0,
              null
            ],
            [
              95.295325596000055,
              5.5541757160000316,
              0,
              null
            ],
            [
              95.295316705000062,
              5.5541676060000214,
              0,
              null
            ],
            [
              95.295295392000071,
              5.5541642090000209,
              0,
              null
            ],
            [
              95.295270785000071,
              5.5541621730000656,
              0,
              null
            ],
            [
              95.295149076000087,
              5.5541521040000248,
              0,
              null
            ],
            [
              95.295083262000048,
              5.5541403470000432,
              0,
              null
            ],
            [
              95.295026877000055,
              5.5541236710000703,
              0,
              null
            ],
            [
              95.295012022000037,
              5.5541192780000301,
              0,
              null
            ],
            [
              95.294982694000055,
              5.5541159950000747,
              0,
              null
            ],
            [
              95.294991259000085,
              5.554110483000045,
              0,
              null
            ],
            [
              95.294991848000052,
              5.5541101030000277,
              0,
              null
            ],
            [
              95.295007191000082,
              5.5541011210000306,
              0,
              null
            ],
            [
              95.295027889000039,
              5.5540886490000503,
              0,
              null
            ],
            [
              95.295082405000073,
              5.5540554340000767,
              0,
              null
            ],
            [
              95.295172333000039,
              5.5539948110000523,
              0,
              null
            ],
            [
              95.295208231000061,
              5.5539664500000754,
              0,
              null
            ],
            [
              95.295209177000061,
              5.5539657020000277,
              0,
              null
            ],
            [
              95.295220659000051,
              5.5539566310000623,
              0,
              null
            ],
            [
              95.295257475000085,
              5.5539213790000304,
              0,
              null
            ],
            [
              95.295285617000047,
              5.5538919910000573,
              0,
              null
            ],
            [
              95.295285783000054,
              5.553891788000044,
              0,
              null
            ],
            [
              95.295307283000056,
              5.5538652950000369,
              0,
              null
            ],
            [
              95.295329565000031,
              5.5538297480000551,
              0,
              null
            ],
            [
              95.295337523000057,
              5.553810942000041,
              0,
              null
            ],
            [
              95.295347141000036,
              5.5537882160000436,
              0,
              null
            ],
            [
              95.295358931000067,
              5.5537482800000362,
              0,
              null
            ],
            [
              95.295367242000054,
              5.5536976730000447,
              0,
              null
            ],
            [
              95.295370090000063,
              5.5536501780000549,
              0,
              null
            ],
            [
              95.295370458000036,
              5.5536164860000667,
              0,
              null
            ],
            [
              95.295370824000031,
              5.5535830710000482,
              0,
              null
            ],
            [
              95.295371426000031,
              5.5535743950000551,
              0,
              null
            ],
            [
              95.295373642000072,
              5.5535424930000659,
              0,
              null
            ],
            [
              95.295375899000078,
              5.5534922610000308,
              0,
              null
            ],
            [
              95.295068353000033,
              5.55347123100006,
              0,
              null
            ],
            [
              95.294980093000049,
              5.553465612000025,
              0,
              null
            ],
            [
              95.294954209000082,
              5.5534641250000618,
              0,
              null
            ],
            [
              95.294855380000058,
              5.5534586240000294,
              0,
              null
            ],
            [
              95.294860337000046,
              5.553406055000039,
              0,
              null
            ],
            [
              95.294864158000053,
              5.5533655430000408,
              0,
              null
            ],
            [
              95.294865990000062,
              5.553333245000033,
              0,
              null
            ],
            [
              95.294866644000081,
              5.5533217130000594,
              0,
              null
            ],
            [
              95.294865790000074,
              5.5532481090000374,
              0,
              null
            ],
            [
              95.294856043000038,
              5.5532238580000239,
              0,
              null
            ],
            [
              95.294863516000078,
              5.5530985720000672,
              0,
              null
            ],
            [
              95.294902094000065,
              5.553040668000051,
              0,
              null
            ],
            [
              95.294924814000069,
              5.5530170710000561,
              0,
              null
            ],
            [
              95.294939185000032,
              5.5529952760000469,
              0,
              null
            ],
            [
              95.294957350000061,
              5.5529654320000645,
              0,
              null
            ],
            [
              95.294976837000036,
              5.5529334170000766,
              0,
              null
            ],
            [
              95.294997165000041,
              5.5528985460000513,
              0,
              null
            ],
            [
              95.295034790000045,
              5.5528533570000604,
              0,
              null
            ],
            [
              95.295159123000076,
              5.5527006790000542,
              0,
              null
            ],
            [
              95.29518253100008,
              5.5526720600000203,
              0,
              null
            ],
            [
              95.295196682000039,
              5.5526171910000244,
              0,
              null
            ],
            [
              95.295322173000045,
              5.5522280140000362,
              0,
              null
            ],
            [
              95.295345584000074,
              5.5522194110000669,
              0,
              null
            ],
            [
              95.295407298000043,
              5.5521967320000272,
              0,
              null
            ],
            [
              95.295427502000052,
              5.5522003420000487,
              0,
              null
            ],
            [
              95.295489190000069,
              5.5522276270000361,
              0,
              null
            ],
            [
              95.295625305000044,
              5.5522917740000253,
              0,
              null
            ],
            [
              95.295661782000082,
              5.5523059360000389,
              0,
              null
            ],
            [
              95.29567133900008,
              5.5523096470000723,
              0,
              null
            ],
            [
              95.29569570600006,
              5.5523142520000306,
              0,
              null
            ],
            [
              95.295704404000048,
              5.5523143990000676,
              0,
              null
            ],
            [
              95.295727741000064,
              5.5523112040000342,
              0,
              null
            ],
            [
              95.295738769000081,
              5.5523077030000536,
              0,
              null
            ],
            [
              95.295736733000069,
              5.5522829350000507,
              0,
              null
            ],
            [
              95.295743249000054,
              5.5522555470000725,
              0,
              null
            ],
            [
              95.295747317000064,
              5.5522426050000604,
              0,
              null
            ],
            [
              95.295775953000032,
              5.5521515180000733,
              0,
              null
            ],
            [
              95.295781312000031,
              5.5521344720000343,
              0,
              null
            ],
            [
              95.295842548000053,
              5.5519339550000382,
              0,
              null
            ],
            [
              95.295855174000053,
              5.5518926100000385,
              0,
              null
            ],
            [
              95.295920945000034,
              5.5516953430000626,
              0,
              null
            ],
            [
              95.295976216000042,
              5.5515768070000604,
              0,
              null
            ],
            [
              95.295981543000039,
              5.5515667390000658,
              0,
              null
            ],
            [
              95.295946922000041,
              5.5515420950000589,
              0,
              null
            ],
            [
              95.295919039000069,
              5.5515172640000401,
              0,
              null
            ],
            [
              95.295898711000063,
              5.551495902000056,
              0,
              null
            ],
            [
              95.295869400000072,
              5.5514585030000489,
              0,
              null
            ],
            [
              95.29584701400006,
              5.5514227400000209,
              0,
              null
            ],
            [
              95.295831775000067,
              5.5513897070000553,
              0,
              null
            ],
            [
              95.295824948000075,
              5.551366999000038,
              0,
              null
            ],
            [
              95.295820235000065,
              5.5513451240000222,
              0,
              null
            ],
            [
              95.295817346000035,
              5.5513279720000241,
              0,
              null
            ],
            [
              95.295816708000075,
              5.5513241850000554,
              0,
              null
            ],
            [
              95.295815348000076,
              5.5512991330000432,
              0,
              null
            ],
            [
              95.295816353000077,
              5.5512488170000438,
              0,
              null
            ],
            [
              95.295814967000069,
              5.551226558000053,
              0,
              null
            ],
            [
              95.295810736000078,
              5.55118231900002,
              0,
              null
            ],
            [
              95.295800937000081,
              5.5511072580000587,
              0,
              null
            ],
            [
              95.295785831000046,
              5.5510036540000556,
              0,
              null
            ],
            [
              95.295771450000075,
              5.5509220220000657,
              0,
              null
            ],
            [
              95.295765878000054,
              5.5508926750000569,
              0,
              null
            ],
            [
              95.295751517000042,
              5.550808919000076,
              0,
              null
            ],
            [
              95.295740075000083,
              5.5507523760000481,
              0,
              null
            ],
            [
              95.295751454000083,
              5.5507517460000599,
              0,
              null
            ],
            [
              95.295802418000051,
              5.5507417760000521,
              0,
              null
            ],
            [
              95.295849316000044,
              5.5507331600000498,
              0,
              null
            ],
            [
              95.296146702000044,
              5.550735517000021,
              0,
              null
            ],
            [
              95.296450997000079,
              5.5507335060000287,
              0,
              null
            ],
            [
              95.296479789000045,
              5.5507273830000372,
              0,
              null
            ],
            [
              95.296497491000082,
              5.5507115590000353,
              0,
              null
            ],
            [
              95.296505115000059,
              5.5506929720000358,
              0,
              null
            ],
            [
              95.296510166000076,
              5.5506647680000469,
              0,
              null
            ],
            [
              95.296508234000044,
              5.5505874620000668,
              0,
              null
            ],
            [
              95.296504943000059,
              5.5505415920000587,
              0,
              null
            ],
            [
              95.296496813000033,
              5.5499660470000549,
              0,
              null
            ],
            [
              95.297085970000069,
              5.5501590260000739,
              0,
              null
            ],
            [
              95.297181737000074,
              5.5502128860000539,
              0,
              null
            ],
            [
              95.297191332000068,
              5.5502190050000308,
              0,
              null
            ],
            [
              95.297200609000072,
              5.5502079050000361,
              0,
              null
            ],
            [
              95.29723357000006,
              5.5501856670000507,
              0,
              null
            ],
            [
              95.297242936000032,
              5.5501793480000288,
              0,
              null
            ],
            [
              95.297237755000083,
              5.5501577280000447,
              0,
              null
            ],
            [
              95.297240544000033,
              5.5501371800000356,
              0,
              null
            ],
            [
              95.297261166000055,
              5.5500856480000493,
              0,
              null
            ],
            [
              95.297298036000086,
              5.5500222750000603,
              0,
              null
            ],
            [
              95.29733129300007,
              5.5499834400000623,
              0,
              null
            ],
            [
              95.297354820000066,
              5.5499622960000465,
              0,
              null
            ],
            [
              95.297373337000067,
              5.5499490450000621,
              0,
              null
            ],
            [
              95.297382466000045,
              5.5499423020000336,
              0,
              null
            ],
            [
              95.297392596000066,
              5.549953381000023,
              0,
              null
            ],
            [
              95.297412066000049,
              5.5499654360000363,
              0,
              null
            ],
            [
              95.297422991000076,
              5.5499700760000223,
              0,
              null
            ],
            [
              95.297482044000049,
              5.5499858640000639,
              0,
              null
            ],
            [
              95.297551641000041,
              5.5500007340000366,
              0,
              null
            ],
            [
              95.297618626000087,
              5.5500135240000645,
              0,
              null
            ],
            [
              95.297649264000086,
              5.5500193730000547,
              0,
              null
            ],
            [
              95.29775344400008,
              5.5500399840000227,
              0,
              null
            ],
            [
              95.297768622000035,
              5.5500431710000271,
              0,
              null
            ],
            [
              95.297846235000065,
              5.5500594650000608,
              0,
              null
            ],
            [
              95.297867968000048,
              5.5500642070000481,
              0,
              null
            ],
            [
              95.297888676000071,
              5.5500696770000673,
              0,
              null
            ],
            [
              95.297916652000083,
              5.5500791680000248,
              0,
              null
            ],
            [
              95.297922189000076,
              5.550081738000074,
              0,
              null
            ],
            [
              95.297939211000084,
              5.5500896380000313,
              0,
              null
            ],
            [
              95.297939521000046,
              5.5500898150000353,
              0,
              null
            ],
            [
              95.297963063000054,
              5.5501031950000765,
              0,
              null
            ],
            [
              95.297968626000056,
              5.550093367000045,
              0,
              null
            ],
            [
              95.298026216000039,
              5.5500153040000555,
              0,
              null
            ],
            [
              95.298032973000034,
              5.5500053640000715,
              0,
              null
            ],
            [
              95.298067077000042,
              5.5499551880000695,
              0,
              null
            ],
            [
              95.298087915000053,
              5.5499252560000514,
              0,
              null
            ],
            [
              95.298092242000052,
              5.5499190420000559,
              0,
              null
            ],
            [
              95.298100155000043,
              5.5499076750000427,
              0,
              null
            ],
            [
              95.298114822000059,
              5.5498859690000586,
              0,
              null
            ],
            [
              95.298125160000041,
              5.5498719000000278,
              0,
              null
            ],
            [
              95.298135588000036,
              5.549858997000058,
              0,
              null
            ],
            [
              95.298146985000074,
              5.5498449290000735,
              0,
              null
            ],
            [
              95.298161798000081,
              5.5498266460000423,
              0,
              null
            ],
            [
              95.29820753100006,
              5.5497727620000319,
              0,
              null
            ],
            [
              95.298240630000066,
              5.5497338140000352,
              0,
              null
            ],
            [
              95.298251716000038,
              5.5497207680000429,
              0,
              null
            ],
            [
              95.298278953000079,
              5.5496894380000299,
              0,
              null
            ],
            [
              95.298299112000052,
              5.5496662490000404,
              0,
              null
            ],
            [
              95.298348005000037,
              5.5496116330000405,
              0,
              null
            ],
            [
              95.298365735000061,
              5.5495912440000552,
              0,
              null
            ],
            [
              95.298376370000085,
              5.5495793070000445,
              0,
              null
            ],
            [
              95.298395824000067,
              5.5495569040000419,
              0,
              null
            ],
            [
              95.298434551000071,
              5.5495137640000394,
              0,
              null
            ],
            [
              95.29849187800005,
              5.5494499030000384,
              0,
              null
            ],
            [
              95.298500885000067,
              5.5494399610000755,
              0,
              null
            ],
            [
              95.298519045000035,
              5.5494199180000692,
              0,
              null
            ],
            [
              95.298522502000083,
              5.5494161040000449,
              0,
              null
            ],
            [
              95.29854087800004,
              5.5493950790000213,
              0,
              null
            ],
            [
              95.29856994000005,
              5.549362866000024,
              0,
              null
            ],
            [
              95.298600959000055,
              5.5493284820000213,
              0,
              null
            ],
            [
              95.298637787000075,
              5.5492876590000719,
              0,
              null
            ],
            [
              95.298645996000062,
              5.5492785670000444,
              0,
              null
            ],
            [
              95.298660738000081,
              5.5492622390000292,
              0,
              null
            ],
            [
              95.298706544000083,
              5.5492115070000523,
              0,
              null
            ],
            [
              95.298756492000052,
              5.5491569060000643,
              0,
              null
            ],
            [
              95.298825269000076,
              5.5490790450000418,
              0,
              null
            ],
            [
              95.298861928000065,
              5.549035821000075,
              0,
              null
            ],
            [
              95.298874268000077,
              5.5490188960000637,
              0,
              null
            ],
            [
              95.298882603000038,
              5.5490074660000346,
              0,
              null
            ],
            [
              95.298883524000075,
              5.5490057030000344,
              0,
              null
            ],
            [
              95.298926598000037,
              5.5489232080000761,
              0,
              null
            ],
            [
              95.298935718000052,
              5.5489004200000522,
              0,
              null
            ],
            [
              95.298935821000043,
              5.5489001620000522,
              0,
              null
            ],
            [
              95.298942797000052,
              5.5488762540000494,
              0,
              null
            ],
            [
              95.298969045000035,
              5.5488829360000409,
              0,
              null
            ],
            [
              95.298997197000062,
              5.5488937400000395,
              0,
              null
            ],
            [
              95.29902732000005,
              5.548905211000033,
              0,
              null
            ],
            [
              95.299044415000083,
              5.5489124190000325,
              0,
              null
            ],
            [
              95.299052857000049,
              5.5489159790000713,
              0,
              null
            ],
            [
              95.29915707300006,
              5.5489599190000263,
              0,
              null
            ],
            [
              95.299293082000077,
              5.5490172670000675,
              0,
              null
            ],
            [
              95.299358231000042,
              5.5490447380000205,
              0,
              null
            ],
            [
              95.299416743000052,
              5.5490696940000248,
              0,
              null
            ],
            [
              95.29943651800005,
              5.5490790540000603,
              0,
              null
            ],
            [
              95.299471568000058,
              5.5491003310000337,
              0,
              null
            ],
            [
              95.299578131000032,
              5.5491769860000204,
              0,
              null
            ],
            [
              95.299597164000033,
              5.5491925680000236,
              0,
              null
            ],
            [
              95.299674335000077,
              5.5492718850000529,
              0,
              null
            ],
            [
              95.29976169400004,
              5.5493516420000333,
              0,
              null
            ],
            [
              95.299818007000056,
              5.5494074550000505,
              0,
              null
            ],
            [
              95.299823051000033,
              5.549412453000059,
              0,
              null
            ],
            [
              95.299842993000084,
              5.5494322180000495,
              0,
              null
            ],
            [
              95.299963149000064,
              5.5495526150000387,
              0,
              null
            ],
            [
              95.300154989000077,
              5.54974708900005,
              0,
              null
            ],
            [
              95.300177376000079,
              5.5497703410000554,
              0,
              null
            ],
            [
              95.300254049000046,
              5.5498499770000649,
              0,
              null
            ],
            [
              95.300268755000047,
              5.5498665610000444,
              0,
              null
            ],
            [
              95.300349941000036,
              5.5499597650000396,
              0,
              null
            ],
            [
              95.300372853000056,
              5.5499847330000307,
              0,
              null
            ],
            [
              95.300422511000079,
              5.5500319410000429,
              0,
              null
            ],
            [
              95.300462631000073,
              5.5500648600000204,
              0,
              null
            ],
            [
              95.300480136000033,
              5.5500771480000708,
              0,
              null
            ],
            [
              95.300508674000071,
              5.5500919520000593,
              0,
              null
            ],
            [
              95.300521941000056,
              5.5500955430000545,
              0,
              null
            ],
            [
              95.300730061000081,
              5.5501212180000721,
              0,
              null
            ],
            [
              95.300781596000036,
              5.5501261440000462,
              0,
              null
            ],
            [
              95.30092907900007,
              5.5501402390000294,
              0,
              null
            ],
            [
              95.300978889000078,
              5.550530598000023,
              0,
              null
            ],
            [
              95.301126780000061,
              5.55221582300004,
              0,
              null
            ],
            [
              95.301139553000041,
              5.552285993000055,
              0,
              null
            ],
            [
              95.301972024000065,
              5.5520364010000662,
              0,
              null
            ],
            [
              95.302028709000069,
              5.5520159800000215,
              0,
              null
            ],
            [
              95.30213838700007,
              5.5519844610000746,
              0,
              null
            ],
            [
              95.302329120000081,
              5.551926318000028,
              0,
              null
            ],
            [
              95.302374418000056,
              5.5519122700000594,
              0,
              null
            ],
            [
              95.302379252000037,
              5.5519228610000368,
              0,
              null
            ],
            [
              95.302394871000047,
              5.5519606680000493,
              0,
              null
            ],
            [
              95.30241273200005,
              5.5519978190000643,
              0,
              null
            ],
            [
              95.302425611000047,
              5.5520181340000363,
              0,
              null
            ],
            [
              95.302437292000036,
              5.5520292210000548,
              0,
              null
            ],
            [
              95.30245691600004,
              5.5520435660000658,
              0,
              null
            ],
            [
              95.302518078000048,
              5.5520727690000626,
              0,
              null
            ],
            [
              95.302545617000078,
              5.5520885340000632,
              0,
              null
            ],
            [
              95.302552283000068,
              5.5520923500000663,
              0,
              null
            ],
            [
              95.302565600000037,
              5.5521065080000653,
              0,
              null
            ],
            [
              95.30256647300007,
              5.5521081140000206,
              0,
              null
            ],
            [
              95.302581320000058,
              5.5521354350000252,
              0,
              null
            ],
            [
              95.302590789000078,
              5.5521623260000297,
              0,
              null
            ],
            [
              95.302596622000067,
              5.552189277000025,
              0,
              null
            ],
            [
              95.302596544000039,
              5.55220128600007,
              0,
              null
            ],
            [
              95.302596447000042,
              5.5522163320000573,
              0,
              null
            ],
            [
              95.302595789000065,
              5.5522323660000552,
              0,
              null
            ],
            [
              95.302594947000046,
              5.5522528650000709,
              0,
              null
            ],
            [
              95.302591432000042,
              5.552289806000033,
              0,
              null
            ],
            [
              95.302584606000039,
              5.5523615570000402,
              0,
              null
            ],
            [
              95.302579914000034,
              5.5524108620000447,
              0,
              null
            ],
            [
              95.302579189000085,
              5.5524184810000747,
              0,
              null
            ],
            [
              95.302565704000074,
              5.5524974770000313,
              0,
              null
            ],
            [
              95.302563638000038,
              5.5525095750000446,
              0,
              null
            ],
            [
              95.302560221000078,
              5.5525271670000507,
              0,
              null
            ],
            [
              95.302548601000069,
              5.5525869900000657,
              0,
              null
            ],
            [
              95.302544763000071,
              5.5526067490000628,
              0,
              null
            ],
            [
              95.302537035000057,
              5.5526515220000761,
              0,
              null
            ],
            [
              95.302524145000064,
              5.5527261950000479,
              0,
              null
            ],
            [
              95.302518100000043,
              5.5527613880000217,
              0,
              null
            ],
            [
              95.30247249100006,
              5.5528007010000238,
              0,
              null
            ],
            [
              95.302442775000031,
              5.5528319080000301,
              0,
              null
            ],
            [
              95.302429796000069,
              5.5528702240000598,
              0,
              null
            ],
            [
              95.302419253000039,
              5.5529216860000474,
              0,
              null
            ],
            [
              95.302417021000053,
              5.552961157000027,
              0,
              null
            ],
            [
              95.302431519000038,
              5.5530065410000589,
              0,
              null
            ],
            [
              95.302455462000069,
              5.5530255810000426,
              0,
              null
            ],
            [
              95.302473429000031,
              5.5530422530000578,
              0,
              null
            ],
            [
              95.302497377000066,
              5.5530624880000232,
              0,
              null
            ],
            [
              95.302520161000075,
              5.5530899030000569,
              0,
              null
            ],
            [
              95.302544146000059,
              5.5531197050000287,
              0,
              null
            ],
            [
              95.302546705000054,
              5.5531639400000472,
              0,
              null
            ],
            [
              95.302555216000087,
              5.5532045660000335,
              0,
              null
            ],
            [
              95.302568456000074,
              5.5532332140000449,
              0,
              null
            ],
            [
              95.30259363600004,
              5.5532630110000696,
              0,
              null
            ],
            [
              95.302597917000071,
              5.55327988800002,
              0,
              null
            ],
            [
              95.302609447000066,
              5.5532942300000627,
              0,
              null
            ],
            [
              95.302597836000075,
              5.5533080240000459,
              0,
              null
            ],
            [
              95.302590082000052,
              5.5533300460000419,
              0,
              null
            ],
            [
              95.302582586000085,
              5.5533623070000431,
              0,
              null
            ],
            [
              95.30256995700006,
              5.5534166660000324,
              0,
              null
            ],
            [
              95.302564164000046,
              5.5534423280000738,
              0,
              null
            ],
            [
              95.302539650000085,
              5.5535509040000761,
              0,
              null
            ],
            [
              95.302537762000043,
              5.5535592690000612,
              0,
              null
            ],
            [
              95.302501996000046,
              5.5537092340000527,
              0,
              null
            ],
            [
              95.302498623000076,
              5.5537208550000514,
              0,
              null
            ],
            [
              95.302509975000078,
              5.5537464860000227,
              0,
              null
            ],
            [
              95.302597510000055,
              5.5538270840000337,
              0,
              null
            ],
            [
              95.302641533000042,
              5.5538657370000237,
              0,
              null
            ],
            [
              95.302860018000047,
              5.5540575700000545,
              0,
              null
            ],
            [
              95.302931043000058,
              5.5541529590000209,
              0,
              null
            ],
            [
              95.302992987000039,
              5.5542691310000691,
              0,
              null
            ],
            [
              95.302989620000062,
              5.5543241510000598,
              0,
              null
            ],
            [
              95.302993446000073,
              5.5543860650000738,
              0,
              null
            ],
            [
              95.303011844000082,
              5.5544383320000748,
              0,
              null
            ],
            [
              95.303047004000064,
              5.554538214000047,
              0,
              null
            ],
            [
              95.303125735000037,
              5.5546507920000749,
              0,
              null
            ],
            [
              95.303211992000058,
              5.5547346420000281,
              0,
              null
            ],
            [
              95.303282203000037,
              5.5547648580000555,
              0,
              null
            ],
            [
              95.303319971000064,
              5.5547769560000688,
              0,
              null
            ],
            [
              95.30343010100006,
              5.5548122330000638,
              0,
              null
            ],
            [
              95.303863662000083,
              5.5548880660000464,
              0,
              null
            ]
          ]
        ]
      },
      "properties" : {
        "FID" : 0,
        "OBJECTID" : 3328,
        "KDPPUM" : "11",
        "NAMOBJ" : "Blang Oi",
        "REMARK" : " ",
        "KDPBPS" : " ",
        "FCODE" : "BA03070040",
        "LUASWH" : 0,
        "UUPP" : "RBI",
        "SRS_ID" : "SRGI 2013",
        "METADATA" : "TASWIL1000020200326DATA_BATAS_DESA_KELURAHAN",
        "KDEBPS" : " ",
        "KDEPUM" : "11.71.03.2008",
        "KDCBPS" : " ",
        "KDCPUM" : "11.71.03",
        "KDBBPS" : " ",
        "WADMKD" : "Blang Oi",
        "WIADKD" : "0",
        "WADMKC" : "Meuraxa",
        "WIADKC" : " ",
        "WADMKK" : "Kota Banda Aceh",
        "WIADKK" : " ",
        "WADMPR" : "Aceh",
        "WIADPR" : " ",
        "TIPADM" : 9,
        "KDPKAB" : "11.71",
        "SHAPE_Leng" : 0.046238635575911,
        "SHAPE_Area" : 6.9197358039e-05
      }
    }
  ]
}