{
  "hasZ" : true,
  "hasM" : true,
  "type" : "FeatureCollection",
  "features" : [
    {
      "type" : "Feature",
      "id" : 0,
      "geometry" : {
        "type" : "Polygon",
        "coordinates" : [
          [
            [
              95.341709151000032,
              5.5464283670000327,
              0,
              null
            ],
            [
              95.341713046000052,
              5.5464721530000247,
              0,
              null
            ],
            [
              95.341722360000063,
              5.5465768570000478,
              0,
              null
            ],
            [
              95.341730271000074,
              5.5466657820000478,
              0,
              null
            ],
            [
              95.341732615000069,
              5.5469328940000651,
              0,
              null
            ],
            [
              95.341731831000061,
              5.5469524080000383,
              0,
              null
            ],
            [
              95.341719374000036,
              5.5472627700000317,
              0,
              null
            ],
            [
              95.34169263800004,
              5.547514589000059,
              0,
              null
            ],
            [
              95.34169051300006,
              5.5475346060000561,
              0,
              null
            ],
            [
              95.341641257000049,
              5.5477906950000602,
              0,
              null
            ],
            [
              95.341561568000031,
              5.5479635230000213,
              0,
              null
            ],
            [
              95.340467580000052,
              5.5477892690000203,
              0,
              null
            ],
            [
              95.340466319000086,
              5.5477942450000342,
              0,
              null
            ],
            [
              95.340463597000053,
              5.5477970850000702,
              0,
              null
            ],
            [
              95.340460068000084,
              5.5477989070000717,
              0,
              null
            ],
            [
              95.340454277000049,
              5.5477992730000665,
              0,
              null
            ],
            [
              95.340444701000081,
              5.547797992000028,
              0,
              null
            ],
            [
              95.340433362000056,
              5.5477960840000264,
              0,
              null
            ],
            [
              95.340425685000071,
              5.5477937910000605,
              0,
              null
            ],
            [
              95.340417626000033,
              5.547790750000047,
              0,
              null
            ],
            [
              95.340381189000084,
              5.5477724370000487,
              0,
              null
            ],
            [
              95.340365338000083,
              5.5477631890000225,
              0,
              null
            ],
            [
              95.340354198000057,
              5.5477566710000588,
              0,
              null
            ],
            [
              95.340345393000064,
              5.5477497100000619,
              0,
              null
            ],
            [
              95.340339613000083,
              5.5477411820000384,
              0,
              null
            ],
            [
              95.34033654600006,
              5.5477322090000598,
              0,
              null
            ],
            [
              95.340333164000072,
              5.5477209690000677,
              0,
              null
            ],
            [
              95.340329204000057,
              5.5477142780000577,
              0,
              null
            ],
            [
              95.340321537000079,
              5.5477053590000764,
              0,
              null
            ],
            [
              95.340306625000039,
              5.5476984490000518,
              0,
              null
            ],
            [
              95.340297989000078,
              5.5476978690000465,
              0,
              null
            ],
            [
              95.340288919000045,
              5.5476970280000728,
              0,
              null
            ],
            [
              95.340280234000033,
              5.5476953720000211,
              0,
              null
            ],
            [
              95.340270288000056,
              5.5476919490000682,
              0,
              null
            ],
            [
              95.340257643000086,
              5.5476835300000289,
              0,
              null
            ],
            [
              95.340220976000069,
              5.5476526530000569,
              0,
              null
            ],
            [
              95.340180856000075,
              5.5476178040000264,
              0,
              null
            ],
            [
              95.340124564000064,
              5.5475697950000722,
              0,
              null
            ],
            [
              95.340063270000087,
              5.5475073150000753,
              0,
              null
            ],
            [
              95.340063173000033,
              5.547507213000074,
              0,
              null
            ],
            [
              95.34002567400006,
              5.547467485000027,
              0,
              null
            ],
            [
              95.339986761000034,
              5.5474228500000322,
              0,
              null
            ],
            [
              95.339965078000034,
              5.5473964250000449,
              0,
              null
            ],
            [
              95.339940574000082,
              5.5473662770000374,
              0,
              null
            ],
            [
              95.339912688000084,
              5.5473224220000361,
              0,
              null
            ],
            [
              95.33989805300007,
              5.5472989150000558,
              0,
              null
            ],
            [
              95.339887183000087,
              5.5472830500000327,
              0,
              null
            ],
            [
              95.339877130000048,
              5.5472709140000234,
              0,
              null
            ],
            [
              95.339847574000032,
              5.5472450440000216,
              0,
              null
            ],
            [
              95.339833371000054,
              5.5472330580000744,
              0,
              null
            ],
            [
              95.339825687000086,
              5.5472265730000458,
              0,
              null
            ],
            [
              95.339797127000054,
              5.5472040520000405,
              0,
              null
            ],
            [
              95.33978744500007,
              5.5471942470000499,
              0,
              null
            ],
            [
              95.339752732000079,
              5.5471624320000501,
              0,
              null
            ],
            [
              95.339737398000068,
              5.5471470090000707,
              0,
              null
            ],
            [
              95.33972181300004,
              5.5471251330000655,
              0,
              null
            ],
            [
              95.339709505000087,
              5.5471037770000748,
              0,
              null
            ],
            [
              95.339700472000061,
              5.5470871630000715,
              0,
              null
            ],
            [
              95.339680012000031,
              5.5470458450000706,
              0,
              null
            ],
            [
              95.33966868300007,
              5.5470255720000523,
              0,
              null
            ],
            [
              95.339659423000057,
              5.5470064890000685,
              0,
              null
            ],
            [
              95.339656107000053,
              5.5469958820000329,
              0,
              null
            ],
            [
              95.339654424000059,
              5.5469878620000372,
              0,
              null
            ],
            [
              95.339652928000078,
              5.5469780480000281,
              0,
              null
            ],
            [
              95.339652239000031,
              5.5469735250000554,
              0,
              null
            ],
            [
              95.339648415000056,
              5.5469669600000202,
              0,
              null
            ],
            [
              95.339643319000061,
              5.5469627770000329,
              0,
              null
            ],
            [
              95.339636516000041,
              5.5469625150000752,
              0,
              null
            ],
            [
              95.339626366000061,
              5.5469645800000649,
              0,
              null
            ],
            [
              95.33961692400004,
              5.5469652590000464,
              0,
              null
            ],
            [
              95.339608604000034,
              5.5469647950000649,
              0,
              null
            ],
            [
              95.339597151000078,
              5.5469613060000711,
              0,
              null
            ],
            [
              95.339584251000076,
              5.5469545860000267,
              0,
              null
            ],
            [
              95.339575190000062,
              5.5469466230000535,
              0,
              null
            ],
            [
              95.33955168500006,
              5.5469181070000673,
              0,
              null
            ],
            [
              95.339540515000067,
              5.5468970730000251,
              0,
              null
            ],
            [
              95.339537570000061,
              5.5468868430000384,
              0,
              null
            ],
            [
              95.339536084000031,
              5.546873769000058,
              0,
              null
            ],
            [
              95.339536539000051,
              5.5468616570000222,
              0,
              null
            ],
            [
              95.339536827000074,
              5.5468539710000755,
              0,
              null
            ],
            [
              95.339537464000045,
              5.5468462670000349,
              0,
              null
            ],
            [
              95.339540196000087,
              5.5468344060000732,
              0,
              null
            ],
            [
              95.339543744000082,
              5.5468258320000245,
              0,
              null
            ],
            [
              95.339548110000067,
              5.5468145430000391,
              0,
              null
            ],
            [
              95.33954932000006,
              5.546805518000042,
              0,
              null
            ],
            [
              95.339549153000064,
              5.5467976270000463,
              0,
              null
            ],
            [
              95.339546961000053,
              5.5467908110000508,
              0,
              null
            ],
            [
              95.339543435000053,
              5.5467863870000542,
              0,
              null
            ],
            [
              95.339537273000076,
              5.5467839710000248,
              0,
              null
            ],
            [
              95.33953097300008,
              5.5467833360000327,
              0,
              null
            ],
            [
              95.33952460900008,
              5.5467845180000381,
              0,
              null
            ],
            [
              95.339517805000071,
              5.5467863980000516,
              0,
              null
            ],
            [
              95.339511062000042,
              5.5467877080000676,
              0,
              null
            ],
            [
              95.339504190000071,
              5.5467882060000306,
              0,
              null
            ],
            [
              95.339498714000058,
              5.5467880650000438,
              0,
              null
            ],
            [
              95.339493613000059,
              5.5467871720000517,
              0,
              null
            ],
            [
              95.339485058000037,
              5.5467818550000629,
              0,
              null
            ],
            [
              95.339444479000065,
              5.5467332430000624,
              0,
              null
            ],
            [
              95.339419880000037,
              5.5467043500000273,
              0,
              null
            ],
            [
              95.33940033500005,
              5.5466802660000667,
              0,
              null
            ],
            [
              95.339396568000041,
              5.5466743240000369,
              0,
              null
            ],
            [
              95.339390222000077,
              5.5466663050000307,
              0,
              null
            ],
            [
              95.339385059000051,
              5.5466611180000314,
              0,
              null
            ],
            [
              95.339380218000031,
              5.5466575130000706,
              0,
              null
            ],
            [
              95.339371086000085,
              5.5466545840000663,
              0,
              null
            ],
            [
              95.339364604000082,
              5.5466533170000503,
              0,
              null
            ],
            [
              95.339356170000087,
              5.5466512810000381,
              0,
              null
            ],
            [
              95.339346160000048,
              5.546647470000039,
              0,
              null
            ],
            [
              95.339337409000052,
              5.5466429760000437,
              0,
              null
            ],
            [
              95.339314952000052,
              5.5466283490000592,
              0,
              null
            ],
            [
              95.339283623000085,
              5.5466038060000642,
              0,
              null
            ],
            [
              95.339261744000055,
              5.5465826140000445,
              0,
              null
            ],
            [
              95.339245024000036,
              5.5465657320000332,
              0,
              null
            ],
            [
              95.33922754200006,
              5.5465475880000668,
              0,
              null
            ],
            [
              95.339197072000047,
              5.5465039190000311,
              0,
              null
            ],
            [
              95.339189819000069,
              5.5464935230000378,
              0,
              null
            ],
            [
              95.339158615000031,
              5.5464551200000756,
              0,
              null
            ],
            [
              95.339119821000054,
              5.5464140340000654,
              0,
              null
            ],
            [
              95.339114552000069,
              5.5464084540000727,
              0,
              null
            ],
            [
              95.339114264000045,
              5.5464081340000462,
              0,
              null
            ],
            [
              95.339076741000042,
              5.5463663570000676,
              0,
              null
            ],
            [
              95.339070636000031,
              5.5463597880000748,
              0,
              null
            ],
            [
              95.339020857000037,
              5.5463062230000446,
              0,
              null
            ],
            [
              95.33899744100006,
              5.546281026000031,
              0,
              null
            ],
            [
              95.338952764000055,
              5.5462274840000418,
              0,
              null
            ],
            [
              95.338915659000065,
              5.5461731150000446,
              0,
              null
            ],
            [
              95.338909305000072,
              5.5461638040000594,
              0,
              null
            ],
            [
              95.338897297000074,
              5.5461462080000388,
              0,
              null
            ],
            [
              95.338871894000079,
              5.5461212430000728,
              0,
              null
            ],
            [
              95.33884714900006,
              5.546098445000041,
              0,
              null
            ],
            [
              95.338826184000084,
              5.5460847800000579,
              0,
              null
            ],
            [
              95.338793002000045,
              5.546061446000067,
              0,
              null
            ],
            [
              95.338743400000055,
              5.5460384890000682,
              0,
              null
            ],
            [
              95.338730550000037,
              5.5460325420000345,
              0,
              null
            ],
            [
              95.338717816000042,
              5.5460288500000274,
              0,
              null
            ],
            [
              95.338706586000058,
              5.5460225130000254,
              0,
              null
            ],
            [
              95.33870412400006,
              5.5460157070000378,
              0,
              null
            ],
            [
              95.33870829500006,
              5.5460074290000421,
              0,
              null
            ],
            [
              95.338713127000062,
              5.5459923700000218,
              0,
              null
            ],
            [
              95.338919610000062,
              5.5456248280000295,
              0,
              null
            ],
            [
              95.338966343000038,
              5.5455409350000764,
              0,
              null
            ],
            [
              95.338974423000082,
              5.5455171490000339,
              0,
              null
            ],
            [
              95.338975585000071,
              5.5455098220000423,
              0,
              null
            ],
            [
              95.338972883000054,
              5.5454995100000701,
              0,
              null
            ],
            [
              95.338967656000079,
              5.5454917030000388,
              0,
              null
            ],
            [
              95.338829389000068,
              5.5454282630000762,
              0,
              null
            ],
            [
              95.33882142300007,
              5.5454167880000682,
              0,
              null
            ],
            [
              95.338820111000075,
              5.5453998360000583,
              0,
              null
            ],
            [
              95.338836554000068,
              5.54534312800007,
              0,
              null
            ],
            [
              95.338841449000086,
              5.5453087830000527,
              0,
              null
            ],
            [
              95.338839908000068,
              5.5452932060000535,
              0,
              null
            ],
            [
              95.338837204000072,
              5.5452824330000681,
              0,
              null
            ],
            [
              95.338808577000066,
              5.5452335630000675,
              0,
              null
            ],
            [
              95.338690382000038,
              5.5450406580000617,
              0,
              null
            ],
            [
              95.338639178000051,
              5.5449483060000375,
              0,
              null
            ],
            [
              95.338626923000049,
              5.5448670420000212,
              0,
              null
            ],
            [
              95.338714200000084,
              5.5446036220000678,
              0,
              null
            ],
            [
              95.338824251000062,
              5.5443513580000285,
              0,
              null
            ],
            [
              95.338725394000051,
              5.5443042020000348,
              0,
              null
            ],
            [
              95.338643535000074,
              5.5442607950000706,
              0,
              null
            ],
            [
              95.338611699000069,
              5.5442424270000288,
              0,
              null
            ],
            [
              95.338580690000072,
              5.5442240400000742,
              0,
              null
            ],
            [
              95.338559406000059,
              5.5442114210000568,
              0,
              null
            ],
            [
              95.338549663000038,
              5.5442056440000442,
              0,
              null
            ],
            [
              95.338569790000065,
              5.5441564830000516,
              0,
              null
            ],
            [
              95.338559241000041,
              5.5441524880000657,
              0,
              null
            ],
            [
              95.338289978000034,
              5.5440557950000766,
              0,
              null
            ],
            [
              95.338219784000046,
              5.5440102550000461,
              0,
              null
            ],
            [
              95.338202590000037,
              5.5439875540000685,
              0,
              null
            ],
            [
              95.338194383000086,
              5.5439699240000664,
              0,
              null
            ],
            [
              95.338193349000051,
              5.5439547420000395,
              0,
              null
            ],
            [
              95.338204498000039,
              5.543920043000071,
              0,
              null
            ],
            [
              95.33821011100008,
              5.543913395000061,
              0,
              null
            ],
            [
              95.33818903100007,
              5.5439007600000423,
              0,
              null
            ],
            [
              95.337972919000038,
              5.5438452930000608,
              0,
              null
            ],
            [
              95.337758954000037,
              5.5437894590000383,
              0,
              null
            ],
            [
              95.337715408000065,
              5.5438606750000758,
              0,
              null
            ],
            [
              95.337697794000064,
              5.5439336870000488,
              0,
              null
            ],
            [
              95.337684429000035,
              5.5440252180000584,
              0,
              null
            ],
            [
              95.337673780000046,
              5.5440485780000586,
              0,
              null
            ],
            [
              95.337665471000037,
              5.5440599710000242,
              0,
              null
            ],
            [
              95.337654048000047,
              5.5440608340000495,
              0,
              null
            ],
            [
              95.337640416000056,
              5.5440618630000245,
              0,
              null
            ],
            [
              95.337518064000051,
              5.5440557700000568,
              0,
              null
            ],
            [
              95.337513253000054,
              5.5440462230000662,
              0,
              null
            ],
            [
              95.337509973000067,
              5.5439709010000229,
              0,
              null
            ],
            [
              95.337513600000079,
              5.5439115840000568,
              0,
              null
            ],
            [
              95.337516701000084,
              5.5438608610000415,
              0,
              null
            ],
            [
              95.337521464000076,
              5.5437065860000416,
              0,
              null
            ],
            [
              95.33751901800008,
              5.5436916480000491,
              0,
              null
            ],
            [
              95.337512403000062,
              5.5436785210000608,
              0,
              null
            ],
            [
              95.337493832000064,
              5.5436600590000467,
              0,
              null
            ],
            [
              95.337462265000056,
              5.5436402840000483,
              0,
              null
            ],
            [
              95.337416236000081,
              5.5436311580000392,
              0,
              null
            ],
            [
              95.337325418000034,
              5.5436131520000345,
              0,
              null
            ],
            [
              95.337265203000072,
              5.5436012140000344,
              0,
              null
            ],
            [
              95.337218606000079,
              5.5435938050000573,
              0,
              null
            ],
            [
              95.337172899000052,
              5.5435840810000627,
              0,
              null
            ],
            [
              95.337162244000069,
              5.5435803450000662,
              0,
              null
            ],
            [
              95.337162230000047,
              5.5435803940000596,
              0,
              null
            ],
            [
              95.337123628000086,
              5.543714861000069,
              0,
              null
            ],
            [
              95.33711283100007,
              5.5437115930000687,
              0,
              null
            ],
            [
              95.337006332000044,
              5.5436775770000395,
              0,
              null
            ],
            [
              95.336983642000064,
              5.5436772150000593,
              0,
              null
            ],
            [
              95.336953006000044,
              5.5436773900000276,
              0,
              null
            ],
            [
              95.336911877000034,
              5.5436746870000206,
              0,
              null
            ],
            [
              95.336879852000038,
              5.5436657650000711,
              0,
              null
            ],
            [
              95.336853244000054,
              5.5436486240000704,
              0,
              null
            ],
            [
              95.336834296000063,
              5.543631787000038,
              0,
              null
            ],
            [
              95.336818190000031,
              5.5436126880000529,
              0,
              null
            ],
            [
              95.336792721000052,
              5.5435961110000562,
              0,
              null
            ],
            [
              95.336770332000071,
              5.5435897820000264,
              0,
              null
            ],
            [
              95.336740877000068,
              5.5435757520000379,
              0,
              null
            ],
            [
              95.336727023000037,
              5.5435626280000747,
              0,
              null
            ],
            [
              95.336723126000038,
              5.5435398740000323,
              0,
              null
            ],
            [
              95.336726613000053,
              5.5435157260000665,
              0,
              null
            ],
            [
              95.336740009000039,
              5.5434972970000445,
              0,
              null
            ],
            [
              95.336596805000056,
              5.5434366240000372,
              0,
              null
            ],
            [
              95.336590364000074,
              5.5434584330000689,
              0,
              null
            ],
            [
              95.336585740000032,
              5.5434687380000582,
              0,
              null
            ],
            [
              95.336477573000082,
              5.5434200020000617,
              0,
              null
            ],
            [
              95.336424934000036,
              5.5433977970000683,
              0,
              null
            ],
            [
              95.336390237000046,
              5.5433831600000758,
              0,
              null
            ],
            [
              95.336289961000034,
              5.5433334010000408,
              0,
              null
            ],
            [
              95.336207410000043,
              5.5432924380000372,
              0,
              null
            ],
            [
              95.336191159000066,
              5.5432843740000521,
              0,
              null
            ],
            [
              95.33618103200007,
              5.5432794030000423,
              0,
              null
            ],
            [
              95.336082330000067,
              5.5432287930000257,
              0,
              null
            ],
            [
              95.335994550000066,
              5.5434065440000495,
              0,
              null
            ],
            [
              95.335846876000062,
              5.5437022410000623,
              0,
              null
            ],
            [
              95.335846405000041,
              5.5437020160000543,
              0,
              null
            ],
            [
              95.335809827000048,
              5.5436845370000469,
              0,
              null
            ],
            [
              95.335746775000075,
              5.54364847100004,
              0,
              null
            ],
            [
              95.335619933000032,
              5.5436431480000579,
              0,
              null
            ],
            [
              95.335436622000032,
              5.5436420240000643,
              0,
              null
            ],
            [
              95.335190424000075,
              5.5436260050000215,
              0,
              null
            ],
            [
              95.335056505000068,
              5.543612936000045,
              0,
              null
            ],
            [
              95.335053464000055,
              5.5434464340000318,
              0,
              null
            ],
            [
              95.334807505000072,
              5.5434187060000681,
              0,
              null
            ],
            [
              95.334750812000038,
              5.5429621360000283,
              0,
              null
            ],
            [
              95.334542667000051,
              5.5429084780000721,
              0,
              null
            ],
            [
              95.334134777000031,
              5.5427457170000594,
              0,
              null
            ],
            [
              95.334121223000068,
              5.5427450920000751,
              0,
              null
            ],
            [
              95.334131610000043,
              5.5426586770000768,
              0,
              null
            ],
            [
              95.334135593000042,
              5.5426255480000464,
              0,
              null
            ],
            [
              95.334152478000078,
              5.5425245780000409,
              0,
              null
            ],
            [
              95.334153794000031,
              5.54251670900004,
              0,
              null
            ],
            [
              95.334163325000077,
              5.5424534980000431,
              0,
              null
            ],
            [
              95.334165057000064,
              5.5424433010000485,
              0,
              null
            ],
            [
              95.334187017000033,
              5.5423139950000291,
              0,
              null
            ],
            [
              95.334190904000081,
              5.5422857670000667,
              0,
              null
            ],
            [
              95.334198867000055,
              5.5422279420000677,
              0,
              null
            ],
            [
              95.334198662000063,
              5.5422164470000439,
              0,
              null
            ],
            [
              95.334198091000076,
              5.5421843590000321,
              0,
              null
            ],
            [
              95.334190410000076,
              5.5421166770000241,
              0,
              null
            ],
            [
              95.334185882000043,
              5.5420798770000488,
              0,
              null
            ],
            [
              95.334181331000082,
              5.542042886000047,
              0,
              null
            ],
            [
              95.334178519000034,
              5.5420200250000562,
              0,
              null
            ],
            [
              95.334159251000074,
              5.5418803930000422,
              0,
              null
            ],
            [
              95.334154741000077,
              5.5418469300000766,
              0,
              null
            ],
            [
              95.334141772000066,
              5.541750688000036,
              0,
              null
            ],
            [
              95.33412525500006,
              5.5416666810000379,
              0,
              null
            ],
            [
              95.334081806000086,
              5.541440959000056,
              0,
              null
            ],
            [
              95.334072917000071,
              5.5413919940000369,
              0,
              null
            ],
            [
              95.334256362000076,
              5.5413730570000439,
              0,
              null
            ],
            [
              95.334358576000056,
              5.5413623940000321,
              0,
              null
            ],
            [
              95.33433507500007,
              5.5412884020000206,
              0,
              null
            ],
            [
              95.33427976300004,
              5.5411142410000593,
              0,
              null
            ],
            [
              95.334278441000038,
              5.5411100780000311,
              0,
              null
            ],
            [
              95.334271193000063,
              5.5410896370000273,
              0,
              null
            ],
            [
              95.334266998000032,
              5.5410778020000748,
              0,
              null
            ],
            [
              95.334195802000067,
              5.5408769790000747,
              0,
              null
            ],
            [
              95.334179325000036,
              5.5408329080000271,
              0,
              null
            ],
            [
              95.334175732000062,
              5.5408232970000313,
              0,
              null
            ],
            [
              95.334149189000073,
              5.540752302000044,
              0,
              null
            ],
            [
              95.334132666000073,
              5.5407081080000466,
              0,
              null
            ],
            [
              95.334112345000051,
              5.5406537640000693,
              0,
              null
            ],
            [
              95.334057964000067,
              5.5404928750000408,
              0,
              null
            ],
            [
              95.334020988000077,
              5.5403901330000735,
              0,
              null
            ],
            [
              95.334018416000049,
              5.5403829900000687,
              0,
              null
            ],
            [
              95.333989447000079,
              5.5403158350000581,
              0,
              null
            ],
            [
              95.333961358000067,
              5.5402506990000688,
              0,
              null
            ],
            [
              95.333936891000064,
              5.5401939640000251,
              0,
              null
            ],
            [
              95.333912799000075,
              5.5401380950000316,
              0,
              null
            ],
            [
              95.333896849000041,
              5.540101107000055,
              0,
              null
            ],
            [
              95.333879168000067,
              5.5400601030000303,
              0,
              null
            ],
            [
              95.333813061000058,
              5.5398945440000489,
              0,
              null
            ],
            [
              95.33380044200004,
              5.5398629400000345,
              0,
              null
            ],
            [
              95.333767597000076,
              5.5397806850000393,
              0,
              null
            ],
            [
              95.333642503000078,
              5.5394531060000531,
              0,
              null
            ],
            [
              95.333624334000035,
              5.5394073190000199,
              0,
              null
            ],
            [
              95.333615617000078,
              5.5393853510000213,
              0,
              null
            ],
            [
              95.333613949000039,
              5.539381148000075,
              0,
              null
            ],
            [
              95.333567899000059,
              5.539265098000044,
              0,
              null
            ],
            [
              95.333529159000079,
              5.5391674710000416,
              0,
              null
            ],
            [
              95.333522758000072,
              5.5391513410000357,
              0,
              null
            ],
            [
              95.33352196900006,
              5.5391493530000275,
              0,
              null
            ],
            [
              95.333497715000078,
              5.5390917460000537,
              0,
              null
            ],
            [
              95.333481052000081,
              5.5390521670000226,
              0,
              null
            ],
            [
              95.333468889000073,
              5.5390232780000588,
              0,
              null
            ],
            [
              95.333454529000051,
              5.5389891580000494,
              0,
              null
            ],
            [
              95.333448298000064,
              5.5389743550000503,
              0,
              null
            ],
            [
              95.33342581800008,
              5.5389209580000625,
              0,
              null
            ],
            [
              95.333423284000048,
              5.5389149380000617,
              0,
              null
            ],
            [
              95.333401431000084,
              5.538863028000037,
              0,
              null
            ],
            [
              95.333374862000085,
              5.5387976370000729,
              0,
              null
            ],
            [
              95.333333315000061,
              5.5386953800000356,
              0,
              null
            ],
            [
              95.33331677700005,
              5.5386568020000482,
              0,
              null
            ],
            [
              95.333215002000031,
              5.5384192710000661,
              0,
              null
            ],
            [
              95.333075861000054,
              5.538100843000052,
              0,
              null
            ],
            [
              95.333008519000032,
              5.5379469560000416,
              0,
              null
            ],
            [
              95.332946396000068,
              5.5377862850000383,
              0,
              null
            ],
            [
              95.33277597700004,
              5.5373683010000718,
              0,
              null
            ],
            [
              95.332792450000056,
              5.5373670510000466,
              0,
              null
            ],
            [
              95.332815455000059,
              5.5373667830000386,
              0,
              null
            ],
            [
              95.33286920900008,
              5.5373661550000293,
              0,
              null
            ],
            [
              95.332920031000072,
              5.5373675460000413,
              0,
              null
            ],
            [
              95.333012114000041,
              5.5373708620000457,
              0,
              null
            ],
            [
              95.333070201000055,
              5.5373705700000642,
              0,
              null
            ],
            [
              95.333333309000068,
              5.5373633110000355,
              0,
              null
            ],
            [
              95.333500146000063,
              5.5373677080000334,
              0,
              null
            ],
            [
              95.333517878000066,
              5.5373684520000666,
              0,
              null
            ],
            [
              95.333549346000041,
              5.5373697720000337,
              0,
              null
            ],
            [
              95.333680135000066,
              5.5373858520000567,
              0,
              null
            ],
            [
              95.333781201000079,
              5.537397765000037,
              0,
              null
            ],
            [
              95.33381038300007,
              5.5373995480000531,
              0,
              null
            ],
            [
              95.333830108000086,
              5.5374007450000704,
              0,
              null
            ],
            [
              95.333904090000033,
              5.5374052530000313,
              0,
              null
            ],
            [
              95.333910487000082,
              5.5374054050000723,
              0,
              null
            ],
            [
              95.333934505000059,
              5.5374059750000697,
              0,
              null
            ],
            [
              95.333979587000044,
              5.5374070440000764,
              0,
              null
            ],
            [
              95.334040993000087,
              5.5374135900000283,
              0,
              null
            ],
            [
              95.334115642000086,
              5.5374248210000587,
              0,
              null
            ],
            [
              95.334187270000086,
              5.537436289000027,
              0,
              null
            ],
            [
              95.334233687000051,
              5.5374437170000306,
              0,
              null
            ],
            [
              95.334328127000049,
              5.5374636280000686,
              0,
              null
            ],
            [
              95.334363502000087,
              5.5374682910000388,
              0,
              null
            ],
            [
              95.334394328000087,
              5.5374723540000446,
              0,
              null
            ],
            [
              95.334402882000063,
              5.5374734820000526,
              0,
              null
            ],
            [
              95.334407762000069,
              5.5374741250000739,
              0,
              null
            ],
            [
              95.334420372000068,
              5.5374623520000341,
              0,
              null
            ],
            [
              95.334446696000043,
              5.5373727520000671,
              0,
              null
            ],
            [
              95.334509664000052,
              5.5371934950000536,
              0,
              null
            ],
            [
              95.334525054000039,
              5.5371429510000212,
              0,
              null
            ],
            [
              95.334541024000032,
              5.5370264380000549,
              0,
              null
            ],
            [
              95.334554987000047,
              5.5369056980000551,
              0,
              null
            ],
            [
              95.334557938000046,
              5.5368783450000478,
              0,
              null
            ],
            [
              95.334574119000081,
              5.5366967170000407,
              0,
              null
            ],
            [
              95.334576054000081,
              5.5366588900000693,
              0,
              null
            ],
            [
              95.334572186000059,
              5.5366342010000267,
              0,
              null
            ],
            [
              95.334569157000033,
              5.536627759000055,
              0,
              null
            ],
            [
              95.334564990000047,
              5.5366188810000381,
              0,
              null
            ],
            [
              95.334551187000045,
              5.5366034760000389,
              0,
              null
            ],
            [
              95.334536091000075,
              5.5365885770000318,
              0,
              null
            ],
            [
              95.334529475000068,
              5.536582395000039,
              0,
              null
            ],
            [
              95.334510674000057,
              5.536572933000059,
              0,
              null
            ],
            [
              95.334507134000035,
              5.5365720430000351,
              0,
              null
            ],
            [
              95.334504854000045,
              5.5365596480000363,
              0,
              null
            ],
            [
              95.334502737000037,
              5.5365481420000719,
              0,
              null
            ],
            [
              95.334493086000066,
              5.5364956730000472,
              0,
              null
            ],
            [
              95.334489288000043,
              5.5364633290000711,
              0,
              null
            ],
            [
              95.334488473000079,
              5.5364563830000293,
              0,
              null
            ],
            [
              95.33447902100005,
              5.5363758890000554,
              0,
              null
            ],
            [
              95.334469997000042,
              5.5363079560000301,
              0,
              null
            ],
            [
              95.33446740100004,
              5.5362884210000516,
              0,
              null
            ],
            [
              95.334463213000049,
              5.5362569010000584,
              0,
              null
            ],
            [
              95.334461331000057,
              5.5362427290000369,
              0,
              null
            ],
            [
              95.334461324000074,
              5.536242676000029,
              0,
              null
            ],
            [
              95.334450728000036,
              5.536162920000038,
              0,
              null
            ],
            [
              95.334443557000043,
              5.5361089430000447,
              0,
              null
            ],
            [
              95.334420495000074,
              5.5359171980000497,
              0,
              null
            ],
            [
              95.334418691000053,
              5.5358896990000517,
              0,
              null
            ],
            [
              95.334415507000074,
              5.5358413530000234,
              0,
              null
            ],
            [
              95.334416469000075,
              5.5357945990000417,
              0,
              null
            ],
            [
              95.334425919000068,
              5.5357957370000577,
              0,
              null
            ],
            [
              95.334450881000066,
              5.5358027790000506,
              0,
              null
            ],
            [
              95.334465703000035,
              5.5358005880000292,
              0,
              null
            ],
            [
              95.33448975500005,
              5.5358009540000239,
              0,
              null
            ],
            [
              95.334531307000077,
              5.5358125140000425,
              0,
              null
            ],
            [
              95.334676136000041,
              5.5358363760000202,
              0,
              null
            ],
            [
              95.334701643000074,
              5.5358396650000259,
              0,
              null
            ],
            [
              95.334722670000076,
              5.5358393020000563,
              0,
              null
            ],
            [
              95.334747691000075,
              5.5358385700000667,
              0,
              null
            ],
            [
              95.334780008000052,
              5.535843921000037,
              0,
              null
            ],
            [
              95.334796653000069,
              5.5358533010000315,
              0,
              null
            ],
            [
              95.334908061000078,
              5.5358568930000729,
              0,
              null
            ],
            [
              95.33491792600006,
              5.5358605420000231,
              0,
              null
            ],
            [
              95.334927435000054,
              5.5358606590000363,
              0,
              null
            ],
            [
              95.334937183000079,
              5.535859834000064,
              0,
              null
            ],
            [
              95.334948226000051,
              5.5358576030000677,
              0,
              null
            ],
            [
              95.334960207000051,
              5.5358555940000542,
              0,
              null
            ],
            [
              95.334977357000071,
              5.5358536010000421,
              0,
              null
            ],
            [
              95.334994846000086,
              5.5358549600000515,
              0,
              null
            ],
            [
              95.335056279000071,
              5.5358594460000745,
              0,
              null
            ],
            [
              95.335116724000045,
              5.5358717630000456,
              0,
              null
            ],
            [
              95.335148602000061,
              5.5358755870000209,
              0,
              null
            ],
            [
              95.335178657000085,
              5.5358792470000253,
              0,
              null
            ],
            [
              95.335253875000035,
              5.5358882240000753,
              0,
              null
            ],
            [
              95.335266824000087,
              5.5358892310000556,
              0,
              null
            ],
            [
              95.335284264000052,
              5.5358943870000417,
              0,
              null
            ],
            [
              95.33529621100007,
              5.5359020410000426,
              0,
              null
            ],
            [
              95.335303021000072,
              5.5359108540000648,
              0,
              null
            ],
            [
              95.335308836000081,
              5.5359283220000748,
              0,
              null
            ],
            [
              95.335309333000055,
              5.5359537830000249,
              0,
              null
            ],
            [
              95.335293397000044,
              5.536037800000031,
              0,
              null
            ],
            [
              95.335248062000062,
              5.5362089980000633,
              0,
              null
            ],
            [
              95.335236114000054,
              5.5362540870000316,
              0,
              null
            ],
            [
              95.335235947000058,
              5.5362712160000456,
              0,
              null
            ],
            [
              95.335240432000035,
              5.536283031000039,
              0,
              null
            ],
            [
              95.335253375000036,
              5.5362999170000649,
              0,
              null
            ],
            [
              95.335264897000059,
              5.536306403000026,
              0,
              null
            ],
            [
              95.335272645000032,
              5.5363103190000515,
              0,
              null
            ],
            [
              95.335293892000038,
              5.5363153060000627,
              0,
              null
            ],
            [
              95.335386561000064,
              5.5363490050000337,
              0,
              null
            ],
            [
              95.335414278000087,
              5.5363590840000256,
              0,
              null
            ],
            [
              95.335417433000032,
              5.5363602310000601,
              0,
              null
            ],
            [
              95.335496798000065,
              5.5363848480000684,
              0,
              null
            ],
            [
              95.335515400000077,
              5.5363918340000282,
              0,
              null
            ],
            [
              95.335531337000077,
              5.5363954960000683,
              0,
              null
            ],
            [
              95.335533738000038,
              5.5363956880000273,
              0,
              null
            ],
            [
              95.335594721000064,
              5.5363856640000222,
              0,
              null
            ],
            [
              95.33566025600004,
              5.5363351220000254,
              0,
              null
            ],
            [
              95.335712352000087,
              5.5362888980000662,
              0,
              null
            ],
            [
              95.335776248000059,
              5.536226440000064,
              0,
              null
            ],
            [
              95.33579749900008,
              5.5362028000000691,
              0,
              null
            ],
            [
              95.335816675000046,
              5.5361882620000529,
              0,
              null
            ],
            [
              95.335828068000069,
              5.5361814070000719,
              0,
              null
            ],
            [
              95.335860478000086,
              5.5361775920000582,
              0,
              null
            ],
            [
              95.335867091000068,
              5.5361782560000279,
              0,
              null
            ],
            [
              95.335891321000076,
              5.5361825440000416,
              0,
              null
            ],
            [
              95.335902474000079,
              5.5361855290000221,
              0,
              null
            ],
            [
              95.335912575000066,
              5.5361895560000676,
              0,
              null
            ],
            [
              95.33594381000006,
              5.5362111090000212,
              0,
              null
            ],
            [
              95.335971027000085,
              5.5362433160000251,
              0,
              null
            ],
            [
              95.336031804000072,
              5.536310191000041,
              0,
              null
            ],
            [
              95.336035696000067,
              5.5363182390000247,
              0,
              null
            ],
            [
              95.336037379000061,
              5.5363286270000458,
              0,
              null
            ],
            [
              95.336037643000054,
              5.5363384970000311,
              0,
              null
            ],
            [
              95.336026366000056,
              5.5363749860000553,
              0,
              null
            ],
            [
              95.336021183000071,
              5.5363829070000747,
              0,
              null
            ],
            [
              95.336014958000078,
              5.5363874510000528,
              0,
              null
            ],
            [
              95.336012477000054,
              5.5363876150000237,
              0,
              null
            ],
            [
              95.336000933000037,
              5.536386478000054,
              0,
              null
            ],
            [
              95.335990080000045,
              5.5363813480000204,
              0,
              null
            ],
            [
              95.335931894000055,
              5.5363378470000271,
              0,
              null
            ],
            [
              95.335924505000037,
              5.5363353810000717,
              0,
              null
            ],
            [
              95.335914392000063,
              5.5363352490000466,
              0,
              null
            ],
            [
              95.335906616000045,
              5.5363375850000693,
              0,
              null
            ],
            [
              95.335899879000067,
              5.5363448610000319,
              0,
              null
            ],
            [
              95.335880208000049,
              5.5363745800000288,
              0,
              null
            ],
            [
              95.335825104000037,
              5.5364578360000678,
              0,
              null
            ],
            [
              95.335824846000037,
              5.536465756000041,
              0,
              null
            ],
            [
              95.335827565000045,
              5.5364712050000549,
              0,
              null
            ],
            [
              95.335832491000076,
              5.536473671000067,
              0,
              null
            ],
            [
              95.335939924000058,
              5.5365056160000563,
              0,
              null
            ],
            [
              95.33594770600007,
              5.5365117230000465,
              0,
              null
            ],
            [
              95.335950557000047,
              5.5365187350000724,
              0,
              null
            ],
            [
              95.335950682000032,
              5.5365298980000262,
              0,
              null
            ],
            [
              95.335909381000079,
              5.53665830500006,
              0,
              null
            ],
            [
              95.335902044000079,
              5.5366877950000344,
              0,
              null
            ],
            [
              95.335901955000054,
              5.536689620000061,
              0,
              null
            ],
            [
              95.335903640000083,
              5.5366984440000238,
              0,
              null
            ],
            [
              95.335908049000068,
              5.5367048090000708,
              0,
              null
            ],
            [
              95.335915302000046,
              5.536709227000074,
              0,
              null
            ],
            [
              95.335926578000056,
              5.5367137740000203,
              0,
              null
            ],
            [
              95.336028314000032,
              5.5367285770000763,
              0,
              null
            ],
            [
              95.336087408000083,
              5.5367299980000553,
              0,
              null
            ],
            [
              95.336126544000081,
              5.5367374000000495,
              0,
              null
            ],
            [
              95.336143391000064,
              5.5367454510000584,
              0,
              null
            ],
            [
              95.336158430000069,
              5.5367502550000722,
              0,
              null
            ],
            [
              95.336175531000038,
              5.5367515520000552,
              0,
              null
            ],
            [
              95.336184734000085,
              5.5367497350000576,
              0,
              null
            ],
            [
              95.336193292000075,
              5.5367444130000649,
              0,
              null
            ],
            [
              95.336199122000039,
              5.5367357130000414,
              0,
              null
            ],
            [
              95.336206504000074,
              5.5367271420000748,
              0,
              null
            ],
            [
              95.336217649000048,
              5.5367189630000553,
              0,
              null
            ],
            [
              95.33625186200004,
              5.5367064990000472,
              0,
              null
            ],
            [
              95.336268842000038,
              5.5367048050000562,
              0,
              null
            ],
            [
              95.336287377000076,
              5.5367039000000204,
              0,
              null
            ],
            [
              95.336298654000075,
              5.5367039010000667,
              0,
              null
            ],
            [
              95.336311605000049,
              5.5367029910000269,
              0,
              null
            ],
            [
              95.336322758000051,
              5.536703770000031,
              0,
              null
            ],
            [
              95.336336495000069,
              5.5367079180000474,
              0,
              null
            ],
            [
              95.336344264000047,
              5.5367129860000546,
              0,
              null
            ],
            [
              95.336353209000038,
              5.5367255870000349,
              0,
              null
            ],
            [
              95.336373815000059,
              5.5367766130000291,
              0,
              null
            ],
            [
              95.336384310000085,
              5.5367957070000671,
              0,
              null
            ],
            [
              95.336393904000033,
              5.5368038850000403,
              0,
              null
            ],
            [
              95.336406737000061,
              5.5368073870000671,
              0,
              null
            ],
            [
              95.336424881000084,
              5.5368079120000289,
              0,
              null
            ],
            [
              95.336446261000049,
              5.5368057040000735,
              0,
              null
            ],
            [
              95.336517799000035,
              5.5367988140000648,
              0,
              null
            ],
            [
              95.336565100000087,
              5.5368018000000347,
              0,
              null
            ],
            [
              95.336587145000067,
              5.5368055390000563,
              0,
              null
            ],
            [
              95.336662072000081,
              5.5368214650000596,
              0,
              null
            ],
            [
              95.336731108000038,
              5.5368362170000296,
              0,
              null
            ],
            [
              95.336793056000033,
              5.536863740000058,
              0,
              null
            ],
            [
              95.336815093000041,
              5.5368702340000482,
              0,
              null
            ],
            [
              95.336842433000072,
              5.5368763360000344,
              0,
              null
            ],
            [
              95.336863945000061,
              5.5368776340000636,
              0,
              null
            ],
            [
              95.336889995000035,
              5.5368768530000239,
              0,
              null
            ],
            [
              95.33691734100006,
              5.5368752990000303,
              0,
              null
            ],
            [
              95.336935096000047,
              5.5368734750000499,
              0,
              null
            ],
            [
              95.33695453200005,
              5.5368745190000368,
              0,
              null
            ],
            [
              95.336980580000045,
              5.5368755560000409,
              0,
              null
            ],
            [
              95.337025940000046,
              5.5368782780000743,
              0,
              null
            ],
            [
              95.337118601000043,
              5.5368930800000271,
              0,
              null
            ],
            [
              95.337269453000033,
              5.5369206140000529,
              0,
              null
            ],
            [
              95.337286302000052,
              5.5369268390000457,
              0,
              null
            ],
            [
              95.337296410000079,
              5.5369325570000569,
              0,
              null
            ],
            [
              95.337297274000036,
              5.5369349930000453,
              0,
              null
            ],
            [
              95.337598306000075,
              5.5369842470000208,
              0,
              null
            ],
            [
              95.337660612000036,
              5.5370173800000657,
              0,
              null
            ],
            [
              95.337696341000083,
              5.5370300730000395,
              0,
              null
            ],
            [
              95.337877391000063,
              5.5370908330000361,
              0,
              null
            ],
            [
              95.338019812000084,
              5.5371329080000464,
              0,
              null
            ],
            [
              95.338220949000061,
              5.5371813410000641,
              0,
              null
            ],
            [
              95.338225480000062,
              5.5371832230000564,
              0,
              null
            ],
            [
              95.338233129000059,
              5.5371864000000528,
              0,
              null
            ],
            [
              95.338242200000082,
              5.5371921130000601,
              0,
              null
            ],
            [
              95.338284325000075,
              5.5372023320000494,
              0,
              null
            ],
            [
              95.338303436000047,
              5.5372069690000671,
              0,
              null
            ],
            [
              95.338328104000084,
              5.5372085170000673,
              0,
              null
            ],
            [
              95.338342707000038,
              5.5372127500000374,
              0,
              null
            ],
            [
              95.338352411000074,
              5.5372155620000285,
              0,
              null
            ],
            [
              95.338368320000086,
              5.5372201740000264,
              0,
              null
            ],
            [
              95.338503356000047,
              5.5372593170000641,
              0,
              null
            ],
            [
              95.338704910000047,
              5.5373150790000523,
              0,
              null
            ],
            [
              95.338879128000087,
              5.5373726290000604,
              0,
              null
            ],
            [
              95.338899629000082,
              5.5373776140000359,
              0,
              null
            ],
            [
              95.338931872000046,
              5.5373854560000382,
              0,
              null
            ],
            [
              95.339015884000048,
              5.5374058860000446,
              0,
              null
            ],
            [
              95.339207989000045,
              5.5374584660000323,
              0,
              null
            ],
            [
              95.339217056000052,
              5.5374609160000432,
              0,
              null
            ],
            [
              95.339220242000067,
              5.5374496010000485,
              0,
              null
            ],
            [
              95.339261460000046,
              5.5373032180000337,
              0,
              null
            ],
            [
              95.339321974000086,
              5.5370831410000392,
              0,
              null
            ],
            [
              95.339331638000033,
              5.5370455730000572,
              0,
              null
            ],
            [
              95.339346391000049,
              5.5369882160000543,
              0,
              null
            ],
            [
              95.339357699000061,
              5.5369902480000519,
              0,
              null
            ],
            [
              95.339510274000077,
              5.5370176630000287,
              0,
              null
            ],
            [
              95.339559033000057,
              5.5370264240000324,
              0,
              null
            ],
            [
              95.339726099000075,
              5.53705644300004,
              0,
              null
            ],
            [
              95.339791068000068,
              5.5370722490000617,
              0,
              null
            ],
            [
              95.339814130000036,
              5.5370823810000616,
              0,
              null
            ],
            [
              95.339828663000048,
              5.537114367000072,
              0,
              null
            ],
            [
              95.34014602700006,
              5.5371908900000335,
              0,
              null
            ],
            [
              95.340172123000059,
              5.5371971820000567,
              0,
              null
            ],
            [
              95.340205578000052,
              5.5372052490000669,
              0,
              null
            ],
            [
              95.340215640000054,
              5.5372076750000474,
              0,
              null
            ],
            [
              95.340215415000046,
              5.5372088460000555,
              0,
              null
            ],
            [
              95.340225935000035,
              5.5371939600000246,
              0,
              null
            ],
            [
              95.340237672000058,
              5.5371783200000664,
              0,
              null
            ],
            [
              95.340248216000077,
              5.5371440640000742,
              0,
              null
            ],
            [
              95.340260724000075,
              5.5371034310000482,
              0,
              null
            ],
            [
              95.340732607000064,
              5.5371718500000497,
              0,
              null
            ],
            [
              95.340714232000039,
              5.5374524290000409,
              0,
              null
            ],
            [
              95.340795494000076,
              5.5374576090000573,
              0,
              null
            ],
            [
              95.340852347000066,
              5.5374649580000437,
              0,
              null
            ],
            [
              95.341042095000034,
              5.5374939920000656,
              0,
              null
            ],
            [
              95.341165132000071,
              5.5375124790000427,
              0,
              null
            ],
            [
              95.341198317000078,
              5.5375175360000526,
              0,
              null
            ],
            [
              95.341319356000042,
              5.5375366270000654,
              0,
              null
            ],
            [
              95.34138918900004,
              5.5375503340000591,
              0,
              null
            ],
            [
              95.341458100000068,
              5.5375629840000329,
              0,
              null
            ],
            [
              95.341447895000044,
              5.5375949860000446,
              0,
              null
            ],
            [
              95.341394458000082,
              5.5377627820000725,
              0,
              null
            ],
            [
              95.341356372000064,
              5.5378699700000311,
              0,
              null
            ],
            [
              95.341368193000051,
              5.5378733720000355,
              0,
              null
            ],
            [
              95.34139327400004,
              5.5378805870000747,
              0,
              null
            ],
            [
              95.341418855000086,
              5.537887946000069,
              0,
              null
            ],
            [
              95.341482902000052,
              5.5379063710000764,
              0,
              null
            ],
            [
              95.341632675000085,
              5.537949458000071,
              0,
              null
            ],
            [
              95.342060529000037,
              5.5381488360000617,
              0,
              null
            ],
            [
              95.342581519000078,
              5.5382275470000764,
              0,
              null
            ],
            [
              95.342527487000041,
              5.5385004410000533,
              0,
              null
            ],
            [
              95.342479220000087,
              5.5388542830000347,
              0,
              null
            ],
            [
              95.342427638000061,
              5.5391544730000533,
              0,
              null
            ],
            [
              95.34238957000008,
              5.5393620370000463,
              0,
              null
            ],
            [
              95.342352877000053,
              5.5394936620000408,
              0,
              null
            ],
            [
              95.342318430000034,
              5.5395991990000653,
              0,
              null
            ],
            [
              95.342229118000034,
              5.5397794650000378,
              0,
              null
            ],
            [
              95.342081196000038,
              5.5400696330000301,
              0,
              null
            ],
            [
              95.341919125000061,
              5.5403269730000488,
              0,
              null
            ],
            [
              95.341863037000053,
              5.5404251010000394,
              0,
              null
            ],
            [
              95.341814051000085,
              5.5405108030000747,
              0,
              null
            ],
            [
              95.341736630000071,
              5.5406462560000591,
              0,
              null
            ],
            [
              95.341595291000033,
              5.5409635510000612,
              0,
              null
            ],
            [
              95.341515495000067,
              5.5412075490000348,
              0,
              null
            ],
            [
              95.34145807200008,
              5.5413815440000462,
              0,
              null
            ],
            [
              95.341439378000075,
              5.5414411460000679,
              0,
              null
            ],
            [
              95.341399755000054,
              5.5415692560000593,
              0,
              null
            ],
            [
              95.341369600000064,
              5.5416667560000406,
              0,
              null
            ],
            [
              95.341360636000047,
              5.5417190680000203,
              0,
              null
            ],
            [
              95.341347116000065,
              5.5418210940000563,
              0,
              null
            ],
            [
              95.341343313000039,
              5.5418764600000259,
              0,
              null
            ],
            [
              95.341342274000056,
              5.541927840000028,
              0,
              null
            ],
            [
              95.341342630000042,
              5.5419758530000536,
              0,
              null
            ],
            [
              95.34134421300007,
              5.5420231910000552,
              0,
              null
            ],
            [
              95.34134686200008,
              5.5420704360000741,
              0,
              null
            ],
            [
              95.341356962000077,
              5.5421588610000754,
              0,
              null
            ],
            [
              95.34136576700007,
              5.5422205990000748,
              0,
              null
            ],
            [
              95.341371087000084,
              5.5422723560000691,
              0,
              null
            ],
            [
              95.341371480000078,
              5.5422761750000404,
              0,
              null
            ],
            [
              95.341377807000072,
              5.5423481550000702,
              0,
              null
            ],
            [
              95.341381718000036,
              5.5423881010000287,
              0,
              null
            ],
            [
              95.341384338000069,
              5.5424157720000267,
              0,
              null
            ],
            [
              95.341385445000071,
              5.5424274600000558,
              0,
              null
            ],
            [
              95.341388694000045,
              5.5424735280000732,
              0,
              null
            ],
            [
              95.341387566000037,
              5.5425238980000699,
              0,
              null
            ],
            [
              95.341383116000031,
              5.5425896380000381,
              0,
              null
            ],
            [
              95.341378285000076,
              5.5426729600000613,
              0,
              null
            ],
            [
              95.341377373000057,
              5.5427209520000247,
              0,
              null
            ],
            [
              95.341375440000036,
              5.5427728980000666,
              0,
              null
            ],
            [
              95.341380739000044,
              5.5428675880000355,
              0,
              null
            ],
            [
              95.341383531000076,
              5.5429191800000694,
              0,
              null
            ],
            [
              95.341389451000055,
              5.5429745660000549,
              0,
              null
            ],
            [
              95.341397172000086,
              5.5430267990000743,
              0,
              null
            ],
            [
              95.341406683000059,
              5.5430778770000302,
              0,
              null
            ],
            [
              95.34141485400005,
              5.5431253810000385,
              0,
              null
            ],
            [
              95.341422219000037,
              5.543174261000047,
              0,
              null
            ],
            [
              95.341424980000056,
              5.5432294070000694,
              0,
              null
            ],
            [
              95.341426475000048,
              5.5432629900000734,
              0,
              null
            ],
            [
              95.341429592000054,
              5.5433329840000738,
              0,
              null
            ],
            [
              95.34143120400006,
              5.5433847620000734,
              0,
              null
            ],
            [
              95.341432672000053,
              5.5434505700000614,
              0,
              null
            ],
            [
              95.341433373000086,
              5.5435139940000226,
              0,
              null
            ],
            [
              95.341436452000039,
              5.54359482600006,
              0,
              null
            ],
            [
              95.341442925000081,
              5.5436531830000604,
              0,
              null
            ],
            [
              95.341445911000051,
              5.5436770830000341,
              0,
              null
            ],
            [
              95.341451280000058,
              5.5437200480000683,
              0,
              null
            ],
            [
              95.341459721000035,
              5.543778813000074,
              0,
              null
            ],
            [
              95.341470051000044,
              5.5438451100000634,
              0,
              null
            ],
            [
              95.341475784000068,
              5.5438991040000474,
              0,
              null
            ],
            [
              95.341483962000041,
              5.5439643880000631,
              0,
              null
            ],
            [
              95.341491988000087,
              5.5440618780000364,
              0,
              null
            ],
            [
              95.341496804000087,
              5.5441644690000658,
              0,
              null
            ],
            [
              95.341503643000067,
              5.5442631210000286,
              0,
              null
            ],
            [
              95.341509926000072,
              5.5444311220000486,
              0,
              null
            ],
            [
              95.341517912000086,
              5.5445323640000765,
              0,
              null
            ],
            [
              95.341521521000061,
              5.5446378980000759,
              0,
              null
            ],
            [
              95.341531185000065,
              5.5447350370000663,
              0,
              null
            ],
            [
              95.34155170300005,
              5.5449412810000354,
              0,
              null
            ],
            [
              95.341555668000069,
              5.5449970310000367,
              0,
              null
            ],
            [
              95.341567032000057,
              5.5451567730000306,
              0,
              null
            ],
            [
              95.341581149000035,
              5.5453714300000456,
              0,
              null
            ],
            [
              95.341593278000062,
              5.5455220740000755,
              0,
              null
            ],
            [
              95.341601781000065,
              5.5456276670000761,
              0,
              null
            ],
            [
              95.34162708000008,
              5.5458407410000632,
              0,
              null
            ],
            [
              95.341634021000061,
              5.5458991950000609,
              0,
              null
            ],
            [
              95.341677602000061,
              5.5461941100000445,
              0,
              null
            ],
            [
              95.341709151000032,
              5.5464283670000327,
              0,
              null
            ]
          ]
        ]
      },
      "properties" : {
        "FID" : 0,
        "OBJECTID" : 11520,
        "KDPPUM" : "11",
        "NAMOBJ" : "Leung Bata",
        "REMARK" : " ",
        "KDPBPS" : " ",
        "FCODE" : "BA03070040",
        "LUASWH" : 0,
        "UUPP" : "RBI",
        "SRS_ID" : "SRGI 2013",
        "METADATA" : "TASWIL1000020200326DATA_BATAS_DESA_KELURAHAN",
        "KDEBPS" : " ",
        "KDEPUM" : "11.71.05.2001",
        "KDCBPS" : " ",
        "KDCPUM" : "11.71.05",
        "KDBBPS" : " ",
        "WADMKD" : "Leung Bata",
        "WIADKD" : "0",
        "WADMKC" : "Lueng Bata",
        "WIADKC" : " ",
        "WADMKK" : "Kota Banda Aceh",
        "WIADKK" : " ",
        "WADMPR" : "Aceh",
        "WIADPR" : " ",
        "TIPADM" : 9,
        "KDPKAB" : "11.71",
        "SHAPE_Leng" : 0.042876150742471003,
        "SHAPE_Area" : 6.3534513847000003e-05
      }
    }
  ]
}