{
  "hasZ" : true,
  "hasM" : true,
  "type" : "FeatureCollection",
  "features" : [
    {
      "type" : "Feature",
      "id" : 0,
      "geometry" : {
        "type" : "Polygon",
        "coordinates" : [
          [
            [
              95.288885590000064,
              5.5401651990000573,
              0,
              null
            ],
            [
              95.28884929600008,
              5.5402167790000476,
              0,
              null
            ],
            [
              95.28878042100007,
              5.5403146610000249,
              0,
              null
            ],
            [
              95.288686565000035,
              5.540444639000043,
              0,
              null
            ],
            [
              95.288584557000036,
              5.5405708890000369,
              0,
              null
            ],
            [
              95.288525028000038,
              5.5406280390000688,
              0,
              null
            ],
            [
              95.288442449000058,
              5.5406970400000546,
              0,
              null
            ],
            [
              95.288317497000037,
              5.5407875180000588,
              0,
              null
            ],
            [
              95.288174741000034,
              5.5408697770000686,
              0,
              null
            ],
            [
              95.287924919000034,
              5.5410180020000439,
              0,
              null
            ],
            [
              95.287607417000061,
              5.5412107190000484,
              0,
              null
            ],
            [
              95.287339747000033,
              5.5413722920000623,
              0,
              null
            ],
            [
              95.287052729000038,
              5.5415464780000434,
              0,
              null
            ],
            [
              95.28686721300005,
              5.541666732000067,
              0,
              null
            ],
            [
              95.286371563000046,
              5.5419753060000403,
              0,
              null
            ],
            [
              95.286020147000045,
              5.542200623000042,
              0,
              null
            ],
            [
              95.285791584000037,
              5.5423364540000648,
              0,
              null
            ],
            [
              95.28569673700008,
              5.54236872000007,
              0,
              null
            ],
            [
              95.285352507000084,
              5.5416667440000538,
              0,
              null
            ],
            [
              95.285320047000084,
              5.5415843770000492,
              0,
              null
            ],
            [
              95.285258596000062,
              5.5414327430000299,
              0,
              null
            ],
            [
              95.285210477000078,
              5.5413027830000487,
              0,
              null
            ],
            [
              95.285188220000066,
              5.5411050650000675,
              0,
              null
            ],
            [
              95.285172939000063,
              5.5410558200000537,
              0,
              null
            ],
            [
              95.285152284000048,
              5.5409869330000561,
              0,
              null
            ],
            [
              95.285119423000083,
              5.540870678000033,
              0,
              null
            ],
            [
              95.285097613000062,
              5.5407898050000313,
              0,
              null
            ],
            [
              95.285083321000059,
              5.5407330070000285,
              0,
              null
            ],
            [
              95.285026770000059,
              5.5405301970000664,
              0,
              null
            ],
            [
              95.284987059000059,
              5.540401513000063,
              0,
              null
            ],
            [
              95.284943829000042,
              5.5402635760000294,
              0,
              null
            ],
            [
              95.28491338200007,
              5.5401674880000655,
              0,
              null
            ],
            [
              95.284879948000082,
              5.5400660990000574,
              0,
              null
            ],
            [
              95.284837452000033,
              5.5399361400000657,
              0,
              null
            ],
            [
              95.284807022000052,
              5.5398447050000641,
              0,
              null
            ],
            [
              95.284769483000048,
              5.5397346740000444,
              0,
              null
            ],
            [
              95.284759585000074,
              5.5397056460000726,
              0,
              null
            ],
            [
              95.284728984000083,
              5.5396093950000704,
              0,
              null
            ],
            [
              95.284685614000068,
              5.5394702120000261,
              0,
              null
            ],
            [
              95.284665403000076,
              5.539401256000076,
              0,
              null
            ],
            [
              95.284639411000057,
              5.5393091200000413,
              0,
              null
            ],
            [
              95.284612116000062,
              5.5392144550000353,
              0,
              null
            ],
            [
              95.284585245000073,
              5.5391193290000729,
              0,
              null
            ],
            [
              95.284553248000066,
              5.5390024380000682,
              0,
              null
            ],
            [
              95.284532290000072,
              5.5389294090000476,
              0,
              null
            ],
            [
              95.284513781000044,
              5.5388623450000409,
              0,
              null
            ],
            [
              95.284493286000043,
              5.5387901000000284,
              0,
              null
            ],
            [
              95.284467602000063,
              5.5387031140000431,
              0,
              null
            ],
            [
              95.284438562000048,
              5.538607038000066,
              0,
              null
            ],
            [
              95.284418734000042,
              5.5385487200000512,
              0,
              null
            ],
            [
              95.284388463000084,
              5.5384701400000722,
              0,
              null
            ],
            [
              95.284355484000059,
              5.5383982690000266,
              0,
              null
            ],
            [
              95.284316112000056,
              5.5383249400000523,
              0,
              null
            ],
            [
              95.284274072000073,
              5.5382547120000254,
              0,
              null
            ],
            [
              95.284254163000071,
              5.5382233060000203,
              0,
              null
            ],
            [
              95.284208721000084,
              5.5381516260000581,
              0,
              null
            ],
            [
              95.284143204000031,
              5.5380499420000433,
              0,
              null
            ],
            [
              95.284089553000058,
              5.5379677460000494,
              0,
              null
            ],
            [
              95.28405044200008,
              5.5379074160000528,
              0,
              null
            ],
            [
              95.283975774000055,
              5.5377954630000659,
              0,
              null
            ],
            [
              95.283897560000071,
              5.5376839540000447,
              0,
              null
            ],
            [
              95.283842499000059,
              5.5376075780000633,
              0,
              null
            ],
            [
              95.283796013000085,
              5.5375377200000457,
              0,
              null
            ],
            [
              95.283745925000062,
              5.5374547300000359,
              0,
              null
            ],
            [
              95.283735400000069,
              5.5374369280000337,
              0,
              null
            ],
            [
              95.283706577000032,
              5.5373881830000755,
              0,
              null
            ],
            [
              95.283629583000049,
              5.537268139000048,
              0,
              null
            ],
            [
              95.283586498000034,
              5.5372004240000479,
              0,
              null
            ],
            [
              95.283519904000059,
              5.5370959110000513,
              0,
              null
            ],
            [
              95.283459812000046,
              5.5370029100000693,
              0,
              null
            ],
            [
              95.283407045000047,
              5.5369207730000767,
              0,
              null
            ],
            [
              95.283326713000065,
              5.5367973250000659,
              0,
              null
            ],
            [
              95.283205767000084,
              5.5366108210000675,
              0,
              null
            ],
            [
              95.283127153000066,
              5.5364883240000609,
              0,
              null
            ],
            [
              95.283086839000077,
              5.5364259000000402,
              0,
              null
            ],
            [
              95.283048706000045,
              5.5363649040000382,
              0,
              null
            ],
            [
              95.283008540000083,
              5.5363032570000428,
              0,
              null
            ],
            [
              95.282928083000058,
              5.5361777660000371,
              0,
              null
            ],
            [
              95.282846417000087,
              5.5360477330000322,
              0,
              null
            ],
            [
              95.282786072000079,
              5.5359500950000324,
              0,
              null
            ],
            [
              95.282773840000061,
              5.5359304740000539,
              0,
              null
            ],
            [
              95.282709769000064,
              5.5358222210000463,
              0,
              null
            ],
            [
              95.282683827000085,
              5.5357789540000226,
              0,
              null
            ],
            [
              95.282672733000084,
              5.5357604530000231,
              0,
              null
            ],
            [
              95.282637677000082,
              5.5356990830000541,
              0,
              null
            ],
            [
              95.282610008000063,
              5.5356022410000492,
              0,
              null
            ],
            [
              95.28243341600006,
              5.5353314680000381,
              0,
              null
            ],
            [
              95.282427158000075,
              5.5353205310000249,
              0,
              null
            ],
            [
              95.282390452000072,
              5.5352575140000226,
              0,
              null
            ],
            [
              95.282357170000068,
              5.5351997250000409,
              0,
              null
            ],
            [
              95.282311271000083,
              5.5351117540000701,
              0,
              null
            ],
            [
              95.282337382000037,
              5.5350988900000289,
              0,
              null
            ],
            [
              95.282357189000038,
              5.5350884820000488,
              0,
              null
            ],
            [
              95.282436682000082,
              5.5350454640000635,
              0,
              null
            ],
            [
              95.282573003000039,
              5.534969358000069,
              0,
              null
            ],
            [
              95.282726515000036,
              5.5348831850000693,
              0,
              null
            ],
            [
              95.282870931000048,
              5.5348055680000243,
              0,
              null
            ],
            [
              95.282996503000049,
              5.5347450450000224,
              0,
              null
            ],
            [
              95.283166019000078,
              5.5346704580000505,
              0,
              null
            ],
            [
              95.283323510000059,
              5.5345928750000439,
              0,
              null
            ],
            [
              95.283329398000035,
              5.5345909710000569,
              0,
              null
            ],
            [
              95.283329601000048,
              5.5345898750000515,
              0,
              null
            ],
            [
              95.283353627000054,
              5.5345780400000422,
              0,
              null
            ],
            [
              95.283446049000077,
              5.5345348370000238,
              0,
              null
            ],
            [
              95.283465144000047,
              5.5345222800000329,
              0,
              null
            ],
            [
              95.283477703000074,
              5.5345107160000566,
              0,
              null
            ],
            [
              95.283484992000069,
              5.5344989000000737,
              0,
              null
            ],
            [
              95.283491028000071,
              5.5344780230000765,
              0,
              null
            ],
            [
              95.283504429000061,
              5.5343567900000608,
              0,
              null
            ],
            [
              95.283513431000074,
              5.5342233080000369,
              0,
              null
            ],
            [
              95.283526903000052,
              5.5342246530000239,
              0,
              null
            ],
            [
              95.283581702000049,
              5.5342268650000506,
              0,
              null
            ],
            [
              95.283619818000034,
              5.534229276000076,
              0,
              null
            ],
            [
              95.28364788600004,
              5.5342323230000261,
              0,
              null
            ],
            [
              95.28368449900006,
              5.5342379670000241,
              0,
              null
            ],
            [
              95.283773489000055,
              5.5342525840000576,
              0,
              null
            ],
            [
              95.283822056000076,
              5.534260803000052,
              0,
              null
            ],
            [
              95.283867789000055,
              5.5342688620000331,
              0,
              null
            ],
            [
              95.283909348000066,
              5.5342775150000421,
              0,
              null
            ],
            [
              95.283952233000036,
              5.5342861630000471,
              0,
              null
            ],
            [
              95.284040258000061,
              5.5343079710000325,
              0,
              null
            ],
            [
              95.284770506000086,
              5.534407854000051,
              0,
              null
            ],
            [
              95.285047207000048,
              5.5344842770000469,
              0,
              null
            ],
            [
              95.28542716700008,
              5.5345686640000622,
              0,
              null
            ],
            [
              95.285630971000046,
              5.534609352000075,
              0,
              null
            ],
            [
              95.28564556300006,
              5.5346199080000247,
              0,
              null
            ],
            [
              95.28565833600004,
              5.5346218290000593,
              0,
              null
            ],
            [
              95.285670592000031,
              5.5346208150000393,
              0,
              null
            ],
            [
              95.285687391000067,
              5.5346163390000243,
              0,
              null
            ],
            [
              95.285703118000072,
              5.5346124000000714,
              0,
              null
            ],
            [
              95.285716705000084,
              5.5346103230000381,
              0,
              null
            ],
            [
              95.285729766000031,
              5.5346095760000367,
              0,
              null
            ],
            [
              95.28574493900004,
              5.5346093640000618,
              0,
              null
            ],
            [
              95.285754263000058,
              5.5346107380000262,
              0,
              null
            ],
            [
              95.28576462400008,
              5.53461638400006,
              0,
              null
            ],
            [
              95.28606181300006,
              5.5346951500000614,
              0,
              null
            ],
            [
              95.286057200000073,
              5.5347154520000572,
              0,
              null
            ],
            [
              95.286043714000073,
              5.5347672820000753,
              0,
              null
            ],
            [
              95.28599723800005,
              5.5349627650000457,
              0,
              null
            ],
            [
              95.285963389000074,
              5.5350989650000315,
              0,
              null
            ],
            [
              95.285949220000077,
              5.5351652940000236,
              0,
              null
            ],
            [
              95.285934849000057,
              5.5352431450000381,
              0,
              null
            ],
            [
              95.285934151000049,
              5.5352633590000551,
              0,
              null
            ],
            [
              95.285934821000069,
              5.5352756680000539,
              0,
              null
            ],
            [
              95.285939692000056,
              5.5352896330000476,
              0,
              null
            ],
            [
              95.285945985000069,
              5.535302626000032,
              0,
              null
            ],
            [
              95.285953795000069,
              5.5353114270000674,
              0,
              null
            ],
            [
              95.285966611000049,
              5.5353174430000536,
              0,
              null
            ],
            [
              95.285988367000073,
              5.5353235150000728,
              0,
              null
            ],
            [
              95.286050407000062,
              5.5353375850000361,
              0,
              null
            ],
            [
              95.286155352000037,
              5.5353676590000305,
              0,
              null
            ],
            [
              95.286191993000045,
              5.5353781590000608,
              0,
              null
            ],
            [
              95.286266866000062,
              5.5354026650000492,
              0,
              null
            ],
            [
              95.286311883000053,
              5.53542365200002,
              0,
              null
            ],
            [
              95.286321713000063,
              5.5354298060000247,
              0,
              null
            ],
            [
              95.286329883000064,
              5.5354383620000362,
              0,
              null
            ],
            [
              95.28633650200004,
              5.535447050000073,
              0,
              null
            ],
            [
              95.286344309000071,
              5.5354561460000582,
              0,
              null
            ],
            [
              95.286350488000039,
              5.5354618950000258,
              0,
              null
            ],
            [
              95.286364811000055,
              5.5354738680000537,
              0,
              null
            ],
            [
              95.286388898000041,
              5.5354907460000504,
              0,
              null
            ],
            [
              95.286348310000051,
              5.5355189250000763,
              0,
              null
            ],
            [
              95.286284760000058,
              5.5355651620000685,
              0,
              null
            ],
            [
              95.286221643000033,
              5.5356113980000714,
              0,
              null
            ],
            [
              95.286156210000058,
              5.5356582120000439,
              0,
              null
            ],
            [
              95.286090786000045,
              5.5357073400000445,
              0,
              null
            ],
            [
              95.286030121000067,
              5.5357508280000616,
              0,
              null
            ],
            [
              95.285991978000084,
              5.5357784440000728,
              0,
              null
            ],
            [
              95.285883554000065,
              5.5358576300000664,
              0,
              null
            ],
            [
              95.285843947000046,
              5.5358876610000607,
              0,
              null
            ],
            [
              95.28577937700004,
              5.5359337480000477,
              0,
              null
            ],
            [
              95.285694602000035,
              5.5359945760000642,
              0,
              null
            ],
            [
              95.285682445000077,
              5.5360035260000586,
              0,
              null
            ],
            [
              95.285589591000075,
              5.536071879000076,
              0,
              null
            ],
            [
              95.285518220000085,
              5.5361232110000742,
              0,
              null
            ],
            [
              95.28546061600008,
              5.5361646410000276,
              0,
              null
            ],
            [
              95.285335099000065,
              5.5362559620000411,
              0,
              null
            ],
            [
              95.285162502000048,
              5.5363810910000666,
              0,
              null
            ],
            [
              95.285015034000082,
              5.5364884420000635,
              0,
              null
            ],
            [
              95.284957633000033,
              5.5365311430000475,
              0,
              null
            ],
            [
              95.284921646000043,
              5.5365579130000242,
              0,
              null
            ],
            [
              95.284876373000031,
              5.5365915910000467,
              0,
              null
            ],
            [
              95.284907521000036,
              5.5366016100000479,
              0,
              null
            ],
            [
              95.284929658000067,
              5.5366078430000698,
              0,
              null
            ],
            [
              95.284965630000045,
              5.5366169730000365,
              0,
              null
            ],
            [
              95.284984471000087,
              5.5366202900000303,
              0,
              null
            ],
            [
              95.285008592000054,
              5.5366196460000765,
              0,
              null
            ],
            [
              95.285027920000061,
              5.5366182170000684,
              0,
              null
            ],
            [
              95.285101614000041,
              5.5366082680000659,
              0,
              null
            ],
            [
              95.285211437000044,
              5.5365883190000318,
              0,
              null
            ],
            [
              95.285305332000064,
              5.5365716410000232,
              0,
              null
            ],
            [
              95.285426578000056,
              5.5365475080000692,
              0,
              null
            ],
            [
              95.285480469000049,
              5.5365394000000379,
              0,
              null
            ],
            [
              95.285590409000065,
              5.5365265730000601,
              0,
              null
            ],
            [
              95.285691076000035,
              5.5365183930000512,
              0,
              null
            ],
            [
              95.285764735000043,
              5.5365179910000393,
              0,
              null
            ],
            [
              95.285793195000053,
              5.5365198250000276,
              0,
              null
            ],
            [
              95.285832739000057,
              5.5365251770000441,
              0,
              null
            ],
            [
              95.285867298000085,
              5.536533921000057,
              0,
              null
            ],
            [
              95.285891355000047,
              5.5365425420000633,
              0,
              null
            ],
            [
              95.285906486000044,
              5.5365499140000338,
              0,
              null
            ],
            [
              95.285923087000072,
              5.5365596570000548,
              0,
              null
            ],
            [
              95.285942962000036,
              5.5365717840000457,
              0,
              null
            ],
            [
              95.285966899000073,
              5.536588785000049,
              0,
              null
            ],
            [
              95.285997946000066,
              5.5366134870000678,
              0,
              null
            ],
            [
              95.286050896000063,
              5.5366611820000458,
              0,
              null
            ],
            [
              95.286102708000044,
              5.5367130670000506,
              0,
              null
            ],
            [
              95.286137147000034,
              5.5367424120000237,
              0,
              null
            ],
            [
              95.286180168000044,
              5.5367722110000273,
              0,
              null
            ],
            [
              95.286213706000069,
              5.5367922750000389,
              0,
              null
            ],
            [
              95.286248483000065,
              5.5368086020000646,
              0,
              null
            ],
            [
              95.286270400000035,
              5.5368166530000735,
              0,
              null
            ],
            [
              95.286289603000057,
              5.5368225540000253,
              0,
              null
            ],
            [
              95.286305189000075,
              5.536826417000043,
              0,
              null
            ],
            [
              95.286336253000059,
              5.5368318740000291,
              0,
              null
            ],
            [
              95.286375788000043,
              5.536837452000043,
              0,
              null
            ],
            [
              95.286424925000063,
              5.5368437170000675,
              0,
              null
            ],
            [
              95.286506373000066,
              5.5368534000000409,
              0,
              null
            ],
            [
              95.286593766000067,
              5.5368619240000498,
              0,
              null
            ],
            [
              95.286605782000038,
              5.5368630950000579,
              0,
              null
            ],
            [
              95.286696273000075,
              5.5368670120000729,
              0,
              null
            ],
            [
              95.286787781000044,
              5.5368676530000585,
              0,
              null
            ],
            [
              95.286917588000051,
              5.53686684500002,
              0,
              null
            ],
            [
              95.286994519000075,
              5.5368657700000767,
              0,
              null
            ],
            [
              95.287070330000063,
              5.53686435700007,
              0,
              null
            ],
            [
              95.287143538000066,
              5.5368640740000501,
              0,
              null
            ],
            [
              95.287178327000049,
              5.5368668140000636,
              0,
              null
            ],
            [
              95.287228485000071,
              5.5368760210000687,
              0,
              null
            ],
            [
              95.287239353000075,
              5.5368789670000638,
              0,
              null
            ],
            [
              95.287283375000072,
              5.5368908960000454,
              0,
              null
            ],
            [
              95.287370800000076,
              5.5369184720000248,
              0,
              null
            ],
            [
              95.287393445000077,
              5.5369235950000757,
              0,
              null
            ],
            [
              95.287411013000053,
              5.5369265340000311,
              0,
              null
            ],
            [
              95.287425355000039,
              5.5369282500000736,
              0,
              null
            ],
            [
              95.287439142000039,
              5.5369289380000737,
              0,
              null
            ],
            [
              95.287456199000076,
              5.5369282660000749,
              0,
              null
            ],
            [
              95.287503426000058,
              5.536923555000044,
              0,
              null
            ],
            [
              95.287572456000078,
              5.5369181720000711,
              0,
              null
            ],
            [
              95.287646903000052,
              5.5369139260000679,
              0,
              null
            ],
            [
              95.287746555000069,
              5.5369117420000293,
              0,
              null
            ],
            [
              95.287842687000079,
              5.5369138470000507,
              0,
              null
            ],
            [
              95.287876579000056,
              5.5369156870000324,
              0,
              null
            ],
            [
              95.287918044000037,
              5.5369186640000407,
              0,
              null
            ],
            [
              95.287942782000073,
              5.5369212800000582,
              0,
              null
            ],
            [
              95.287968869000053,
              5.5369252650000362,
              0,
              null
            ],
            [
              95.288001969000049,
              5.5369321970000556,
              0,
              null
            ],
            [
              95.288055060000033,
              5.5369462740000586,
              0,
              null
            ],
            [
              95.288114692000079,
              5.5369627300000275,
              0,
              null
            ],
            [
              95.288160098000048,
              5.5369745410000633,
              0,
              null
            ],
            [
              95.28817106300005,
              5.5369770120000226,
              0,
              null
            ],
            [
              95.288209461000065,
              5.5369856670000672,
              0,
              null
            ],
            [
              95.28825611700006,
              5.5369941920000656,
              0,
              null
            ],
            [
              95.288303220000046,
              5.5370015850000414,
              0,
              null
            ],
            [
              95.288357553000083,
              5.5370103420000305,
              0,
              null
            ],
            [
              95.288457971000071,
              5.5370243450000203,
              0,
              null
            ],
            [
              95.288539643000036,
              5.5370338010000637,
              0,
              null
            ],
            [
              95.288687970000069,
              5.5370468230000256,
              0,
              null
            ],
            [
              95.288773258000049,
              5.5370534540000449,
              0,
              null
            ],
            [
              95.288845106000053,
              5.5370584910000389,
              0,
              null
            ],
            [
              95.288929946000053,
              5.5370635330000368,
              0,
              null
            ],
            [
              95.28898315400005,
              5.5370682170000691,
              0,
              null
            ],
            [
              95.289073977000044,
              5.5370784690000505,
              0,
              null
            ],
            [
              95.289128429000073,
              5.5370828150000762,
              0,
              null
            ],
            [
              95.289194624000061,
              5.537086256000066,
              0,
              null
            ],
            [
              95.289228356000081,
              5.5370869040000343,
              0,
              null
            ],
            [
              95.289338676000057,
              5.5370882040000424,
              0,
              null
            ],
            [
              95.28936959300006,
              5.5370907330000705,
              0,
              null
            ],
            [
              95.289397227000052,
              5.5370934920000536,
              0,
              null
            ],
            [
              95.289435505000085,
              5.537098062000041,
              0,
              null
            ],
            [
              95.289469588000031,
              5.5371028660000547,
              0,
              null
            ],
            [
              95.289494497000078,
              5.5371075430000474,
              0,
              null
            ],
            [
              95.289560856000037,
              5.5371255450000376,
              0,
              null
            ],
            [
              95.289628675000074,
              5.5371479720000707,
              0,
              null
            ],
            [
              95.289690952000058,
              5.537169489000064,
              0,
              null
            ],
            [
              95.289757178000059,
              5.5371949770000697,
              0,
              null
            ],
            [
              95.289791080000043,
              5.5372052680000365,
              0,
              null
            ],
            [
              95.289786055000036,
              5.537217910000038,
              0,
              null
            ],
            [
              95.289765648000071,
              5.5372780020000505,
              0,
              null
            ],
            [
              95.289719686000069,
              5.5374004640000294,
              0,
              null
            ],
            [
              95.289704856000071,
              5.5374454470000387,
              0,
              null
            ],
            [
              95.289691529000038,
              5.5374964890000342,
              0,
              null
            ],
            [
              95.289679905000071,
              5.5375431820000358,
              0,
              null
            ],
            [
              95.289668280000058,
              5.537589874000048,
              0,
              null
            ],
            [
              95.289639375000036,
              5.5376836330000287,
              0,
              null
            ],
            [
              95.289568615000064,
              5.5379191460000357,
              0,
              null
            ],
            [
              95.289494018000084,
              5.5381796320000376,
              0,
              null
            ],
            [
              95.289418365000074,
              5.5384094600000253,
              0,
              null
            ],
            [
              95.289407294000057,
              5.5384467930000483,
              0,
              null
            ],
            [
              95.289391151000075,
              5.5384907170000588,
              0,
              null
            ],
            [
              95.289399079000077,
              5.5384941430000367,
              0,
              null
            ],
            [
              95.289419131000045,
              5.5385100020000664,
              0,
              null
            ],
            [
              95.289425574000063,
              5.538515048000022,
              0,
              null
            ],
            [
              95.289434863000054,
              5.5385305230000768,
              0,
              null
            ],
            [
              95.289441640000064,
              5.5385474280000722,
              0,
              null
            ],
            [
              95.289446626000085,
              5.538565406000032,
              0,
              null
            ],
            [
              95.28945266900007,
              5.5385862630000702,
              0,
              null
            ],
            [
              95.289457662000075,
              5.538601376000031,
              0,
              null
            ],
            [
              95.289464799000086,
              5.5386157660000208,
              0,
              null
            ],
            [
              95.289473386000054,
              5.5386269240000274,
              0,
              null
            ],
            [
              95.289480182000034,
              5.5386323300000413,
              0,
              null
            ],
            [
              95.289486995000061,
              5.5386352230000284,
              0,
              null
            ],
            [
              95.289494884000078,
              5.5386363230000484,
              0,
              null
            ],
            [
              95.289503487000047,
              5.5386377720000723,
              0,
              null
            ],
            [
              95.289513876000058,
              5.5386413930000344,
              0,
              null
            ],
            [
              95.289520676000052,
              5.5386478750000379,
              0,
              null
            ],
            [
              95.289523885000051,
              5.5386590260000617,
              0,
              null
            ],
            [
              95.289524215000085,
              5.5386719690000632,
              0,
              null
            ],
            [
              95.289522376000036,
              5.538691004000043,
              0,
              null
            ],
            [
              95.289515477000066,
              5.5387269350000565,
              0,
              null
            ],
            [
              95.289509668000051,
              5.5387599780000301,
              0,
              null
            ],
            [
              95.289500977000046,
              5.5387940990000288,
              0,
              null
            ],
            [
              95.289614835000066,
              5.5389211410000598,
              0,
              null
            ],
            [
              95.289781115000039,
              5.5391374120000592,
              0,
              null
            ],
            [
              95.289662658000054,
              5.5392855030000305,
              0,
              null
            ],
            [
              95.28954802800007,
              5.5394087450000598,
              0,
              null
            ],
            [
              95.289433403000032,
              5.5395290050000767,
              0,
              null
            ],
            [
              95.289234688000079,
              5.5397331490000283,
              0,
              null
            ],
            [
              95.289095495000083,
              5.5398831170000449,
              0,
              null
            ],
            [
              95.28891004500008,
              5.5401304450000453,
              0,
              null
            ],
            [
              95.288885590000064,
              5.5401651990000573,
              0,
              null
            ]
          ]
        ]
      },
      "properties" : {
        "FID" : 0,
        "OBJECTID" : 10314,
        "KDPPUM" : "11",
        "NAMOBJ" : "Lamjamee",
        "REMARK" : " ",
        "KDPBPS" : " ",
        "FCODE" : "BA03070040",
        "LUASWH" : 0,
        "UUPP" : "RBI",
        "SRS_ID" : "SRGI 2013",
        "METADATA" : "TASWIL1000020200326DATA_BATAS_DESA_KELURAHAN",
        "KDEBPS" : " ",
        "KDEPUM" : "11.71.08.2003",
        "KDCBPS" : " ",
        "KDCPUM" : "11.71.08",
        "KDBBPS" : " ",
        "WADMKD" : "Lamjamee",
        "WIADKD" : "0",
        "WADMKC" : "Jaya Baru",
        "WIADKC" : " ",
        "WADMKK" : "Kota Banda Aceh",
        "WIADKK" : " ",
        "WADMPR" : "Aceh",
        "WIADPR" : " ",
        "TIPADM" : 9,
        "KDPKAB" : "11.71",
        "SHAPE_Leng" : 0.027777210842731999,
        "SHAPE_Area" : 2.9152452934e-05
      }
    }
  ]
}