{
  "hasZ" : true,
  "hasM" : true,
  "type" : "FeatureCollection",
  "features" : [
    {
      "type" : "Feature",
      "id" : 0,
      "geometry" : {
        "type" : "Polygon",
        "coordinates" : [
          [
            [
              95.294855380000058,
              5.5534586240000294,
              0,
              null
            ],
            [
              95.294770680000056,
              5.55345214700003,
              0,
              null
            ],
            [
              95.294719364000059,
              5.5534479710000255,
              0,
              null
            ],
            [
              95.293616223000072,
              5.5533703590000414,
              0,
              null
            ],
            [
              95.293119688000047,
              5.5533342400000265,
              0,
              null
            ],
            [
              95.292826017000039,
              5.5533162470000548,
              0,
              null
            ],
            [
              95.292439381000065,
              5.5533063860000311,
              0,
              null
            ],
            [
              95.292356339000037,
              5.5533117850000622,
              0,
              null
            ],
            [
              95.292271139000036,
              5.5533160620000217,
              0,
              null
            ],
            [
              95.292174851000084,
              5.5533228920000397,
              0,
              null
            ],
            [
              95.292069267000045,
              5.5533337060000463,
              0,
              null
            ],
            [
              95.291990180000084,
              5.5533444170000621,
              0,
              null
            ],
            [
              95.29191036800006,
              5.5533529780000208,
              0,
              null
            ],
            [
              95.291827706000049,
              5.5533651370000712,
              0,
              null
            ],
            [
              95.291735398000071,
              5.5533830740000667,
              0,
              null
            ],
            [
              95.291666629000076,
              5.5533944820000443,
              0,
              null
            ],
            [
              95.291666490000068,
              5.5533945050000284,
              0,
              null
            ],
            [
              95.291530544000068,
              5.5534269600000243,
              0,
              null
            ],
            [
              95.29151842300007,
              5.5534306400000446,
              0,
              null
            ],
            [
              95.291452342000071,
              5.5534507020000206,
              0,
              null
            ],
            [
              95.291429650000055,
              5.5534579720000465,
              0,
              null
            ],
            [
              95.291366666000044,
              5.5534781540000608,
              0,
              null
            ],
            [
              95.291326659000049,
              5.5534909730000663,
              0,
              null
            ],
            [
              95.291255896000052,
              5.5535136470000452,
              0,
              null
            ],
            [
              95.291227208000066,
              5.5535243060000425,
              0,
              null
            ],
            [
              95.291160748000038,
              5.5535489990000428,
              0,
              null
            ],
            [
              95.291113550000034,
              5.5535665350000727,
              0,
              null
            ],
            [
              95.291032750000056,
              5.5535965560000591,
              0,
              null
            ],
            [
              95.291009885000051,
              5.5536050520000231,
              0,
              null
            ],
            [
              95.290894565000087,
              5.5536500640000668,
              0,
              null
            ],
            [
              95.290894370000046,
              5.5536501410000483,
              0,
              null
            ],
            [
              95.29073040600008,
              5.5537147120000441,
              0,
              null
            ],
            [
              95.290715996000074,
              5.5537203860000659,
              0,
              null
            ],
            [
              95.290699595000035,
              5.5537268450000283,
              0,
              null
            ],
            [
              95.290570693000063,
              5.5537788700000306,
              0,
              null
            ],
            [
              95.290505075000056,
              5.5538053530000298,
              0,
              null
            ],
            [
              95.29036162500006,
              5.5538632500000631,
              0,
              null
            ],
            [
              95.290357788000051,
              5.5538647990000527,
              0,
              null
            ],
            [
              95.290244864000044,
              5.5539103740000542,
              0,
              null
            ],
            [
              95.290196239000068,
              5.553929900000071,
              0,
              null
            ],
            [
              95.290164741000069,
              5.5539425490000554,
              0,
              null
            ],
            [
              95.290039423000053,
              5.5539928710000481,
              0,
              null
            ],
            [
              95.290012090000062,
              5.5540038470000468,
              0,
              null
            ],
            [
              95.289962203000073,
              5.5540238790000558,
              0,
              null
            ],
            [
              95.289878833000046,
              5.5540554650000331,
              0,
              null
            ],
            [
              95.289863005000086,
              5.5540614620000497,
              0,
              null
            ],
            [
              95.289777242000071,
              5.5540939540000522,
              0,
              null
            ],
            [
              95.289750459000061,
              5.5541046680000363,
              0,
              null
            ],
            [
              95.289728222000065,
              5.554113563000044,
              0,
              null
            ],
            [
              95.289623001000052,
              5.5541556500000411,
              0,
              null
            ],
            [
              95.289614223000058,
              5.5541591620000759,
              0,
              null
            ],
            [
              95.289568777000056,
              5.5541772320000291,
              0,
              null
            ],
            [
              95.289486198000077,
              5.5542100680000317,
              0,
              null
            ],
            [
              95.289460812000073,
              5.5542201620000355,
              0,
              null
            ],
            [
              95.289397336000036,
              5.5542454010000597,
              0,
              null
            ],
            [
              95.289363972000046,
              5.5542586680000454,
              0,
              null
            ],
            [
              95.289323531000036,
              5.5542748440000764,
              0,
              null
            ],
            [
              95.28924605800006,
              5.5543058330000576,
              0,
              null
            ],
            [
              95.28920555600007,
              5.5543220330000622,
              0,
              null
            ],
            [
              95.289179761000071,
              5.5543323510000278,
              0,
              null
            ],
            [
              95.289056046000042,
              5.5543818360000614,
              0,
              null
            ],
            [
              95.288737592000075,
              5.5545087370000488,
              0,
              null
            ],
            [
              95.288726963000045,
              5.5544614000000365,
              0,
              null
            ],
            [
              95.288729258000046,
              5.5544178870000565,
              0,
              null
            ],
            [
              95.288730138000062,
              5.5544002170000226,
              0,
              null
            ],
            [
              95.288730035000071,
              5.5543806570000243,
              0,
              null
            ],
            [
              95.288729248000038,
              5.55435088400003,
              0,
              null
            ],
            [
              95.288728808000087,
              5.5542975360000355,
              0,
              null
            ],
            [
              95.288731931000086,
              5.5542115140000305,
              0,
              null
            ],
            [
              95.288736033000077,
              5.5541009290000716,
              0,
              null
            ],
            [
              95.288740272000041,
              5.5539317250000408,
              0,
              null
            ],
            [
              95.288751546000071,
              5.553932006000025,
              0,
              null
            ],
            [
              95.288760363000051,
              5.5539322240000502,
              0,
              null
            ],
            [
              95.28878355900008,
              5.5539330890000542,
              0,
              null
            ],
            [
              95.288843690000078,
              5.5539353310000479,
              0,
              null
            ],
            [
              95.288856994000071,
              5.5539358270000321,
              0,
              null
            ],
            [
              95.288874351000061,
              5.5539364740000678,
              0,
              null
            ],
            [
              95.288887633000058,
              5.5539366350000705,
              0,
              null
            ],
            [
              95.288955658000077,
              5.5539374610000323,
              0,
              null
            ],
            [
              95.288972672000057,
              5.5539361440000334,
              0,
              null
            ],
            [
              95.288983085000041,
              5.5539353380000307,
              0,
              null
            ],
            [
              95.288996495000049,
              5.5539316530000633,
              0,
              null
            ],
            [
              95.289006854000036,
              5.5539251040000295,
              0,
              null
            ],
            [
              95.289015335000045,
              5.553915547000031,
              0,
              null
            ],
            [
              95.289020562000076,
              5.5539096570000765,
              0,
              null
            ],
            [
              95.289069319000077,
              5.5538358790000757,
              0,
              null
            ],
            [
              95.289082658000041,
              5.5538144000000216,
              0,
              null
            ],
            [
              95.289087447000043,
              5.5538066910000339,
              0,
              null
            ],
            [
              95.289094865000038,
              5.5537947480000298,
              0,
              null
            ],
            [
              95.289118201000065,
              5.5537571740000544,
              0,
              null
            ],
            [
              95.289118393000081,
              5.5537568680000504,
              0,
              null
            ],
            [
              95.289128379000033,
              5.5537409910000406,
              0,
              null
            ],
            [
              95.289162671000042,
              5.5536864640000658,
              0,
              null
            ],
            [
              95.289167097000075,
              5.55367942700002,
              0,
              null
            ],
            [
              95.289194313000053,
              5.5536406540000485,
              0,
              null
            ],
            [
              95.289235272000042,
              5.5535823030000415,
              0,
              null
            ],
            [
              95.289235813000062,
              5.5535815320000665,
              0,
              null
            ],
            [
              95.289238293000039,
              5.5535780010000622,
              0,
              null
            ],
            [
              95.289251469000078,
              5.5535549310000647,
              0,
              null
            ],
            [
              95.289263127000083,
              5.5535345220000636,
              0,
              null
            ],
            [
              95.289268931000038,
              5.5535243600000399,
              0,
              null
            ],
            [
              95.289277298000059,
              5.5535043810000388,
              0,
              null
            ],
            [
              95.289287530000081,
              5.5535091500000249,
              0,
              null
            ],
            [
              95.289292510000053,
              5.5535114710000357,
              0,
              null
            ],
            [
              95.289295879000065,
              5.5535130410000306,
              0,
              null
            ],
            [
              95.289372455000034,
              5.55354873400006,
              0,
              null
            ],
            [
              95.289408484000035,
              5.5535655270000461,
              0,
              null
            ],
            [
              95.289411554000083,
              5.5535683440000412,
              0,
              null
            ],
            [
              95.289446086000055,
              5.5535698820000334,
              0,
              null
            ],
            [
              95.289727044000074,
              5.5535777240000357,
              0,
              null
            ],
            [
              95.289852257000064,
              5.5535846310000352,
              0,
              null
            ],
            [
              95.289890495000066,
              5.5535867410000606,
              0,
              null
            ],
            [
              95.289904248000084,
              5.5535874990000593,
              0,
              null
            ],
            [
              95.289907706000065,
              5.5535876900000289,
              0,
              null
            ],
            [
              95.289925114000084,
              5.5535873190000302,
              0,
              null
            ],
            [
              95.289942312000051,
              5.553586952000046,
              0,
              null
            ],
            [
              95.289953063000041,
              5.5535867220000341,
              0,
              null
            ],
            [
              95.289964733000033,
              5.5535879030000501,
              0,
              null
            ],
            [
              95.289964892000057,
              5.5535864180000658,
              0,
              null
            ],
            [
              95.289966223000079,
              5.5535740390000683,
              0,
              null
            ],
            [
              95.289983148000033,
              5.5533966680000617,
              0,
              null
            ],
            [
              95.289982423000083,
              5.553380263000065,
              0,
              null
            ],
            [
              95.289981749000049,
              5.5533650170000328,
              0,
              null
            ],
            [
              95.289977045000057,
              5.5533476080000241,
              0,
              null
            ],
            [
              95.289971177000041,
              5.5533258890000639,
              0,
              null
            ],
            [
              95.289969855000038,
              5.5533209970000712,
              0,
              null
            ],
            [
              95.289960980000046,
              5.5532941640000217,
              0,
              null
            ],
            [
              95.28995737200006,
              5.5532832550000535,
              0,
              null
            ],
            [
              95.289932444000044,
              5.5532070750000457,
              0,
              null
            ],
            [
              95.289929284000038,
              5.5531973800000287,
              0,
              null
            ],
            [
              95.289919337000072,
              5.5531668560000753,
              0,
              null
            ],
            [
              95.289916408000067,
              5.5531578690000742,
              0,
              null
            ],
            [
              95.289916257000073,
              5.553157403000057,
              0,
              null
            ],
            [
              95.289899028000036,
              5.5530903350000358,
              0,
              null
            ],
            [
              95.289894975000038,
              5.5530496030000336,
              0,
              null
            ],
            [
              95.289894903000061,
              5.5530483180000374,
              0,
              null
            ],
            [
              95.289894073000085,
              5.5530334490000541,
              0,
              null
            ],
            [
              95.289891887000067,
              5.5529942350000283,
              0,
              null
            ],
            [
              95.289890215000071,
              5.552964265000071,
              0,
              null
            ],
            [
              95.289889993000031,
              5.5529602800000362,
              0,
              null
            ],
            [
              95.289889642000048,
              5.5529539860000341,
              0,
              null
            ],
            [
              95.289885165000044,
              5.5528880700000514,
              0,
              null
            ],
            [
              95.289884511000082,
              5.5528784430000542,
              0,
              null
            ],
            [
              95.289881922000063,
              5.5528403280000589,
              0,
              null
            ],
            [
              95.289879506000034,
              5.5528037110000241,
              0,
              null
            ],
            [
              95.289877767000064,
              5.552777365000054,
              0,
              null
            ],
            [
              95.289877279000052,
              5.5527699530000518,
              0,
              null
            ],
            [
              95.289876921000086,
              5.5527645440000697,
              0,
              null
            ],
            [
              95.289876359000061,
              5.5527560170000356,
              0,
              null
            ],
            [
              95.289875378000033,
              5.5527411380000444,
              0,
              null
            ],
            [
              95.289875373000086,
              5.5527407820000576,
              0,
              null
            ],
            [
              95.289875119000044,
              5.5527187040000285,
              0,
              null
            ],
            [
              95.289875089000077,
              5.5527161130000309,
              0,
              null
            ],
            [
              95.289879579000058,
              5.5526756360000604,
              0,
              null
            ],
            [
              95.289879904000031,
              5.5526727010000627,
              0,
              null
            ],
            [
              95.289890251000031,
              5.5526281610000296,
              0,
              null
            ],
            [
              95.289895552000075,
              5.5526110630000289,
              0,
              null
            ],
            [
              95.28990058100004,
              5.5525948420000759,
              0,
              null
            ],
            [
              95.289900801000044,
              5.5525941320000243,
              0,
              null
            ],
            [
              95.289885327000036,
              5.5525924540000346,
              0,
              null
            ],
            [
              95.289885264000077,
              5.5525924470000518,
              0,
              null
            ],
            [
              95.28987647200006,
              5.5525914930000226,
              0,
              null
            ],
            [
              95.289858589000062,
              5.5525895530000753,
              0,
              null
            ],
            [
              95.289813400000071,
              5.5525846510000747,
              0,
              null
            ],
            [
              95.289738241000066,
              5.5525764960000288,
              0,
              null
            ],
            [
              95.289712374000032,
              5.5525736910000205,
              0,
              null
            ],
            [
              95.289598543000068,
              5.5525613420000468,
              0,
              null
            ],
            [
              95.289535403000059,
              5.5525544930000592,
              0,
              null
            ],
            [
              95.289501113000085,
              5.5525507730000641,
              0,
              null
            ],
            [
              95.289388505000034,
              5.5525385570000481,
              0,
              null
            ],
            [
              95.289336699000046,
              5.5525329380000699,
              0,
              null
            ],
            [
              95.289329577000046,
              5.5525321650000592,
              0,
              null
            ],
            [
              95.289280820000045,
              5.5525268760000586,
              0,
              null
            ],
            [
              95.289270055000031,
              5.552525709000065,
              0,
              null
            ],
            [
              95.289257110000051,
              5.5525259850000452,
              0,
              null
            ],
            [
              95.289248365000049,
              5.5525252070000306,
              0,
              null
            ],
            [
              95.289241822000065,
              5.5525246250000464,
              0,
              null
            ],
            [
              95.289221343000065,
              5.5525223450000567,
              0,
              null
            ],
            [
              95.289202289000059,
              5.5525224100000514,
              0,
              null
            ],
            [
              95.289142183000081,
              5.5525235660000476,
              0,
              null
            ],
            [
              95.289142025000046,
              5.5525132970000755,
              0,
              null
            ],
            [
              95.289139910000074,
              5.5524992050000606,
              0,
              null
            ],
            [
              95.289136092000035,
              5.5524737620000337,
              0,
              null
            ],
            [
              95.28913338600006,
              5.5524557220000474,
              0,
              null
            ],
            [
              95.289125283000033,
              5.5524293060000218,
              0,
              null
            ],
            [
              95.28911809300007,
              5.5524058600000217,
              0,
              null
            ],
            [
              95.289118018000067,
              5.5524056140000653,
              0,
              null
            ],
            [
              95.289106853000078,
              5.5523622920000548,
              0,
              null
            ],
            [
              95.289106743000048,
              5.5523618640000336,
              0,
              null
            ],
            [
              95.28910445300005,
              5.5523529760000656,
              0,
              null
            ],
            [
              95.289097038000079,
              5.5523047350000638,
              0,
              null
            ],
            [
              95.289095940000038,
              5.5522975890000339,
              0,
              null
            ],
            [
              95.289095425000085,
              5.5522856330000536,
              0,
              null
            ],
            [
              95.289094528000078,
              5.552264760000071,
              0,
              null
            ],
            [
              95.28909423500005,
              5.5522579130000622,
              0,
              null
            ],
            [
              95.289095915000075,
              5.552198679000071,
              0,
              null
            ],
            [
              95.289096092000079,
              5.5521924300000478,
              0,
              null
            ],
            [
              95.289096704000087,
              5.5521708630000717,
              0,
              null
            ],
            [
              95.289098463000073,
              5.552138464000052,
              0,
              null
            ],
            [
              95.28909953200008,
              5.5521187730000747,
              0,
              null
            ],
            [
              95.28910090100004,
              5.5520935570000347,
              0,
              null
            ],
            [
              95.289102053000079,
              5.5520723320000229,
              0,
              null
            ],
            [
              95.28910428000006,
              5.552035586000045,
              0,
              null
            ],
            [
              95.289105536000079,
              5.5520148800000584,
              0,
              null
            ],
            [
              95.289106392000065,
              5.5520043890000466,
              0,
              null
            ],
            [
              95.289073601000041,
              5.5520052980000401,
              0,
              null
            ],
            [
              95.289060225000071,
              5.5520035650000636,
              0,
              null
            ],
            [
              95.289038677000065,
              5.5520007730000316,
              0,
              null
            ],
            [
              95.288950711000041,
              5.5519893730000263,
              0,
              null
            ],
            [
              95.288847926000074,
              5.551976054000022,
              0,
              null
            ],
            [
              95.288846885000055,
              5.5519759260000683,
              0,
              null
            ],
            [
              95.288811363000036,
              5.5519715450000717,
              0,
              null
            ],
            [
              95.288760527000079,
              5.5519652740000538,
              0,
              null
            ],
            [
              95.28875236600004,
              5.551964339000051,
              0,
              null
            ],
            [
              95.288676426000052,
              5.5519556380000381,
              0,
              null
            ],
            [
              95.288671958000066,
              5.5519550440000671,
              0,
              null
            ],
            [
              95.288655660000074,
              5.5519528750000404,
              0,
              null
            ],
            [
              95.28860983800007,
              5.5519467760000225,
              0,
              null
            ],
            [
              95.288592280000046,
              5.5519438250000235,
              0,
              null
            ],
            [
              95.288579335000065,
              5.5519347900000753,
              0,
              null
            ],
            [
              95.288568464000036,
              5.5519185160000575,
              0,
              null
            ],
            [
              95.288562737000063,
              5.5519001710000566,
              0,
              null
            ],
            [
              95.288561796000067,
              5.5518809840000358,
              0,
              null
            ],
            [
              95.288562465000041,
              5.5518754800000352,
              0,
              null
            ],
            [
              95.288566099000036,
              5.5518456150000475,
              0,
              null
            ],
            [
              95.28856793500006,
              5.5518305200000668,
              0,
              null
            ],
            [
              95.288567980000039,
              5.551830245000076,
              0,
              null
            ],
            [
              95.288581687000033,
              5.5517462550000687,
              0,
              null
            ],
            [
              95.288587045000043,
              5.5517134270000383,
              0,
              null
            ],
            [
              95.288587157000052,
              5.5517127400000277,
              0,
              null
            ],
            [
              95.288592577000031,
              5.5516795310000475,
              0,
              null
            ],
            [
              95.288598461000049,
              5.5516500460000202,
              0,
              null
            ],
            [
              95.288606903000073,
              5.5516077450000694,
              0,
              null
            ],
            [
              95.288607157000058,
              5.5516064730000494,
              0,
              null
            ],
            [
              95.288610083000037,
              5.5515918090000582,
              0,
              null
            ],
            [
              95.288617816000055,
              5.5515733660000706,
              0,
              null
            ],
            [
              95.288602016000084,
              5.5515643730000761,
              0,
              null
            ],
            [
              95.288598817000036,
              5.5515617430000361,
              0,
              null
            ],
            [
              95.288591999000062,
              5.5515602590000412,
              0,
              null
            ],
            [
              95.288590119000048,
              5.5515591820000623,
              0,
              null
            ],
            [
              95.28858709800005,
              5.5515547830000287,
              0,
              null
            ],
            [
              95.288585825000041,
              5.5515524100000562,
              0,
              null
            ],
            [
              95.288584343000082,
              5.5515470830000595,
              0,
              null
            ],
            [
              95.288580680000052,
              5.5515352370000528,
              0,
              null
            ],
            [
              95.288578245000053,
              5.5515307270000562,
              0,
              null
            ],
            [
              95.288576785000032,
              5.5515296090000561,
              0,
              null
            ],
            [
              95.288574969000081,
              5.551528218000044,
              0,
              null
            ],
            [
              95.288570740000068,
              5.5515265260000319,
              0,
              null
            ],
            [
              95.28856709300004,
              5.5515257900000279,
              0,
              null
            ],
            [
              95.288560980000057,
              5.551524430000029,
              0,
              null
            ],
            [
              95.288555806000033,
              5.5515232030000448,
              0,
              null
            ],
            [
              95.288552759000083,
              5.5515216420000684,
              0,
              null
            ],
            [
              95.288548326000068,
              5.5515159280000717,
              0,
              null
            ],
            [
              95.288546950000068,
              5.5515124980000223,
              0,
              null
            ],
            [
              95.288545795000061,
              5.5515100080000366,
              0,
              null
            ],
            [
              95.288544413000068,
              5.5515026920000423,
              0,
              null
            ],
            [
              95.288538084000038,
              5.551503728000057,
              0,
              null
            ],
            [
              95.288531878000072,
              5.5515040420000332,
              0,
              null
            ],
            [
              95.288518708000083,
              5.5515042830000425,
              0,
              null
            ],
            [
              95.288508259000082,
              5.5515043300000571,
              0,
              null
            ],
            [
              95.288505446000045,
              5.5515043430000333,
              0,
              null
            ],
            [
              95.288492723000047,
              5.551503814000057,
              0,
              null
            ],
            [
              95.288480948000085,
              5.5515033440000252,
              0,
              null
            ],
            [
              95.288472107000075,
              5.5515033240000662,
              0,
              null
            ],
            [
              95.288461256000062,
              5.5515039360000742,
              0,
              null
            ],
            [
              95.288453592000053,
              5.5515049870000439,
              0,
              null
            ],
            [
              95.288449734000039,
              5.5515049000000545,
              0,
              null
            ],
            [
              95.288449117000084,
              5.5515048870000214,
              0,
              null
            ],
            [
              95.288448765000055,
              5.5515048080000611,
              0,
              null
            ],
            [
              95.28844736700006,
              5.5515044900000703,
              0,
              null
            ],
            [
              95.288442056000065,
              5.5515032870000596,
              0,
              null
            ],
            [
              95.288437903000045,
              5.5515003560000764,
              0,
              null
            ],
            [
              95.288437728000076,
              5.551499462000038,
              0,
              null
            ],
            [
              95.288438212000074,
              5.5514916230000608,
              0,
              null
            ],
            [
              95.288439869000058,
              5.5514834650000466,
              0,
              null
            ],
            [
              95.288439877000087,
              5.5514834270000506,
              0,
              null
            ],
            [
              95.28844147600006,
              5.5514699790000464,
              0,
              null
            ],
            [
              95.288442104000069,
              5.5514586840000675,
              0,
              null
            ],
            [
              95.288442328000087,
              5.5514546360000736,
              0,
              null
            ],
            [
              95.28844276600006,
              5.5514453920000619,
              0,
              null
            ],
            [
              95.28844291200005,
              5.5514423040000338,
              0,
              null
            ],
            [
              95.288443382000082,
              5.5514260170000398,
              0,
              null
            ],
            [
              95.288443421000068,
              5.551424657000041,
              0,
              null
            ],
            [
              95.288443610000058,
              5.5514104290000432,
              0,
              null
            ],
            [
              95.28844235400004,
              5.5513936480000439,
              0,
              null
            ],
            [
              95.288442180000061,
              5.5513926020000213,
              0,
              null
            ],
            [
              95.288440230000049,
              5.5513809370000331,
              0,
              null
            ],
            [
              95.288438923000058,
              5.5513705440000649,
              0,
              null
            ],
            [
              95.288438750000068,
              5.5513691740000581,
              0,
              null
            ],
            [
              95.28843614200008,
              5.5513641310000708,
              0,
              null
            ],
            [
              95.288432853000074,
              5.5513628600000402,
              0,
              null
            ],
            [
              95.288422596000032,
              5.5513629450000508,
              0,
              null
            ],
            [
              95.288414405000083,
              5.5513631670000336,
              0,
              null
            ],
            [
              95.28841010900004,
              5.5513634130000469,
              0,
              null
            ],
            [
              95.288395779000041,
              5.5513642330000721,
              0,
              null
            ],
            [
              95.288378796000075,
              5.5513656100000617,
              0,
              null
            ],
            [
              95.288373961000048,
              5.5513657460000445,
              0,
              null
            ],
            [
              95.288363471000082,
              5.5513662390000604,
              0,
              null
            ],
            [
              95.288351080000041,
              5.5513674260000698,
              0,
              null
            ],
            [
              95.288340176000077,
              5.5513684440000475,
              0,
              null
            ],
            [
              95.288334371000076,
              5.5513691680000647,
              0,
              null
            ],
            [
              95.288331799000048,
              5.5513694890000238,
              0,
              null
            ],
            [
              95.288323415000036,
              5.5513710040000319,
              0,
              null
            ],
            [
              95.288314264000064,
              5.5513725130000466,
              0,
              null
            ],
            [
              95.288309196000057,
              5.5513730570000348,
              0,
              null
            ],
            [
              95.288304495000034,
              5.5513735380000639,
              0,
              null
            ],
            [
              95.288299113000051,
              5.5513740900000244,
              0,
              null
            ],
            [
              95.288289914000075,
              5.5513747760000456,
              0,
              null
            ],
            [
              95.288284918000045,
              5.5513751560000628,
              0,
              null
            ],
            [
              95.288284875000045,
              5.5513751600000205,
              0,
              null
            ],
            [
              95.28828165200008,
              5.5513754050000443,
              0,
              null
            ],
            [
              95.288272806000066,
              5.5513763250000352,
              0,
              null
            ],
            [
              95.288263013000062,
              5.551377475000038,
              0,
              null
            ],
            [
              95.288256004000061,
              5.5513777640000512,
              0,
              null
            ],
            [
              95.288247632000036,
              5.551377923000075,
              0,
              null
            ],
            [
              95.288242743000069,
              5.5513779420000446,
              0,
              null
            ],
            [
              95.288234509000063,
              5.5513765100000683,
              0,
              null
            ],
            [
              95.288205932000039,
              5.5513745480000694,
              0,
              null
            ],
            [
              95.288207273000069,
              5.5513413240000204,
              0,
              null
            ],
            [
              95.288207400000033,
              5.5513371860000689,
              0,
              null
            ],
            [
              95.288207978000059,
              5.5513183680000679,
              0,
              null
            ],
            [
              95.288208269000052,
              5.5513088990000483,
              0,
              null
            ],
            [
              95.288208357000087,
              5.5513060290000453,
              0,
              null
            ],
            [
              95.288208556000086,
              5.5512995620000538,
              0,
              null
            ],
            [
              95.288209588000086,
              5.5512659200000485,
              0,
              null
            ],
            [
              95.288210088000085,
              5.5512496300000294,
              0,
              null
            ],
            [
              95.288210253000045,
              5.5512442630000578,
              0,
              null
            ],
            [
              95.288210415000037,
              5.5512390040000241,
              0,
              null
            ],
            [
              95.288211668000031,
              5.5511911300000634,
              0,
              null
            ],
            [
              95.288211937000085,
              5.5511808640000595,
              0,
              null
            ],
            [
              95.288212129000044,
              5.5511735620000309,
              0,
              null
            ],
            [
              95.288212026000053,
              5.5511661020000247,
              0,
              null
            ],
            [
              95.288211947000036,
              5.5511603660000333,
              0,
              null
            ],
            [
              95.28821174400008,
              5.5511456540000381,
              0,
              null
            ],
            [
              95.288211462000049,
              5.5511251990000687,
              0,
              null
            ],
            [
              95.288211359000059,
              5.5511177860000203,
              0,
              null
            ],
            [
              95.28821122800008,
              5.5511082020000231,
              0,
              null
            ],
            [
              95.288211127000068,
              5.5511044500000253,
              0,
              null
            ],
            [
              95.28821008500006,
              5.551065301000051,
              0,
              null
            ],
            [
              95.288209877000043,
              5.5510574960000554,
              0,
              null
            ],
            [
              95.288186088000032,
              5.5510575430000699,
              0,
              null
            ],
            [
              95.288173990000075,
              5.5510575680000329,
              0,
              null
            ],
            [
              95.288171725000041,
              5.5510575720000475,
              0,
              null
            ],
            [
              95.288150271000063,
              5.55105683000005,
              0,
              null
            ],
            [
              95.288097692000065,
              5.5510550110000736,
              0,
              null
            ],
            [
              95.288071788000082,
              5.5510520160000283,
              0,
              null
            ],
            [
              95.288057825000067,
              5.551050402000044,
              0,
              null
            ],
            [
              95.288052785000048,
              5.5510494760000597,
              0,
              null
            ],
            [
              95.288042604000054,
              5.5510476040000754,
              0,
              null
            ],
            [
              95.288043369000036,
              5.5510213960000669,
              0,
              null
            ],
            [
              95.288043846000051,
              5.5510148740000318,
              0,
              null
            ],
            [
              95.288044764000063,
              5.551002335000021,
              0,
              null
            ],
            [
              95.288047474000052,
              5.5509653280000748,
              0,
              null
            ],
            [
              95.288048527000058,
              5.5509557910000353,
              0,
              null
            ],
            [
              95.288051260000032,
              5.5509310270000469,
              0,
              null
            ],
            [
              95.288051789000065,
              5.5509262340000305,
              0,
              null
            ],
            [
              95.288057638000055,
              5.5508826960000306,
              0,
              null
            ],
            [
              95.288059406000059,
              5.5508556220000287,
              0,
              null
            ],
            [
              95.288060201000064,
              5.5508434570000418,
              0,
              null
            ],
            [
              95.288062000000082,
              5.5508158960000742,
              0,
              null
            ],
            [
              95.288067283000032,
              5.5507562750000261,
              0,
              null
            ],
            [
              95.288068199000065,
              5.5507459440000275,
              0,
              null
            ],
            [
              95.288071131000038,
              5.5507108870000366,
              0,
              null
            ],
            [
              95.288072894000038,
              5.5506884170000603,
              0,
              null
            ],
            [
              95.288070361000052,
              5.5506727620000333,
              0,
              null
            ],
            [
              95.288059962000034,
              5.5506479030000264,
              0,
              null
            ],
            [
              95.288044815000035,
              5.5506363800000713,
              0,
              null
            ],
            [
              95.288056543000039,
              5.5506177410000532,
              0,
              null
            ],
            [
              95.288058103000083,
              5.5506081350000613,
              0,
              null
            ],
            [
              95.288064320000046,
              5.5505381190000662,
              0,
              null
            ],
            [
              95.288068208000084,
              5.5504352090000566,
              0,
              null
            ],
            [
              95.288069961000076,
              5.5503400360000228,
              0,
              null
            ],
            [
              95.28807432900004,
              5.550312305000034,
              0,
              null
            ],
            [
              95.288085634000083,
              5.5502752090000627,
              0,
              null
            ],
            [
              95.288097310000069,
              5.5502521590000242,
              0,
              null
            ],
            [
              95.288111351000055,
              5.5502367830000594,
              0,
              null
            ],
            [
              95.28813202300006,
              5.5502257830000303,
              0,
              null
            ],
            [
              95.288155763000077,
              5.5502221750000444,
              0,
              null
            ],
            [
              95.288186343000064,
              5.550223747000075,
              0,
              null
            ],
            [
              95.288263368000059,
              5.5502324880000629,
              0,
              null
            ],
            [
              95.288324718000069,
              5.550242555000068,
              0,
              null
            ],
            [
              95.288401424000085,
              5.5502527980000309,
              0,
              null
            ],
            [
              95.288439543000038,
              5.5502558590000604,
              0,
              null
            ],
            [
              95.288458584000068,
              5.5502546740000298,
              0,
              null
            ],
            [
              95.288494098000058,
              5.5502601050000635,
              0,
              null
            ],
            [
              95.288497977000077,
              5.5502419870000494,
              0,
              null
            ],
            [
              95.288535848000038,
              5.5501315030000455,
              0,
              null
            ],
            [
              95.288559282000051,
              5.5500694380000368,
              0,
              null
            ],
            [
              95.288585685000044,
              5.550010056000076,
              0,
              null
            ],
            [
              95.288646219000043,
              5.5498742410000546,
              0,
              null
            ],
            [
              95.288677096000072,
              5.5498121110000511,
              0,
              null
            ],
            [
              95.288712246000046,
              5.5497470820000672,
              0,
              null
            ],
            [
              95.288735927000062,
              5.5497143040000765,
              0,
              null
            ],
            [
              95.288779486000067,
              5.5496725990000755,
              0,
              null
            ],
            [
              95.288812128000075,
              5.5496472710000262,
              0,
              null
            ],
            [
              95.288868710000031,
              5.5496117810000669,
              0,
              null
            ],
            [
              95.288936586000034,
              5.5495759390000217,
              0,
              null
            ],
            [
              95.289018567000085,
              5.5495434230000455,
              0,
              null
            ],
            [
              95.289129519000085,
              5.5494977520000361,
              0,
              null
            ],
            [
              95.289252972000043,
              5.5494510280000213,
              0,
              null
            ],
            [
              95.289301757000032,
              5.5494289910000703,
              0,
              null
            ],
            [
              95.289459936000071,
              5.54935236700004,
              0,
              null
            ],
            [
              95.289482629000076,
              5.5493405200000439,
              0,
              null
            ],
            [
              95.289552633000085,
              5.5493031860000315,
              0,
              null
            ],
            [
              95.289607896000064,
              5.5492740010000716,
              0,
              null
            ],
            [
              95.289659999000037,
              5.549246862000075,
              0,
              null
            ],
            [
              95.289715386000069,
              5.5492196020000506,
              0,
              null
            ],
            [
              95.289776126000049,
              5.5491906850000419,
              0,
              null
            ],
            [
              95.289829911000083,
              5.549166838000076,
              0,
              null
            ],
            [
              95.289863100000048,
              5.5491522290000717,
              0,
              null
            ],
            [
              95.289908904000072,
              5.5491338010000391,
              0,
              null
            ],
            [
              95.289973176000046,
              5.5491155460000527,
              0,
              null
            ],
            [
              95.290041551000058,
              5.5490993350000508,
              0,
              null
            ],
            [
              95.290152825000064,
              5.5490783940000483,
              0,
              null
            ],
            [
              95.290258976000075,
              5.5490579520000551,
              0,
              null
            ],
            [
              95.290297899000052,
              5.5490519160000531,
              0,
              null
            ],
            [
              95.290354885000056,
              5.5490421990000414,
              0,
              null
            ],
            [
              95.290398244000073,
              5.5490348040000299,
              0,
              null
            ],
            [
              95.290504962000057,
              5.5490162400000713,
              0,
              null
            ],
            [
              95.29068475300005,
              5.5489949880000609,
              0,
              null
            ],
            [
              95.290718671000036,
              5.5489939700000264,
              0,
              null
            ],
            [
              95.290772495000056,
              5.5490013010000325,
              0,
              null
            ],
            [
              95.290908045000037,
              5.5490223250000668,
              0,
              null
            ],
            [
              95.291013389000057,
              5.549040357000024,
              0,
              null
            ],
            [
              95.29107943200006,
              5.5490486610000289,
              0,
              null
            ],
            [
              95.291168476000053,
              5.549060402000066,
              0,
              null
            ],
            [
              95.291231738000079,
              5.5490679030000365,
              0,
              null
            ],
            [
              95.291266514000085,
              5.549074466000036,
              0,
              null
            ],
            [
              95.291295821000062,
              5.5490826510000488,
              0,
              null
            ],
            [
              95.29136937700008,
              5.5491088690000652,
              0,
              null
            ],
            [
              95.291419143000041,
              5.5491306990000453,
              0,
              null
            ],
            [
              95.291475106000064,
              5.5491568740000616,
              0,
              null
            ],
            [
              95.291549910000072,
              5.5491908700000749,
              0,
              null
            ],
            [
              95.29160617000008,
              5.5492169830000648,
              0,
              null
            ],
            [
              95.291654440000059,
              5.5492391230000635,
              0,
              null
            ],
            [
              95.291666632000045,
              5.5492421980000586,
              0,
              null
            ],
            [
              95.291672583000036,
              5.5492436990000442,
              0,
              null
            ],
            [
              95.291696318000049,
              5.5492388420000225,
              0,
              null
            ],
            [
              95.291740190000041,
              5.5492298660000756,
              0,
              null
            ],
            [
              95.291750828000033,
              5.5492276130000278,
              0,
              null
            ],
            [
              95.291757503000042,
              5.549226678000025,
              0,
              null
            ],
            [
              95.291763908000064,
              5.5492257800000289,
              0,
              null
            ],
            [
              95.291789486000084,
              5.5492242170000736,
              0,
              null
            ],
            [
              95.291823778000037,
              5.5492242470000406,
              0,
              null
            ],
            [
              95.291859110000075,
              5.5492248960000552,
              0,
              null
            ],
            [
              95.29189933400005,
              5.5492279960000701,
              0,
              null
            ],
            [
              95.291971797000087,
              5.5492335800000205,
              0,
              null
            ],
            [
              95.291989157000046,
              5.5492339400000219,
              0,
              null
            ],
            [
              95.291995633000056,
              5.5492340740000259,
              0,
              null
            ],
            [
              95.292007047000084,
              5.5492343110000206,
              0,
              null
            ],
            [
              95.292024897000033,
              5.5492331570000601,
              0,
              null
            ],
            [
              95.292059134000056,
              5.5492286310000623,
              0,
              null
            ],
            [
              95.292103951000058,
              5.5492139220000354,
              0,
              null
            ],
            [
              95.29211772900004,
              5.5492052990000502,
              0,
              null
            ],
            [
              95.292129979000038,
              5.5491882310000733,
              0,
              null
            ],
            [
              95.292151491000084,
              5.5491566720000378,
              0,
              null
            ],
            [
              95.292161594000049,
              5.5491474580000499,
              0,
              null
            ],
            [
              95.292162175000044,
              5.549147289000075,
              0,
              null
            ],
            [
              95.292179240000053,
              5.5491423100000361,
              0,
              null
            ],
            [
              95.292185442000061,
              5.5491417980000506,
              0,
              null
            ],
            [
              95.292201543000033,
              5.5491404700000544,
              0,
              null
            ],
            [
              95.292282373000035,
              5.5491521370000214,
              0,
              null
            ],
            [
              95.292301378000047,
              5.5491548800000601,
              0,
              null
            ],
            [
              95.292497885000046,
              5.5491867680000269,
              0,
              null
            ],
            [
              95.29266268300006,
              5.5492220420000535,
              0,
              null
            ],
            [
              95.292735116000074,
              5.5492376970000237,
              0,
              null
            ],
            [
              95.292813883000065,
              5.549254721000068,
              0,
              null
            ],
            [
              95.292833090000045,
              5.5492577740000684,
              0,
              null
            ],
            [
              95.292837003000045,
              5.5492766030000666,
              0,
              null
            ],
            [
              95.292842343000075,
              5.5493021470000485,
              0,
              null
            ],
            [
              95.292844172000059,
              5.5493270520000237,
              0,
              null
            ],
            [
              95.292835478000086,
              5.5494189430000347,
              0,
              null
            ],
            [
              95.292822323000053,
              5.5494954310000253,
              0,
              null
            ],
            [
              95.29286247400006,
              5.5495041520000541,
              0,
              null
            ],
            [
              95.292860085000086,
              5.5495151940000369,
              0,
              null
            ],
            [
              95.292849610000076,
              5.5495636130000321,
              0,
              null
            ],
            [
              95.292881606000037,
              5.5496262660000752,
              0,
              null
            ],
            [
              95.292927428000041,
              5.5497159940000529,
              0,
              null
            ],
            [
              95.292950696000048,
              5.5497456270000498,
              0,
              null
            ],
            [
              95.293111655000075,
              5.5499506180000253,
              0,
              null
            ],
            [
              95.293128245000048,
              5.5499634530000321,
              0,
              null
            ],
            [
              95.293199136000055,
              5.550018299000044,
              0,
              null
            ],
            [
              95.293202393000058,
              5.5500208200000429,
              0,
              null
            ],
            [
              95.293289045000051,
              5.5500491920000741,
              0,
              null
            ],
            [
              95.293299782000076,
              5.55004552500003,
              0,
              null
            ],
            [
              95.293309079000039,
              5.550065466000035,
              0,
              null
            ],
            [
              95.293320915000038,
              5.550079113000038,
              0,
              null
            ],
            [
              95.293323809000071,
              5.5500824490000582,
              0,
              null
            ],
            [
              95.293326198000045,
              5.5500852040000268,
              0,
              null
            ],
            [
              95.293341155000064,
              5.5500968070000454,
              0,
              null
            ],
            [
              95.293362542000068,
              5.5501076340000282,
              0,
              null
            ],
            [
              95.293386478000059,
              5.5501148540000713,
              0,
              null
            ],
            [
              95.293414333000044,
              5.5501209830000562,
              0,
              null
            ],
            [
              95.293430218000083,
              5.5501228110000511,
              0,
              null
            ],
            [
              95.293599054000083,
              5.5501241260000711,
              0,
              null
            ],
            [
              95.293633266000086,
              5.550125610000066,
              0,
              null
            ],
            [
              95.293673252000076,
              5.5501273450000213,
              0,
              null
            ],
            [
              95.293697561000045,
              5.550128571000073,
              0,
              null
            ],
            [
              95.293721849000065,
              5.5501313960000402,
              0,
              null
            ],
            [
              95.293727947000036,
              5.550132293000047,
              0,
              null
            ],
            [
              95.293746537000061,
              5.5501350250000314,
              0,
              null
            ],
            [
              95.293784968000068,
              5.550139386000069,
              0,
              null
            ],
            [
              95.293904706000035,
              5.5501469030000408,
              0,
              null
            ],
            [
              95.294058264000057,
              5.550161140000057,
              0,
              null
            ],
            [
              95.294261010000071,
              5.5501804290000223,
              0,
              null
            ],
            [
              95.294280531000084,
              5.5501822160000529,
              0,
              null
            ],
            [
              95.294314995000036,
              5.5501849380000294,
              0,
              null
            ],
            [
              95.294467790000056,
              5.5501953640000465,
              0,
              null
            ],
            [
              95.294538698000054,
              5.5501552070000457,
              0,
              null
            ],
            [
              95.294561099000077,
              5.5501342490000525,
              0,
              null
            ],
            [
              95.294576955000082,
              5.5501077740000255,
              0,
              null
            ],
            [
              95.29459031600004,
              5.5500937200000635,
              0,
              null
            ],
            [
              95.294602526000062,
              5.5500853660000757,
              0,
              null
            ],
            [
              95.294621893000055,
              5.5500776340000471,
              0,
              null
            ],
            [
              95.294665714000075,
              5.5500690210000698,
              0,
              null
            ],
            [
              95.294740396000066,
              5.5500621780000756,
              0,
              null
            ],
            [
              95.294804991000035,
              5.5500528520000216,
              0,
              null
            ],
            [
              95.294854905000079,
              5.5500406180000255,
              0,
              null
            ],
            [
              95.294887188000075,
              5.5500276560000543,
              0,
              null
            ],
            [
              95.294908435000082,
              5.5500160760000767,
              0,
              null
            ],
            [
              95.294921566000085,
              5.5500078520000216,
              0,
              null
            ],
            [
              95.294932473000074,
              5.5500010220000604,
              0,
              null
            ],
            [
              95.294950601000039,
              5.5499879350000469,
              0,
              null
            ],
            [
              95.294967280000037,
              5.5499733630000492,
              0,
              null
            ],
            [
              95.294998461000034,
              5.5499505080000517,
              0,
              null
            ],
            [
              95.295027380000079,
              5.5499355170000513,
              0,
              null
            ],
            [
              95.295050157000048,
              5.549930158000052,
              0,
              null
            ],
            [
              95.295091307000064,
              5.549926193000033,
              0,
              null
            ],
            [
              95.29513337700007,
              5.549926590000041,
              0,
              null
            ],
            [
              95.295174949000057,
              5.5499289140000201,
              0,
              null
            ],
            [
              95.295269688000076,
              5.5499344130000736,
              0,
              null
            ],
            [
              95.295315385000038,
              5.5499350850000724,
              0,
              null
            ],
            [
              95.295321103000049,
              5.5499349340000208,
              0,
              null
            ],
            [
              95.295355780000079,
              5.5499340150000762,
              0,
              null
            ],
            [
              95.295444046000057,
              5.5499336360000484,
              0,
              null
            ],
            [
              95.295480103000045,
              5.5499305860000732,
              0,
              null
            ],
            [
              95.295510858000057,
              5.5499260280000726,
              0,
              null
            ],
            [
              95.295535336000057,
              5.5499197230000732,
              0,
              null
            ],
            [
              95.295577054000034,
              5.5499063090000504,
              0,
              null
            ],
            [
              95.295602962000032,
              5.5499033970000369,
              0,
              null
            ],
            [
              95.295621569000048,
              5.5499045450000608,
              0,
              null
            ],
            [
              95.296496813000033,
              5.5499660470000549,
              0,
              null
            ],
            [
              95.296504943000059,
              5.5505415920000587,
              0,
              null
            ],
            [
              95.296508234000044,
              5.5505874620000668,
              0,
              null
            ],
            [
              95.296510166000076,
              5.5506647680000469,
              0,
              null
            ],
            [
              95.296505115000059,
              5.5506929720000358,
              0,
              null
            ],
            [
              95.296497491000082,
              5.5507115590000353,
              0,
              null
            ],
            [
              95.296479789000045,
              5.5507273830000372,
              0,
              null
            ],
            [
              95.296450997000079,
              5.5507335060000287,
              0,
              null
            ],
            [
              95.296146702000044,
              5.550735517000021,
              0,
              null
            ],
            [
              95.295849316000044,
              5.5507331600000498,
              0,
              null
            ],
            [
              95.295802418000051,
              5.5507417760000521,
              0,
              null
            ],
            [
              95.295751454000083,
              5.5507517460000599,
              0,
              null
            ],
            [
              95.295740075000083,
              5.5507523760000481,
              0,
              null
            ],
            [
              95.295751517000042,
              5.550808919000076,
              0,
              null
            ],
            [
              95.295765878000054,
              5.5508926750000569,
              0,
              null
            ],
            [
              95.295771450000075,
              5.5509220220000657,
              0,
              null
            ],
            [
              95.295785831000046,
              5.5510036540000556,
              0,
              null
            ],
            [
              95.295800937000081,
              5.5511072580000587,
              0,
              null
            ],
            [
              95.295810736000078,
              5.55118231900002,
              0,
              null
            ],
            [
              95.295814967000069,
              5.551226558000053,
              0,
              null
            ],
            [
              95.295816353000077,
              5.5512488170000438,
              0,
              null
            ],
            [
              95.295815348000076,
              5.5512991330000432,
              0,
              null
            ],
            [
              95.295816708000075,
              5.5513241850000554,
              0,
              null
            ],
            [
              95.295817346000035,
              5.5513279720000241,
              0,
              null
            ],
            [
              95.295820235000065,
              5.5513451240000222,
              0,
              null
            ],
            [
              95.295824948000075,
              5.551366999000038,
              0,
              null
            ],
            [
              95.295831775000067,
              5.5513897070000553,
              0,
              null
            ],
            [
              95.29584701400006,
              5.5514227400000209,
              0,
              null
            ],
            [
              95.295869400000072,
              5.5514585030000489,
              0,
              null
            ],
            [
              95.295898711000063,
              5.551495902000056,
              0,
              null
            ],
            [
              95.295919039000069,
              5.5515172640000401,
              0,
              null
            ],
            [
              95.295946922000041,
              5.5515420950000589,
              0,
              null
            ],
            [
              95.295981543000039,
              5.5515667390000658,
              0,
              null
            ],
            [
              95.295976216000042,
              5.5515768070000604,
              0,
              null
            ],
            [
              95.295920945000034,
              5.5516953430000626,
              0,
              null
            ],
            [
              95.295855174000053,
              5.5518926100000385,
              0,
              null
            ],
            [
              95.295842548000053,
              5.5519339550000382,
              0,
              null
            ],
            [
              95.295781312000031,
              5.5521344720000343,
              0,
              null
            ],
            [
              95.295775953000032,
              5.5521515180000733,
              0,
              null
            ],
            [
              95.295747317000064,
              5.5522426050000604,
              0,
              null
            ],
            [
              95.295743249000054,
              5.5522555470000725,
              0,
              null
            ],
            [
              95.295736733000069,
              5.5522829350000507,
              0,
              null
            ],
            [
              95.295738769000081,
              5.5523077030000536,
              0,
              null
            ],
            [
              95.295727741000064,
              5.5523112040000342,
              0,
              null
            ],
            [
              95.295704404000048,
              5.5523143990000676,
              0,
              null
            ],
            [
              95.29569570600006,
              5.5523142520000306,
              0,
              null
            ],
            [
              95.29567133900008,
              5.5523096470000723,
              0,
              null
            ],
            [
              95.295661782000082,
              5.5523059360000389,
              0,
              null
            ],
            [
              95.295625305000044,
              5.5522917740000253,
              0,
              null
            ],
            [
              95.295489190000069,
              5.5522276270000361,
              0,
              null
            ],
            [
              95.295427502000052,
              5.5522003420000487,
              0,
              null
            ],
            [
              95.295407298000043,
              5.5521967320000272,
              0,
              null
            ],
            [
              95.295345584000074,
              5.5522194110000669,
              0,
              null
            ],
            [
              95.295322173000045,
              5.5522280140000362,
              0,
              null
            ],
            [
              95.295196682000039,
              5.5526171910000244,
              0,
              null
            ],
            [
              95.29518253100008,
              5.5526720600000203,
              0,
              null
            ],
            [
              95.295159123000076,
              5.5527006790000542,
              0,
              null
            ],
            [
              95.295034790000045,
              5.5528533570000604,
              0,
              null
            ],
            [
              95.294997165000041,
              5.5528985460000513,
              0,
              null
            ],
            [
              95.294976837000036,
              5.5529334170000766,
              0,
              null
            ],
            [
              95.294957350000061,
              5.5529654320000645,
              0,
              null
            ],
            [
              95.294939185000032,
              5.5529952760000469,
              0,
              null
            ],
            [
              95.294924814000069,
              5.5530170710000561,
              0,
              null
            ],
            [
              95.294902094000065,
              5.553040668000051,
              0,
              null
            ],
            [
              95.294863516000078,
              5.5530985720000672,
              0,
              null
            ],
            [
              95.294856043000038,
              5.5532238580000239,
              0,
              null
            ],
            [
              95.294865790000074,
              5.5532481090000374,
              0,
              null
            ],
            [
              95.294866644000081,
              5.5533217130000594,
              0,
              null
            ],
            [
              95.294865990000062,
              5.553333245000033,
              0,
              null
            ],
            [
              95.294864158000053,
              5.5533655430000408,
              0,
              null
            ],
            [
              95.294860337000046,
              5.553406055000039,
              0,
              null
            ],
            [
              95.294855380000058,
              5.5534586240000294,
              0,
              null
            ]
          ]
        ]
      },
      "properties" : {
        "FID" : 0,
        "OBJECTID" : 4324,
        "KDPPUM" : "11",
        "NAMOBJ" : "Cot Lamkuweuh",
        "REMARK" : " ",
        "KDPBPS" : " ",
        "FCODE" : "BA03070040",
        "LUASWH" : 0,
        "UUPP" : "RBI",
        "SRS_ID" : "SRGI 2013",
        "METADATA" : "TASWIL1000020200326DATA_BATAS_DESA_KELURAHAN",
        "KDEBPS" : " ",
        "KDEPUM" : "11.71.03.2013",
        "KDCBPS" : " ",
        "KDCPUM" : "11.71.03",
        "KDBBPS" : " ",
        "WADMKD" : "Cot Lamkuweuh",
        "WIADKD" : "0",
        "WADMKC" : "Meuraxa",
        "WIADKC" : " ",
        "WADMKK" : "Kota Banda Aceh",
        "WIADKK" : " ",
        "WADMPR" : "Aceh",
        "WIADPR" : " ",
        "TIPADM" : 9,
        "KDPKAB" : "11.71",
        "SHAPE_Leng" : 0.028157021951892999,
        "SHAPE_Area" : 2.7729383188999999e-05
      }
    }
  ]
}