{
  "hasZ" : true,
  "hasM" : true,
  "type" : "FeatureCollection",
  "features" : [
    {
      "type" : "Feature",
      "id" : 0,
      "geometry" : {
        "type" : "Polygon",
        "coordinates" : [
          [
            [
              95.345879244000059,
              5.5692121590000738,
              0,
              null
            ],
            [
              95.345877747000031,
              5.5692200900000444,
              0,
              null
            ],
            [
              95.345876752000038,
              5.5692259220000437,
              0,
              null
            ],
            [
              95.345863347000034,
              5.5692999140000552,
              0,
              null
            ],
            [
              95.34586308300004,
              5.5693012970000382,
              0,
              null
            ],
            [
              95.345852043000036,
              5.5693589960000622,
              0,
              null
            ],
            [
              95.345839394000052,
              5.5694251070000291,
              0,
              null
            ],
            [
              95.345813713000041,
              5.5695593380000332,
              0,
              null
            ],
            [
              95.345797270000048,
              5.569645281000021,
              0,
              null
            ],
            [
              95.345782230000054,
              5.5697251320000305,
              0,
              null
            ],
            [
              95.345781414000044,
              5.5697407850000218,
              0,
              null
            ],
            [
              95.345786091000036,
              5.5697594610000465,
              0,
              null
            ],
            [
              95.345813770000063,
              5.5698060220000229,
              0,
              null
            ],
            [
              95.345804777000069,
              5.5698129790000621,
              0,
              null
            ],
            [
              95.345793753000066,
              5.5698594370000478,
              0,
              null
            ],
            [
              95.345766221000076,
              5.5700279810000666,
              0,
              null
            ],
            [
              95.345738310000058,
              5.5702085710000233,
              0,
              null
            ],
            [
              95.345720594000056,
              5.5703231960000608,
              0,
              null
            ],
            [
              95.345711209000058,
              5.5703839150000363,
              0,
              null
            ],
            [
              95.345702418000087,
              5.5704911080000556,
              0,
              null
            ],
            [
              95.345697796000081,
              5.5705136000000266,
              0,
              null
            ],
            [
              95.345685188000061,
              5.5705402950000575,
              0,
              null
            ],
            [
              95.34573940100006,
              5.5705480790000479,
              0,
              null
            ],
            [
              95.34573677800006,
              5.5705613800000719,
              0,
              null
            ],
            [
              95.345638657000052,
              5.5708911090000583,
              0,
              null
            ],
            [
              95.345580425000037,
              5.5710867940000526,
              0,
              null
            ],
            [
              95.345513964000077,
              5.5713101300000289,
              0,
              null
            ],
            [
              95.345480964000046,
              5.5714210220000382,
              0,
              null
            ],
            [
              95.345476632000043,
              5.5714887090000502,
              0,
              null
            ],
            [
              95.345468468000036,
              5.5716162420000614,
              0,
              null
            ],
            [
              95.345488362000083,
              5.5717142440000202,
              0,
              null
            ],
            [
              95.345483529000035,
              5.5717259350000745,
              0,
              null
            ],
            [
              95.34549712900008,
              5.5717314770000712,
              0,
              null
            ],
            [
              95.345511713000064,
              5.5717373980000389,
              0,
              null
            ],
            [
              95.34551022800008,
              5.5717507120000391,
              0,
              null
            ],
            [
              95.345498938000048,
              5.5719808610000428,
              0,
              null
            ],
            [
              95.345513476000065,
              5.5720781450000345,
              0,
              null
            ],
            [
              95.345522684000059,
              5.5721989830000211,
              0,
              null
            ],
            [
              95.34550831100006,
              5.5722111910000649,
              0,
              null
            ],
            [
              95.345498146000068,
              5.5722269040000469,
              0,
              null
            ],
            [
              95.345457360000069,
              5.5723273110000378,
              0,
              null
            ],
            [
              95.345440908000057,
              5.5723678140000743,
              0,
              null
            ],
            [
              95.345436255000038,
              5.5723792690000664,
              0,
              null
            ],
            [
              95.345399126000075,
              5.5724806510000349,
              0,
              null
            ],
            [
              95.345380481000063,
              5.5725485660000231,
              0,
              null
            ],
            [
              95.345367254000053,
              5.5725967410000408,
              0,
              null
            ],
            [
              95.345365105000042,
              5.5726045710000562,
              0,
              null
            ],
            [
              95.34533517300008,
              5.5727322600000662,
              0,
              null
            ],
            [
              95.345329895000077,
              5.5727547740000318,
              0,
              null
            ],
            [
              95.345315706000065,
              5.5728131450000546,
              0,
              null
            ],
            [
              95.345299572000044,
              5.5728795110000533,
              0,
              null
            ],
            [
              95.345288013000072,
              5.5729270600000405,
              0,
              null
            ],
            [
              95.345271953000065,
              5.5729922070000271,
              0,
              null
            ],
            [
              95.34525694000007,
              5.5730531100000462,
              0,
              null
            ],
            [
              95.345252285000072,
              5.5730735900000354,
              0,
              null
            ],
            [
              95.345233432000043,
              5.5731565440000281,
              0,
              null
            ],
            [
              95.345230142000048,
              5.5731674370000519,
              0,
              null
            ],
            [
              95.345226495000077,
              5.5731795130000705,
              0,
              null
            ],
            [
              95.34520621300004,
              5.5732050190000564,
              0,
              null
            ],
            [
              95.345158993000041,
              5.5732613560000459,
              0,
              null
            ],
            [
              95.345134582000071,
              5.5733134100000257,
              0,
              null
            ],
            [
              95.344915488000083,
              5.5730987570000252,
              0,
              null
            ],
            [
              95.344538825000086,
              5.572739130000059,
              0,
              null
            ],
            [
              95.344194671000082,
              5.572390854000048,
              0,
              null
            ],
            [
              95.343843771000081,
              5.5720263410000257,
              0,
              null
            ],
            [
              95.343641447000039,
              5.5718090360000474,
              0,
              null
            ],
            [
              95.343435757000066,
              5.5715855260000353,
              0,
              null
            ],
            [
              95.343167827000059,
              5.5713168230000747,
              0,
              null
            ],
            [
              95.342959388000054,
              5.5711225010000476,
              0,
              null
            ],
            [
              95.342717893000042,
              5.5708986540000751,
              0,
              null
            ],
            [
              95.342647465000084,
              5.5708353190000253,
              0,
              null
            ],
            [
              95.342542041000058,
              5.5707352920000517,
              0,
              null
            ],
            [
              95.342425386000059,
              5.57063196200005,
              0,
              null
            ],
            [
              95.342300571000067,
              5.5705194460000484,
              0,
              null
            ],
            [
              95.342180528000085,
              5.5704071430000681,
              0,
              null
            ],
            [
              95.342019254000036,
              5.5702659310000513,
              0,
              null
            ],
            [
              95.341762899000059,
              5.5700268370000572,
              0,
              null
            ],
            [
              95.341376208000042,
              5.5696653340000353,
              0,
              null
            ],
            [
              95.341152440000087,
              5.5694571990000554,
              0,
              null
            ],
            [
              95.340829902000053,
              5.5691413590000707,
              0,
              null
            ],
            [
              95.340169987000081,
              5.5684996910000564,
              0,
              null
            ],
            [
              95.340127325000083,
              5.568455856000071,
              0,
              null
            ],
            [
              95.340062608000039,
              5.5683879530000695,
              0,
              null
            ],
            [
              95.340011316000073,
              5.5683348250000222,
              0,
              null
            ],
            [
              95.33999932100005,
              5.56831956700006,
              0,
              null
            ],
            [
              95.339970536000067,
              5.5682838070000571,
              0,
              null
            ],
            [
              95.339900972000066,
              5.5681973890000336,
              0,
              null
            ],
            [
              95.339860327000054,
              5.568148347000033,
              0,
              null
            ],
            [
              95.339786493000076,
              5.5680585880000422,
              0,
              null
            ],
            [
              95.33971727100004,
              5.5679752260000441,
              0,
              null
            ],
            [
              95.339685489000033,
              5.5679375630000436,
              0,
              null
            ],
            [
              95.339430667000045,
              5.5676330510000298,
              0,
              null
            ],
            [
              95.339313749000041,
              5.5674930100000211,
              0,
              null
            ],
            [
              95.33921330700008,
              5.5673744200000215,
              0,
              null
            ],
            [
              95.33911409500007,
              5.5672694930000262,
              0,
              null
            ],
            [
              95.339550470000063,
              5.5668037890000619,
              0,
              null
            ],
            [
              95.34003262400006,
              5.566280655000071,
              0,
              null
            ],
            [
              95.340077475000044,
              5.5662251610000339,
              0,
              null
            ],
            [
              95.340162211000063,
              5.5661064300000476,
              0,
              null
            ],
            [
              95.340210239000044,
              5.566039020000062,
              0,
              null
            ],
            [
              95.340241044000038,
              5.5659462330000338,
              0,
              null
            ],
            [
              95.340337508000061,
              5.5656331590000718,
              0,
              null
            ],
            [
              95.340361435000034,
              5.5655489790000274,
              0,
              null
            ],
            [
              95.340454882000074,
              5.5652392480000685,
              0,
              null
            ],
            [
              95.340493121000065,
              5.5650921940000444,
              0,
              null
            ],
            [
              95.340559250000069,
              5.5648439830000598,
              0,
              null
            ],
            [
              95.340662014000031,
              5.5647137650000218,
              0,
              null
            ],
            [
              95.340767557000049,
              5.564521735000028,
              0,
              null
            ],
            [
              95.340816523000058,
              5.5644582820000323,
              0,
              null
            ],
            [
              95.340841078000039,
              5.5644282890000341,
              0,
              null
            ],
            [
              95.341533709000032,
              5.5636778740000636,
              0,
              null
            ],
            [
              95.341687706000073,
              5.5635108240000477,
              0,
              null
            ],
            [
              95.34175401300007,
              5.56343608800006,
              0,
              null
            ],
            [
              95.341877182000076,
              5.5632965630000513,
              0,
              null
            ],
            [
              95.342249141000082,
              5.5628722370000219,
              0,
              null
            ],
            [
              95.342255144000035,
              5.5628694320000704,
              0,
              null
            ],
            [
              95.342285428000082,
              5.5628552790000754,
              0,
              null
            ],
            [
              95.342319693000036,
              5.5628485050000336,
              0,
              null
            ],
            [
              95.342316784000047,
              5.5627823950000561,
              0,
              null
            ],
            [
              95.342316247000042,
              5.5627702160000467,
              0,
              null
            ],
            [
              95.342312186000072,
              5.5627549610000528,
              0,
              null
            ],
            [
              95.342307188000063,
              5.5627462230000333,
              0,
              null
            ],
            [
              95.342290285000047,
              5.5627273570000284,
              0,
              null
            ],
            [
              95.342154637000078,
              5.5626079810000419,
              0,
              null
            ],
            [
              95.34209379400005,
              5.5625532450000605,
              0,
              null
            ],
            [
              95.34208742800007,
              5.5625472310000532,
              0,
              null
            ],
            [
              95.342037537000067,
              5.5625000900000714,
              0,
              null
            ],
            [
              95.341916494000031,
              5.5623857100000578,
              0,
              null
            ],
            [
              95.341784797000059,
              5.5622591760000546,
              0,
              null
            ],
            [
              95.341776996000078,
              5.5622516800000312,
              0,
              null
            ],
            [
              95.341667964000067,
              5.5621450010000331,
              0,
              null
            ],
            [
              95.341572329000087,
              5.5620543400000315,
              0,
              null
            ],
            [
              95.341565589000083,
              5.5620423860000301,
              0,
              null
            ],
            [
              95.341562372000055,
              5.5620366810000519,
              0,
              null
            ],
            [
              95.341557395000052,
              5.5620169420000707,
              0,
              null
            ],
            [
              95.341559134000079,
              5.5620028880000518,
              0,
              null
            ],
            [
              95.341610421000041,
              5.5619410570000696,
              0,
              null
            ],
            [
              95.341813215000059,
              5.5617197540000234,
              0,
              null
            ],
            [
              95.341932272000065,
              5.5615942990000349,
              0,
              null
            ],
            [
              95.342065664000074,
              5.5614528780000683,
              0,
              null
            ],
            [
              95.342183959000067,
              5.5613241000000357,
              0,
              null
            ],
            [
              95.342288223000082,
              5.5612152900000638,
              0,
              null
            ],
            [
              95.342361255000071,
              5.5611383040000533,
              0,
              null
            ],
            [
              95.342376408000064,
              5.5611149140000293,
              0,
              null
            ],
            [
              95.342387702000053,
              5.5610918380000385,
              0,
              null
            ],
            [
              95.342471064000051,
              5.5611485760000505,
              0,
              null
            ],
            [
              95.342574392000074,
              5.5611695790000226,
              0,
              null
            ],
            [
              95.342616539000062,
              5.5611985390000314,
              0,
              null
            ],
            [
              95.342610828000034,
              5.5612507430000733,
              0,
              null
            ],
            [
              95.342599471000085,
              5.5613598470000625,
              0,
              null
            ],
            [
              95.342595480000057,
              5.56139818500003,
              0,
              null
            ],
            [
              95.342592315000047,
              5.5614324110000553,
              0,
              null
            ],
            [
              95.342587708000053,
              5.5614822470000718,
              0,
              null
            ],
            [
              95.342580418000068,
              5.5615610820000256,
              0,
              null
            ],
            [
              95.342578434000075,
              5.5615764390000209,
              0,
              null
            ],
            [
              95.342570242000079,
              5.5616398440000694,
              0,
              null
            ],
            [
              95.342567901000052,
              5.5616579670000306,
              0,
              null
            ],
            [
              95.342557702000079,
              5.5616955640000469,
              0,
              null
            ],
            [
              95.342548718000046,
              5.5617120600000476,
              0,
              null
            ],
            [
              95.342540319000079,
              5.5617243900000517,
              0,
              null
            ],
            [
              95.342532789000074,
              5.5617354440000213,
              0,
              null
            ],
            [
              95.342602987000078,
              5.5617497090000256,
              0,
              null
            ],
            [
              95.342658223000058,
              5.561741960000063,
              0,
              null
            ],
            [
              95.34272625400007,
              5.561728366000068,
              0,
              null
            ],
            [
              95.342746515000044,
              5.5617280780000442,
              0,
              null
            ],
            [
              95.342754878000051,
              5.5617291560000695,
              0,
              null
            ],
            [
              95.34279661000005,
              5.5617345370000635,
              0,
              null
            ],
            [
              95.342817045000061,
              5.5617371710000612,
              0,
              null
            ],
            [
              95.342848196000034,
              5.5617414940000458,
              0,
              null
            ],
            [
              95.342898013000081,
              5.5617485010000678,
              0,
              null
            ],
            [
              95.343000671000084,
              5.5617627750000338,
              0,
              null
            ],
            [
              95.343013038000038,
              5.561764495000034,
              0,
              null
            ],
            [
              95.343072532000065,
              5.5617707570000334,
              0,
              null
            ],
            [
              95.343129781000073,
              5.5617793790000292,
              0,
              null
            ],
            [
              95.34320852500008,
              5.5617895060000251,
              0,
              null
            ],
            [
              95.343289704000085,
              5.561799651000058,
              0,
              null
            ],
            [
              95.343365374000086,
              5.5618081810000604,
              0,
              null
            ],
            [
              95.343414697000071,
              5.5618131730000755,
              0,
              null
            ],
            [
              95.343513401000052,
              5.5618244960000425,
              0,
              null
            ],
            [
              95.343724314000042,
              5.5618502770000759,
              0,
              null
            ],
            [
              95.343678995000062,
              5.5622580450000214,
              0,
              null
            ],
            [
              95.343727690000037,
              5.5622617370000285,
              0,
              null
            ],
            [
              95.343763661000082,
              5.5622649140000249,
              0,
              null
            ],
            [
              95.343809273000033,
              5.5622686980000253,
              0,
              null
            ],
            [
              95.343918872000074,
              5.5622778160000621,
              0,
              null
            ],
            [
              95.343922301000077,
              5.5622780050000529,
              0,
              null
            ],
            [
              95.344004962000042,
              5.5622825640000428,
              0,
              null
            ],
            [
              95.344089642000085,
              5.5622872340000526,
              0,
              null
            ],
            [
              95.344212609000067,
              5.5622918000000254,
              0,
              null
            ],
            [
              95.344243120000044,
              5.5622929330000375,
              0,
              null
            ],
            [
              95.344274264000035,
              5.5622949530000483,
              0,
              null
            ],
            [
              95.344416025000044,
              5.5623041470000203,
              0,
              null
            ],
            [
              95.344424472000071,
              5.562304695000023,
              0,
              null
            ],
            [
              95.344506554000077,
              5.5623125490000689,
              0,
              null
            ],
            [
              95.344518701000084,
              5.562313533000065,
              0,
              null
            ],
            [
              95.344535052000083,
              5.5623148590000255,
              0,
              null
            ],
            [
              95.344625929000074,
              5.5623222250000595,
              0,
              null
            ],
            [
              95.344677678000039,
              5.5623271500000442,
              0,
              null
            ],
            [
              95.344677726000043,
              5.5623271550000482,
              0,
              null
            ],
            [
              95.344763938000085,
              5.5623353610000663,
              0,
              null
            ],
            [
              95.344831566000039,
              5.5623421190000499,
              0,
              null
            ],
            [
              95.344862239000065,
              5.5623451840000371,
              0,
              null
            ],
            [
              95.344912690000058,
              5.5623496030000297,
              0,
              null
            ],
            [
              95.344938747000072,
              5.5623518860000445,
              0,
              null
            ],
            [
              95.344963911000036,
              5.5623540900000421,
              0,
              null
            ],
            [
              95.345063567000068,
              5.5623620360000245,
              0,
              null
            ],
            [
              95.345083056000078,
              5.5623637380000446,
              0,
              null
            ],
            [
              95.345162278000032,
              5.5623706560000414,
              0,
              null
            ],
            [
              95.345240206000085,
              5.5623774050000634,
              0,
              null
            ],
            [
              95.345250640000074,
              5.5623783960000424,
              0,
              null
            ],
            [
              95.345294391000039,
              5.5623825500000521,
              0,
              null
            ],
            [
              95.345393373000036,
              5.5623911680000333,
              0,
              null
            ],
            [
              95.34548294800004,
              5.5624025530000267,
              0,
              null
            ],
            [
              95.345495432000064,
              5.5624022230000492,
              0,
              null
            ],
            [
              95.34550684900006,
              5.5624185110000326,
              0,
              null
            ],
            [
              95.345514472000048,
              5.5624432330000673,
              0,
              null
            ],
            [
              95.345530352000083,
              5.5624857130000578,
              0,
              null
            ],
            [
              95.345538395000062,
              5.5625000900000714,
              0,
              null
            ],
            [
              95.345547152000051,
              5.5625157380000587,
              0,
              null
            ],
            [
              95.345560672000033,
              5.56252618700006,
              0,
              null
            ],
            [
              95.345581163000077,
              5.5625339520000239,
              0,
              null
            ],
            [
              95.34559947200006,
              5.5625372860000653,
              0,
              null
            ],
            [
              95.345603047000054,
              5.5625377140000296,
              0,
              null
            ],
            [
              95.34560194800008,
              5.5625482960000454,
              0,
              null
            ],
            [
              95.345601889000079,
              5.562548955000068,
              0,
              null
            ],
            [
              95.345598280000047,
              5.5625886680000463,
              0,
              null
            ],
            [
              95.345588297000063,
              5.5626985150000223,
              0,
              null
            ],
            [
              95.345583004000048,
              5.5627567530000306,
              0,
              null
            ],
            [
              95.345582123000042,
              5.5627647510000315,
              0,
              null
            ],
            [
              95.345570676000079,
              5.5628687350000519,
              0,
              null
            ],
            [
              95.345561384000064,
              5.5629531380000685,
              0,
              null
            ],
            [
              95.345560761000058,
              5.562958553000044,
              0,
              null
            ],
            [
              95.345541402000038,
              5.5631269840000641,
              0,
              null
            ],
            [
              95.34554113300004,
              5.5631294940000657,
              0,
              null
            ],
            [
              95.345535918000053,
              5.5631781970000702,
              0,
              null
            ],
            [
              95.345521414000075,
              5.5633136530000229,
              0,
              null
            ],
            [
              95.345520466000039,
              5.5633225010000729,
              0,
              null
            ],
            [
              95.345513882000034,
              5.563383960000067,
              0,
              null
            ],
            [
              95.345509147000087,
              5.5634281530000749,
              0,
              null
            ],
            [
              95.345500689000062,
              5.5635070510000446,
              0,
              null
            ],
            [
              95.345495060000076,
              5.5635595760000456,
              0,
              null
            ],
            [
              95.345488691000071,
              5.5636189820000368,
              0,
              null
            ],
            [
              95.345480704000067,
              5.5636881230000768,
              0,
              null
            ],
            [
              95.345471518000068,
              5.5637676270000611,
              0,
              null
            ],
            [
              95.345467159000066,
              5.563792147000072,
              0,
              null
            ],
            [
              95.345461120000039,
              5.5638261070000681,
              0,
              null
            ],
            [
              95.345459057000085,
              5.5638532880000753,
              0,
              null
            ],
            [
              95.345459089000087,
              5.5638553200000729,
              0,
              null
            ],
            [
              95.345459275000053,
              5.5638675120000585,
              0,
              null
            ],
            [
              95.34520655700004,
              5.563874401000021,
              0,
              null
            ],
            [
              95.344939741000076,
              5.5638807420000376,
              0,
              null
            ],
            [
              95.344939670000031,
              5.563884268000038,
              0,
              null
            ],
            [
              95.344939504000081,
              5.5638925530000733,
              0,
              null
            ],
            [
              95.344938839000065,
              5.563925728000072,
              0,
              null
            ],
            [
              95.344937900000048,
              5.5639725240000644,
              0,
              null
            ],
            [
              95.344937031000086,
              5.5640158220000444,
              0,
              null
            ],
            [
              95.344936229000041,
              5.5640557970000373,
              0,
              null
            ],
            [
              95.344936076000067,
              5.5640634100000739,
              0,
              null
            ],
            [
              95.34493559200007,
              5.5640875710000728,
              0,
              null
            ],
            [
              95.344935199000076,
              5.5641071320000606,
              0,
              null
            ],
            [
              95.344931641000073,
              5.564138488000026,
              0,
              null
            ],
            [
              95.344929826000055,
              5.5641552720000504,
              0,
              null
            ],
            [
              95.344927666000046,
              5.5641752630000383,
              0,
              null
            ],
            [
              95.344927490000032,
              5.5641778480000426,
              0,
              null
            ],
            [
              95.344924831000071,
              5.5642169290000538,
              0,
              null
            ],
            [
              95.344924576000039,
              5.5642206730000225,
              0,
              null
            ],
            [
              95.344925150000051,
              5.5642766220000226,
              0,
              null
            ],
            [
              95.344928630000084,
              5.5643021590000217,
              0,
              null
            ],
            [
              95.344936803000053,
              5.5643621220000341,
              0,
              null
            ],
            [
              95.344942743000047,
              5.5643808690000469,
              0,
              null
            ],
            [
              95.34497697900008,
              5.5644889420000254,
              0,
              null
            ],
            [
              95.344992618000049,
              5.5645482710000351,
              0,
              null
            ],
            [
              95.344994667000037,
              5.5645613810000327,
              0,
              null
            ],
            [
              95.344997233000072,
              5.5645778010000413,
              0,
              null
            ],
            [
              95.344998808000071,
              5.564607421000062,
              0,
              null
            ],
            [
              95.344998525000051,
              5.5646227410000506,
              0,
              null
            ],
            [
              95.344998340000075,
              5.5646327810000571,
              0,
              null
            ],
            [
              95.344986281000047,
              5.564734526000052,
              0,
              null
            ],
            [
              95.34497387600004,
              5.5648564240000269,
              0,
              null
            ],
            [
              95.344973774000039,
              5.5648574200000667,
              0,
              null
            ],
            [
              95.344970476000071,
              5.5648898370000666,
              0,
              null
            ],
            [
              95.34495770400008,
              5.5650153370000339,
              0,
              null
            ],
            [
              95.344953256000053,
              5.56506317700007,
              0,
              null
            ],
            [
              95.344947087000037,
              5.5651295070000515,
              0,
              null
            ],
            [
              95.344942538000055,
              5.5651784270000348,
              0,
              null
            ],
            [
              95.344942446000061,
              5.5651794100000416,
              0,
              null
            ],
            [
              95.344934825000053,
              5.5652613580000434,
              0,
              null
            ],
            [
              95.344934346000059,
              5.5652679910000415,
              0,
              null
            ],
            [
              95.344922048000058,
              5.5654383900000539,
              0,
              null
            ],
            [
              95.344916638000086,
              5.5655110620000414,
              0,
              null
            ],
            [
              95.344914626000048,
              5.5655381040000407,
              0,
              null
            ],
            [
              95.344989473000055,
              5.5655436420000228,
              0,
              null
            ],
            [
              95.345030457000064,
              5.5655477270000233,
              0,
              null
            ],
            [
              95.345028889000048,
              5.5655748220000305,
              0,
              null
            ],
            [
              95.34501487700004,
              5.5657356420000497,
              0,
              null
            ],
            [
              95.345014445000061,
              5.5657423380000637,
              0,
              null
            ],
            [
              95.345006700000056,
              5.5658624790000317,
              0,
              null
            ],
            [
              95.344989540000086,
              5.5661286750000727,
              0,
              null
            ],
            [
              95.344986040000038,
              5.5661829600000488,
              0,
              null
            ],
            [
              95.34497530200008,
              5.5663230310000245,
              0,
              null
            ],
            [
              95.344969569000057,
              5.5663978060000545,
              0,
              null
            ],
            [
              95.344968327000061,
              5.566414003000034,
              0,
              null
            ],
            [
              95.344970025000066,
              5.5664442410000561,
              0,
              null
            ],
            [
              95.344987159000084,
              5.5664615090000211,
              0,
              null
            ],
            [
              95.345013010000059,
              5.5664731120000397,
              0,
              null
            ],
            [
              95.345037929000057,
              5.56648711400004,
              0,
              null
            ],
            [
              95.345060401000069,
              5.5664998580000429,
              0,
              null
            ],
            [
              95.345065833000035,
              5.5665029390000313,
              0,
              null
            ],
            [
              95.34507420500006,
              5.5665097300000639,
              0,
              null
            ],
            [
              95.345076542000072,
              5.5665146010000512,
              0,
              null
            ],
            [
              95.345066347000056,
              5.5665894300000218,
              0,
              null
            ],
            [
              95.345031970000036,
              5.5667312580000612,
              0,
              null
            ],
            [
              95.345021823000081,
              5.5667731170000252,
              0,
              null
            ],
            [
              95.345006111000032,
              5.5668401000000358,
              0,
              null
            ],
            [
              95.344980064000083,
              5.5669511430000398,
              0,
              null
            ],
            [
              95.344979378000062,
              5.5669543400000521,
              0,
              null
            ],
            [
              95.344962413000076,
              5.5670332840000469,
              0,
              null
            ],
            [
              95.344931699000085,
              5.5671762070000455,
              0,
              null
            ],
            [
              95.344900522000046,
              5.5673198520000255,
              0,
              null
            ],
            [
              95.344892553000079,
              5.5673631100000307,
              0,
              null
            ],
            [
              95.34488983500006,
              5.5673778620000576,
              0,
              null
            ],
            [
              95.344885446000035,
              5.5674242010000512,
              0,
              null
            ],
            [
              95.344883887000037,
              5.5674406610000347,
              0,
              null
            ],
            [
              95.344876638000073,
              5.5675464910000301,
              0,
              null
            ],
            [
              95.34487732000008,
              5.5675804080000262,
              0,
              null
            ],
            [
              95.344878874000074,
              5.5676576800000248,
              0,
              null
            ],
            [
              95.344877380000071,
              5.5678032190000408,
              0,
              null
            ],
            [
              95.344876590000069,
              5.5678802100000553,
              0,
              null
            ],
            [
              95.344877773000064,
              5.5679753460000256,
              0,
              null
            ],
            [
              95.344878630000039,
              5.5683719770000266,
              0,
              null
            ],
            [
              95.344872744000043,
              5.5684081030000243,
              0,
              null
            ],
            [
              95.344869823000067,
              5.5684260280000331,
              0,
              null
            ],
            [
              95.344795159000057,
              5.5684062300000505,
              0,
              null
            ],
            [
              95.344769824000082,
              5.568399677000059,
              0,
              null
            ],
            [
              95.34475959100007,
              5.5684373850000384,
              0,
              null
            ],
            [
              95.344738395000036,
              5.5685099340000761,
              0,
              null
            ],
            [
              95.344717933000084,
              5.5685864260000244,
              0,
              null
            ],
            [
              95.344642699000076,
              5.5688639280000416,
              0,
              null
            ],
            [
              95.344619156000078,
              5.5689462120000712,
              0,
              null
            ],
            [
              95.344658817000038,
              5.5689556210000433,
              0,
              null
            ],
            [
              95.344705168000075,
              5.5689665170000353,
              0,
              null
            ],
            [
              95.344772068000054,
              5.5689829110000346,
              0,
              null
            ],
            [
              95.345230264000065,
              5.5691146960000424,
              0,
              null
            ],
            [
              95.345327402000066,
              5.5691231260000222,
              0,
              null
            ],
            [
              95.345467976000066,
              5.5691342740000209,
              0,
              null
            ],
            [
              95.345496808000064,
              5.5691371250000543,
              0,
              null
            ],
            [
              95.345550625000044,
              5.569142447000047,
              0,
              null
            ],
            [
              95.34557652500007,
              5.5691467030000581,
              0,
              null
            ],
            [
              95.345737106000058,
              5.5691754600000536,
              0,
              null
            ],
            [
              95.345769010000083,
              5.5691833720000545,
              0,
              null
            ],
            [
              95.345866988000068,
              5.5692076680000469,
              0,
              null
            ],
            [
              95.345868496000037,
              5.5692082210000535,
              0,
              null
            ],
            [
              95.345879244000059,
              5.5692121590000738,
              0,
              null
            ]
          ]
        ]
      },
      "properties" : {
        "FID" : 0,
        "OBJECTID" : 9076,
        "KDPPUM" : "11",
        "NAMOBJ" : "Kota Baru",
        "REMARK" : " ",
        "KDPBPS" : " ",
        "FCODE" : "BA03070040",
        "LUASWH" : 0,
        "UUPP" : "RBI",
        "SRS_ID" : "SRGI 2013",
        "METADATA" : "TASWIL1000020200326DATA_BATAS_DESA_KELURAHAN",
        "KDEBPS" : " ",
        "KDEPUM" : "11.71.02.2005",
        "KDCBPS" : " ",
        "KDCPUM" : "11.71.02",
        "KDBBPS" : " ",
        "WADMKD" : "Kota Baru",
        "WIADKD" : "0",
        "WADMKC" : "Kuta Alam",
        "WIADKC" : " ",
        "WADMKK" : "Kota Banda Aceh",
        "WIADKK" : " ",
        "WADMPR" : "Aceh",
        "WIADPR" : " ",
        "TIPADM" : 9,
        "KDPKAB" : "11.71",
        "SHAPE_Leng" : 0.033831966102805998,
        "SHAPE_Area" : 4.2785301465000002e-05
      }
    }
  ]
}