{
  "hasZ" : true,
  "hasM" : true,
  "type" : "FeatureCollection",
  "features" : [
    {
      "type" : "Feature",
      "id" : 0,
      "geometry" : {
        "type" : "Polygon",
        "coordinates" : [
          [
            [
              95.297382466000045,
              5.5499423020000336,
              0,
              null
            ],
            [
              95.297373337000067,
              5.5499490450000621,
              0,
              null
            ],
            [
              95.297354820000066,
              5.5499622960000465,
              0,
              null
            ],
            [
              95.29733129300007,
              5.5499834400000623,
              0,
              null
            ],
            [
              95.297298036000086,
              5.5500222750000603,
              0,
              null
            ],
            [
              95.297261166000055,
              5.5500856480000493,
              0,
              null
            ],
            [
              95.297240544000033,
              5.5501371800000356,
              0,
              null
            ],
            [
              95.297237755000083,
              5.5501577280000447,
              0,
              null
            ],
            [
              95.297242936000032,
              5.5501793480000288,
              0,
              null
            ],
            [
              95.29723357000006,
              5.5501856670000507,
              0,
              null
            ],
            [
              95.297200609000072,
              5.5502079050000361,
              0,
              null
            ],
            [
              95.297191332000068,
              5.5502190050000308,
              0,
              null
            ],
            [
              95.297181737000074,
              5.5502128860000539,
              0,
              null
            ],
            [
              95.297085970000069,
              5.5501590260000739,
              0,
              null
            ],
            [
              95.296496813000033,
              5.5499660470000549,
              0,
              null
            ],
            [
              95.295621569000048,
              5.5499045450000608,
              0,
              null
            ],
            [
              95.295602962000032,
              5.5499033970000369,
              0,
              null
            ],
            [
              95.295577054000034,
              5.5499063090000504,
              0,
              null
            ],
            [
              95.295535336000057,
              5.5499197230000732,
              0,
              null
            ],
            [
              95.295510858000057,
              5.5499260280000726,
              0,
              null
            ],
            [
              95.295480103000045,
              5.5499305860000732,
              0,
              null
            ],
            [
              95.295444046000057,
              5.5499336360000484,
              0,
              null
            ],
            [
              95.295355780000079,
              5.5499340150000762,
              0,
              null
            ],
            [
              95.295321103000049,
              5.5499349340000208,
              0,
              null
            ],
            [
              95.295315385000038,
              5.5499350850000724,
              0,
              null
            ],
            [
              95.295269688000076,
              5.5499344130000736,
              0,
              null
            ],
            [
              95.295174949000057,
              5.5499289140000201,
              0,
              null
            ],
            [
              95.29513337700007,
              5.549926590000041,
              0,
              null
            ],
            [
              95.295091307000064,
              5.549926193000033,
              0,
              null
            ],
            [
              95.295050157000048,
              5.549930158000052,
              0,
              null
            ],
            [
              95.295027380000079,
              5.5499355170000513,
              0,
              null
            ],
            [
              95.294998461000034,
              5.5499505080000517,
              0,
              null
            ],
            [
              95.294967280000037,
              5.5499733630000492,
              0,
              null
            ],
            [
              95.294950601000039,
              5.5499879350000469,
              0,
              null
            ],
            [
              95.294932473000074,
              5.5500010220000604,
              0,
              null
            ],
            [
              95.294921566000085,
              5.5500078520000216,
              0,
              null
            ],
            [
              95.294908435000082,
              5.5500160760000767,
              0,
              null
            ],
            [
              95.294887188000075,
              5.5500276560000543,
              0,
              null
            ],
            [
              95.294854905000079,
              5.5500406180000255,
              0,
              null
            ],
            [
              95.294804991000035,
              5.5500528520000216,
              0,
              null
            ],
            [
              95.294740396000066,
              5.5500621780000756,
              0,
              null
            ],
            [
              95.294665714000075,
              5.5500690210000698,
              0,
              null
            ],
            [
              95.294621893000055,
              5.5500776340000471,
              0,
              null
            ],
            [
              95.294602526000062,
              5.5500853660000757,
              0,
              null
            ],
            [
              95.29459031600004,
              5.5500937200000635,
              0,
              null
            ],
            [
              95.294576955000082,
              5.5501077740000255,
              0,
              null
            ],
            [
              95.294561099000077,
              5.5501342490000525,
              0,
              null
            ],
            [
              95.294538698000054,
              5.5501552070000457,
              0,
              null
            ],
            [
              95.294467790000056,
              5.5501953640000465,
              0,
              null
            ],
            [
              95.294314995000036,
              5.5501849380000294,
              0,
              null
            ],
            [
              95.294280531000084,
              5.5501822160000529,
              0,
              null
            ],
            [
              95.294261010000071,
              5.5501804290000223,
              0,
              null
            ],
            [
              95.294058264000057,
              5.550161140000057,
              0,
              null
            ],
            [
              95.293904706000035,
              5.5501469030000408,
              0,
              null
            ],
            [
              95.293784968000068,
              5.550139386000069,
              0,
              null
            ],
            [
              95.293746537000061,
              5.5501350250000314,
              0,
              null
            ],
            [
              95.293727947000036,
              5.550132293000047,
              0,
              null
            ],
            [
              95.293721849000065,
              5.5501313960000402,
              0,
              null
            ],
            [
              95.293697561000045,
              5.550128571000073,
              0,
              null
            ],
            [
              95.293673252000076,
              5.5501273450000213,
              0,
              null
            ],
            [
              95.293633266000086,
              5.550125610000066,
              0,
              null
            ],
            [
              95.293599054000083,
              5.5501241260000711,
              0,
              null
            ],
            [
              95.293430218000083,
              5.5501228110000511,
              0,
              null
            ],
            [
              95.293414333000044,
              5.5501209830000562,
              0,
              null
            ],
            [
              95.293386478000059,
              5.5501148540000713,
              0,
              null
            ],
            [
              95.293362542000068,
              5.5501076340000282,
              0,
              null
            ],
            [
              95.293341155000064,
              5.5500968070000454,
              0,
              null
            ],
            [
              95.293326198000045,
              5.5500852040000268,
              0,
              null
            ],
            [
              95.293323809000071,
              5.5500824490000582,
              0,
              null
            ],
            [
              95.293320915000038,
              5.550079113000038,
              0,
              null
            ],
            [
              95.293309079000039,
              5.550065466000035,
              0,
              null
            ],
            [
              95.293299782000076,
              5.55004552500003,
              0,
              null
            ],
            [
              95.293289045000051,
              5.5500491920000741,
              0,
              null
            ],
            [
              95.293202393000058,
              5.5500208200000429,
              0,
              null
            ],
            [
              95.293199136000055,
              5.550018299000044,
              0,
              null
            ],
            [
              95.293128245000048,
              5.5499634530000321,
              0,
              null
            ],
            [
              95.293111655000075,
              5.5499506180000253,
              0,
              null
            ],
            [
              95.292950696000048,
              5.5497456270000498,
              0,
              null
            ],
            [
              95.292927428000041,
              5.5497159940000529,
              0,
              null
            ],
            [
              95.292881606000037,
              5.5496262660000752,
              0,
              null
            ],
            [
              95.292849610000076,
              5.5495636130000321,
              0,
              null
            ],
            [
              95.292860085000086,
              5.5495151940000369,
              0,
              null
            ],
            [
              95.29286247400006,
              5.5495041520000541,
              0,
              null
            ],
            [
              95.292822323000053,
              5.5494954310000253,
              0,
              null
            ],
            [
              95.292835478000086,
              5.5494189430000347,
              0,
              null
            ],
            [
              95.292844172000059,
              5.5493270520000237,
              0,
              null
            ],
            [
              95.292842343000075,
              5.5493021470000485,
              0,
              null
            ],
            [
              95.292837003000045,
              5.5492766030000666,
              0,
              null
            ],
            [
              95.292833090000045,
              5.5492577740000684,
              0,
              null
            ],
            [
              95.292813883000065,
              5.549254721000068,
              0,
              null
            ],
            [
              95.292735116000074,
              5.5492376970000237,
              0,
              null
            ],
            [
              95.29266268300006,
              5.5492220420000535,
              0,
              null
            ],
            [
              95.292497885000046,
              5.5491867680000269,
              0,
              null
            ],
            [
              95.292301378000047,
              5.5491548800000601,
              0,
              null
            ],
            [
              95.292282373000035,
              5.5491521370000214,
              0,
              null
            ],
            [
              95.292201543000033,
              5.5491404700000544,
              0,
              null
            ],
            [
              95.292185442000061,
              5.5491417980000506,
              0,
              null
            ],
            [
              95.292179240000053,
              5.5491423100000361,
              0,
              null
            ],
            [
              95.292162175000044,
              5.549147289000075,
              0,
              null
            ],
            [
              95.292161594000049,
              5.5491474580000499,
              0,
              null
            ],
            [
              95.292151491000084,
              5.5491566720000378,
              0,
              null
            ],
            [
              95.292129979000038,
              5.5491882310000733,
              0,
              null
            ],
            [
              95.29211772900004,
              5.5492052990000502,
              0,
              null
            ],
            [
              95.292103951000058,
              5.5492139220000354,
              0,
              null
            ],
            [
              95.292059134000056,
              5.5492286310000623,
              0,
              null
            ],
            [
              95.292024897000033,
              5.5492331570000601,
              0,
              null
            ],
            [
              95.292007047000084,
              5.5492343110000206,
              0,
              null
            ],
            [
              95.291995633000056,
              5.5492340740000259,
              0,
              null
            ],
            [
              95.291989157000046,
              5.5492339400000219,
              0,
              null
            ],
            [
              95.291971797000087,
              5.5492335800000205,
              0,
              null
            ],
            [
              95.29189933400005,
              5.5492279960000701,
              0,
              null
            ],
            [
              95.291859110000075,
              5.5492248960000552,
              0,
              null
            ],
            [
              95.291823778000037,
              5.5492242470000406,
              0,
              null
            ],
            [
              95.291789486000084,
              5.5492242170000736,
              0,
              null
            ],
            [
              95.291763908000064,
              5.5492257800000289,
              0,
              null
            ],
            [
              95.291757503000042,
              5.549226678000025,
              0,
              null
            ],
            [
              95.291750828000033,
              5.5492276130000278,
              0,
              null
            ],
            [
              95.291740190000041,
              5.5492298660000756,
              0,
              null
            ],
            [
              95.291696318000049,
              5.5492388420000225,
              0,
              null
            ],
            [
              95.291672583000036,
              5.5492436990000442,
              0,
              null
            ],
            [
              95.291666632000045,
              5.5492421980000586,
              0,
              null
            ],
            [
              95.291654440000059,
              5.5492391230000635,
              0,
              null
            ],
            [
              95.29160617000008,
              5.5492169830000648,
              0,
              null
            ],
            [
              95.291549910000072,
              5.5491908700000749,
              0,
              null
            ],
            [
              95.291475106000064,
              5.5491568740000616,
              0,
              null
            ],
            [
              95.291419143000041,
              5.5491306990000453,
              0,
              null
            ],
            [
              95.29136937700008,
              5.5491088690000652,
              0,
              null
            ],
            [
              95.291295821000062,
              5.5490826510000488,
              0,
              null
            ],
            [
              95.291266514000085,
              5.549074466000036,
              0,
              null
            ],
            [
              95.291231738000079,
              5.5490679030000365,
              0,
              null
            ],
            [
              95.291168476000053,
              5.549060402000066,
              0,
              null
            ],
            [
              95.29107943200006,
              5.5490486610000289,
              0,
              null
            ],
            [
              95.291013389000057,
              5.549040357000024,
              0,
              null
            ],
            [
              95.290908045000037,
              5.5490223250000668,
              0,
              null
            ],
            [
              95.290772495000056,
              5.5490013010000325,
              0,
              null
            ],
            [
              95.290718671000036,
              5.5489939700000264,
              0,
              null
            ],
            [
              95.29068475300005,
              5.5489949880000609,
              0,
              null
            ],
            [
              95.290504962000057,
              5.5490162400000713,
              0,
              null
            ],
            [
              95.290398244000073,
              5.5490348040000299,
              0,
              null
            ],
            [
              95.290354885000056,
              5.5490421990000414,
              0,
              null
            ],
            [
              95.290271615000051,
              5.5484574320000206,
              0,
              null
            ],
            [
              95.290294427000049,
              5.5484259410000618,
              0,
              null
            ],
            [
              95.290308437000078,
              5.5483978740000452,
              0,
              null
            ],
            [
              95.290321590000076,
              5.5483603100000209,
              0,
              null
            ],
            [
              95.290333911000062,
              5.5483035130000644,
              0,
              null
            ],
            [
              95.290342582000051,
              5.5482266270000764,
              0,
              null
            ],
            [
              95.29034475800006,
              5.5481709630000751,
              0,
              null
            ],
            [
              95.290350195000087,
              5.5480697470000564,
              0,
              null
            ],
            [
              95.290354633000049,
              5.5479666730000758,
              0,
              null
            ],
            [
              95.290361389000054,
              5.5479197140000451,
              0,
              null
            ],
            [
              95.290368415000046,
              5.5479028740000444,
              0,
              null
            ],
            [
              95.290383679000058,
              5.5478793130000668,
              0,
              null
            ],
            [
              95.290402793000055,
              5.5478575350000483,
              0,
              null
            ],
            [
              95.290413676000071,
              5.5478418730000385,
              0,
              null
            ],
            [
              95.290417213000069,
              5.5478326030000744,
              0,
              null
            ],
            [
              95.290420493000056,
              5.5478130560000523,
              0,
              null
            ],
            [
              95.290421431000084,
              5.5477896230000283,
              0,
              null
            ],
            [
              95.290416188000052,
              5.5477142910000339,
              0,
              null
            ],
            [
              95.290390141000046,
              5.5474241760000496,
              0,
              null
            ],
            [
              95.290382450000038,
              5.5473269870000763,
              0,
              null
            ],
            [
              95.290380577000064,
              5.5473089660000596,
              0,
              null
            ],
            [
              95.290379595000047,
              5.5473009730000626,
              0,
              null
            ],
            [
              95.290364417000035,
              5.5472399260000316,
              0,
              null
            ],
            [
              95.290364184000055,
              5.5472335020000401,
              0,
              null
            ],
            [
              95.290355544000079,
              5.5469123220000256,
              0,
              null
            ],
            [
              95.290356742000085,
              5.5467854690000422,
              0,
              null
            ],
            [
              95.290359147000061,
              5.5467309070000397,
              0,
              null
            ],
            [
              95.290370033000045,
              5.5466318930000398,
              0,
              null
            ],
            [
              95.290396490000035,
              5.546453237000037,
              0,
              null
            ],
            [
              95.290409468000064,
              5.5463586170000667,
              0,
              null
            ],
            [
              95.290431633000082,
              5.5461758560000476,
              0,
              null
            ],
            [
              95.290451185000052,
              5.5460267040000417,
              0,
              null
            ],
            [
              95.290471108000077,
              5.5459132010000758,
              0,
              null
            ],
            [
              95.290480082000045,
              5.5458866180000541,
              0,
              null
            ],
            [
              95.290490099000067,
              5.5458664030000477,
              0,
              null
            ],
            [
              95.290503755000032,
              5.5458469790000322,
              0,
              null
            ],
            [
              95.29054139200008,
              5.545792977000076,
              0,
              null
            ],
            [
              95.290548110000032,
              5.5457711390000668,
              0,
              null
            ],
            [
              95.290551593000032,
              5.5457503260000749,
              0,
              null
            ],
            [
              95.290557117000048,
              5.5456106200000477,
              0,
              null
            ],
            [
              95.290557743000079,
              5.545518970000046,
              0,
              null
            ],
            [
              95.290559418000043,
              5.5453605470000298,
              0,
              null
            ],
            [
              95.290558801000032,
              5.5453129120000426,
              0,
              null
            ],
            [
              95.29055610000006,
              5.5452816650000614,
              0,
              null
            ],
            [
              95.290649089000055,
              5.5453273210000589,
              0,
              null
            ],
            [
              95.290692067000066,
              5.5453307420000328,
              0,
              null
            ],
            [
              95.291107089000036,
              5.5452502100000629,
              0,
              null
            ],
            [
              95.291153524000038,
              5.5452213300000608,
              0,
              null
            ],
            [
              95.291192617000036,
              5.5451458410000214,
              0,
              null
            ],
            [
              95.291230243000086,
              5.5446900850000702,
              0,
              null
            ],
            [
              95.291226040000083,
              5.5445286640000404,
              0,
              null
            ],
            [
              95.291157334000047,
              5.5443531430000235,
              0,
              null
            ],
            [
              95.291088588000036,
              5.5441668600000753,
              0,
              null
            ],
            [
              95.291055423000046,
              5.5439230390000489,
              0,
              null
            ],
            [
              95.291047459000083,
              5.5437149960000625,
              0,
              null
            ],
            [
              95.291131788000087,
              5.5437617080000337,
              0,
              null
            ],
            [
              95.291233126000066,
              5.5437957560000655,
              0,
              null
            ],
            [
              95.291338247000056,
              5.5438202210000327,
              0,
              null
            ],
            [
              95.291454861000034,
              5.5438542090000738,
              0,
              null
            ],
            [
              95.29166665200006,
              5.5439370070000678,
              0,
              null
            ],
            [
              95.291722846000084,
              5.5439744740000378,
              0,
              null
            ],
            [
              95.291790012000035,
              5.5440192560000696,
              0,
              null
            ],
            [
              95.291957448000062,
              5.5441094910000288,
              0,
              null
            ],
            [
              95.292134450000049,
              5.5442044720000467,
              0,
              null
            ],
            [
              95.292318715000079,
              5.5442565530000252,
              0,
              null
            ],
            [
              95.292444629000045,
              5.5442921410000281,
              0,
              null
            ],
            [
              95.292932241000074,
              5.5444660380000528,
              0,
              null
            ],
            [
              95.293283797000072,
              5.5446404620000749,
              0,
              null
            ],
            [
              95.293349058000047,
              5.5447307110000565,
              0,
              null
            ],
            [
              95.293578645000082,
              5.544844620000049,
              0,
              null
            ],
            [
              95.293812934000073,
              5.5449393780000378,
              0,
              null
            ],
            [
              95.294056604000048,
              5.544991049000032,
              0,
              null
            ],
            [
              95.294319461000043,
              5.5450665630000344,
              0,
              null
            ],
            [
              95.294534451000061,
              5.5451087780000421,
              0,
              null
            ],
            [
              95.294629946000043,
              5.5451131910000413,
              0,
              null
            ],
            [
              95.294737759000043,
              5.5451242590000334,
              0,
              null
            ],
            [
              95.294802668000045,
              5.5451029000000744,
              0,
              null
            ],
            [
              95.294943567000075,
              5.5450586300000282,
              0,
              null
            ],
            [
              95.295272900000043,
              5.544974724000042,
              0,
              null
            ],
            [
              95.295324848000064,
              5.5449448370000596,
              0,
              null
            ],
            [
              95.295352726000033,
              5.5449290550000683,
              0,
              null
            ],
            [
              95.295510610000065,
              5.5449003030000767,
              0,
              null
            ],
            [
              95.295588249000048,
              5.5448815800000375,
              0,
              null
            ],
            [
              95.295616443000085,
              5.5448678840000412,
              0,
              null
            ],
            [
              95.295688432000077,
              5.5448158640000429,
              0,
              null
            ],
            [
              95.29571900600007,
              5.5448042830000759,
              0,
              null
            ],
            [
              95.295887034000032,
              5.5447881470000766,
              0,
              null
            ],
            [
              95.296109157000046,
              5.5447774410000648,
              0,
              null
            ],
            [
              95.296134646000041,
              5.5447806500000638,
              0,
              null
            ],
            [
              95.296329036000031,
              5.5448372500000573,
              0,
              null
            ],
            [
              95.296376142000042,
              5.5448477420000586,
              0,
              null
            ],
            [
              95.296407188000046,
              5.5448486250000428,
              0,
              null
            ],
            [
              95.296429085000057,
              5.544839664000051,
              0,
              null
            ],
            [
              95.296520797000085,
              5.5447250330000202,
              0,
              null
            ],
            [
              95.296543497000073,
              5.5447091710000223,
              0,
              null
            ],
            [
              95.296564688000046,
              5.5447060970000734,
              0,
              null
            ],
            [
              95.296565142000077,
              5.5447061630000576,
              0,
              null
            ],
            [
              95.296565642000076,
              5.5447060930000589,
              0,
              null
            ],
            [
              95.296604175000084,
              5.5447118160000741,
              0,
              null
            ],
            [
              95.296717849000061,
              5.5447286990000748,
              0,
              null
            ],
            [
              95.296752595000044,
              5.5447338590000754,
              0,
              null
            ],
            [
              95.296788255000081,
              5.5447472710000625,
              0,
              null
            ],
            [
              95.296946551000076,
              5.5448558230000344,
              0,
              null
            ],
            [
              95.296984615000042,
              5.5448703100000216,
              0,
              null
            ],
            [
              95.29696324400004,
              5.5449121930000729,
              0,
              null
            ],
            [
              95.296843220000085,
              5.5450829680000311,
              0,
              null
            ],
            [
              95.296597681000037,
              5.5452680780000492,
              0,
              null
            ],
            [
              95.296428263000053,
              5.545393175000072,
              0,
              null
            ],
            [
              95.296195112000078,
              5.5455934450000655,
              0,
              null
            ],
            [
              95.296121676000041,
              5.545800090000057,
              0,
              null
            ],
            [
              95.296081608000065,
              5.5459128370000599,
              0,
              null
            ],
            [
              95.296067153000081,
              5.5460324760000503,
              0,
              null
            ],
            [
              95.296098192000045,
              5.5463432700000226,
              0,
              null
            ],
            [
              95.296163670000055,
              5.5465353530000243,
              0,
              null
            ],
            [
              95.296317756000064,
              5.5467968320000409,
              0,
              null
            ],
            [
              95.296496084000069,
              5.5469566420000547,
              0,
              null
            ],
            [
              95.296530336000046,
              5.5469873380000649,
              0,
              null
            ],
            [
              95.296709784000086,
              5.5470972540000503,
              0,
              null
            ],
            [
              95.296764701000086,
              5.5471150890000445,
              0,
              null
            ],
            [
              95.296769117000053,
              5.547116524000046,
              0,
              null
            ],
            [
              95.296782015000076,
              5.5471207120000372,
              0,
              null
            ],
            [
              95.296771753000087,
              5.5471605710000631,
              0,
              null
            ],
            [
              95.296769210000036,
              5.5471699670000589,
              0,
              null
            ],
            [
              95.296734201000049,
              5.54729932500004,
              0,
              null
            ],
            [
              95.296698812000045,
              5.547426822000034,
              0,
              null
            ],
            [
              95.296693450000078,
              5.5474461370000654,
              0,
              null
            ],
            [
              95.296685638000042,
              5.5474767800000677,
              0,
              null
            ],
            [
              95.296679737000034,
              5.5474999230000321,
              0,
              null
            ],
            [
              95.296677560000035,
              5.5475292210000475,
              0,
              null
            ],
            [
              95.296691638000084,
              5.5475304130000609,
              0,
              null
            ],
            [
              95.296721640000044,
              5.5475340300000653,
              0,
              null
            ],
            [
              95.296727930000031,
              5.5475348540000482,
              0,
              null
            ],
            [
              95.296748980000075,
              5.5475376120000419,
              0,
              null
            ],
            [
              95.296791841000072,
              5.5475445410000361,
              0,
              null
            ],
            [
              95.296862670000053,
              5.5475586660000431,
              0,
              null
            ],
            [
              95.296932156000082,
              5.5475754350000557,
              0,
              null
            ],
            [
              95.297000543000081,
              5.5475949830000673,
              0,
              null
            ],
            [
              95.297014367000031,
              5.5475992650000308,
              0,
              null
            ],
            [
              95.297067067000057,
              5.5476155870000525,
              0,
              null
            ],
            [
              95.297137686000042,
              5.5476382280000394,
              0,
              null
            ],
            [
              95.297207509000032,
              5.5476605910000671,
              0,
              null
            ],
            [
              95.297238268000058,
              5.5476710240000671,
              0,
              null
            ],
            [
              95.297275332000083,
              5.5476835940000342,
              0,
              null
            ],
            [
              95.297293259000071,
              5.5476889720000599,
              0,
              null
            ],
            [
              95.297283260000086,
              5.547716638000054,
              0,
              null
            ],
            [
              95.297281332000068,
              5.5477237250000258,
              0,
              null
            ],
            [
              95.29727237600008,
              5.5477566430000707,
              0,
              null
            ],
            [
              95.297246182000038,
              5.5478510970000343,
              0,
              null
            ],
            [
              95.297215164000079,
              5.5479648950000637,
              0,
              null
            ],
            [
              95.297199043000035,
              5.5480177560000357,
              0,
              null
            ],
            [
              95.297169706000034,
              5.5481139500000722,
              0,
              null
            ],
            [
              95.297166016000062,
              5.548126049000075,
              0,
              null
            ],
            [
              95.297154615000068,
              5.5481710550000685,
              0,
              null
            ],
            [
              95.297147585000062,
              5.5482039120000763,
              0,
              null
            ],
            [
              95.297138361000066,
              5.5482470210000656,
              0,
              null
            ],
            [
              95.297137668000062,
              5.5482582990000537,
              0,
              null
            ],
            [
              95.297136974000068,
              5.5482695760000524,
              0,
              null
            ],
            [
              95.297136657000067,
              5.5482920170000511,
              0,
              null
            ],
            [
              95.297135754000067,
              5.5483559630000627,
              0,
              null
            ],
            [
              95.29713571800005,
              5.5483762120000506,
              0,
              null
            ],
            [
              95.297135471000047,
              5.5485158790000355,
              0,
              null
            ],
            [
              95.297135426000068,
              5.5485414590000346,
              0,
              null
            ],
            [
              95.297138362000055,
              5.5486030060000644,
              0,
              null
            ],
            [
              95.297140933000037,
              5.5486324530000388,
              0,
              null
            ],
            [
              95.297148783000068,
              5.5487223380000614,
              0,
              null
            ],
            [
              95.297150385000066,
              5.5487399350000715,
              0,
              null
            ],
            [
              95.297151993000057,
              5.5487576020000233,
              0,
              null
            ],
            [
              95.297152422000067,
              5.5487623250000411,
              0,
              null
            ],
            [
              95.297152892000042,
              5.5487674820000734,
              0,
              null
            ],
            [
              95.297154123000041,
              5.5487827280000488,
              0,
              null
            ],
            [
              95.297154825000064,
              5.5487890420000667,
              0,
              null
            ],
            [
              95.297155731000032,
              5.5487984450000454,
              0,
              null
            ],
            [
              95.297156623000035,
              5.5488061920000291,
              0,
              null
            ],
            [
              95.297162916000048,
              5.5488517980000438,
              0,
              null
            ],
            [
              95.297176471000057,
              5.5489423900000361,
              0,
              null
            ],
            [
              95.297182031000034,
              5.5489795570000524,
              0,
              null
            ],
            [
              95.297191489000056,
              5.5490619680000464,
              0,
              null
            ],
            [
              95.297193104000087,
              5.5490922970000724,
              0,
              null
            ],
            [
              95.297192063000068,
              5.5491164410000238,
              0,
              null
            ],
            [
              95.29719179600005,
              5.5491226110000298,
              0,
              null
            ],
            [
              95.297188562000031,
              5.549156268000047,
              0,
              null
            ],
            [
              95.297172898000042,
              5.5492675840000629,
              0,
              null
            ],
            [
              95.297165562000032,
              5.5493477740000685,
              0,
              null
            ],
            [
              95.297160019000046,
              5.5494083670000691,
              0,
              null
            ],
            [
              95.29715757300005,
              5.5494332300000337,
              0,
              null
            ],
            [
              95.29714272800004,
              5.5495841120000478,
              0,
              null
            ],
            [
              95.297136653000052,
              5.5496354110000539,
              0,
              null
            ],
            [
              95.297131293000064,
              5.5496806780000725,
              0,
              null
            ],
            [
              95.297133081000084,
              5.549692703000062,
              0,
              null
            ],
            [
              95.297138953000058,
              5.5497054770000318,
              0,
              null
            ],
            [
              95.29714511800006,
              5.5497188880000294,
              0,
              null
            ],
            [
              95.297156483000037,
              5.5497317370000587,
              0,
              null
            ],
            [
              95.297157269000081,
              5.5497326250000469,
              0,
              null
            ],
            [
              95.297165406000033,
              5.5497370950000686,
              0,
              null
            ],
            [
              95.297234161000063,
              5.5497630870000307,
              0,
              null
            ],
            [
              95.297248890000049,
              5.5497668900000576,
              0,
              null
            ],
            [
              95.297295441000074,
              5.5497761190000574,
              0,
              null
            ],
            [
              95.29733757300005,
              5.549788086000035,
              0,
              null
            ],
            [
              95.297353013000077,
              5.5497937930000489,
              0,
              null
            ],
            [
              95.297361285000079,
              5.5498006120000696,
              0,
              null
            ],
            [
              95.297366734000036,
              5.5498120890000564,
              0,
              null
            ],
            [
              95.297369686000081,
              5.5498242720000235,
              0,
              null
            ],
            [
              95.297369350000054,
              5.5498447740000643,
              0,
              null
            ],
            [
              95.297369482000079,
              5.5498928170000568,
              0,
              null
            ],
            [
              95.297372458000041,
              5.5499180430000479,
              0,
              null
            ],
            [
              95.297376282000073,
              5.5499316960000442,
              0,
              null
            ],
            [
              95.297382466000045,
              5.5499423020000336,
              0,
              null
            ]
          ]
        ]
      },
      "properties" : {
        "FID" : 0,
        "OBJECTID" : 10313,
        "KDPPUM" : "11",
        "NAMOBJ" : "Lamjabat",
        "REMARK" : " ",
        "KDPBPS" : " ",
        "FCODE" : "BA03070040",
        "LUASWH" : 0,
        "UUPP" : "RBI",
        "SRS_ID" : "SRGI 2013",
        "METADATA" : "TASWIL1000020200326DATA_BATAS_DESA_KELURAHAN",
        "KDEBPS" : " ",
        "KDEPUM" : "11.71.03.2012",
        "KDCBPS" : " ",
        "KDCPUM" : "11.71.03",
        "KDBBPS" : " ",
        "WADMKD" : "Lamjabat",
        "WIADKD" : "0",
        "WADMKC" : "Meuraxa",
        "WIADKC" : " ",
        "WADMKK" : "Kota Banda Aceh",
        "WIADKK" : " ",
        "WADMPR" : "Aceh",
        "WIADPR" : " ",
        "TIPADM" : 9,
        "KDPKAB" : "11.71",
        "SHAPE_Leng" : 0.026861723119074001,
        "SHAPE_Area" : 3.1724654022999999e-05
      }
    }
  ]
}