{
  "hasZ" : true,
  "hasM" : true,
  "type" : "FeatureCollection",
  "features" : [
    {
      "type" : "Feature",
      "id" : 0,
      "geometry" : {
        "type" : "Polygon",
        "coordinates" : [
          [
            [
              95.312358327000084,
              5.5539205930000435,
              0,
              null
            ],
            [
              95.312319646000049,
              5.5539238540000611,
              0,
              null
            ],
            [
              95.312284842000054,
              5.5539261710000574,
              0,
              null
            ],
            [
              95.31227887700004,
              5.5539265690000548,
              0,
              null
            ],
            [
              95.312230960000079,
              5.5539297600000737,
              0,
              null
            ],
            [
              95.312217312000087,
              5.5539306250000209,
              0,
              null
            ],
            [
              95.312166747000049,
              5.5539338300000622,
              0,
              null
            ],
            [
              95.312160993000077,
              5.553934196000057,
              0,
              null
            ],
            [
              95.31213142200005,
              5.5539360700000202,
              0,
              null
            ],
            [
              95.312064400000054,
              5.5539427330000422,
              0,
              null
            ],
            [
              95.312014961000045,
              5.5539470190000202,
              0,
              null
            ],
            [
              95.311985385000071,
              5.5539495840000654,
              0,
              null
            ],
            [
              95.311945318000085,
              5.5539517480000313,
              0,
              null
            ],
            [
              95.311876315000063,
              5.5539554760000556,
              0,
              null
            ],
            [
              95.311870835000036,
              5.5539549070000476,
              0,
              null
            ],
            [
              95.311865082000054,
              5.5539527470000394,
              0,
              null
            ],
            [
              95.31186186900004,
              5.5539515410000604,
              0,
              null
            ],
            [
              95.31184703100007,
              5.553945972000065,
              0,
              null
            ],
            [
              95.311833440000044,
              5.5539423620000434,
              0,
              null
            ],
            [
              95.311826329000041,
              5.5539404740000577,
              0,
              null
            ],
            [
              95.311810190000074,
              5.5539397600000484,
              0,
              null
            ],
            [
              95.311803032000057,
              5.5539394440000365,
              0,
              null
            ],
            [
              95.311784840000087,
              5.5539424780000672,
              0,
              null
            ],
            [
              95.31174092200007,
              5.5539498020000337,
              0,
              null
            ],
            [
              95.311677156000087,
              5.5539679500000716,
              0,
              null
            ],
            [
              95.311670154000069,
              5.5539699430000269,
              0,
              null
            ],
            [
              95.311658357000056,
              5.5539733000000524,
              0,
              null
            ],
            [
              95.311618482000085,
              5.5539846480000392,
              0,
              null
            ],
            [
              95.31158742000008,
              5.5539914140000519,
              0,
              null
            ],
            [
              95.311555504000069,
              5.5539953250000735,
              0,
              null
            ],
            [
              95.311545876000082,
              5.5539965050000433,
              0,
              null
            ],
            [
              95.311537662000035,
              5.5539975110000341,
              0,
              null
            ],
            [
              95.311488241000063,
              5.554001827000036,
              0,
              null
            ],
            [
              95.311465654000074,
              5.5540050420000284,
              0,
              null
            ],
            [
              95.311470892000045,
              5.55401794200003,
              0,
              null
            ],
            [
              95.311490129000049,
              5.55407410600003,
              0,
              null
            ],
            [
              95.311499686000047,
              5.5541091440000514,
              0,
              null
            ],
            [
              95.311504928000033,
              5.5541283640000643,
              0,
              null
            ],
            [
              95.311529617000076,
              5.5542466010000453,
              0,
              null
            ],
            [
              95.311534236000057,
              5.5542687180000598,
              0,
              null
            ],
            [
              95.311536186000069,
              5.554287549000037,
              0,
              null
            ],
            [
              95.311538989000042,
              5.5543146190000243,
              0,
              null
            ],
            [
              95.311539069000048,
              5.554362870000034,
              0,
              null
            ],
            [
              95.311533538000049,
              5.5544086040000593,
              0,
              null
            ],
            [
              95.311532462000059,
              5.5544175010000458,
              0,
              null
            ],
            [
              95.311529281000048,
              5.5544526500000302,
              0,
              null
            ],
            [
              95.31151996400007,
              5.5545555790000662,
              0,
              null
            ],
            [
              95.311518181000054,
              5.5545884180000371,
              0,
              null
            ],
            [
              95.311517363000064,
              5.5546034970000733,
              0,
              null
            ],
            [
              95.31151549100008,
              5.5546926300000337,
              0,
              null
            ],
            [
              95.311515995000036,
              5.5548008640000717,
              0,
              null
            ],
            [
              95.311517774000038,
              5.5548978500000317,
              0,
              null
            ],
            [
              95.311518183000032,
              5.5549201450000396,
              0,
              null
            ],
            [
              95.311523708000038,
              5.5550344060000612,
              0,
              null
            ],
            [
              95.31152350900004,
              5.5550777230000676,
              0,
              null
            ],
            [
              95.311523454000053,
              5.5550896910000347,
              0,
              null
            ],
            [
              95.31152125400007,
              5.555177823000065,
              0,
              null
            ],
            [
              95.311520091000034,
              5.5552961050000249,
              0,
              null
            ],
            [
              95.311516631000075,
              5.5554334960000347,
              0,
              null
            ],
            [
              95.31151651600004,
              5.5554357360000495,
              0,
              null
            ],
            [
              95.31151273200004,
              5.5555095670000583,
              0,
              null
            ],
            [
              95.311509749000038,
              5.5555359420000627,
              0,
              null
            ],
            [
              95.311509732000047,
              5.5555360880000535,
              0,
              null
            ],
            [
              95.311506790000067,
              5.5555539450000424,
              0,
              null
            ],
            [
              95.311431763000087,
              5.5555451460000427,
              0,
              null
            ],
            [
              95.311421026000062,
              5.5555438860000663,
              0,
              null
            ],
            [
              95.311288336000075,
              5.5555312260000278,
              0,
              null
            ],
            [
              95.31126895500006,
              5.5555293770000276,
              0,
              null
            ],
            [
              95.311069050000071,
              5.5555120820000639,
              0,
              null
            ],
            [
              95.310897358000034,
              5.5555047630000445,
              0,
              null
            ],
            [
              95.31085209400004,
              5.555504203000055,
              0,
              null
            ],
            [
              95.310799886000041,
              5.5555035560000761,
              0,
              null
            ],
            [
              95.310794145000045,
              5.5555034860000205,
              0,
              null
            ],
            [
              95.31079393300007,
              5.555521562000024,
              0,
              null
            ],
            [
              95.310791539000036,
              5.5555452850000506,
              0,
              null
            ],
            [
              95.310787456000071,
              5.5555857410000726,
              0,
              null
            ],
            [
              95.310785715000065,
              5.5556078540000726,
              0,
              null
            ],
            [
              95.310785247000069,
              5.555613797000035,
              0,
              null
            ],
            [
              95.310779771000057,
              5.5556833240000287,
              0,
              null
            ],
            [
              95.310773170000061,
              5.5557671600000731,
              0,
              null
            ],
            [
              95.310767338000062,
              5.5558507860000645,
              0,
              null
            ],
            [
              95.310766044000047,
              5.5558693310000535,
              0,
              null
            ],
            [
              95.310756129000083,
              5.5559699330000285,
              0,
              null
            ],
            [
              95.310753606000048,
              5.5559955340000329,
              0,
              null
            ],
            [
              95.310752133000051,
              5.5560104780000756,
              0,
              null
            ],
            [
              95.310748806000049,
              5.5560414920000767,
              0,
              null
            ],
            [
              95.31074667300004,
              5.5560613710000553,
              0,
              null
            ],
            [
              95.310745136000037,
              5.5560756860000424,
              0,
              null
            ],
            [
              95.310744351000039,
              5.5560830110000552,
              0,
              null
            ],
            [
              95.310741695000047,
              5.5561077620000674,
              0,
              null
            ],
            [
              95.310734367000066,
              5.556168031000027,
              0,
              null
            ],
            [
              95.310723150000058,
              5.5561668580000401,
              0,
              null
            ],
            [
              95.31040775300005,
              5.5561271360000433,
              0,
              null
            ],
            [
              95.310396540000056,
              5.5561251000000311,
              0,
              null
            ],
            [
              95.310393558000044,
              5.556171900000038,
              0,
              null
            ],
            [
              95.310392886000045,
              5.5561824350000393,
              0,
              null
            ],
            [
              95.310391616000061,
              5.5562023900000668,
              0,
              null
            ],
            [
              95.310380347000034,
              5.5562019230000601,
              0,
              null
            ],
            [
              95.310251644000061,
              5.5561965980000423,
              0,
              null
            ],
            [
              95.310203180000087,
              5.5561945930000434,
              0,
              null
            ],
            [
              95.310176322000075,
              5.5561934030000657,
              0,
              null
            ],
            [
              95.310105332000035,
              5.5561902570000257,
              0,
              null
            ],
            [
              95.310011115000066,
              5.5561861640000529,
              0,
              null
            ],
            [
              95.310010755000064,
              5.5561861480000516,
              0,
              null
            ],
            [
              95.310007295000048,
              5.5561862090000318,
              0,
              null
            ],
            [
              95.309989868000059,
              5.5561865150000358,
              0,
              null
            ],
            [
              95.309978655000066,
              5.556186948000061,
              0,
              null
            ],
            [
              95.309960875000058,
              5.5561876370000505,
              0,
              null
            ],
            [
              95.309834513000055,
              5.5561925260000748,
              0,
              null
            ],
            [
              95.309817833000068,
              5.5561931720000644,
              0,
              null
            ],
            [
              95.309744703000035,
              5.5561953290000474,
              0,
              null
            ],
            [
              95.309724825000046,
              5.5561945300000275,
              0,
              null
            ],
            [
              95.309663801000056,
              5.5561871760000372,
              0,
              null
            ],
            [
              95.309632864000037,
              5.5561844770000448,
              0,
              null
            ],
            [
              95.309601498000063,
              5.5561834330000579,
              0,
              null
            ],
            [
              95.309561034000069,
              5.5561820850000458,
              0,
              null
            ],
            [
              95.309481525000081,
              5.556179438000072,
              0,
              null
            ],
            [
              95.309456026000078,
              5.5561791510000376,
              0,
              null
            ],
            [
              95.309313644000042,
              5.556175430000053,
              0,
              null
            ],
            [
              95.30917510900008,
              5.5561695730000338,
              0,
              null
            ],
            [
              95.309166278000077,
              5.5561692000000562,
              0,
              null
            ],
            [
              95.309034699000051,
              5.556164969000065,
              0,
              null
            ],
            [
              95.308241486000043,
              5.5561966820000634,
              0,
              null
            ],
            [
              95.308355468000059,
              5.5560259850000762,
              0,
              null
            ],
            [
              95.30852109500006,
              5.5557866310000463,
              0,
              null
            ],
            [
              95.308550084000046,
              5.5557380740000326,
              0,
              null
            ],
            [
              95.308586195000032,
              5.5556198800000516,
              0,
              null
            ],
            [
              95.308628531000068,
              5.5554607890000511,
              0,
              null
            ],
            [
              95.308662057000049,
              5.5553108310000425,
              0,
              null
            ],
            [
              95.30871204400006,
              5.5550872480000635,
              0,
              null
            ],
            [
              95.308726235000051,
              5.5550237670000229,
              0,
              null
            ],
            [
              95.308766266000077,
              5.5548440000000596,
              0,
              null
            ],
            [
              95.308688477000032,
              5.5548181690000433,
              0,
              null
            ],
            [
              95.308668017000059,
              5.5548140760000706,
              0,
              null
            ],
            [
              95.308639557000049,
              5.5548102650000715,
              0,
              null
            ],
            [
              95.308582791000049,
              5.5548030490000428,
              0,
              null
            ],
            [
              95.308578983000075,
              5.5548025650000454,
              0,
              null
            ],
            [
              95.308564231000048,
              5.5547998750000716,
              0,
              null
            ],
            [
              95.30851679500006,
              5.5547930190000443,
              0,
              null
            ],
            [
              95.308433318000084,
              5.5547837090000485,
              0,
              null
            ],
            [
              95.308326011000077,
              5.5547687800000745,
              0,
              null
            ],
            [
              95.308238048000078,
              5.5547618700000498,
              0,
              null
            ],
            [
              95.308221337000077,
              5.5547605570000655,
              0,
              null
            ],
            [
              95.308177844000056,
              5.554758305000064,
              0,
              null
            ],
            [
              95.308117301000038,
              5.5547562090000611,
              0,
              null
            ],
            [
              95.308105286000057,
              5.5547555950000742,
              0,
              null
            ],
            [
              95.308058696000046,
              5.5547532100000581,
              0,
              null
            ],
            [
              95.308014894000053,
              5.5547509690000538,
              0,
              null
            ],
            [
              95.307962621000058,
              5.5547505860000683,
              0,
              null
            ],
            [
              95.307801078000068,
              5.554750259000059,
              0,
              null
            ],
            [
              95.307761549000077,
              5.5547523360000355,
              0,
              null
            ],
            [
              95.307735233000074,
              5.554753718000029,
              0,
              null
            ],
            [
              95.307651079000038,
              5.5547581400000468,
              0,
              null
            ],
            [
              95.307643243000086,
              5.5547583890000283,
              0,
              null
            ],
            [
              95.307506183000044,
              5.5547627480000301,
              0,
              null
            ],
            [
              95.30747996000008,
              5.554763582000021,
              0,
              null
            ],
            [
              95.307438778000062,
              5.5547663190000662,
              0,
              null
            ],
            [
              95.307414086000051,
              5.5547687650000626,
              0,
              null
            ],
            [
              95.307394326000065,
              5.5547703250000495,
              0,
              null
            ],
            [
              95.307387995000056,
              5.5547704040000667,
              0,
              null
            ],
            [
              95.307366730000069,
              5.5547706680000601,
              0,
              null
            ],
            [
              95.307358571000066,
              5.5547708550000721,
              0,
              null
            ],
            [
              95.307339713000033,
              5.5547712890000298,
              0,
              null
            ],
            [
              95.307295865000071,
              5.5547729880000247,
              0,
              null
            ],
            [
              95.307259782000074,
              5.5547759940000674,
              0,
              null
            ],
            [
              95.307245670000043,
              5.5547777490000385,
              0,
              null
            ],
            [
              95.307179176000034,
              5.5547860170000263,
              0,
              null
            ],
            [
              95.307103747000042,
              5.5547953960000314,
              0,
              null
            ],
            [
              95.307036893000031,
              5.5548061250000274,
              0,
              null
            ],
            [
              95.307013863000066,
              5.5548135730000467,
              0,
              null
            ],
            [
              95.307000884000047,
              5.5548212710000371,
              0,
              null
            ],
            [
              95.30699032800004,
              5.5548327290000543,
              0,
              null
            ],
            [
              95.306980347000035,
              5.5548482070000205,
              0,
              null
            ],
            [
              95.306976590000033,
              5.5548634340000262,
              0,
              null
            ],
            [
              95.306974350000075,
              5.5548952250000525,
              0,
              null
            ],
            [
              95.306971020000049,
              5.5549506660000247,
              0,
              null
            ],
            [
              95.306965932000082,
              5.5549715220000735,
              0,
              null
            ],
            [
              95.306958965000035,
              5.5549871600000529,
              0,
              null
            ],
            [
              95.306944836000071,
              5.555002997000031,
              0,
              null
            ],
            [
              95.30692952000004,
              5.5550129640000705,
              0,
              null
            ],
            [
              95.306908646000068,
              5.5550204400000212,
              0,
              null
            ],
            [
              95.306890082000052,
              5.5550243780000415,
              0,
              null
            ],
            [
              95.306882432000066,
              5.5550260020000337,
              0,
              null
            ],
            [
              95.30682336700005,
              5.5550333900000624,
              0,
              null
            ],
            [
              95.306789564000042,
              5.5550376190000748,
              0,
              null
            ],
            [
              95.306750888000067,
              5.5550399480000578,
              0,
              null
            ],
            [
              95.306743193000045,
              5.5550402970000619,
              0,
              null
            ],
            [
              95.306621721000056,
              5.5550458040000308,
              0,
              null
            ],
            [
              95.30656577700006,
              5.5550526030000356,
              0,
              null
            ],
            [
              95.306551826000032,
              5.5550550020000742,
              0,
              null
            ],
            [
              95.306536944000072,
              5.5550575620000586,
              0,
              null
            ],
            [
              95.306536035000079,
              5.5550577180000573,
              0,
              null
            ],
            [
              95.306517046000067,
              5.5550581990000296,
              0,
              null
            ],
            [
              95.306505989000073,
              5.5550564700000677,
              0,
              null
            ],
            [
              95.306497638000053,
              5.5550551650000557,
              0,
              null
            ],
            [
              95.30643321000008,
              5.555044940000073,
              0,
              null
            ],
            [
              95.306364483000038,
              5.5550367860000733,
              0,
              null
            ],
            [
              95.306349399000055,
              5.5550349970000639,
              0,
              null
            ],
            [
              95.306335943000079,
              5.5550334000000703,
              0,
              null
            ],
            [
              95.306309030000079,
              5.5549947980000525,
              0,
              null
            ],
            [
              95.306303360000072,
              5.5549866300000303,
              0,
              null
            ],
            [
              95.30628895600006,
              5.5549550480000676,
              0,
              null
            ],
            [
              95.306281899000055,
              5.554928817000075,
              0,
              null
            ],
            [
              95.306281268000077,
              5.5549259510000297,
              0,
              null
            ],
            [
              95.306267066000032,
              5.554861388000063,
              0,
              null
            ],
            [
              95.306259343000079,
              5.5548277540000299,
              0,
              null
            ],
            [
              95.306257560000063,
              5.554819989000066,
              0,
              null
            ],
            [
              95.306253961000039,
              5.5548043210000628,
              0,
              null
            ],
            [
              95.306235491000052,
              5.5547385960000497,
              0,
              null
            ],
            [
              95.306221741000059,
              5.5546990580000397,
              0,
              null
            ],
            [
              95.306212744000049,
              5.5546683100000678,
              0,
              null
            ],
            [
              95.306205640000087,
              5.5546440360000702,
              0,
              null
            ],
            [
              95.306204518000072,
              5.5546403450000525,
              0,
              null
            ],
            [
              95.306195953000042,
              5.5546121740000558,
              0,
              null
            ],
            [
              95.306168848000084,
              5.5545297970000433,
              0,
              null
            ],
            [
              95.30615838600005,
              5.5544936970000549,
              0,
              null
            ],
            [
              95.306142493000038,
              5.5544388480000748,
              0,
              null
            ],
            [
              95.306134889000077,
              5.5544149740000535,
              0,
              null
            ],
            [
              95.306122802000061,
              5.5543770240000754,
              0,
              null
            ],
            [
              95.30610444000007,
              5.5543320360000621,
              0,
              null
            ],
            [
              95.306087557000069,
              5.554296407000038,
              0,
              null
            ],
            [
              95.306083054000055,
              5.5542869050000263,
              0,
              null
            ],
            [
              95.30606918400008,
              5.5542627790000552,
              0,
              null
            ],
            [
              95.306033753000065,
              5.5542154620000588,
              0,
              null
            ],
            [
              95.306012857000042,
              5.5541895640000689,
              0,
              null
            ],
            [
              95.305996282000081,
              5.5541727980000246,
              0,
              null
            ],
            [
              95.305975207000074,
              5.5541541240000356,
              0,
              null
            ],
            [
              95.30594891800007,
              5.5541310140000633,
              0,
              null
            ],
            [
              95.305941873000052,
              5.5541241720000585,
              0,
              null
            ],
            [
              95.305927593000035,
              5.5541083000000526,
              0,
              null
            ],
            [
              95.305905563000067,
              5.5540829770000641,
              0,
              null
            ],
            [
              95.305896154000038,
              5.5540719560000298,
              0,
              null
            ],
            [
              95.305885697000065,
              5.5540597060000323,
              0,
              null
            ],
            [
              95.305867785000032,
              5.5540399260000299,
              0,
              null
            ],
            [
              95.305850251000038,
              5.5540225310000437,
              0,
              null
            ],
            [
              95.305839469000034,
              5.554012293000028,
              0,
              null
            ],
            [
              95.305780047000042,
              5.553955869000049,
              0,
              null
            ],
            [
              95.305749809000076,
              5.553924079000069,
              0,
              null
            ],
            [
              95.305742332000079,
              5.5539160500000548,
              0,
              null
            ],
            [
              95.305738729000041,
              5.5539121820000332,
              0,
              null
            ],
            [
              95.30572459800004,
              5.5538903530000425,
              0,
              null
            ],
            [
              95.305716078000046,
              5.5538643760000355,
              0,
              null
            ],
            [
              95.305714302000069,
              5.553854923000074,
              0,
              null
            ],
            [
              95.305713240000046,
              5.5538369840000428,
              0,
              null
            ],
            [
              95.305714465000051,
              5.5538249300000757,
              0,
              null
            ],
            [
              95.305720866000058,
              5.5538076580000393,
              0,
              null
            ],
            [
              95.305732361000082,
              5.5537894540000252,
              0,
              null
            ],
            [
              95.305776564000041,
              5.5537389350000694,
              0,
              null
            ],
            [
              95.305781859000035,
              5.5537328830000661,
              0,
              null
            ],
            [
              95.305821520000052,
              5.5536910170000624,
              0,
              null
            ],
            [
              95.305838088000087,
              5.5536735270000577,
              0,
              null
            ],
            [
              95.305850971000041,
              5.5536603080000759,
              0,
              null
            ],
            [
              95.305858761000081,
              5.553651172000059,
              0,
              null
            ],
            [
              95.305865610000069,
              5.5536431400000765,
              0,
              null
            ],
            [
              95.30592828500005,
              5.553562419000059,
              0,
              null
            ],
            [
              95.305953034000083,
              5.5535258700000441,
              0,
              null
            ],
            [
              95.305958989000032,
              5.5535170750000589,
              0,
              null
            ],
            [
              95.305963223000049,
              5.5535108220000211,
              0,
              null
            ],
            [
              95.305984157000069,
              5.553481616000056,
              0,
              null
            ],
            [
              95.30600202100004,
              5.5534586680000757,
              0,
              null
            ],
            [
              95.306012551000038,
              5.5534476440000731,
              0,
              null
            ],
            [
              95.305998982000062,
              5.5534357040000373,
              0,
              null
            ],
            [
              95.305985640000074,
              5.553424365000069,
              0,
              null
            ],
            [
              95.305955238000081,
              5.5534014700000398,
              0,
              null
            ],
            [
              95.305931736000048,
              5.5533851370000207,
              0,
              null
            ],
            [
              95.305908799000065,
              5.553370176000044,
              0,
              null
            ],
            [
              95.305892889000063,
              5.5533609610000667,
              0,
              null
            ],
            [
              95.305880552000076,
              5.5533538170000725,
              0,
              null
            ],
            [
              95.305855500000064,
              5.5533400580000603,
              0,
              null
            ],
            [
              95.305834184000048,
              5.5533292130000405,
              0,
              null
            ],
            [
              95.305813442000044,
              5.5533194140000433,
              0,
              null
            ],
            [
              95.305796069000053,
              5.5533130820000451,
              0,
              null
            ],
            [
              95.305787355000064,
              5.5533106900000462,
              0,
              null
            ],
            [
              95.305767692000074,
              5.5533052920000614,
              0,
              null
            ],
            [
              95.305740624000066,
              5.553299748000029,
              0,
              null
            ],
            [
              95.305723307000051,
              5.5532962360000511,
              0,
              null
            ],
            [
              95.30570438400008,
              5.553292812000052,
              0,
              null
            ],
            [
              95.305684901000063,
              5.5532890100000714,
              0,
              null
            ],
            [
              95.305668711000067,
              5.5532856440000273,
              0,
              null
            ],
            [
              95.30566774600004,
              5.5532854440000392,
              0,
              null
            ],
            [
              95.305651377000061,
              5.5532799750000663,
              0,
              null
            ],
            [
              95.305636982000067,
              5.5532739300000458,
              0,
              null
            ],
            [
              95.305624937000061,
              5.5532669400000714,
              0,
              null
            ],
            [
              95.305621557000052,
              5.5532649780000725,
              0,
              null
            ],
            [
              95.305608149000079,
              5.553255259000025,
              0,
              null
            ],
            [
              95.305594558000053,
              5.5532422250000764,
              0,
              null
            ],
            [
              95.305588838000062,
              5.5532367410000347,
              0,
              null
            ],
            [
              95.30559235000004,
              5.5532241240000531,
              0,
              null
            ],
            [
              95.305596251000054,
              5.5532115380000278,
              0,
              null
            ],
            [
              95.305606759000057,
              5.553169356000069,
              0,
              null
            ],
            [
              95.305614615000081,
              5.553129426000055,
              0,
              null
            ],
            [
              95.305621879000057,
              5.5530947550000747,
              0,
              null
            ],
            [
              95.30563253300005,
              5.5530438990000448,
              0,
              null
            ],
            [
              95.305638534000082,
              5.5530116330000396,
              0,
              null
            ],
            [
              95.305644846000064,
              5.5529661150000607,
              0,
              null
            ],
            [
              95.305645931000072,
              5.5529582910000386,
              0,
              null
            ],
            [
              95.305649197000037,
              5.5529118700000595,
              0,
              null
            ],
            [
              95.305651498000032,
              5.5528794470000662,
              0,
              null
            ],
            [
              95.305651152000053,
              5.5528532070000551,
              0,
              null
            ],
            [
              95.305646688000081,
              5.5528189120000206,
              0,
              null
            ],
            [
              95.305642750000061,
              5.5528014090000397,
              0,
              null
            ],
            [
              95.30563860400008,
              5.5527855710000722,
              0,
              null
            ],
            [
              95.305637365000052,
              5.5527808390000359,
              0,
              null
            ],
            [
              95.305629805000081,
              5.5527553330000501,
              0,
              null
            ],
            [
              95.305615017000036,
              5.5527106100000765,
              0,
              null
            ],
            [
              95.30559347600007,
              5.5526395370000614,
              0,
              null
            ],
            [
              95.30558671700004,
              5.5526169970000296,
              0,
              null
            ],
            [
              95.305578206000064,
              5.5525894560000211,
              0,
              null
            ],
            [
              95.305571200000031,
              5.5525671480000369,
              0,
              null
            ],
            [
              95.305562701000042,
              5.5525413290000643,
              0,
              null
            ],
            [
              95.305555849000086,
              5.5525216590000355,
              0,
              null
            ],
            [
              95.305548089000069,
              5.5525004110000395,
              0,
              null
            ],
            [
              95.305540294000082,
              5.5524790820000476,
              0,
              null
            ],
            [
              95.305535180000049,
              5.5524643000000538,
              0,
              null
            ],
            [
              95.30553498200004,
              5.5524637270000312,
              0,
              null
            ],
            [
              95.305529474000082,
              5.552448408000032,
              0,
              null
            ],
            [
              95.305522050000036,
              5.5524277650000613,
              0,
              null
            ],
            [
              95.305499845000043,
              5.5523689270000318,
              0,
              null
            ],
            [
              95.305499735000069,
              5.5523686360000397,
              0,
              null
            ],
            [
              95.305479048000052,
              5.5523104100000751,
              0,
              null
            ],
            [
              95.305456894000031,
              5.5522529450000206,
              0,
              null
            ],
            [
              95.305455416000086,
              5.5522491110000374,
              0,
              null
            ],
            [
              95.305433366000045,
              5.5521952780000561,
              0,
              null
            ],
            [
              95.30541009600006,
              5.5521342910000726,
              0,
              null
            ],
            [
              95.30539454500007,
              5.5520856400000298,
              0,
              null
            ],
            [
              95.305388918000062,
              5.5520680350000475,
              0,
              null
            ],
            [
              95.30537911600004,
              5.5520345380000435,
              0,
              null
            ],
            [
              95.305361730000072,
              5.5519383390000598,
              0,
              null
            ],
            [
              95.305360238000048,
              5.5519300820000694,
              0,
              null
            ],
            [
              95.305356591000077,
              5.5519017670000608,
              0,
              null
            ],
            [
              95.305350011000087,
              5.5518506700000216,
              0,
              null
            ],
            [
              95.305341412000075,
              5.5517838980000533,
              0,
              null
            ],
            [
              95.305330335000065,
              5.5516887750000592,
              0,
              null
            ],
            [
              95.305324007000081,
              5.5516344380000646,
              0,
              null
            ],
            [
              95.305322438000076,
              5.5516209680000657,
              0,
              null
            ],
            [
              95.305316890000086,
              5.5515954090000719,
              0,
              null
            ],
            [
              95.305302277000067,
              5.551570373000061,
              0,
              null
            ],
            [
              95.305287638000038,
              5.5515549550000287,
              0,
              null
            ],
            [
              95.305272927000033,
              5.5515441290000354,
              0,
              null
            ],
            [
              95.305186847000073,
              5.5515105770000446,
              0,
              null
            ],
            [
              95.305152937000059,
              5.5515017690000263,
              0,
              null
            ],
            [
              95.305082327000036,
              5.5514907370000515,
              0,
              null
            ],
            [
              95.304889394000043,
              5.5514726880000467,
              0,
              null
            ],
            [
              95.304651653000064,
              5.5514515110000389,
              0,
              null
            ],
            [
              95.304645601000061,
              5.5514509710000652,
              0,
              null
            ],
            [
              95.304625864000059,
              5.551449213000069,
              0,
              null
            ],
            [
              95.304583834000084,
              5.5514454700000329,
              0,
              null
            ],
            [
              95.304569074000085,
              5.5514429600000312,
              0,
              null
            ],
            [
              95.304557353000064,
              5.5514376910000465,
              0,
              null
            ],
            [
              95.304539575000035,
              5.5514254570000503,
              0,
              null
            ],
            [
              95.304519294000045,
              5.551414889000057,
              0,
              null
            ],
            [
              95.30449806300004,
              5.5513994780000644,
              0,
              null
            ],
            [
              95.304492856000081,
              5.5513992060000419,
              0,
              null
            ],
            [
              95.304468532000044,
              5.5513979380000364,
              0,
              null
            ],
            [
              95.304462988000068,
              5.5513822000000346,
              0,
              null
            ],
            [
              95.304448757000046,
              5.5513439880000419,
              0,
              null
            ],
            [
              95.304431456000032,
              5.5512981400000285,
              0,
              null
            ],
            [
              95.304478859000085,
              5.5512822450000385,
              0,
              null
            ],
            [
              95.305020985000056,
              5.5511220430000208,
              0,
              null
            ],
            [
              95.305490201000055,
              5.5509834110000611,
              0,
              null
            ],
            [
              95.305908856000087,
              5.5508554990000221,
              0,
              null
            ],
            [
              95.306215939000083,
              5.5507634190000203,
              0,
              null
            ],
            [
              95.306569749000062,
              5.5506568060000632,
              0,
              null
            ],
            [
              95.307065047000037,
              5.5505042300000582,
              0,
              null
            ],
            [
              95.307291815000042,
              5.5504291030000559,
              0,
              null
            ],
            [
              95.307655295000075,
              5.5502925570000343,
              0,
              null
            ],
            [
              95.307973503000085,
              5.5501765160000218,
              0,
              null
            ],
            [
              95.308235702000047,
              5.5500822180000569,
              0,
              null
            ],
            [
              95.308515751000073,
              5.5499746970000388,
              0,
              null
            ],
            [
              95.308725497000069,
              5.5498961500000519,
              0,
              null
            ],
            [
              95.308954325000059,
              5.5498139400000355,
              0,
              null
            ],
            [
              95.30919506400005,
              5.5497257050000712,
              0,
              null
            ],
            [
              95.309465597000042,
              5.5496265910000488,
              0,
              null
            ],
            [
              95.309668207000072,
              5.5495540510000296,
              0,
              null
            ],
            [
              95.310012672000084,
              5.5494388630000344,
              0,
              null
            ],
            [
              95.310300312000038,
              5.5493597360000422,
              0,
              null
            ],
            [
              95.310464788000047,
              5.5493232540000577,
              0,
              null
            ],
            [
              95.310562277000031,
              5.5493022920000499,
              0,
              null
            ],
            [
              95.31077382400008,
              5.5492572740000696,
              0,
              null
            ],
            [
              95.310997216000032,
              5.5492134980000287,
              0,
              null
            ],
            [
              95.311016340000037,
              5.5492097500000455,
              0,
              null
            ],
            [
              95.31107514100006,
              5.5491975050000519,
              0,
              null
            ],
            [
              95.311134413000048,
              5.5491851720000227,
              0,
              null
            ],
            [
              95.311320399000067,
              5.5491498930000489,
              0,
              null
            ],
            [
              95.311532327000066,
              5.5491067070000213,
              0,
              null
            ],
            [
              95.311610001000076,
              5.5490900820000206,
              0,
              null
            ],
            [
              95.311919785000043,
              5.5490237750000233,
              0,
              null
            ],
            [
              95.312053448000086,
              5.5489970710000307,
              0,
              null
            ],
            [
              95.312060939000048,
              5.5490278350000608,
              0,
              null
            ],
            [
              95.312065500000074,
              5.5490402880000715,
              0,
              null
            ],
            [
              95.312069422000036,
              5.5490509970000517,
              0,
              null
            ],
            [
              95.312073318000046,
              5.5490616350000437,
              0,
              null
            ],
            [
              95.312077214000055,
              5.5490722740000251,
              0,
              null
            ],
            [
              95.312080990000084,
              5.549082583000029,
              0,
              null
            ],
            [
              95.312090310000087,
              5.5491080310000598,
              0,
              null
            ],
            [
              95.312187738000034,
              5.5493740450000359,
              0,
              null
            ],
            [
              95.312231267000072,
              5.5495124640000313,
              0,
              null
            ],
            [
              95.312323606000064,
              5.5498060970000438,
              0,
              null
            ],
            [
              95.312495722000051,
              5.5503810050000766,
              0,
              null
            ],
            [
              95.31249996300005,
              5.5503951710000479,
              0,
              null
            ],
            [
              95.312506555000084,
              5.5504121470000314,
              0,
              null
            ],
            [
              95.312709815000062,
              5.5510463360000699,
              0,
              null
            ],
            [
              95.312851617000035,
              5.5515051500000254,
              0,
              null
            ],
            [
              95.312868756000057,
              5.5515747910000641,
              0,
              null
            ],
            [
              95.312882443000035,
              5.551626304000024,
              0,
              null
            ],
            [
              95.312898422000046,
              5.5516849670000283,
              0,
              null
            ],
            [
              95.313122560000068,
              5.5524278590000335,
              0,
              null
            ],
            [
              95.313140138000051,
              5.5524889930000541,
              0,
              null
            ],
            [
              95.313276239000061,
              5.5529623220000417,
              0,
              null
            ],
            [
              95.31347551600004,
              5.5535544770000342,
              0,
              null
            ],
            [
              95.313514600000076,
              5.5536846130000299,
              0,
              null
            ],
            [
              95.31353658900008,
              5.5538003410000556,
              0,
              null
            ],
            [
              95.313542366000036,
              5.553853810000021,
              0,
              null
            ],
            [
              95.31354480300007,
              5.5540079050000486,
              0,
              null
            ],
            [
              95.313510946000065,
              5.5540073580000353,
              0,
              null
            ],
            [
              95.313493922000077,
              5.554007084000034,
              0,
              null
            ],
            [
              95.313296539000078,
              5.5540039000000547,
              0,
              null
            ],
            [
              95.31323535000007,
              5.553998904000025,
              0,
              null
            ],
            [
              95.312966588000052,
              5.5539501410000298,
              0,
              null
            ],
            [
              95.312903233000043,
              5.5539357710000559,
              0,
              null
            ],
            [
              95.312738133000039,
              5.5538855460000605,
              0,
              null
            ],
            [
              95.312710005000042,
              5.5538820100000521,
              0,
              null
            ],
            [
              95.312670506000075,
              5.5538814920000732,
              0,
              null
            ],
            [
              95.312625056000059,
              5.5538839830000484,
              0,
              null
            ],
            [
              95.312545941000053,
              5.5538924980000388,
              0,
              null
            ],
            [
              95.31249996300005,
              5.5538994780000621,
              0,
              null
            ],
            [
              95.312436801000047,
              5.5539082320000261,
              0,
              null
            ],
            [
              95.312420997000061,
              5.5539104220000581,
              0,
              null
            ],
            [
              95.312406990000056,
              5.553912485000069,
              0,
              null
            ],
            [
              95.312389331000077,
              5.5539150840000389,
              0,
              null
            ],
            [
              95.312358327000084,
              5.5539205930000435,
              0,
              null
            ]
          ]
        ]
      },
      "properties" : {
        "FID" : 0,
        "OBJECTID" : 16468,
        "KDPPUM" : "11",
        "NAMOBJ" : "Punge Jurong",
        "REMARK" : " ",
        "KDPBPS" : " ",
        "FCODE" : "BA03070040",
        "LUASWH" : 0,
        "UUPP" : "RBI",
        "SRS_ID" : "SRGI 2013",
        "METADATA" : "TASWIL1000020200326DATA_BATAS_DESA_KELURAHAN",
        "KDEBPS" : " ",
        "KDEPUM" : "11.71.03.2001",
        "KDCBPS" : " ",
        "KDCPUM" : "11.71.03",
        "KDBBPS" : " ",
        "WADMKD" : "Punge Jurong",
        "WIADKD" : "0",
        "WADMKC" : "Meuraxa",
        "WIADKC" : " ",
        "WADMKK" : "Kota Banda Aceh",
        "WIADKK" : " ",
        "WADMPR" : "Aceh",
        "WIADPR" : " ",
        "TIPADM" : 9,
        "KDPKAB" : "11.71",
        "SHAPE_Leng" : 0.029956686951907001,
        "SHAPE_Area" : 3.8713367342999999e-05
      }
    }
  ]
}