{
  "hasZ" : true,
  "hasM" : true,
  "type" : "FeatureCollection",
  "features" : [
    {
      "type" : "Feature",
      "id" : 0,
      "geometry" : {
        "type" : "Polygon",
        "coordinates" : [
          [
            [
              95.288737592000075,
              5.5545087370000488,
              0,
              null
            ],
            [
              95.288054234000072,
              5.5547672340000531,
              0,
              null
            ],
            [
              95.287210629000072,
              5.5551292530000751,
              0,
              null
            ],
            [
              95.286433173000034,
              5.5554368000000522,
              0,
              null
            ],
            [
              95.286431742000048,
              5.5554373660000351,
              0,
              null
            ],
            [
              95.286429189000046,
              5.5554129190000481,
              0,
              null
            ],
            [
              95.286419527000078,
              5.5553754330000515,
              0,
              null
            ],
            [
              95.286411369000064,
              5.5553445240000201,
              0,
              null
            ],
            [
              95.286410047000061,
              5.5553341800000453,
              0,
              null
            ],
            [
              95.286408731000051,
              5.555323875000056,
              0,
              null
            ],
            [
              95.286408083000083,
              5.5553188090000276,
              0,
              null
            ],
            [
              95.286407722000035,
              5.5553159820000246,
              0,
              null
            ],
            [
              95.286407487000076,
              5.5553041620000272,
              0,
              null
            ],
            [
              95.286407118000056,
              5.5552855760000739,
              0,
              null
            ],
            [
              95.28640759600006,
              5.555265137000049,
              0,
              null
            ],
            [
              95.286408499000061,
              5.5552265460000285,
              0,
              null
            ],
            [
              95.286408829000038,
              5.5552123960000586,
              0,
              null
            ],
            [
              95.286410002000082,
              5.5551739130000328,
              0,
              null
            ],
            [
              95.286410232000037,
              5.5551663470000676,
              0,
              null
            ],
            [
              95.286410341000078,
              5.5551627690000487,
              0,
              null
            ],
            [
              95.286410727000032,
              5.5551500990000591,
              0,
              null
            ],
            [
              95.286412232000032,
              5.5550578300000666,
              0,
              null
            ],
            [
              95.286412522000035,
              5.5550400890000446,
              0,
              null
            ],
            [
              95.286412802000086,
              5.5550229020000756,
              0,
              null
            ],
            [
              95.286412982000058,
              5.5550119240000413,
              0,
              null
            ],
            [
              95.286415361000081,
              5.5549253980000231,
              0,
              null
            ],
            [
              95.28641546700004,
              5.5549215480000385,
              0,
              null
            ],
            [
              95.286416687000042,
              5.5548771560000318,
              0,
              null
            ],
            [
              95.286419319000061,
              5.5547814230000654,
              0,
              null
            ],
            [
              95.286419337000041,
              5.5547806420000256,
              0,
              null
            ],
            [
              95.286419458000069,
              5.554775305000021,
              0,
              null
            ],
            [
              95.286420723000049,
              5.5547194310000236,
              0,
              null
            ],
            [
              95.286421311000083,
              5.5546934750000219,
              0,
              null
            ],
            [
              95.286422033000065,
              5.5546616050000353,
              0,
              null
            ],
            [
              95.286422616000038,
              5.554607279000038,
              0,
              null
            ],
            [
              95.286423393000064,
              5.5545348950000744,
              0,
              null
            ],
            [
              95.286423683000066,
              5.5545197160000725,
              0,
              null
            ],
            [
              95.286424233000048,
              5.5544909760000678,
              0,
              null
            ],
            [
              95.286425437000048,
              5.5544278930000246,
              0,
              null
            ],
            [
              95.286426075000065,
              5.5543944570000576,
              0,
              null
            ],
            [
              95.286426523000046,
              5.5543710090000218,
              0,
              null
            ],
            [
              95.286433419000048,
              5.5541877350000277,
              0,
              null
            ],
            [
              95.286421647000054,
              5.5541887080000265,
              0,
              null
            ],
            [
              95.286416430000031,
              5.5541891400000623,
              0,
              null
            ],
            [
              95.286409344000049,
              5.554190424000069,
              0,
              null
            ],
            [
              95.286396178000075,
              5.5541965490000393,
              0,
              null
            ],
            [
              95.286386646000039,
              5.5541998760000411,
              0,
              null
            ],
            [
              95.286380390000033,
              5.5542012930000624,
              0,
              null
            ],
            [
              95.286369487000059,
              5.5542023920000361,
              0,
              null
            ],
            [
              95.28636150400007,
              5.5542027490000692,
              0,
              null
            ],
            [
              95.286347434000049,
              5.5542015290000677,
              0,
              null
            ],
            [
              95.286338705000048,
              5.5542022830000519,
              0,
              null
            ],
            [
              95.286330560000067,
              5.5542029860000639,
              0,
              null
            ],
            [
              95.286313490000055,
              5.5542050320000271,
              0,
              null
            ],
            [
              95.286210609000079,
              5.5542105460000357,
              0,
              null
            ],
            [
              95.28620178500006,
              5.554211581000061,
              0,
              null
            ],
            [
              95.286183404000042,
              5.554213738000044,
              0,
              null
            ],
            [
              95.286166644000048,
              5.5542157040000575,
              0,
              null
            ],
            [
              95.28614917200008,
              5.5542177540000353,
              0,
              null
            ],
            [
              95.286119138000061,
              5.5542200840000646,
              0,
              null
            ],
            [
              95.286102463000077,
              5.5542191910000724,
              0,
              null
            ],
            [
              95.286086864000083,
              5.5542143970000666,
              0,
              null
            ],
            [
              95.286080919000085,
              5.5541402540000604,
              0,
              null
            ],
            [
              95.286076490000085,
              5.5540850180000234,
              0,
              null
            ],
            [
              95.286067655000068,
              5.5539748160000499,
              0,
              null
            ],
            [
              95.286067036000077,
              5.5539670890000252,
              0,
              null
            ],
            [
              95.286065391000079,
              5.5539465800000585,
              0,
              null
            ],
            [
              95.286064249000049,
              5.5539323340000237,
              0,
              null
            ],
            [
              95.286057691000053,
              5.5538505330000589,
              0,
              null
            ],
            [
              95.286052421000079,
              5.5537848080000458,
              0,
              null
            ],
            [
              95.28605015800008,
              5.5537565750000226,
              0,
              null
            ],
            [
              95.286041776000047,
              5.5536485000000653,
              0,
              null
            ],
            [
              95.286037553000085,
              5.5535940470000469,
              0,
              null
            ],
            [
              95.286033041000053,
              5.5535358640000254,
              0,
              null
            ],
            [
              95.285878343000036,
              5.5534050350000257,
              0,
              null
            ],
            [
              95.285841666000067,
              5.5533740180000564,
              0,
              null
            ],
            [
              95.285725035000041,
              5.553275382000038,
              0,
              null
            ],
            [
              95.285702557000036,
              5.5532108190000713,
              0,
              null
            ],
            [
              95.285679173000062,
              5.5531895220000251,
              0,
              null
            ],
            [
              95.285653607000086,
              5.553167055000074,
              0,
              null
            ],
            [
              95.285641540000086,
              5.5531564500000741,
              0,
              null
            ],
            [
              95.285630166000033,
              5.5531464220000544,
              0,
              null
            ],
            [
              95.285618338000063,
              5.5531359940000584,
              0,
              null
            ],
            [
              95.285592278000081,
              5.5531135140000742,
              0,
              null
            ],
            [
              95.285570088000043,
              5.5530933070000401,
              0,
              null
            ],
            [
              95.285566698000082,
              5.5530912680000597,
              0,
              null
            ],
            [
              95.285562361000075,
              5.553088659000025,
              0,
              null
            ],
            [
              95.285554155000057,
              5.5530837230000429,
              0,
              null
            ],
            [
              95.285536793000063,
              5.5530739610000523,
              0,
              null
            ],
            [
              95.285523052000087,
              5.5530662350000739,
              0,
              null
            ],
            [
              95.28551292700007,
              5.5530614690000561,
              0,
              null
            ],
            [
              95.285468597000033,
              5.5530406020000669,
              0,
              null
            ],
            [
              95.285426964000067,
              5.5530174390000298,
              0,
              null
            ],
            [
              95.285416756000075,
              5.5530117590000714,
              0,
              null
            ],
            [
              95.285403142000064,
              5.5530030940000756,
              0,
              null
            ],
            [
              95.285372495000047,
              5.5529835830000707,
              0,
              null
            ],
            [
              95.285356726000032,
              5.5529746680000471,
              0,
              null
            ],
            [
              95.285341388000063,
              5.5529672700000674,
              0,
              null
            ],
            [
              95.285325967000063,
              5.5529594560000533,
              0,
              null
            ],
            [
              95.28532510000008,
              5.5529591430000664,
              0,
              null
            ],
            [
              95.285321133000082,
              5.5529577050000398,
              0,
              null
            ],
            [
              95.285312145000034,
              5.5529544470000474,
              0,
              null
            ],
            [
              95.285300049000057,
              5.552950064000072,
              0,
              null
            ],
            [
              95.285246143000052,
              5.5529221530000541,
              0,
              null
            ],
            [
              95.285219504000054,
              5.5529063370000245,
              0,
              null
            ],
            [
              95.285198471000058,
              5.5528938270000481,
              0,
              null
            ],
            [
              95.285174367000081,
              5.5528803020000623,
              0,
              null
            ],
            [
              95.285160922000046,
              5.5528734320000694,
              0,
              null
            ],
            [
              95.285154730000045,
              5.5528703040000664,
              0,
              null
            ],
            [
              95.28515155100007,
              5.5528686980000543,
              0,
              null
            ],
            [
              95.285141685000042,
              5.5528649490000248,
              0,
              null
            ],
            [
              95.285129482000059,
              5.5528611360000468,
              0,
              null
            ],
            [
              95.285125865000055,
              5.5528613580000297,
              0,
              null
            ],
            [
              95.285109377000083,
              5.5528411380000762,
              0,
              null
            ],
            [
              95.285088935000033,
              5.552824160000057,
              0,
              null
            ],
            [
              95.285080614000037,
              5.5528172490000429,
              0,
              null
            ],
            [
              95.285038502000077,
              5.552789616000041,
              0,
              null
            ],
            [
              95.284930043000031,
              5.5527194800000643,
              0,
              null
            ],
            [
              95.284896352000032,
              5.5526951080000231,
              0,
              null
            ],
            [
              95.28487238200006,
              5.5526827990000243,
              0,
              null
            ],
            [
              95.284864473000084,
              5.5526787380000542,
              0,
              null
            ],
            [
              95.284825228000045,
              5.552658584000028,
              0,
              null
            ],
            [
              95.284798486000057,
              5.5526509590000614,
              0,
              null
            ],
            [
              95.284770527000035,
              5.5526437730000566,
              0,
              null
            ],
            [
              95.284739804000083,
              5.5526358010000649,
              0,
              null
            ],
            [
              95.284689176000086,
              5.5525974890000498,
              0,
              null
            ],
            [
              95.284407059000046,
              5.5523840020000534,
              0,
              null
            ],
            [
              95.284391729000049,
              5.5523742850000417,
              0,
              null
            ],
            [
              95.284106994000069,
              5.5521937920000255,
              0,
              null
            ],
            [
              95.284914331000039,
              5.5513262840000266,
              0,
              null
            ],
            [
              95.28565851500008,
              5.5505616590000386,
              0,
              null
            ],
            [
              95.285819267000079,
              5.5504653700000404,
              0,
              null
            ],
            [
              95.286661700000082,
              5.5503404820000242,
              0,
              null
            ],
            [
              95.286685886000043,
              5.5503373230000648,
              0,
              null
            ],
            [
              95.286699317000057,
              5.5503355690000262,
              0,
              null
            ],
            [
              95.28673064700007,
              5.5503314770000429,
              0,
              null
            ],
            [
              95.286732290000032,
              5.5503486010000529,
              0,
              null
            ],
            [
              95.286732886000038,
              5.5503548100000444,
              0,
              null
            ],
            [
              95.286734704000082,
              5.5503737490000731,
              0,
              null
            ],
            [
              95.286759921000055,
              5.5505562120000604,
              0,
              null
            ],
            [
              95.286791946000051,
              5.5505592510000383,
              0,
              null
            ],
            [
              95.286809638000079,
              5.5505618410000466,
              0,
              null
            ],
            [
              95.286931132000063,
              5.5505732400000625,
              0,
              null
            ],
            [
              95.287190063000082,
              5.5506012360000341,
              0,
              null
            ],
            [
              95.287343107000083,
              5.5506175560000202,
              0,
              null
            ],
            [
              95.287515927000072,
              5.5506340620000287,
              0,
              null
            ],
            [
              95.287685491000047,
              5.5506529940000746,
              0,
              null
            ],
            [
              95.28780891100007,
              5.5506632540000282,
              0,
              null
            ],
            [
              95.287843352000039,
              5.5506664020000471,
              0,
              null
            ],
            [
              95.287864983000077,
              5.5506683800000474,
              0,
              null
            ],
            [
              95.287953085000083,
              5.5506744930000309,
              0,
              null
            ],
            [
              95.287980214000072,
              5.5506747400000336,
              0,
              null
            ],
            [
              95.287999338000077,
              5.5506718730000557,
              0,
              null
            ],
            [
              95.28801122200008,
              5.5506677680000394,
              0,
              null
            ],
            [
              95.288022455000032,
              5.550661099000024,
              0,
              null
            ],
            [
              95.288044815000035,
              5.5506363800000713,
              0,
              null
            ],
            [
              95.288059962000034,
              5.5506479030000264,
              0,
              null
            ],
            [
              95.288070361000052,
              5.5506727620000333,
              0,
              null
            ],
            [
              95.288072894000038,
              5.5506884170000603,
              0,
              null
            ],
            [
              95.288071131000038,
              5.5507108870000366,
              0,
              null
            ],
            [
              95.288068199000065,
              5.5507459440000275,
              0,
              null
            ],
            [
              95.288067283000032,
              5.5507562750000261,
              0,
              null
            ],
            [
              95.288062000000082,
              5.5508158960000742,
              0,
              null
            ],
            [
              95.288060201000064,
              5.5508434570000418,
              0,
              null
            ],
            [
              95.288059406000059,
              5.5508556220000287,
              0,
              null
            ],
            [
              95.288057638000055,
              5.5508826960000306,
              0,
              null
            ],
            [
              95.288051789000065,
              5.5509262340000305,
              0,
              null
            ],
            [
              95.288051260000032,
              5.5509310270000469,
              0,
              null
            ],
            [
              95.288048527000058,
              5.5509557910000353,
              0,
              null
            ],
            [
              95.288047474000052,
              5.5509653280000748,
              0,
              null
            ],
            [
              95.288044764000063,
              5.551002335000021,
              0,
              null
            ],
            [
              95.288043846000051,
              5.5510148740000318,
              0,
              null
            ],
            [
              95.288043369000036,
              5.5510213960000669,
              0,
              null
            ],
            [
              95.288042604000054,
              5.5510476040000754,
              0,
              null
            ],
            [
              95.288052785000048,
              5.5510494760000597,
              0,
              null
            ],
            [
              95.288057825000067,
              5.551050402000044,
              0,
              null
            ],
            [
              95.288071788000082,
              5.5510520160000283,
              0,
              null
            ],
            [
              95.288097692000065,
              5.5510550110000736,
              0,
              null
            ],
            [
              95.288150271000063,
              5.55105683000005,
              0,
              null
            ],
            [
              95.288171725000041,
              5.5510575720000475,
              0,
              null
            ],
            [
              95.288173990000075,
              5.5510575680000329,
              0,
              null
            ],
            [
              95.288186088000032,
              5.5510575430000699,
              0,
              null
            ],
            [
              95.288209877000043,
              5.5510574960000554,
              0,
              null
            ],
            [
              95.28821008500006,
              5.551065301000051,
              0,
              null
            ],
            [
              95.288211127000068,
              5.5511044500000253,
              0,
              null
            ],
            [
              95.28821122800008,
              5.5511082020000231,
              0,
              null
            ],
            [
              95.288211359000059,
              5.5511177860000203,
              0,
              null
            ],
            [
              95.288211462000049,
              5.5511251990000687,
              0,
              null
            ],
            [
              95.28821174400008,
              5.5511456540000381,
              0,
              null
            ],
            [
              95.288211947000036,
              5.5511603660000333,
              0,
              null
            ],
            [
              95.288212026000053,
              5.5511661020000247,
              0,
              null
            ],
            [
              95.288212129000044,
              5.5511735620000309,
              0,
              null
            ],
            [
              95.288211937000085,
              5.5511808640000595,
              0,
              null
            ],
            [
              95.288211668000031,
              5.5511911300000634,
              0,
              null
            ],
            [
              95.288210415000037,
              5.5512390040000241,
              0,
              null
            ],
            [
              95.288210253000045,
              5.5512442630000578,
              0,
              null
            ],
            [
              95.288210088000085,
              5.5512496300000294,
              0,
              null
            ],
            [
              95.288209588000086,
              5.5512659200000485,
              0,
              null
            ],
            [
              95.288208556000086,
              5.5512995620000538,
              0,
              null
            ],
            [
              95.288208357000087,
              5.5513060290000453,
              0,
              null
            ],
            [
              95.288208269000052,
              5.5513088990000483,
              0,
              null
            ],
            [
              95.288207978000059,
              5.5513183680000679,
              0,
              null
            ],
            [
              95.288207400000033,
              5.5513371860000689,
              0,
              null
            ],
            [
              95.288207273000069,
              5.5513413240000204,
              0,
              null
            ],
            [
              95.288205932000039,
              5.5513745480000694,
              0,
              null
            ],
            [
              95.288234509000063,
              5.5513765100000683,
              0,
              null
            ],
            [
              95.288242743000069,
              5.5513779420000446,
              0,
              null
            ],
            [
              95.288247632000036,
              5.551377923000075,
              0,
              null
            ],
            [
              95.288256004000061,
              5.5513777640000512,
              0,
              null
            ],
            [
              95.288263013000062,
              5.551377475000038,
              0,
              null
            ],
            [
              95.288272806000066,
              5.5513763250000352,
              0,
              null
            ],
            [
              95.28828165200008,
              5.5513754050000443,
              0,
              null
            ],
            [
              95.288284875000045,
              5.5513751600000205,
              0,
              null
            ],
            [
              95.288284918000045,
              5.5513751560000628,
              0,
              null
            ],
            [
              95.288289914000075,
              5.5513747760000456,
              0,
              null
            ],
            [
              95.288299113000051,
              5.5513740900000244,
              0,
              null
            ],
            [
              95.288304495000034,
              5.5513735380000639,
              0,
              null
            ],
            [
              95.288309196000057,
              5.5513730570000348,
              0,
              null
            ],
            [
              95.288314264000064,
              5.5513725130000466,
              0,
              null
            ],
            [
              95.288323415000036,
              5.5513710040000319,
              0,
              null
            ],
            [
              95.288331799000048,
              5.5513694890000238,
              0,
              null
            ],
            [
              95.288334371000076,
              5.5513691680000647,
              0,
              null
            ],
            [
              95.288340176000077,
              5.5513684440000475,
              0,
              null
            ],
            [
              95.288351080000041,
              5.5513674260000698,
              0,
              null
            ],
            [
              95.288363471000082,
              5.5513662390000604,
              0,
              null
            ],
            [
              95.288373961000048,
              5.5513657460000445,
              0,
              null
            ],
            [
              95.288378796000075,
              5.5513656100000617,
              0,
              null
            ],
            [
              95.288395779000041,
              5.5513642330000721,
              0,
              null
            ],
            [
              95.28841010900004,
              5.5513634130000469,
              0,
              null
            ],
            [
              95.288414405000083,
              5.5513631670000336,
              0,
              null
            ],
            [
              95.288422596000032,
              5.5513629450000508,
              0,
              null
            ],
            [
              95.288432853000074,
              5.5513628600000402,
              0,
              null
            ],
            [
              95.28843614200008,
              5.5513641310000708,
              0,
              null
            ],
            [
              95.288438750000068,
              5.5513691740000581,
              0,
              null
            ],
            [
              95.288438923000058,
              5.5513705440000649,
              0,
              null
            ],
            [
              95.288440230000049,
              5.5513809370000331,
              0,
              null
            ],
            [
              95.288442180000061,
              5.5513926020000213,
              0,
              null
            ],
            [
              95.28844235400004,
              5.5513936480000439,
              0,
              null
            ],
            [
              95.288443610000058,
              5.5514104290000432,
              0,
              null
            ],
            [
              95.288443421000068,
              5.551424657000041,
              0,
              null
            ],
            [
              95.288443382000082,
              5.5514260170000398,
              0,
              null
            ],
            [
              95.28844291200005,
              5.5514423040000338,
              0,
              null
            ],
            [
              95.28844276600006,
              5.5514453920000619,
              0,
              null
            ],
            [
              95.288442328000087,
              5.5514546360000736,
              0,
              null
            ],
            [
              95.288442104000069,
              5.5514586840000675,
              0,
              null
            ],
            [
              95.28844147600006,
              5.5514699790000464,
              0,
              null
            ],
            [
              95.288439877000087,
              5.5514834270000506,
              0,
              null
            ],
            [
              95.288439869000058,
              5.5514834650000466,
              0,
              null
            ],
            [
              95.288438212000074,
              5.5514916230000608,
              0,
              null
            ],
            [
              95.288437728000076,
              5.551499462000038,
              0,
              null
            ],
            [
              95.288437903000045,
              5.5515003560000764,
              0,
              null
            ],
            [
              95.288442056000065,
              5.5515032870000596,
              0,
              null
            ],
            [
              95.28844736700006,
              5.5515044900000703,
              0,
              null
            ],
            [
              95.288448765000055,
              5.5515048080000611,
              0,
              null
            ],
            [
              95.288449117000084,
              5.5515048870000214,
              0,
              null
            ],
            [
              95.288449734000039,
              5.5515049000000545,
              0,
              null
            ],
            [
              95.288453592000053,
              5.5515049870000439,
              0,
              null
            ],
            [
              95.288461256000062,
              5.5515039360000742,
              0,
              null
            ],
            [
              95.288472107000075,
              5.5515033240000662,
              0,
              null
            ],
            [
              95.288480948000085,
              5.5515033440000252,
              0,
              null
            ],
            [
              95.288492723000047,
              5.551503814000057,
              0,
              null
            ],
            [
              95.288505446000045,
              5.5515043430000333,
              0,
              null
            ],
            [
              95.288508259000082,
              5.5515043300000571,
              0,
              null
            ],
            [
              95.288518708000083,
              5.5515042830000425,
              0,
              null
            ],
            [
              95.288531878000072,
              5.5515040420000332,
              0,
              null
            ],
            [
              95.288538084000038,
              5.551503728000057,
              0,
              null
            ],
            [
              95.288544413000068,
              5.5515026920000423,
              0,
              null
            ],
            [
              95.288545795000061,
              5.5515100080000366,
              0,
              null
            ],
            [
              95.288546950000068,
              5.5515124980000223,
              0,
              null
            ],
            [
              95.288548326000068,
              5.5515159280000717,
              0,
              null
            ],
            [
              95.288552759000083,
              5.5515216420000684,
              0,
              null
            ],
            [
              95.288555806000033,
              5.5515232030000448,
              0,
              null
            ],
            [
              95.288560980000057,
              5.551524430000029,
              0,
              null
            ],
            [
              95.28856709300004,
              5.5515257900000279,
              0,
              null
            ],
            [
              95.288570740000068,
              5.5515265260000319,
              0,
              null
            ],
            [
              95.288574969000081,
              5.551528218000044,
              0,
              null
            ],
            [
              95.288576785000032,
              5.5515296090000561,
              0,
              null
            ],
            [
              95.288578245000053,
              5.5515307270000562,
              0,
              null
            ],
            [
              95.288580680000052,
              5.5515352370000528,
              0,
              null
            ],
            [
              95.288584343000082,
              5.5515470830000595,
              0,
              null
            ],
            [
              95.288585825000041,
              5.5515524100000562,
              0,
              null
            ],
            [
              95.28858709800005,
              5.5515547830000287,
              0,
              null
            ],
            [
              95.288590119000048,
              5.5515591820000623,
              0,
              null
            ],
            [
              95.288591999000062,
              5.5515602590000412,
              0,
              null
            ],
            [
              95.288598817000036,
              5.5515617430000361,
              0,
              null
            ],
            [
              95.288602016000084,
              5.5515643730000761,
              0,
              null
            ],
            [
              95.288617816000055,
              5.5515733660000706,
              0,
              null
            ],
            [
              95.288610083000037,
              5.5515918090000582,
              0,
              null
            ],
            [
              95.288607157000058,
              5.5516064730000494,
              0,
              null
            ],
            [
              95.288606903000073,
              5.5516077450000694,
              0,
              null
            ],
            [
              95.288598461000049,
              5.5516500460000202,
              0,
              null
            ],
            [
              95.288592577000031,
              5.5516795310000475,
              0,
              null
            ],
            [
              95.288587157000052,
              5.5517127400000277,
              0,
              null
            ],
            [
              95.288587045000043,
              5.5517134270000383,
              0,
              null
            ],
            [
              95.288581687000033,
              5.5517462550000687,
              0,
              null
            ],
            [
              95.288567980000039,
              5.551830245000076,
              0,
              null
            ],
            [
              95.28856793500006,
              5.5518305200000668,
              0,
              null
            ],
            [
              95.288566099000036,
              5.5518456150000475,
              0,
              null
            ],
            [
              95.288562465000041,
              5.5518754800000352,
              0,
              null
            ],
            [
              95.288561796000067,
              5.5518809840000358,
              0,
              null
            ],
            [
              95.288562737000063,
              5.5519001710000566,
              0,
              null
            ],
            [
              95.288568464000036,
              5.5519185160000575,
              0,
              null
            ],
            [
              95.288579335000065,
              5.5519347900000753,
              0,
              null
            ],
            [
              95.288592280000046,
              5.5519438250000235,
              0,
              null
            ],
            [
              95.28860983800007,
              5.5519467760000225,
              0,
              null
            ],
            [
              95.288655660000074,
              5.5519528750000404,
              0,
              null
            ],
            [
              95.288671958000066,
              5.5519550440000671,
              0,
              null
            ],
            [
              95.288676426000052,
              5.5519556380000381,
              0,
              null
            ],
            [
              95.28875236600004,
              5.551964339000051,
              0,
              null
            ],
            [
              95.288760527000079,
              5.5519652740000538,
              0,
              null
            ],
            [
              95.288811363000036,
              5.5519715450000717,
              0,
              null
            ],
            [
              95.288846885000055,
              5.5519759260000683,
              0,
              null
            ],
            [
              95.288847926000074,
              5.551976054000022,
              0,
              null
            ],
            [
              95.288950711000041,
              5.5519893730000263,
              0,
              null
            ],
            [
              95.289038677000065,
              5.5520007730000316,
              0,
              null
            ],
            [
              95.289060225000071,
              5.5520035650000636,
              0,
              null
            ],
            [
              95.289073601000041,
              5.5520052980000401,
              0,
              null
            ],
            [
              95.289106392000065,
              5.5520043890000466,
              0,
              null
            ],
            [
              95.289105536000079,
              5.5520148800000584,
              0,
              null
            ],
            [
              95.28910428000006,
              5.552035586000045,
              0,
              null
            ],
            [
              95.289102053000079,
              5.5520723320000229,
              0,
              null
            ],
            [
              95.28910090100004,
              5.5520935570000347,
              0,
              null
            ],
            [
              95.28909953200008,
              5.5521187730000747,
              0,
              null
            ],
            [
              95.289098463000073,
              5.552138464000052,
              0,
              null
            ],
            [
              95.289096704000087,
              5.5521708630000717,
              0,
              null
            ],
            [
              95.289096092000079,
              5.5521924300000478,
              0,
              null
            ],
            [
              95.289095915000075,
              5.552198679000071,
              0,
              null
            ],
            [
              95.28909423500005,
              5.5522579130000622,
              0,
              null
            ],
            [
              95.289094528000078,
              5.552264760000071,
              0,
              null
            ],
            [
              95.289095425000085,
              5.5522856330000536,
              0,
              null
            ],
            [
              95.289095940000038,
              5.5522975890000339,
              0,
              null
            ],
            [
              95.289097038000079,
              5.5523047350000638,
              0,
              null
            ],
            [
              95.28910445300005,
              5.5523529760000656,
              0,
              null
            ],
            [
              95.289106743000048,
              5.5523618640000336,
              0,
              null
            ],
            [
              95.289106853000078,
              5.5523622920000548,
              0,
              null
            ],
            [
              95.289118018000067,
              5.5524056140000653,
              0,
              null
            ],
            [
              95.28911809300007,
              5.5524058600000217,
              0,
              null
            ],
            [
              95.289125283000033,
              5.5524293060000218,
              0,
              null
            ],
            [
              95.28913338600006,
              5.5524557220000474,
              0,
              null
            ],
            [
              95.289136092000035,
              5.5524737620000337,
              0,
              null
            ],
            [
              95.289139910000074,
              5.5524992050000606,
              0,
              null
            ],
            [
              95.289142025000046,
              5.5525132970000755,
              0,
              null
            ],
            [
              95.289142183000081,
              5.5525235660000476,
              0,
              null
            ],
            [
              95.289202289000059,
              5.5525224100000514,
              0,
              null
            ],
            [
              95.289221343000065,
              5.5525223450000567,
              0,
              null
            ],
            [
              95.289241822000065,
              5.5525246250000464,
              0,
              null
            ],
            [
              95.289248365000049,
              5.5525252070000306,
              0,
              null
            ],
            [
              95.289257110000051,
              5.5525259850000452,
              0,
              null
            ],
            [
              95.289270055000031,
              5.552525709000065,
              0,
              null
            ],
            [
              95.289280820000045,
              5.5525268760000586,
              0,
              null
            ],
            [
              95.289329577000046,
              5.5525321650000592,
              0,
              null
            ],
            [
              95.289336699000046,
              5.5525329380000699,
              0,
              null
            ],
            [
              95.289388505000034,
              5.5525385570000481,
              0,
              null
            ],
            [
              95.289501113000085,
              5.5525507730000641,
              0,
              null
            ],
            [
              95.289535403000059,
              5.5525544930000592,
              0,
              null
            ],
            [
              95.289598543000068,
              5.5525613420000468,
              0,
              null
            ],
            [
              95.289712374000032,
              5.5525736910000205,
              0,
              null
            ],
            [
              95.289738241000066,
              5.5525764960000288,
              0,
              null
            ],
            [
              95.289813400000071,
              5.5525846510000747,
              0,
              null
            ],
            [
              95.289858589000062,
              5.5525895530000753,
              0,
              null
            ],
            [
              95.28987647200006,
              5.5525914930000226,
              0,
              null
            ],
            [
              95.289885264000077,
              5.5525924470000518,
              0,
              null
            ],
            [
              95.289885327000036,
              5.5525924540000346,
              0,
              null
            ],
            [
              95.289900801000044,
              5.5525941320000243,
              0,
              null
            ],
            [
              95.28990058100004,
              5.5525948420000759,
              0,
              null
            ],
            [
              95.289895552000075,
              5.5526110630000289,
              0,
              null
            ],
            [
              95.289890251000031,
              5.5526281610000296,
              0,
              null
            ],
            [
              95.289879904000031,
              5.5526727010000627,
              0,
              null
            ],
            [
              95.289879579000058,
              5.5526756360000604,
              0,
              null
            ],
            [
              95.289875089000077,
              5.5527161130000309,
              0,
              null
            ],
            [
              95.289875119000044,
              5.5527187040000285,
              0,
              null
            ],
            [
              95.289875373000086,
              5.5527407820000576,
              0,
              null
            ],
            [
              95.289875378000033,
              5.5527411380000444,
              0,
              null
            ],
            [
              95.289876359000061,
              5.5527560170000356,
              0,
              null
            ],
            [
              95.289876921000086,
              5.5527645440000697,
              0,
              null
            ],
            [
              95.289877279000052,
              5.5527699530000518,
              0,
              null
            ],
            [
              95.289877767000064,
              5.552777365000054,
              0,
              null
            ],
            [
              95.289879506000034,
              5.5528037110000241,
              0,
              null
            ],
            [
              95.289881922000063,
              5.5528403280000589,
              0,
              null
            ],
            [
              95.289884511000082,
              5.5528784430000542,
              0,
              null
            ],
            [
              95.289885165000044,
              5.5528880700000514,
              0,
              null
            ],
            [
              95.289889642000048,
              5.5529539860000341,
              0,
              null
            ],
            [
              95.289889993000031,
              5.5529602800000362,
              0,
              null
            ],
            [
              95.289890215000071,
              5.552964265000071,
              0,
              null
            ],
            [
              95.289891887000067,
              5.5529942350000283,
              0,
              null
            ],
            [
              95.289894073000085,
              5.5530334490000541,
              0,
              null
            ],
            [
              95.289894903000061,
              5.5530483180000374,
              0,
              null
            ],
            [
              95.289894975000038,
              5.5530496030000336,
              0,
              null
            ],
            [
              95.289899028000036,
              5.5530903350000358,
              0,
              null
            ],
            [
              95.289916257000073,
              5.553157403000057,
              0,
              null
            ],
            [
              95.289916408000067,
              5.5531578690000742,
              0,
              null
            ],
            [
              95.289919337000072,
              5.5531668560000753,
              0,
              null
            ],
            [
              95.289929284000038,
              5.5531973800000287,
              0,
              null
            ],
            [
              95.289932444000044,
              5.5532070750000457,
              0,
              null
            ],
            [
              95.28995737200006,
              5.5532832550000535,
              0,
              null
            ],
            [
              95.289960980000046,
              5.5532941640000217,
              0,
              null
            ],
            [
              95.289969855000038,
              5.5533209970000712,
              0,
              null
            ],
            [
              95.289971177000041,
              5.5533258890000639,
              0,
              null
            ],
            [
              95.289977045000057,
              5.5533476080000241,
              0,
              null
            ],
            [
              95.289981749000049,
              5.5533650170000328,
              0,
              null
            ],
            [
              95.289982423000083,
              5.553380263000065,
              0,
              null
            ],
            [
              95.289983148000033,
              5.5533966680000617,
              0,
              null
            ],
            [
              95.289966223000079,
              5.5535740390000683,
              0,
              null
            ],
            [
              95.289964892000057,
              5.5535864180000658,
              0,
              null
            ],
            [
              95.289964733000033,
              5.5535879030000501,
              0,
              null
            ],
            [
              95.289953063000041,
              5.5535867220000341,
              0,
              null
            ],
            [
              95.289942312000051,
              5.553586952000046,
              0,
              null
            ],
            [
              95.289925114000084,
              5.5535873190000302,
              0,
              null
            ],
            [
              95.289907706000065,
              5.5535876900000289,
              0,
              null
            ],
            [
              95.289904248000084,
              5.5535874990000593,
              0,
              null
            ],
            [
              95.289890495000066,
              5.5535867410000606,
              0,
              null
            ],
            [
              95.289852257000064,
              5.5535846310000352,
              0,
              null
            ],
            [
              95.289727044000074,
              5.5535777240000357,
              0,
              null
            ],
            [
              95.289446086000055,
              5.5535698820000334,
              0,
              null
            ],
            [
              95.289411554000083,
              5.5535683440000412,
              0,
              null
            ],
            [
              95.289408484000035,
              5.5535655270000461,
              0,
              null
            ],
            [
              95.289372455000034,
              5.55354873400006,
              0,
              null
            ],
            [
              95.289295879000065,
              5.5535130410000306,
              0,
              null
            ],
            [
              95.289292510000053,
              5.5535114710000357,
              0,
              null
            ],
            [
              95.289287530000081,
              5.5535091500000249,
              0,
              null
            ],
            [
              95.289277298000059,
              5.5535043810000388,
              0,
              null
            ],
            [
              95.289268931000038,
              5.5535243600000399,
              0,
              null
            ],
            [
              95.289263127000083,
              5.5535345220000636,
              0,
              null
            ],
            [
              95.289251469000078,
              5.5535549310000647,
              0,
              null
            ],
            [
              95.289238293000039,
              5.5535780010000622,
              0,
              null
            ],
            [
              95.289235813000062,
              5.5535815320000665,
              0,
              null
            ],
            [
              95.289235272000042,
              5.5535823030000415,
              0,
              null
            ],
            [
              95.289194313000053,
              5.5536406540000485,
              0,
              null
            ],
            [
              95.289167097000075,
              5.55367942700002,
              0,
              null
            ],
            [
              95.289162671000042,
              5.5536864640000658,
              0,
              null
            ],
            [
              95.289128379000033,
              5.5537409910000406,
              0,
              null
            ],
            [
              95.289118393000081,
              5.5537568680000504,
              0,
              null
            ],
            [
              95.289118201000065,
              5.5537571740000544,
              0,
              null
            ],
            [
              95.289094865000038,
              5.5537947480000298,
              0,
              null
            ],
            [
              95.289087447000043,
              5.5538066910000339,
              0,
              null
            ],
            [
              95.289082658000041,
              5.5538144000000216,
              0,
              null
            ],
            [
              95.289069319000077,
              5.5538358790000757,
              0,
              null
            ],
            [
              95.289020562000076,
              5.5539096570000765,
              0,
              null
            ],
            [
              95.289015335000045,
              5.553915547000031,
              0,
              null
            ],
            [
              95.289006854000036,
              5.5539251040000295,
              0,
              null
            ],
            [
              95.288996495000049,
              5.5539316530000633,
              0,
              null
            ],
            [
              95.288983085000041,
              5.5539353380000307,
              0,
              null
            ],
            [
              95.288972672000057,
              5.5539361440000334,
              0,
              null
            ],
            [
              95.288955658000077,
              5.5539374610000323,
              0,
              null
            ],
            [
              95.288887633000058,
              5.5539366350000705,
              0,
              null
            ],
            [
              95.288874351000061,
              5.5539364740000678,
              0,
              null
            ],
            [
              95.288856994000071,
              5.5539358270000321,
              0,
              null
            ],
            [
              95.288843690000078,
              5.5539353310000479,
              0,
              null
            ],
            [
              95.28878355900008,
              5.5539330890000542,
              0,
              null
            ],
            [
              95.288760363000051,
              5.5539322240000502,
              0,
              null
            ],
            [
              95.288751546000071,
              5.553932006000025,
              0,
              null
            ],
            [
              95.288740272000041,
              5.5539317250000408,
              0,
              null
            ],
            [
              95.288736033000077,
              5.5541009290000716,
              0,
              null
            ],
            [
              95.288731931000086,
              5.5542115140000305,
              0,
              null
            ],
            [
              95.288728808000087,
              5.5542975360000355,
              0,
              null
            ],
            [
              95.288729248000038,
              5.55435088400003,
              0,
              null
            ],
            [
              95.288730035000071,
              5.5543806570000243,
              0,
              null
            ],
            [
              95.288730138000062,
              5.5544002170000226,
              0,
              null
            ],
            [
              95.288729258000046,
              5.5544178870000565,
              0,
              null
            ],
            [
              95.288726963000045,
              5.5544614000000365,
              0,
              null
            ],
            [
              95.288737592000075,
              5.5545087370000488,
              0,
              null
            ]
          ]
        ]
      },
      "properties" : {
        "FID" : 0,
        "OBJECTID" : 5198,
        "KDPPUM" : "11",
        "NAMOBJ" : "Gampong Pie",
        "REMARK" : " ",
        "KDPBPS" : " ",
        "FCODE" : "BA03070040",
        "LUASWH" : 0,
        "UUPP" : "RBI",
        "SRS_ID" : "SRGI 2013",
        "METADATA" : "TASWIL1000020200326DATA_BATAS_DESA_KELURAHAN",
        "KDEBPS" : " ",
        "KDEPUM" : "11.71.03.2011",
        "KDCBPS" : " ",
        "KDCPUM" : "11.71.03",
        "KDBBPS" : " ",
        "WADMKD" : "Gampong Pie",
        "WIADKD" : "0",
        "WADMKC" : "Meuraxa",
        "WIADKC" : " ",
        "WADMKK" : "Kota Banda Aceh",
        "WIADKK" : " ",
        "WADMPR" : "Aceh",
        "WIADPR" : " ",
        "TIPADM" : 9,
        "KDPKAB" : "11.71",
        "SHAPE_Leng" : 0.018788583508977,
        "SHAPE_Area" : 1.5737164110999999e-05
      }
    }
  ]
}