{
  "hasZ" : true,
  "hasM" : true,
  "type" : "FeatureCollection",
  "features" : [
    {
      "type" : "Feature",
      "id" : 0,
      "geometry" : {
        "type" : "Polygon",
        "coordinates" : [
          [
            [
              95.353930447000039,
              5.5423187200000257,
              0,
              null
            ],
            [
              95.35384491800005,
              5.5423150310000437,
              0,
              null
            ],
            [
              95.353805220000083,
              5.5423133170000369,
              0,
              null
            ],
            [
              95.353718485000059,
              5.5423113460000764,
              0,
              null
            ],
            [
              95.353715885000042,
              5.5423112860000288,
              0,
              null
            ],
            [
              95.353635668000038,
              5.542314023000074,
              0,
              null
            ],
            [
              95.353626182000085,
              5.5423143460000688,
              0,
              null
            ],
            [
              95.353561194000065,
              5.5423213200000419,
              0,
              null
            ],
            [
              95.353530102000036,
              5.5423240440000541,
              0,
              null
            ],
            [
              95.353524844000049,
              5.5423245050000673,
              0,
              null
            ],
            [
              95.353482512000085,
              5.5423282140000651,
              0,
              null
            ],
            [
              95.35346848100005,
              5.5423287430000414,
              0,
              null
            ],
            [
              95.353437548000045,
              5.5423299110000244,
              0,
              null
            ],
            [
              95.353328092000083,
              5.5423319210000273,
              0,
              null
            ],
            [
              95.353301824000084,
              5.5423324030000458,
              0,
              null
            ],
            [
              95.353260367000075,
              5.5423331640000697,
              0,
              null
            ],
            [
              95.35322513300008,
              5.5423338110000486,
              0,
              null
            ],
            [
              95.353166144000056,
              5.5423357290000581,
              0,
              null
            ],
            [
              95.353080085000045,
              5.5423385260000373,
              0,
              null
            ],
            [
              95.353047052000079,
              5.5423395990000586,
              0,
              null
            ],
            [
              95.352989217000072,
              5.5423407370000746,
              0,
              null
            ],
            [
              95.352958511000054,
              5.5423413410000535,
              0,
              null
            ],
            [
              95.352929632000041,
              5.5423419100000615,
              0,
              null
            ],
            [
              95.352879028000075,
              5.542342422000047,
              0,
              null
            ],
            [
              95.352823710000052,
              5.5423429820000365,
              0,
              null
            ],
            [
              95.352752305000081,
              5.542345909000062,
              0,
              null
            ],
            [
              95.352749469000059,
              5.5423460250000289,
              0,
              null
            ],
            [
              95.352713991000087,
              5.5423479960000464,
              0,
              null
            ],
            [
              95.352646272000072,
              5.5423517590000415,
              0,
              null
            ],
            [
              95.352614526000082,
              5.5423535490000404,
              0,
              null
            ],
            [
              95.352531093000039,
              5.5423582550000674,
              0,
              null
            ],
            [
              95.352526949000037,
              5.5423584880000476,
              0,
              null
            ],
            [
              95.352515877000087,
              5.5423589980000543,
              0,
              null
            ],
            [
              95.352413375000083,
              5.5423637120000535,
              0,
              null
            ],
            [
              95.35234252500004,
              5.5423675320000712,
              0,
              null
            ],
            [
              95.352339943000061,
              5.5423676710000223,
              0,
              null
            ],
            [
              95.352318357000058,
              5.5423688360000369,
              0,
              null
            ],
            [
              95.352261364000071,
              5.5423695590000648,
              0,
              null
            ],
            [
              95.352213549000055,
              5.5423688000000766,
              0,
              null
            ],
            [
              95.352151055000036,
              5.542365397000026,
              0,
              null
            ],
            [
              95.352114361000076,
              5.5423614650000559,
              0,
              null
            ],
            [
              95.352108183000041,
              5.5423608030000651,
              0,
              null
            ],
            [
              95.35210591200007,
              5.5423605600000201,
              0,
              null
            ],
            [
              95.352074048000077,
              5.5423533740000721,
              0,
              null
            ],
            [
              95.352038157000038,
              5.5423360990000674,
              0,
              null
            ],
            [
              95.352009961000078,
              5.5423075750000521,
              0,
              null
            ],
            [
              95.351992869000071,
              5.5422696160000555,
              0,
              null
            ],
            [
              95.351983444000041,
              5.5422587080000767,
              0,
              null
            ],
            [
              95.351979677000031,
              5.5422573430000739,
              0,
              null
            ],
            [
              95.351984579000032,
              5.5422447010000724,
              0,
              null
            ],
            [
              95.351987525000084,
              5.5422345760000553,
              0,
              null
            ],
            [
              95.351988857000038,
              5.542221583000071,
              0,
              null
            ],
            [
              95.351991242000054,
              5.5421983240000259,
              0,
              null
            ],
            [
              95.351992470000084,
              5.5421714900000438,
              0,
              null
            ],
            [
              95.351992513000084,
              5.5421705690000636,
              0,
              null
            ],
            [
              95.35199472000005,
              5.5421196980000218,
              0,
              null
            ],
            [
              95.351997571000084,
              5.5420583040000224,
              0,
              null
            ],
            [
              95.351999832000047,
              5.5419948940000268,
              0,
              null
            ],
            [
              95.35200182400007,
              5.5419389940000201,
              0,
              null
            ],
            [
              95.352002402000039,
              5.5419227820000287,
              0,
              null
            ],
            [
              95.352004964000059,
              5.5418133210000633,
              0,
              null
            ],
            [
              95.352006067000048,
              5.5417661860000749,
              0,
              null
            ],
            [
              95.35200664100006,
              5.5416667000000643,
              0,
              null
            ],
            [
              95.35200664000007,
              5.5416666620000683,
              0,
              null
            ],
            [
              95.352006669000048,
              5.5416614380000624,
              0,
              null
            ],
            [
              95.35200670100005,
              5.541655917000071,
              0,
              null
            ],
            [
              95.352006729000038,
              5.5416510550000453,
              0,
              null
            ],
            [
              95.352006740000036,
              5.5416490290000411,
              0,
              null
            ],
            [
              95.352006767000034,
              5.5416445680000379,
              0,
              null
            ],
            [
              95.352006772000038,
              5.5416435520000391,
              0,
              null
            ],
            [
              95.352006819000053,
              5.5416353490000461,
              0,
              null
            ],
            [
              95.352006832000086,
              5.5416329880000603,
              0,
              null
            ],
            [
              95.352006860000074,
              5.5416280910000637,
              0,
              null
            ],
            [
              95.352006907000032,
              5.5416199930000403,
              0,
              null
            ],
            [
              95.352006922000044,
              5.5416172680000386,
              0,
              null
            ],
            [
              95.352006950000032,
              5.5416126030000328,
              0,
              null
            ],
            [
              95.352006950000032,
              5.5416124980000632,
              0,
              null
            ],
            [
              95.35200696000004,
              5.5416107470000497,
              0,
              null
            ],
            [
              95.352006620000054,
              5.5415961580000612,
              0,
              null
            ],
            [
              95.35200646800007,
              5.541589664000071,
              0,
              null
            ],
            [
              95.352006342000038,
              5.5415842680000651,
              0,
              null
            ],
            [
              95.352006173000063,
              5.5415769810000484,
              0,
              null
            ],
            [
              95.352006169000049,
              5.5415768190000563,
              0,
              null
            ],
            [
              95.35200592800004,
              5.541566486000022,
              0,
              null
            ],
            [
              95.352005890000044,
              5.5415648490000535,
              0,
              null
            ],
            [
              95.352005402000032,
              5.5415439140000444,
              0,
              null
            ],
            [
              95.352005339000073,
              5.5415412030000653,
              0,
              null
            ],
            [
              95.352005247000079,
              5.5415372160000516,
              0,
              null
            ],
            [
              95.352005090000034,
              5.5415305100000296,
              0,
              null
            ],
            [
              95.352005045000055,
              5.5415285650000214,
              0,
              null
            ],
            [
              95.352004931000067,
              5.5415236580000737,
              0,
              null
            ],
            [
              95.35200489500005,
              5.5415221050000696,
              0,
              null
            ],
            [
              95.352004736000083,
              5.5415152950000675,
              0,
              null
            ],
            [
              95.352004694000073,
              5.5415134840000633,
              0,
              null
            ],
            [
              95.352004573000045,
              5.5415083190000587,
              0,
              null
            ],
            [
              95.352004525000041,
              5.5415062770000532,
              0,
              null
            ],
            [
              95.352004428000043,
              5.5415020870000262,
              0,
              null
            ],
            [
              95.352004393000072,
              5.5415005700000393,
              0,
              null
            ],
            [
              95.352004339000075,
              5.5414982680000548,
              0,
              null
            ],
            [
              95.352004326000042,
              5.5414977370000429,
              0,
              null
            ],
            [
              95.352004261000047,
              5.5414949190000584,
              0,
              null
            ],
            [
              95.352004235000038,
              5.5414937970000437,
              0,
              null
            ],
            [
              95.352004190000059,
              5.5414918900000316,
              0,
              null
            ],
            [
              95.352004130000068,
              5.5414892700000564,
              0,
              null
            ],
            [
              95.352004124000075,
              5.5414890560000458,
              0,
              null
            ],
            [
              95.352004110000053,
              5.5414884350000762,
              0,
              null
            ],
            [
              95.35200410300007,
              5.5414881480000417,
              0,
              null
            ],
            [
              95.352004023000063,
              5.5414847030000374,
              0,
              null
            ],
            [
              95.352003978000084,
              5.5414827670000477,
              0,
              null
            ],
            [
              95.352003916000058,
              5.5414801150000699,
              0,
              null
            ],
            [
              95.35200388800007,
              5.5414789530000235,
              0,
              null
            ],
            [
              95.352003873000058,
              5.5414782830000604,
              0,
              null
            ],
            [
              95.352003841000055,
              5.5414768860000549,
              0,
              null
            ],
            [
              95.352003791000072,
              5.5414747210000428,
              0,
              null
            ],
            [
              95.352003744000058,
              5.5414727280000307,
              0,
              null
            ],
            [
              95.35200371500008,
              5.5414714650000292,
              0,
              null
            ],
            [
              95.352003693000086,
              5.5414705590000608,
              0,
              null
            ],
            [
              95.352003652000064,
              5.5414687920000461,
              0,
              null
            ],
            [
              95.352003615000058,
              5.5414672000000564,
              0,
              null
            ],
            [
              95.352003580000087,
              5.5414657000000602,
              0,
              null
            ],
            [
              95.352003568000043,
              5.5414651550000258,
              0,
              null
            ],
            [
              95.352003564000086,
              5.5414650110000707,
              0,
              null
            ],
            [
              95.352003553000031,
              5.5414645240000482,
              0,
              null
            ],
            [
              95.352003549000074,
              5.5414643930000693,
              0,
              null
            ],
            [
              95.352003541000045,
              5.5414640310000323,
              0,
              null
            ],
            [
              95.352003539000066,
              5.5414639350000243,
              0,
              null
            ],
            [
              95.352003534000062,
              5.5414637440000547,
              0,
              null
            ],
            [
              95.352003522000075,
              5.5414632020000454,
              0,
              null
            ],
            [
              95.352003517000071,
              5.5414630030000467,
              0,
              null
            ],
            [
              95.352003508000053,
              5.541462589000048,
              0,
              null
            ],
            [
              95.352003503000049,
              5.5414623570000572,
              0,
              null
            ],
            [
              95.352003494000087,
              5.5414619910000624,
              0,
              null
            ],
            [
              95.352003480000064,
              5.5414614290000372,
              0,
              null
            ],
            [
              95.352003459000059,
              5.5414610440000729,
              0,
              null
            ],
            [
              95.352003450000041,
              5.5414606010000398,
              0,
              null
            ],
            [
              95.352003442000068,
              5.5414602290000516,
              0,
              null
            ],
            [
              95.35200343300005,
              5.5414597340000569,
              0,
              null
            ],
            [
              95.352003427000056,
              5.5414593970000396,
              0,
              null
            ],
            [
              95.352003423000042,
              5.541459183000029,
              0,
              null
            ],
            [
              95.35200341400008,
              5.541458728000066,
              0,
              null
            ],
            [
              95.352003413000034,
              5.5414586690000647,
              0,
              null
            ],
            [
              95.352003413000034,
              5.5414586290000329,
              0,
              null
            ],
            [
              95.352003410000066,
              5.541458490000025,
              0,
              null
            ],
            [
              95.352003408000087,
              5.5414584260000765,
              0,
              null
            ],
            [
              95.352003405000062,
              5.5414582250000421,
              0,
              null
            ],
            [
              95.352003402000037,
              5.5414580420000448,
              0,
              null
            ],
            [
              95.35200334700005,
              5.5414557090000471,
              0,
              null
            ],
            [
              95.352003044000071,
              5.5414426690000482,
              0,
              null
            ],
            [
              95.352003016000083,
              5.5414414630000692,
              0,
              null
            ],
            [
              95.352002476000052,
              5.541225435000058,
              0,
              null
            ],
            [
              95.352003725000031,
              5.5410145600000646,
              0,
              null
            ],
            [
              95.352005940000083,
              5.540970006000066,
              0,
              null
            ],
            [
              95.352008259000058,
              5.5409233440000207,
              0,
              null
            ],
            [
              95.352012140000056,
              5.540845273000059,
              0,
              null
            ],
            [
              95.352026541000043,
              5.5407574110000724,
              0,
              null
            ],
            [
              95.352031612000076,
              5.5407461920000287,
              0,
              null
            ],
            [
              95.35203967700005,
              5.540734834000034,
              0,
              null
            ],
            [
              95.352050572000053,
              5.5407296390000624,
              0,
              null
            ],
            [
              95.352070775000072,
              5.540728573000024,
              0,
              null
            ],
            [
              95.352237698000067,
              5.5407297360000598,
              0,
              null
            ],
            [
              95.352251430000081,
              5.5407278640000754,
              0,
              null
            ],
            [
              95.352266429000053,
              5.5407203110000296,
              0,
              null
            ],
            [
              95.352276068000037,
              5.5407100590000482,
              0,
              null
            ],
            [
              95.352283376000059,
              5.5406896830000392,
              0,
              null
            ],
            [
              95.352286650000053,
              5.54054585800003,
              0,
              null
            ],
            [
              95.35228769400004,
              5.5405000080000377,
              0,
              null
            ],
            [
              95.352287918000059,
              5.5404901940000286,
              0,
              null
            ],
            [
              95.352283534000037,
              5.54036558100006,
              0,
              null
            ],
            [
              95.352283015000069,
              5.5403570430000286,
              0,
              null
            ],
            [
              95.352282341000034,
              5.5403462350000723,
              0,
              null
            ],
            [
              95.352266502000077,
              5.5403458540000656,
              0,
              null
            ],
            [
              95.352163603000065,
              5.5403433800000244,
              0,
              null
            ],
            [
              95.35199573500006,
              5.5403382630000237,
              0,
              null
            ],
            [
              95.351831677000064,
              5.5403336360000708,
              0,
              null
            ],
            [
              95.351751724000053,
              5.5403349010000511,
              0,
              null
            ],
            [
              95.351704691000066,
              5.540335644000038,
              0,
              null
            ],
            [
              95.351691254000059,
              5.5403358570000591,
              0,
              null
            ],
            [
              95.351658066000084,
              5.5403361870000367,
              0,
              null
            ],
            [
              95.351548301000037,
              5.5403372830000421,
              0,
              null
            ],
            [
              95.351482987000054,
              5.5403393510000569,
              0,
              null
            ],
            [
              95.351466086000073,
              5.5403448410000351,
              0,
              null
            ],
            [
              95.351449813000045,
              5.5403429440000309,
              0,
              null
            ],
            [
              95.351425028000051,
              5.5400510800000689,
              0,
              null
            ],
            [
              95.351419147000058,
              5.540012359000059,
              0,
              null
            ],
            [
              95.351404758000058,
              5.5399951970000529,
              0,
              null
            ],
            [
              95.351366040000073,
              5.5399824370000488,
              0,
              null
            ],
            [
              95.351348849000033,
              5.5399810700000671,
              0,
              null
            ],
            [
              95.351308751000033,
              5.5399812290000341,
              0,
              null
            ],
            [
              95.350967646000072,
              5.5400051840000515,
              0,
              null
            ],
            [
              95.350592621000033,
              5.5400553060000561,
              0,
              null
            ],
            [
              95.35054368200008,
              5.5392039750000208,
              0,
              null
            ],
            [
              95.350491876000035,
              5.5392067660000635,
              0,
              null
            ],
            [
              95.350447048000035,
              5.5392177630000674,
              0,
              null
            ],
            [
              95.350441923000062,
              5.5392066170000476,
              0,
              null
            ],
            [
              95.350379376000035,
              5.5390705890000618,
              0,
              null
            ],
            [
              95.350349391000066,
              5.5389705650000565,
              0,
              null
            ],
            [
              95.350340550000055,
              5.5389248450000537,
              0,
              null
            ],
            [
              95.35034257500007,
              5.53885286000002,
              0,
              null
            ],
            [
              95.350344866000057,
              5.5387568840000654,
              0,
              null
            ],
            [
              95.350342073000036,
              5.5387030410000762,
              0,
              null
            ],
            [
              95.350330059000044,
              5.5386694190000298,
              0,
              null
            ],
            [
              95.350312222000071,
              5.5386414150000292,
              0,
              null
            ],
            [
              95.350282051000079,
              5.5386290340000528,
              0,
              null
            ],
            [
              95.350245394000069,
              5.538625618000026,
              0,
              null
            ],
            [
              95.349933476000047,
              5.5386086510000609,
              0,
              null
            ],
            [
              95.349776696000049,
              5.5385943230000407,
              0,
              null
            ],
            [
              95.349758801000064,
              5.538581559000022,
              0,
              null
            ],
            [
              95.349746961000051,
              5.5385690150000642,
              0,
              null
            ],
            [
              95.349742425000045,
              5.5385487580000472,
              0,
              null
            ],
            [
              95.349746092000032,
              5.5384443710000255,
              0,
              null
            ],
            [
              95.349747036000053,
              5.5384175110000342,
              0,
              null
            ],
            [
              95.349751750000053,
              5.5382833560000222,
              0,
              null
            ],
            [
              95.349754585000085,
              5.5380803120000337,
              0,
              null
            ],
            [
              95.349755049000066,
              5.5380470530000707,
              0,
              null
            ],
            [
              95.349755590000086,
              5.5380082670000661,
              0,
              null
            ],
            [
              95.349755814000048,
              5.5379922670000497,
              0,
              null
            ],
            [
              95.349875935000057,
              5.5379753220000225,
              0,
              null
            ],
            [
              95.349933232000069,
              5.5379650160000438,
              0,
              null
            ],
            [
              95.349969525000063,
              5.5379559320000453,
              0,
              null
            ],
            [
              95.350008695000042,
              5.537942580000049,
              0,
              null
            ],
            [
              95.350089865000086,
              5.5379078190000541,
              0,
              null
            ],
            [
              95.350130110000066,
              5.5378946350000433,
              0,
              null
            ],
            [
              95.350136767000038,
              5.5378929700000299,
              0,
              null
            ],
            [
              95.350166654000077,
              5.5378854960000581,
              0,
              null
            ],
            [
              95.350060301000042,
              5.5371903400000519,
              0,
              null
            ],
            [
              95.350042527000085,
              5.5370574630000533,
              0,
              null
            ],
            [
              95.350137981000046,
              5.5370523020000633,
              0,
              null
            ],
            [
              95.350176286000078,
              5.5370511260000512,
              0,
              null
            ],
            [
              95.350218869000059,
              5.5370498190000603,
              0,
              null
            ],
            [
              95.350262745000066,
              5.5370484720000377,
              0,
              null
            ],
            [
              95.350281173000042,
              5.5370479060000548,
              0,
              null
            ],
            [
              95.350339752000082,
              5.5370432960000358,
              0,
              null
            ],
            [
              95.350360837000039,
              5.5370416370000726,
              0,
              null
            ],
            [
              95.350365661000069,
              5.5370412570000553,
              0,
              null
            ],
            [
              95.350440593000087,
              5.5370353600000612,
              0,
              null
            ],
            [
              95.350445061000073,
              5.5370350090000215,
              0,
              null
            ],
            [
              95.35049878500007,
              5.5370307810000554,
              0,
              null
            ],
            [
              95.350520451000079,
              5.537017047000063,
              0,
              null
            ],
            [
              95.350543038000069,
              5.5370027280000613,
              0,
              null
            ],
            [
              95.350554973000044,
              5.5369951620000393,
              0,
              null
            ],
            [
              95.350565347000042,
              5.5369625960000235,
              0,
              null
            ],
            [
              95.350568364000083,
              5.53689763400007,
              0,
              null
            ],
            [
              95.350568442000053,
              5.5368959630000631,
              0,
              null
            ],
            [
              95.350568840000051,
              5.5368874010000582,
              0,
              null
            ],
            [
              95.350570203000075,
              5.5368580640000573,
              0,
              null
            ],
            [
              95.35056952900004,
              5.5368492900000206,
              0,
              null
            ],
            [
              95.350567543000068,
              5.5368234660000439,
              0,
              null
            ],
            [
              95.350567348000084,
              5.5368209260000754,
              0,
              null
            ],
            [
              95.350566120000053,
              5.5368049570000721,
              0,
              null
            ],
            [
              95.350539457000082,
              5.5366314890000581,
              0,
              null
            ],
            [
              95.350506479000046,
              5.5363332990000345,
              0,
              null
            ],
            [
              95.350493569000037,
              5.5362421640000434,
              0,
              null
            ],
            [
              95.350488900000073,
              5.5362092000000303,
              0,
              null
            ],
            [
              95.350470528000074,
              5.5360795010000743,
              0,
              null
            ],
            [
              95.350452889000053,
              5.5359071670000617,
              0,
              null
            ],
            [
              95.350450276000061,
              5.535881631000052,
              0,
              null
            ],
            [
              95.350360801000079,
              5.5354872730000579,
              0,
              null
            ],
            [
              95.350554527000043,
              5.5354209350000474,
              0,
              null
            ],
            [
              95.350643950000062,
              5.5353585130000624,
              0,
              null
            ],
            [
              95.350766479000072,
              5.5352775300000303,
              0,
              null
            ],
            [
              95.350881306000076,
              5.5351903010000569,
              0,
              null
            ],
            [
              95.350901801000077,
              5.5351698570000281,
              0,
              null
            ],
            [
              95.350965808000069,
              5.5351060070000244,
              0,
              null
            ],
            [
              95.351001913000061,
              5.5350699920000466,
              0,
              null
            ],
            [
              95.351118481000071,
              5.5349671390000594,
              0,
              null
            ],
            [
              95.351489878000052,
              5.5346116550000488,
              0,
              null
            ],
            [
              95.351810077000039,
              5.5343049490000453,
              0,
              null
            ],
            [
              95.352478187000031,
              5.5337237600000435,
              0,
              null
            ],
            [
              95.352515689000086,
              5.533699006000063,
              0,
              null
            ],
            [
              95.352704882000069,
              5.5335688190000383,
              0,
              null
            ],
            [
              95.352706672000068,
              5.5335707380000372,
              0,
              null
            ],
            [
              95.352816961000087,
              5.5336890080000671,
              0,
              null
            ],
            [
              95.353249209000069,
              5.5344023970000649,
              0,
              null
            ],
            [
              95.35342389200008,
              5.5346529310000392,
              0,
              null
            ],
            [
              95.353510605000054,
              5.5347541080000724,
              0,
              null
            ],
            [
              95.353589880000072,
              5.5349197600000366,
              0,
              null
            ],
            [
              95.353721722000046,
              5.5352207770000632,
              0,
              null
            ],
            [
              95.353747652000038,
              5.5352799800000412,
              0,
              null
            ],
            [
              95.353763625000056,
              5.5353164480000601,
              0,
              null
            ],
            [
              95.35377684000008,
              5.5353459940000675,
              0,
              null
            ],
            [
              95.353823826000053,
              5.5354510370000298,
              0,
              null
            ],
            [
              95.353830362000053,
              5.5354713350000679,
              0,
              null
            ],
            [
              95.353830404000064,
              5.5354714650000574,
              0,
              null
            ],
            [
              95.353842315000065,
              5.5355084520000446,
              0,
              null
            ],
            [
              95.353850892000082,
              5.5355393970000364,
              0,
              null
            ],
            [
              95.353856679000046,
              5.535565335000058,
              0,
              null
            ],
            [
              95.353873246000035,
              5.5356395790000761,
              0,
              null
            ],
            [
              95.353875376000076,
              5.5356579450000254,
              0,
              null
            ],
            [
              95.353877729000033,
              5.5356782480000675,
              0,
              null
            ],
            [
              95.353875885000036,
              5.5357021730000611,
              0,
              null
            ],
            [
              95.353874402000031,
              5.535721413000033,
              0,
              null
            ],
            [
              95.353904493000073,
              5.5357311790000381,
              0,
              null
            ],
            [
              95.353919636000057,
              5.5357360930000254,
              0,
              null
            ],
            [
              95.353915405000066,
              5.5357588430000533,
              0,
              null
            ],
            [
              95.353912305000051,
              5.5357854140000313,
              0,
              null
            ],
            [
              95.353908730000057,
              5.5358160550000548,
              0,
              null
            ],
            [
              95.353905528000041,
              5.53584350400007,
              0,
              null
            ],
            [
              95.353897228000051,
              5.535930067000038,
              0,
              null
            ],
            [
              95.353858721000051,
              5.5361268980000204,
              0,
              null
            ],
            [
              95.353843032000043,
              5.5362316220000594,
              0,
              null
            ],
            [
              95.353838538000048,
              5.536292369000023,
              0,
              null
            ],
            [
              95.353835980000042,
              5.5363269430000628,
              0,
              null
            ],
            [
              95.353835377000053,
              5.5363350850000757,
              0,
              null
            ],
            [
              95.353835901000082,
              5.5364150050000376,
              0,
              null
            ],
            [
              95.353841596000052,
              5.5365766670000767,
              0,
              null
            ],
            [
              95.353843960000063,
              5.5366437660000543,
              0,
              null
            ],
            [
              95.353844569000046,
              5.5366609200000312,
              0,
              null
            ],
            [
              95.353848550000066,
              5.5369668630000319,
              0,
              null
            ],
            [
              95.353863244000081,
              5.5371957330000328,
              0,
              null
            ],
            [
              95.353867435000041,
              5.5372610070000405,
              0,
              null
            ],
            [
              95.353868777000059,
              5.5372819060000324,
              0,
              null
            ],
            [
              95.353880176000075,
              5.5374039770000536,
              0,
              null
            ],
            [
              95.353896014000043,
              5.5375171990000354,
              0,
              null
            ],
            [
              95.353906059000053,
              5.5375647120000622,
              0,
              null
            ],
            [
              95.353910254000084,
              5.5375916700000403,
              0,
              null
            ],
            [
              95.353940556000055,
              5.5377305410000304,
              0,
              null
            ],
            [
              95.353988136000055,
              5.5379860990000225,
              0,
              null
            ],
            [
              95.35400175500007,
              5.5381565740000269,
              0,
              null
            ],
            [
              95.354010146000064,
              5.5383024910000245,
              0,
              null
            ],
            [
              95.354022318000034,
              5.5384285080000382,
              0,
              null
            ],
            [
              95.354043837000063,
              5.538659593000034,
              0,
              null
            ],
            [
              95.354072896000048,
              5.5389333930000362,
              0,
              null
            ],
            [
              95.354084937000039,
              5.5390239800000245,
              0,
              null
            ],
            [
              95.35409149600008,
              5.5390854080000622,
              0,
              null
            ],
            [
              95.354095597000082,
              5.5393128570000272,
              0,
              null
            ],
            [
              95.354090540000072,
              5.5394821390000288,
              0,
              null
            ],
            [
              95.354080008000039,
              5.5396770240000706,
              0,
              null
            ],
            [
              95.354069874000061,
              5.5398036740000407,
              0,
              null
            ],
            [
              95.354055820000042,
              5.5399748910000426,
              0,
              null
            ],
            [
              95.354050585000039,
              5.5400811900000235,
              0,
              null
            ],
            [
              95.354044359000056,
              5.5402563540000642,
              0,
              null
            ],
            [
              95.354030554000076,
              5.5405264370000396,
              0,
              null
            ],
            [
              95.354024185000071,
              5.5407016920000274,
              0,
              null
            ],
            [
              95.354016290000061,
              5.5408879790000469,
              0,
              null
            ],
            [
              95.354008860000079,
              5.541077600000051,
              0,
              null
            ],
            [
              95.354002660000049,
              5.5412594510000304,
              0,
              null
            ],
            [
              95.353997560000039,
              5.54139746900006,
              0,
              null
            ],
            [
              95.353992808000044,
              5.5415142430000515,
              0,
              null
            ],
            [
              95.353986323000072,
              5.5418856980000442,
              0,
              null
            ],
            [
              95.353968214000076,
              5.5421216390000723,
              0,
              null
            ],
            [
              95.353936887000032,
              5.5422681590000593,
              0,
              null
            ],
            [
              95.353930447000039,
              5.5423187200000257,
              0,
              null
            ]
          ]
        ]
      },
      "properties" : {
        "FID" : 0,
        "OBJECTID" : 14260,
        "KDPPUM" : "11",
        "NAMOBJ" : "Pango Deah",
        "REMARK" : " ",
        "KDPBPS" : " ",
        "FCODE" : "BA03070040",
        "LUASWH" : 0,
        "UUPP" : "RBI",
        "SRS_ID" : "SRGI 2013",
        "METADATA" : "TASWIL1000020200326DATA_BATAS_DESA_KELURAHAN",
        "KDEBPS" : " ",
        "KDEPUM" : "11.71.09.2005",
        "KDCBPS" : " ",
        "KDCPUM" : "11.71.09",
        "KDBBPS" : " ",
        "WADMKD" : "Pango Deah",
        "WIADKD" : "0",
        "WADMKC" : "Ulee Kareng",
        "WIADKC" : " ",
        "WADMKK" : "Kota Banda Aceh",
        "WIADKK" : " ",
        "WADMPR" : "Aceh",
        "WIADPR" : " ",
        "TIPADM" : 9,
        "KDPKAB" : "11.71",
        "SHAPE_Leng" : 0.024357207396311,
        "SHAPE_Area" : 2.4620613263000001e-05
      }
    }
  ]
}