{
  "hasZ" : true,
  "hasM" : true,
  "type" : "FeatureCollection",
  "features" : [
    {
      "type" : "Feature",
      "id" : 0,
      "geometry" : {
        "type" : "Polygon",
        "coordinates" : [
          [
            [
              95.35721635200008,
              5.5575507670000661,
              0,
              null
            ],
            [
              95.357221447000086,
              5.5575879220000388,
              0,
              null
            ],
            [
              95.357229283000038,
              5.5576376350000487,
              0,
              null
            ],
            [
              95.357260117000067,
              5.5577083020000373,
              0,
              null
            ],
            [
              95.357273643000042,
              5.5577484250000566,
              0,
              null
            ],
            [
              95.35728918600006,
              5.5578153270000712,
              0,
              null
            ],
            [
              95.357301433000032,
              5.5578939600000581,
              0,
              null
            ],
            [
              95.357278239000038,
              5.5583034860000566,
              0,
              null
            ],
            [
              95.357271501000071,
              5.5584397110000623,
              0,
              null
            ],
            [
              95.357264016000045,
              5.5584780050000404,
              0,
              null
            ],
            [
              95.35725278700005,
              5.5585354480000433,
              0,
              null
            ],
            [
              95.357233874000087,
              5.558581441000058,
              0,
              null
            ],
            [
              95.35721103700007,
              5.5586006640000392,
              0,
              null
            ],
            [
              95.357153828000037,
              5.5586200250000388,
              0,
              null
            ],
            [
              95.357045124000081,
              5.558654898000043,
              0,
              null
            ],
            [
              95.356978352000056,
              5.5586704710000276,
              0,
              null
            ],
            [
              95.356879081000045,
              5.5586766070000522,
              0,
              null
            ],
            [
              95.356795010000042,
              5.5586635500000625,
              0,
              null
            ],
            [
              95.356695510000065,
              5.5586122900000419,
              0,
              null
            ],
            [
              95.356618917000048,
              5.5585590250000223,
              0,
              null
            ],
            [
              95.356498185000078,
              5.5584504530000345,
              0,
              null
            ],
            [
              95.356316204000052,
              5.5583057740000754,
              0,
              null
            ],
            [
              95.356270178000045,
              5.5582562130000497,
              0,
              null
            ],
            [
              95.356210649000047,
              5.5581722680000212,
              0,
              null
            ],
            [
              95.356174420000059,
              5.5580893780000338,
              0,
              null
            ],
            [
              95.356141783000055,
              5.5580455040000629,
              0,
              null
            ],
            [
              95.356080254000062,
              5.557938608000029,
              0,
              null
            ],
            [
              95.356016967000073,
              5.5578699840000354,
              0,
              null
            ],
            [
              95.355932697000071,
              5.5578071840000689,
              0,
              null
            ],
            [
              95.355850459000067,
              5.5577749880000624,
              0,
              null
            ],
            [
              95.355745269000067,
              5.5577333160000535,
              0,
              null
            ],
            [
              95.355525510000064,
              5.5576921020000327,
              0,
              null
            ],
            [
              95.355401699000083,
              5.5576734630000715,
              0,
              null
            ],
            [
              95.355331032000038,
              5.557669919000034,
              0,
              null
            ],
            [
              95.355199300000038,
              5.557676185000048,
              0,
              null
            ],
            [
              95.355006532000061,
              5.5576999130000218,
              0,
              null
            ],
            [
              95.354886325000052,
              5.5577233520000391,
              0,
              null
            ],
            [
              95.354756562000034,
              5.5577449150000575,
              0,
              null
            ],
            [
              95.354656848000047,
              5.5577357470000379,
              0,
              null
            ],
            [
              95.354544142000066,
              5.5577247170000419,
              0,
              null
            ],
            [
              95.354442840000047,
              5.5577002490000496,
              0,
              null
            ],
            [
              95.354295596000043,
              5.5576472660000604,
              0,
              null
            ],
            [
              95.354226717000074,
              5.5576131030000511,
              0,
              null
            ],
            [
              95.354166638000038,
              5.5575833040000475,
              0,
              null
            ],
            [
              95.354123952000066,
              5.5575673590000747,
              0,
              null
            ],
            [
              95.354069788000061,
              5.5575619140000754,
              0,
              null
            ],
            [
              95.353972740000074,
              5.5575690310000709,
              0,
              null
            ],
            [
              95.353882561000034,
              5.5575808710000274,
              0,
              null
            ],
            [
              95.353798134000044,
              5.5575984260000268,
              0,
              null
            ],
            [
              95.35370658100004,
              5.5576246200000696,
              0,
              null
            ],
            [
              95.353642261000061,
              5.5576564450000205,
              0,
              null
            ],
            [
              95.353572303000078,
              5.5577112520000469,
              0,
              null
            ],
            [
              95.353500971000074,
              5.5577804130000459,
              0,
              null
            ],
            [
              95.353458230000058,
              5.5578365460000327,
              0,
              null
            ],
            [
              95.353382714000077,
              5.5579344220000735,
              0,
              null
            ],
            [
              95.353335762000086,
              5.5580120960000272,
              0,
              null
            ],
            [
              95.35329740800006,
              5.5580911700000684,
              0,
              null
            ],
            [
              95.353272608000054,
              5.5581571570000392,
              0,
              null
            ],
            [
              95.353265566000061,
              5.5581870790000494,
              0,
              null
            ],
            [
              95.353263254000069,
              5.5582117840000365,
              0,
              null
            ],
            [
              95.353260292000073,
              5.5582556710000404,
              0,
              null
            ],
            [
              95.352993262000041,
              5.5582316780000269,
              0,
              null
            ],
            [
              95.353000349000069,
              5.558192770000062,
              0,
              null
            ],
            [
              95.353003900000033,
              5.5581732700000543,
              0,
              null
            ],
            [
              95.35301144400006,
              5.558110255000031,
              0,
              null
            ],
            [
              95.353016518000061,
              5.5580678710000484,
              0,
              null
            ],
            [
              95.35303046000007,
              5.5579764820000719,
              0,
              null
            ],
            [
              95.35304504000004,
              5.5578809130000764,
              0,
              null
            ],
            [
              95.353047582000045,
              5.5578602180000303,
              0,
              null
            ],
            [
              95.353053954000075,
              5.5578083410000545,
              0,
              null
            ],
            [
              95.353056846000072,
              5.5577847920000636,
              0,
              null
            ],
            [
              95.353065563000087,
              5.5576625140000715,
              0,
              null
            ],
            [
              95.353079156000035,
              5.5574850080000715,
              0,
              null
            ],
            [
              95.353087004000031,
              5.557378275000076,
              0,
              null
            ],
            [
              95.353089102000069,
              5.5573497370000382,
              0,
              null
            ],
            [
              95.353092913000069,
              5.5572935230000553,
              0,
              null
            ],
            [
              95.353102269000033,
              5.5571555370000283,
              0,
              null
            ],
            [
              95.353107680000051,
              5.5570664550000402,
              0,
              null
            ],
            [
              95.353116503000081,
              5.5569748920000279,
              0,
              null
            ],
            [
              95.353120026000056,
              5.5569383430000698,
              0,
              null
            ],
            [
              95.353134522000062,
              5.5568073930000423,
              0,
              null
            ],
            [
              95.353137785000058,
              5.5567779150000547,
              0,
              null
            ],
            [
              95.353145491000078,
              5.5567083000000252,
              0,
              null
            ],
            [
              95.35316729300007,
              5.5565442920000692,
              0,
              null
            ],
            [
              95.353174135000074,
              5.5564928240000313,
              0,
              null
            ],
            [
              95.353188447000036,
              5.556393890000038,
              0,
              null
            ],
            [
              95.353202730000078,
              5.5562921820000497,
              0,
              null
            ],
            [
              95.353207817000055,
              5.5562656530000254,
              0,
              null
            ],
            [
              95.353212245000066,
              5.5562425700000517,
              0,
              null
            ],
            [
              95.353221892000079,
              5.5561922700000537,
              0,
              null
            ],
            [
              95.353254941000046,
              5.5560857750000423,
              0,
              null
            ],
            [
              95.353290037000079,
              5.5559775740000532,
              0,
              null
            ],
            [
              95.353292690000046,
              5.5559716250000406,
              0,
              null
            ],
            [
              95.35331844500007,
              5.5559138630000575,
              0,
              null
            ],
            [
              95.353377805000036,
              5.5557774010000571,
              0,
              null
            ],
            [
              95.353393723000067,
              5.5557406830000673,
              0,
              null
            ],
            [
              95.353434857000082,
              5.5556458020000719,
              0,
              null
            ],
            [
              95.353451362000044,
              5.5556119150000427,
              0,
              null
            ],
            [
              95.35347435500006,
              5.5555647100000556,
              0,
              null
            ],
            [
              95.35352032600008,
              5.5554870900000424,
              0,
              null
            ],
            [
              95.353581558000087,
              5.5553971800000568,
              0,
              null
            ],
            [
              95.353629144000081,
              5.5553128470000388,
              0,
              null
            ],
            [
              95.353665690000071,
              5.5552345030000652,
              0,
              null
            ],
            [
              95.353667949000055,
              5.5552296610000553,
              0,
              null
            ],
            [
              95.353697272000034,
              5.5551351410000507,
              0,
              null
            ],
            [
              95.353706999000053,
              5.5551047210000206,
              0,
              null
            ],
            [
              95.353716303000056,
              5.5550756280000542,
              0,
              null
            ],
            [
              95.353740907000031,
              5.5549986870000225,
              0,
              null
            ],
            [
              95.353783627000041,
              5.5548770520000517,
              0,
              null
            ],
            [
              95.353794013000083,
              5.5548390560000485,
              0,
              null
            ],
            [
              95.35381424600007,
              5.5547647730000449,
              0,
              null
            ],
            [
              95.353814331000081,
              5.5547644580000224,
              0,
              null
            ],
            [
              95.353818647000082,
              5.5547460160000242,
              0,
              null
            ],
            [
              95.353832330000046,
              5.5546875470000714,
              0,
              null
            ],
            [
              95.353856786000051,
              5.5545670780000478,
              0,
              null
            ],
            [
              95.353867972000046,
              5.5545061620000524,
              0,
              null
            ],
            [
              95.353870716000074,
              5.5544912170000202,
              0,
              null
            ],
            [
              95.353873699000076,
              5.5544749690000685,
              0,
              null
            ],
            [
              95.353876123000077,
              5.5544617710000352,
              0,
              null
            ],
            [
              95.353880310000079,
              5.5544389660000206,
              0,
              null
            ],
            [
              95.353911697000058,
              5.5543029770000203,
              0,
              null
            ],
            [
              95.353926699000056,
              5.5542459900000267,
              0,
              null
            ],
            [
              95.35393405700006,
              5.5542280410000444,
              0,
              null
            ],
            [
              95.353951868000081,
              5.5541845960000273,
              0,
              null
            ],
            [
              95.353997616000072,
              5.5541167040000232,
              0,
              null
            ],
            [
              95.354069252000045,
              5.5540388370000642,
              0,
              null
            ],
            [
              95.354166629000076,
              5.5539356950000638,
              0,
              null
            ],
            [
              95.354211710000072,
              5.5538879450000422,
              0,
              null
            ],
            [
              95.354229402000044,
              5.5538692070000479,
              0,
              null
            ],
            [
              95.354238935000069,
              5.5538589620000494,
              0,
              null
            ],
            [
              95.354402427000082,
              5.5536832800000298,
              0,
              null
            ],
            [
              95.354418758000065,
              5.55366573200007,
              0,
              null
            ],
            [
              95.354441379000036,
              5.5536414230000446,
              0,
              null
            ],
            [
              95.35445203900008,
              5.5536310810000487,
              0,
              null
            ],
            [
              95.35446014300004,
              5.55362322000002,
              0,
              null
            ],
            [
              95.354563347000067,
              5.5535230970000384,
              0,
              null
            ],
            [
              95.354762790000052,
              5.553322577000074,
              0,
              null
            ],
            [
              95.354780626000036,
              5.553305152000064,
              0,
              null
            ],
            [
              95.354800936000061,
              5.5532853110000246,
              0,
              null
            ],
            [
              95.354866144000084,
              5.5532216060000223,
              0,
              null
            ],
            [
              95.354967034000083,
              5.5531230420000384,
              0,
              null
            ],
            [
              95.355203522000068,
              5.5528967680000392,
              0,
              null
            ],
            [
              95.355401205000078,
              5.5527150540000321,
              0,
              null
            ],
            [
              95.355420006000031,
              5.5526977700000657,
              0,
              null
            ],
            [
              95.355431439000085,
              5.5526872620000631,
              0,
              null
            ],
            [
              95.355439748000038,
              5.5526796240000635,
              0,
              null
            ],
            [
              95.355440270000031,
              5.5526791210000397,
              0,
              null
            ],
            [
              95.355450018000056,
              5.552669718000061,
              0,
              null
            ],
            [
              95.35555925500006,
              5.5525643530000366,
              0,
              null
            ],
            [
              95.355746856000053,
              5.5523969730000431,
              0,
              null
            ],
            [
              95.355796439000073,
              5.5523528970000484,
              0,
              null
            ],
            [
              95.355804875000047,
              5.5523453980000568,
              0,
              null
            ],
            [
              95.355937200000085,
              5.5522277730000269,
              0,
              null
            ],
            [
              95.355958765000082,
              5.5522082460000206,
              0,
              null
            ],
            [
              95.356183983000051,
              5.5520042960000637,
              0,
              null
            ],
            [
              95.356421256000033,
              5.5517852410000614,
              0,
              null
            ],
            [
              95.356482602000085,
              5.551719672000047,
              0,
              null
            ],
            [
              95.356562168000039,
              5.5516398850000428,
              0,
              null
            ],
            [
              95.356570064000039,
              5.5516277110000374,
              0,
              null
            ],
            [
              95.35658470900006,
              5.5516051310000307,
              0,
              null
            ],
            [
              95.356608678000043,
              5.5515550410000287,
              0,
              null
            ],
            [
              95.356614823000086,
              5.5515303310000377,
              0,
              null
            ],
            [
              95.356623308000053,
              5.5514679380000302,
              0,
              null
            ],
            [
              95.356623355000067,
              5.5514571810000461,
              0,
              null
            ],
            [
              95.356622700000059,
              5.5514467800000489,
              0,
              null
            ],
            [
              95.356618995000076,
              5.5514275000000453,
              0,
              null
            ],
            [
              95.35666354500006,
              5.5514327420000313,
              0,
              null
            ],
            [
              95.356857386000058,
              5.5514652870000418,
              0,
              null
            ],
            [
              95.357100470000034,
              5.5515208380000445,
              0,
              null
            ],
            [
              95.357249891000038,
              5.5515611920000651,
              0,
              null
            ],
            [
              95.357281193000063,
              5.5515696450000291,
              0,
              null
            ],
            [
              95.357434380000086,
              5.5516110150000486,
              0,
              null
            ],
            [
              95.35760934700005,
              5.5516499540000268,
              0,
              null
            ],
            [
              95.35773755200006,
              5.5516784860000712,
              0,
              null
            ],
            [
              95.35778769500007,
              5.5516896450000672,
              0,
              null
            ],
            [
              95.357869894000032,
              5.5517071470000587,
              0,
              null
            ],
            [
              95.357880928000043,
              5.5517094960000577,
              0,
              null
            ],
            [
              95.358072486000083,
              5.5517502830000467,
              0,
              null
            ],
            [
              95.358083518000058,
              5.5517526310000562,
              0,
              null
            ],
            [
              95.358094469000036,
              5.5517553330000737,
              0,
              null
            ],
            [
              95.35838040200008,
              5.5518258630000332,
              0,
              null
            ],
            [
              95.358638896000059,
              5.5518798860000516,
              0,
              null
            ],
            [
              95.358660888000031,
              5.551884894000068,
              0,
              null
            ],
            [
              95.358753153000066,
              5.5519076470000641,
              0,
              null
            ],
            [
              95.358766305000074,
              5.5519108910000341,
              0,
              null
            ],
            [
              95.358948591000058,
              5.5519558430000302,
              0,
              null
            ],
            [
              95.358959589000051,
              5.5519583320000265,
              0,
              null
            ],
            [
              95.35911623800007,
              5.5519937870000717,
              0,
              null
            ],
            [
              95.359161243000074,
              5.552003973000069,
              0,
              null
            ],
            [
              95.359275057000048,
              5.5520297330000403,
              0,
              null
            ],
            [
              95.35934674400005,
              5.5520482600000491,
              0,
              null
            ],
            [
              95.359391907000031,
              5.5520599320000201,
              0,
              null
            ],
            [
              95.35941815800004,
              5.5520667160000698,
              0,
              null
            ],
            [
              95.359563844000036,
              5.5521043660000373,
              0,
              null
            ],
            [
              95.359586401000058,
              5.5521101960000578,
              0,
              null
            ],
            [
              95.359587731000033,
              5.5521105390000685,
              0,
              null
            ],
            [
              95.35962769300005,
              5.5521187010000403,
              0,
              null
            ],
            [
              95.35972263900004,
              5.5521380910000744,
              0,
              null
            ],
            [
              95.359722401000056,
              5.5521393070000613,
              0,
              null
            ],
            [
              95.359849208000071,
              5.5521698070000411,
              0,
              null
            ],
            [
              95.359838188000083,
              5.5521984250000287,
              0,
              null
            ],
            [
              95.359826810000072,
              5.5521931480000717,
              0,
              null
            ],
            [
              95.359812022000085,
              5.5521892080000725,
              0,
              null
            ],
            [
              95.359803980000038,
              5.5521870660000445,
              0,
              null
            ],
            [
              95.359773507000057,
              5.552180508000049,
              0,
              null
            ],
            [
              95.359767903000034,
              5.5521800150000331,
              0,
              null
            ],
            [
              95.359763182000052,
              5.5521814530000597,
              0,
              null
            ],
            [
              95.359748720000084,
              5.5521925920000399,
              0,
              null
            ],
            [
              95.359741579000058,
              5.5521980710000207,
              0,
              null
            ],
            [
              95.359734452000055,
              5.5522016260000555,
              0,
              null
            ],
            [
              95.359733377000055,
              5.5522021620000714,
              0,
              null
            ],
            [
              95.359729015000084,
              5.5522056960000441,
              0,
              null
            ],
            [
              95.359727640000074,
              5.552209208000022,
              0,
              null
            ],
            [
              95.359729268000081,
              5.5522170930000243,
              0,
              null
            ],
            [
              95.359740007000084,
              5.5522270290000506,
              0,
              null
            ],
            [
              95.35974443300006,
              5.5522352460000661,
              0,
              null
            ],
            [
              95.359745544000077,
              5.5522447140000395,
              0,
              null
            ],
            [
              95.359738886000059,
              5.5522989560000724,
              0,
              null
            ],
            [
              95.359727767000038,
              5.5524248030000649,
              0,
              null
            ],
            [
              95.359728176000033,
              5.5524618160000614,
              0,
              null
            ],
            [
              95.359732140000062,
              5.5525080970000431,
              0,
              null
            ],
            [
              95.359734133000075,
              5.5525191350000682,
              0,
              null
            ],
            [
              95.359743656000035,
              5.5525296000000708,
              0,
              null
            ],
            [
              95.359755921000044,
              5.5525309250000419,
              0,
              null
            ],
            [
              95.359767816000044,
              5.5525299740000378,
              0,
              null
            ],
            [
              95.359771742000078,
              5.5525490580000678,
              0,
              null
            ],
            [
              95.359627003000071,
              5.5525527010000246,
              0,
              null
            ],
            [
              95.359571880000033,
              5.5525698240000452,
              0,
              null
            ],
            [
              95.359505476000038,
              5.5525771400000394,
              0,
              null
            ],
            [
              95.359482129000071,
              5.5526358790000359,
              0,
              null
            ],
            [
              95.359482461000084,
              5.5529253920000201,
              0,
              null
            ],
            [
              95.359457186000043,
              5.5529209410000249,
              0,
              null
            ],
            [
              95.359455733000061,
              5.5529451210000502,
              0,
              null
            ],
            [
              95.359455824000065,
              5.5529633880000233,
              0,
              null
            ],
            [
              95.359458094000047,
              5.552980734000073,
              0,
              null
            ],
            [
              95.359480710000071,
              5.5531030840000426,
              0,
              null
            ],
            [
              95.359484260000045,
              5.5531564990000675,
              0,
              null
            ],
            [
              95.35948367900005,
              5.5532303580000644,
              0,
              null
            ],
            [
              95.359481921000054,
              5.5532570580000424,
              0,
              null
            ],
            [
              95.359480620000056,
              5.5532768070000316,
              0,
              null
            ],
            [
              95.359479885000042,
              5.5532879690000527,
              0,
              null
            ],
            [
              95.359473697000055,
              5.5533179300000484,
              0,
              null
            ],
            [
              95.35946486000006,
              5.5533480380000242,
              0,
              null
            ],
            [
              95.359454515000039,
              5.5533776340000713,
              0,
              null
            ],
            [
              95.359447788000068,
              5.5533968790000472,
              0,
              null
            ],
            [
              95.359447593000084,
              5.5534269560000666,
              0,
              null
            ],
            [
              95.359447642000077,
              5.5534391530000562,
              0,
              null
            ],
            [
              95.359447698000054,
              5.5534560400000714,
              0,
              null
            ],
            [
              95.359438469000054,
              5.55347630600005,
              0,
              null
            ],
            [
              95.359414958000059,
              5.5535665990000211,
              0,
              null
            ],
            [
              95.359394422000037,
              5.5536405010000749,
              0,
              null
            ],
            [
              95.359372831000087,
              5.5536851220000472,
              0,
              null
            ],
            [
              95.359322642000052,
              5.5537725750000391,
              0,
              null
            ],
            [
              95.359281492000036,
              5.5538372320000349,
              0,
              null
            ],
            [
              95.359237069000073,
              5.5538934780000204,
              0,
              null
            ],
            [
              95.359191503000034,
              5.5539389900000629,
              0,
              null
            ],
            [
              95.35908113000005,
              5.5540234920000557,
              0,
              null
            ],
            [
              95.35899723700004,
              5.5540834420000351,
              0,
              null
            ],
            [
              95.359002664000059,
              5.554090034000069,
              0,
              null
            ],
            [
              95.358924563000073,
              5.554142238000054,
              0,
              null
            ],
            [
              95.358872459000054,
              5.5541722670000695,
              0,
              null
            ],
            [
              95.358811065000054,
              5.5542212220000238,
              0,
              null
            ],
            [
              95.358674412000084,
              5.5544076630000632,
              0,
              null
            ],
            [
              95.358586218000085,
              5.5545839660000524,
              0,
              null
            ],
            [
              95.358513527000071,
              5.5547502650000524,
              0,
              null
            ],
            [
              95.358497120000038,
              5.5548144960000627,
              0,
              null
            ],
            [
              95.358608108000055,
              5.5548891490000756,
              0,
              null
            ],
            [
              95.358629288000031,
              5.5549624020000579,
              0,
              null
            ],
            [
              95.358616907000055,
              5.5550033200000257,
              0,
              null
            ],
            [
              95.358614855000042,
              5.5550086560000409,
              0,
              null
            ],
            [
              95.358603941000069,
              5.5550314710000634,
              0,
              null
            ],
            [
              95.358592753000039,
              5.5550548550000372,
              0,
              null
            ],
            [
              95.358510211000066,
              5.5551872710000225,
              0,
              null
            ],
            [
              95.358474349000062,
              5.5552636390000316,
              0,
              null
            ],
            [
              95.358469852000042,
              5.555280749000076,
              0,
              null
            ],
            [
              95.358459742000036,
              5.5553451650000625,
              0,
              null
            ],
            [
              95.358462399000075,
              5.5554052740000657,
              0,
              null
            ],
            [
              95.358385645000055,
              5.5556049530000564,
              0,
              null
            ],
            [
              95.358372308000071,
              5.5556396480000672,
              0,
              null
            ],
            [
              95.358285757000033,
              5.5556283340000618,
              0,
              null
            ],
            [
              95.358276403000048,
              5.5556309570000622,
              0,
              null
            ],
            [
              95.358270922000031,
              5.5556364020000615,
              0,
              null
            ],
            [
              95.358263859000033,
              5.5556502690000684,
              0,
              null
            ],
            [
              95.358254591000048,
              5.5556783470000255,
              0,
              null
            ],
            [
              95.358245169000043,
              5.5557068940000249,
              0,
              null
            ],
            [
              95.358232016000045,
              5.5557467480000469,
              0,
              null
            ],
            [
              95.358225405000042,
              5.5557667800000559,
              0,
              null
            ],
            [
              95.358214488000044,
              5.5557932410000603,
              0,
              null
            ],
            [
              95.358171624000079,
              5.5558971280000264,
              0,
              null
            ],
            [
              95.358165475000078,
              5.5559117030000493,
              0,
              null
            ],
            [
              95.358113614000047,
              5.5560346420000428,
              0,
              null
            ],
            [
              95.358098281000082,
              5.5560671800000705,
              0,
              null
            ],
            [
              95.358043046000034,
              5.5561395140000513,
              0,
              null
            ],
            [
              95.357980036000072,
              5.5562201400000504,
              0,
              null
            ],
            [
              95.35791570400005,
              5.5563219220000519,
              0,
              null
            ],
            [
              95.357855589000053,
              5.5564222760000348,
              0,
              null
            ],
            [
              95.357782701000076,
              5.5564958920000436,
              0,
              null
            ],
            [
              95.357732566000038,
              5.5565279550000355,
              0,
              null
            ],
            [
              95.357732518000034,
              5.5565279680000685,
              0,
              null
            ],
            [
              95.357711348000066,
              5.5565354830000615,
              0,
              null
            ],
            [
              95.357698474000074,
              5.5565422050000279,
              0,
              null
            ],
            [
              95.357685062000087,
              5.5565518940000516,
              0,
              null
            ],
            [
              95.357673692000049,
              5.5565624880000541,
              0,
              null
            ],
            [
              95.357667492000076,
              5.5565706200000591,
              0,
              null
            ],
            [
              95.357632506000073,
              5.5565937860000645,
              0,
              null
            ],
            [
              95.357523000000072,
              5.556660498000042,
              0,
              null
            ],
            [
              95.357405379000056,
              5.55671023900004,
              0,
              null
            ],
            [
              95.357328459000087,
              5.5567562850000627,
              0,
              null
            ],
            [
              95.357313292000072,
              5.5567626200000291,
              0,
              null
            ],
            [
              95.357298763000074,
              5.5567706510000221,
              0,
              null
            ],
            [
              95.357287731000042,
              5.5567777360000719,
              0,
              null
            ],
            [
              95.357277704000069,
              5.5567866690000756,
              0,
              null
            ],
            [
              95.357208424000078,
              5.5568281420000289,
              0,
              null
            ],
            [
              95.357097667000062,
              5.5569343390000654,
              0,
              null
            ],
            [
              95.357051647000048,
              5.5570402790000344,
              0,
              null
            ],
            [
              95.35705073400004,
              5.5571643670000412,
              0,
              null
            ],
            [
              95.35707930600006,
              5.5572714210000527,
              0,
              null
            ],
            [
              95.357162977000087,
              5.5574318340000559,
              0,
              null
            ],
            [
              95.35721635200008,
              5.5575507670000661,
              0,
              null
            ]
          ]
        ]
      },
      "properties" : {
        "FID" : 0,
        "OBJECTID" : 6740,
        "KDPPUM" : "11",
        "NAMOBJ" : "Ie Masen Ulee Kareng",
        "REMARK" : " ",
        "KDPBPS" : " ",
        "FCODE" : "BA03070040",
        "LUASWH" : 0,
        "UUPP" : "RBI",
        "SRS_ID" : "SRGI 2013",
        "METADATA" : "TASWIL1000020200326DATA_BATAS_DESA_KELURAHAN",
        "KDEBPS" : " ",
        "KDEPUM" : "11.71.09.2009",
        "KDCBPS" : " ",
        "KDCPUM" : "11.71.09",
        "KDBBPS" : " ",
        "WADMKD" : "Ie Masen Ulee Kareng",
        "WIADKD" : "0",
        "WADMKC" : "Ulee Kareng",
        "WIADKC" : " ",
        "WADMKK" : "Kota Banda Aceh",
        "WIADKK" : " ",
        "WADMPR" : "Aceh",
        "WIADPR" : " ",
        "TIPADM" : 9,
        "KDPKAB" : "11.71",
        "SHAPE_Leng" : 0.024463782930070999,
        "SHAPE_Area" : 2.7675027225e-05
      }
    }
  ]
}