{
  "hasZ" : true,
  "hasM" : true,
  "type" : "FeatureCollection",
  "features" : [
    {
      "type" : "Feature",
      "id" : 0,
      "geometry" : {
        "type" : "Polygon",
        "coordinates" : [
          [
            [
              95.297716300000047,
              5.5594391380000729,
              0,
              null
            ],
            [
              95.297689818000038,
              5.5594294700000546,
              0,
              null
            ],
            [
              95.297664618000056,
              5.5594202720000681,
              0,
              null
            ],
            [
              95.297657120000054,
              5.5593930920000503,
              0,
              null
            ],
            [
              95.297001885000043,
              5.5590361300000382,
              0,
              null
            ],
            [
              95.296887239000057,
              5.5590046510000661,
              0,
              null
            ],
            [
              95.296642373000054,
              5.5589443860000642,
              0,
              null
            ],
            [
              95.296470269000054,
              5.5589020280000341,
              0,
              null
            ],
            [
              95.296435793000057,
              5.5588935440000569,
              0,
              null
            ],
            [
              95.295892446000039,
              5.5587534250000203,
              0,
              null
            ],
            [
              95.295771498000079,
              5.5587086390000309,
              0,
              null
            ],
            [
              95.295742959000052,
              5.5586982760000296,
              0,
              null
            ],
            [
              95.295713357000068,
              5.5586875270000746,
              0,
              null
            ],
            [
              95.295560926000064,
              5.5586321740000244,
              0,
              null
            ],
            [
              95.29535713000007,
              5.5585581690000367,
              0,
              null
            ],
            [
              95.295279150000056,
              5.5585298520000492,
              0,
              null
            ],
            [
              95.295175373000063,
              5.5585085300000401,
              0,
              null
            ],
            [
              95.295136336000041,
              5.5584912000000486,
              0,
              null
            ],
            [
              95.295112506000066,
              5.5584795120000763,
              0,
              null
            ],
            [
              95.295092884000042,
              5.5585165600000437,
              0,
              null
            ],
            [
              95.295077589000073,
              5.5585449160000735,
              0,
              null
            ],
            [
              95.295029324000041,
              5.5586405490000743,
              0,
              null
            ],
            [
              95.29500211800007,
              5.5586997090000523,
              0,
              null
            ],
            [
              95.29496645100005,
              5.5587849520000532,
              0,
              null
            ],
            [
              95.294957955000086,
              5.5588089350000587,
              0,
              null
            ],
            [
              95.294914130000052,
              5.5589326530000562,
              0,
              null
            ],
            [
              95.29491093200005,
              5.558942537000064,
              0,
              null
            ],
            [
              95.294888282000045,
              5.5590125290000287,
              0,
              null
            ],
            [
              95.294857033000085,
              5.5591067030000545,
              0,
              null
            ],
            [
              95.294840580000084,
              5.5591562880000538,
              0,
              null
            ],
            [
              95.294837443000063,
              5.5591652470000668,
              0,
              null
            ],
            [
              95.294800265000049,
              5.5592713940000635,
              0,
              null
            ],
            [
              95.294785115000082,
              5.5593158820000212,
              0,
              null
            ],
            [
              95.294768157000078,
              5.5593676190000565,
              0,
              null
            ],
            [
              95.294760136000036,
              5.5593920920000528,
              0,
              null
            ],
            [
              95.294727976000047,
              5.5594873500000404,
              0,
              null
            ],
            [
              95.294690070000058,
              5.5595996290000471,
              0,
              null
            ],
            [
              95.294683831000043,
              5.5596173290000479,
              0,
              null
            ],
            [
              95.294674462000046,
              5.559643913000059,
              0,
              null
            ],
            [
              95.294639723000046,
              5.5597424800000681,
              0,
              null
            ],
            [
              95.294621163000045,
              5.559798613000055,
              0,
              null
            ],
            [
              95.294617448000054,
              5.5598098500000219,
              0,
              null
            ],
            [
              95.294616082000061,
              5.5598140700000727,
              0,
              null
            ],
            [
              95.294607407000058,
              5.5598408790000349,
              0,
              null
            ],
            [
              95.294598090000079,
              5.5598670260000631,
              0,
              null
            ],
            [
              95.294597044000056,
              5.5598699600000714,
              0,
              null
            ],
            [
              95.294584851000081,
              5.5599057800000651,
              0,
              null
            ],
            [
              95.294561204000047,
              5.5598884290000683,
              0,
              null
            ],
            [
              95.294424482000068,
              5.5597985320000589,
              0,
              null
            ],
            [
              95.294291176000058,
              5.5597123100000658,
              0,
              null
            ],
            [
              95.294180921000077,
              5.5596402340000282,
              0,
              null
            ],
            [
              95.294094296000083,
              5.5595803420000607,
              0,
              null
            ],
            [
              95.293882179000036,
              5.5594342870000446,
              0,
              null
            ],
            [
              95.293727335000085,
              5.5593171620000703,
              0,
              null
            ],
            [
              95.293674567000039,
              5.5592823940000358,
              0,
              null
            ],
            [
              95.293613978000053,
              5.5592500880000557,
              0,
              null
            ],
            [
              95.293414282000072,
              5.559161710000069,
              0,
              null
            ],
            [
              95.293280812000035,
              5.5590984110000363,
              0,
              null
            ],
            [
              95.293091459000038,
              5.5590067560000307,
              0,
              null
            ],
            [
              95.292901527000083,
              5.5589190080000321,
              0,
              null
            ],
            [
              95.292763905000072,
              5.5588526180000599,
              0,
              null
            ],
            [
              95.292632093000066,
              5.5587890310000603,
              0,
              null
            ],
            [
              95.292416861000049,
              5.5586887990000378,
              0,
              null
            ],
            [
              95.292339840000068,
              5.5586510600000452,
              0,
              null
            ],
            [
              95.292091052000046,
              5.5585220780000668,
              0,
              null
            ],
            [
              95.291666642000052,
              5.5582952070000715,
              0,
              null
            ],
            [
              95.291645230000086,
              5.5582837610000411,
              0,
              null
            ],
            [
              95.291587629000048,
              5.5582540150000455,
              0,
              null
            ],
            [
              95.291582305000077,
              5.5582512660000702,
              0,
              null
            ],
            [
              95.29155853900005,
              5.5582389940000212,
              0,
              null
            ],
            [
              95.291525013000069,
              5.558221680000031,
              0,
              null
            ],
            [
              95.291458909000085,
              5.5581902080000418,
              0,
              null
            ],
            [
              95.291425910000044,
              5.5581744970000386,
              0,
              null
            ],
            [
              95.291391653000062,
              5.5581581880000499,
              0,
              null
            ],
            [
              95.291378827000074,
              5.5581520810000598,
              0,
              null
            ],
            [
              95.291353819000051,
              5.5581401860000597,
              0,
              null
            ],
            [
              95.291310571000054,
              5.5581196140000202,
              0,
              null
            ],
            [
              95.291309328000068,
              5.5581190230000743,
              0,
              null
            ],
            [
              95.29128058100008,
              5.5581053490000727,
              0,
              null
            ],
            [
              95.291267074000075,
              5.5580989240000349,
              0,
              null
            ],
            [
              95.291150637000044,
              5.5580415190000281,
              0,
              null
            ],
            [
              95.291108075000068,
              5.5580205350000256,
              0,
              null
            ],
            [
              95.291098858000055,
              5.5580159910000475,
              0,
              null
            ],
            [
              95.291009917000054,
              5.5579683790000445,
              0,
              null
            ],
            [
              95.290993853000032,
              5.5579597790000435,
              0,
              null
            ],
            [
              95.290922568000042,
              5.5579216190000693,
              0,
              null
            ],
            [
              95.290914034000082,
              5.5579170500000714,
              0,
              null
            ],
            [
              95.290882595000085,
              5.5579019060000405,
              0,
              null
            ],
            [
              95.290849748000085,
              5.5578860850000638,
              0,
              null
            ],
            [
              95.290830038000081,
              5.5578765900000349,
              0,
              null
            ],
            [
              95.290791888000058,
              5.5578599210000448,
              0,
              null
            ],
            [
              95.290753124000048,
              5.5578429820000679,
              0,
              null
            ],
            [
              95.290722293000044,
              5.5578298820000214,
              0,
              null
            ],
            [
              95.290710889000081,
              5.5578250360000538,
              0,
              null
            ],
            [
              95.290654206000056,
              5.5578009490000682,
              0,
              null
            ],
            [
              95.29064360600006,
              5.5577970850000611,
              0,
              null
            ],
            [
              95.290651467000032,
              5.5577767900000481,
              0,
              null
            ],
            [
              95.290657426000053,
              5.5577622180000503,
              0,
              null
            ],
            [
              95.290663797000036,
              5.5577466440000762,
              0,
              null
            ],
            [
              95.29066662200006,
              5.557739740000045,
              0,
              null
            ],
            [
              95.290670161000037,
              5.5577310980000334,
              0,
              null
            ],
            [
              95.290676979000068,
              5.5577147880000553,
              0,
              null
            ],
            [
              95.290684007000038,
              5.5576983160000282,
              0,
              null
            ],
            [
              95.290690495000035,
              5.5576831050000237,
              0,
              null
            ],
            [
              95.290697781000063,
              5.5576660240000706,
              0,
              null
            ],
            [
              95.29070147300007,
              5.5576573710000616,
              0,
              null
            ],
            [
              95.290711410000085,
              5.5576340730000311,
              0,
              null
            ],
            [
              95.290722466000034,
              5.5576118300000417,
              0,
              null
            ],
            [
              95.29072943500006,
              5.5576004840000337,
              0,
              null
            ],
            [
              95.290731630000039,
              5.557596912000065,
              0,
              null
            ],
            [
              95.290742988000034,
              5.5575784220000628,
              0,
              null
            ],
            [
              95.290743433000046,
              5.5575774330000627,
              0,
              null
            ],
            [
              95.290744627000038,
              5.5575747840000531,
              0,
              null
            ],
            [
              95.290760391000049,
              5.5575398030000542,
              0,
              null
            ],
            [
              95.290772957000058,
              5.5575119180000456,
              0,
              null
            ],
            [
              95.290780939000058,
              5.5574944390000383,
              0,
              null
            ],
            [
              95.29075133200007,
              5.5574653400000216,
              0,
              null
            ],
            [
              95.290747229000033,
              5.5574613070000396,
              0,
              null
            ],
            [
              95.29072453200007,
              5.5574389990000554,
              0,
              null
            ],
            [
              95.290701607000074,
              5.5574191950000227,
              0,
              null
            ],
            [
              95.290690242000039,
              5.5574093760000665,
              0,
              null
            ],
            [
              95.290665730000057,
              5.5573882000000481,
              0,
              null
            ],
            [
              95.290649189000078,
              5.5573755530000426,
              0,
              null
            ],
            [
              95.290605539000069,
              5.5573421790000452,
              0,
              null
            ],
            [
              95.290582017000077,
              5.5573257870000248,
              0,
              null
            ],
            [
              95.290569103000053,
              5.5573167860000581,
              0,
              null
            ],
            [
              95.290553741000053,
              5.5573060790000568,
              0,
              null
            ],
            [
              95.290533971000059,
              5.5572957780000252,
              0,
              null
            ],
            [
              95.290484223000078,
              5.5572698570000512,
              0,
              null
            ],
            [
              95.290441669000074,
              5.5572509940000714,
              0,
              null
            ],
            [
              95.290412591000063,
              5.5572381050000672,
              0,
              null
            ],
            [
              95.29040920500006,
              5.5572366030000353,
              0,
              null
            ],
            [
              95.290359739000053,
              5.5572159710000619,
              0,
              null
            ],
            [
              95.290317994000077,
              5.5571985590000281,
              0,
              null
            ],
            [
              95.290311251000048,
              5.5571957460000476,
              0,
              null
            ],
            [
              95.290295868000044,
              5.5571903480000628,
              0,
              null
            ],
            [
              95.290213819000087,
              5.557161557000029,
              0,
              null
            ],
            [
              95.290180028000066,
              5.5571503640000515,
              0,
              null
            ],
            [
              95.290174944000057,
              5.5571486800000685,
              0,
              null
            ],
            [
              95.290098855000053,
              5.5571234730000469,
              0,
              null
            ],
            [
              95.290083441000036,
              5.5571183670000437,
              0,
              null
            ],
            [
              95.289992503000065,
              5.557086097000024,
              0,
              null
            ],
            [
              95.289968832000056,
              5.557078238000031,
              0,
              null
            ],
            [
              95.289966046000075,
              5.5570773120000467,
              0,
              null
            ],
            [
              95.289903244000072,
              5.5570564600000694,
              0,
              null
            ],
            [
              95.289831936000041,
              5.5570297400000754,
              0,
              null
            ],
            [
              95.289824550000048,
              5.5570269720000738,
              0,
              null
            ],
            [
              95.289769990000082,
              5.557009651000044,
              0,
              null
            ],
            [
              95.289712976000033,
              5.5569915520000563,
              0,
              null
            ],
            [
              95.289694224000073,
              5.5569855980000398,
              0,
              null
            ],
            [
              95.28965420600008,
              5.5569730300000515,
              0,
              null
            ],
            [
              95.289648096000064,
              5.5569711110000526,
              0,
              null
            ],
            [
              95.289551987000038,
              5.5569409240000596,
              0,
              null
            ],
            [
              95.289545446000034,
              5.5569387690000553,
              0,
              null
            ],
            [
              95.289545158000067,
              5.5569386740000368,
              0,
              null
            ],
            [
              95.289504853000039,
              5.5569248860000471,
              0,
              null
            ],
            [
              95.289456563000044,
              5.5569083660000729,
              0,
              null
            ],
            [
              95.289428147000081,
              5.5568994660000612,
              0,
              null
            ],
            [
              95.289410168000074,
              5.5568938350000394,
              0,
              null
            ],
            [
              95.289372064000077,
              5.5568819000000644,
              0,
              null
            ],
            [
              95.289357131000031,
              5.5568772230000718,
              0,
              null
            ],
            [
              95.28930001100008,
              5.5568603260000486,
              0,
              null
            ],
            [
              95.289283547000082,
              5.5568554560000507,
              0,
              null
            ],
            [
              95.289269883000031,
              5.5568514140000502,
              0,
              null
            ],
            [
              95.289269510000054,
              5.5568513030000304,
              0,
              null
            ],
            [
              95.289228734000062,
              5.5568424940000227,
              0,
              null
            ],
            [
              95.289216982000084,
              5.5568396040000607,
              0,
              null
            ],
            [
              95.289201930000047,
              5.5568359020000457,
              0,
              null
            ],
            [
              95.289194762000079,
              5.5568341390000455,
              0,
              null
            ],
            [
              95.28917851600005,
              5.5568301420000239,
              0,
              null
            ],
            [
              95.289175951000061,
              5.5568297110000344,
              0,
              null
            ],
            [
              95.289146472000084,
              5.5568247470000642,
              0,
              null
            ],
            [
              95.289115087000084,
              5.5568205390000571,
              0,
              null
            ],
            [
              95.28910249900008,
              5.5568802200000391,
              0,
              null
            ],
            [
              95.289101050000056,
              5.5568870920000677,
              0,
              null
            ],
            [
              95.289097942000069,
              5.5569015960000456,
              0,
              null
            ],
            [
              95.289094984000087,
              5.5569153970000684,
              0,
              null
            ],
            [
              95.28909348500008,
              5.5569223940000256,
              0,
              null
            ],
            [
              95.289088185000082,
              5.5569471230000431,
              0,
              null
            ],
            [
              95.289088006000043,
              5.5569479600000591,
              0,
              null
            ],
            [
              95.289080668000054,
              5.5569822020000288,
              0,
              null
            ],
            [
              95.289076127000044,
              5.5570033910000234,
              0,
              null
            ],
            [
              95.289071628000045,
              5.5570243870000695,
              0,
              null
            ],
            [
              95.289070554000034,
              5.5570286270000224,
              0,
              null
            ],
            [
              95.289067019000072,
              5.5570425960000307,
              0,
              null
            ],
            [
              95.289054276000059,
              5.5570929470000578,
              0,
              null
            ],
            [
              95.289052282000057,
              5.5571008250000204,
              0,
              null
            ],
            [
              95.289051529000062,
              5.5571037990000605,
              0,
              null
            ],
            [
              95.289043922000076,
              5.5571338570000535,
              0,
              null
            ],
            [
              95.289043228000082,
              5.557136597000067,
              0,
              null
            ],
            [
              95.289042676000065,
              5.5571387810000488,
              0,
              null
            ],
            [
              95.289034684000057,
              5.5571691570000326,
              0,
              null
            ],
            [
              95.289026135000086,
              5.5572016580000536,
              0,
              null
            ],
            [
              95.289015620000043,
              5.557241624000028,
              0,
              null
            ],
            [
              95.289014718000033,
              5.5572450500000627,
              0,
              null
            ],
            [
              95.289005787000065,
              5.5572790000000509,
              0,
              null
            ],
            [
              95.28900488000005,
              5.5572820600000341,
              0,
              null
            ],
            [
              95.28899442800008,
              5.5573173570000449,
              0,
              null
            ],
            [
              95.288984232000075,
              5.5573517870000728,
              0,
              null
            ],
            [
              95.288973226000053,
              5.5573889500000746,
              0,
              null
            ],
            [
              95.28896633100004,
              5.5574122350000721,
              0,
              null
            ],
            [
              95.288961676000042,
              5.5574279520000687,
              0,
              null
            ],
            [
              95.288956379000069,
              5.5574458410000602,
              0,
              null
            ],
            [
              95.288954684000032,
              5.557451684000057,
              0,
              null
            ],
            [
              95.288950097000054,
              5.5574674920000575,
              0,
              null
            ],
            [
              95.288944300000082,
              5.557487472000048,
              0,
              null
            ],
            [
              95.288932037000052,
              5.5575297390000742,
              0,
              null
            ],
            [
              95.28892800300008,
              5.5575436450000666,
              0,
              null
            ],
            [
              95.288922450000086,
              5.5575627830000371,
              0,
              null
            ],
            [
              95.288913207000064,
              5.5575946420000264,
              0,
              null
            ],
            [
              95.28890950400006,
              5.5576070780000464,
              0,
              null
            ],
            [
              95.288899365000077,
              5.5576411310000253,
              0,
              null
            ],
            [
              95.288897201000054,
              5.5576483990000725,
              0,
              null
            ],
            [
              95.288892143000055,
              5.5576653860000533,
              0,
              null
            ],
            [
              95.288883054000053,
              5.5576959100000636,
              0,
              null
            ],
            [
              95.288880090000077,
              5.5577058650000595,
              0,
              null
            ],
            [
              95.288878507000049,
              5.5577111840000271,
              0,
              null
            ],
            [
              95.28886921600008,
              5.55774238500004,
              0,
              null
            ],
            [
              95.288866728000073,
              5.5577507430000423,
              0,
              null
            ],
            [
              95.288858266000034,
              5.5577791620000312,
              0,
              null
            ],
            [
              95.288854161000074,
              5.5577945510000291,
              0,
              null
            ],
            [
              95.288851413000032,
              5.5578048540000395,
              0,
              null
            ],
            [
              95.28884017300004,
              5.5578469910000763,
              0,
              null
            ],
            [
              95.288835998000081,
              5.5578626430000213,
              0,
              null
            ],
            [
              95.288833085000078,
              5.5578735660000689,
              0,
              null
            ],
            [
              95.288832475000049,
              5.5578758530000414,
              0,
              null
            ],
            [
              95.288825470000063,
              5.5579008720000616,
              0,
              null
            ],
            [
              95.288816722000035,
              5.5579321230000573,
              0,
              null
            ],
            [
              95.288809809000043,
              5.5579568160000576,
              0,
              null
            ],
            [
              95.288791121000031,
              5.5580281450000371,
              0,
              null
            ],
            [
              95.28879069900006,
              5.5580310300000519,
              0,
              null
            ],
            [
              95.288786387000073,
              5.5580605360000277,
              0,
              null
            ],
            [
              95.288784529000054,
              5.5580732500000636,
              0,
              null
            ],
            [
              95.288755791000085,
              5.5581543750000719,
              0,
              null
            ],
            [
              95.288718082000059,
              5.5582848340000623,
              0,
              null
            ],
            [
              95.288717235000036,
              5.5582877570000733,
              0,
              null
            ],
            [
              95.288696153000046,
              5.5582898970000656,
              0,
              null
            ],
            [
              95.288692771000058,
              5.5582902410000656,
              0,
              null
            ],
            [
              95.288672292000058,
              5.5582923200000209,
              0,
              null
            ],
            [
              95.288630375000082,
              5.5582965790000571,
              0,
              null
            ],
            [
              95.288621127000056,
              5.5582975180000744,
              0,
              null
            ],
            [
              95.28860783500005,
              5.5582990700000323,
              0,
              null
            ],
            [
              95.288592682000058,
              5.5583023170000274,
              0,
              null
            ],
            [
              95.288581324000063,
              5.5583047500000475,
              0,
              null
            ],
            [
              95.287581609000085,
              5.5583973870000705,
              0,
              null
            ],
            [
              95.287318069000037,
              5.5578976660000308,
              0,
              null
            ],
            [
              95.287219940000057,
              5.5576217820000693,
              0,
              null
            ],
            [
              95.287130318000038,
              5.557389846000035,
              0,
              null
            ],
            [
              95.287079666000068,
              5.5572537170000373,
              0,
              null
            ],
            [
              95.287068426000076,
              5.5571246110000629,
              0,
              null
            ],
            [
              95.287096059000078,
              5.5568626170000357,
              0,
              null
            ],
            [
              95.287138471000048,
              5.5567189520000397,
              0,
              null
            ],
            [
              95.287440583000034,
              5.5560512890000382,
              0,
              null
            ],
            [
              95.287451354000041,
              5.5560309640000582,
              0,
              null
            ],
            [
              95.287422985000035,
              5.556016330000034,
              0,
              null
            ],
            [
              95.287377183000046,
              5.555992705000051,
              0,
              null
            ],
            [
              95.287371052000083,
              5.5559895430000665,
              0,
              null
            ],
            [
              95.287364315000048,
              5.5559860680000384,
              0,
              null
            ],
            [
              95.287272918000042,
              5.5559430940000425,
              0,
              null
            ],
            [
              95.287256773000081,
              5.5559355030000575,
              0,
              null
            ],
            [
              95.287204045000067,
              5.5559107120000704,
              0,
              null
            ],
            [
              95.287125815000081,
              5.5558743530000356,
              0,
              null
            ],
            [
              95.287111821000053,
              5.5558679280000547,
              0,
              null
            ],
            [
              95.287025166000035,
              5.555828148000046,
              0,
              null
            ],
            [
              95.286988177000069,
              5.5558115290000387,
              0,
              null
            ],
            [
              95.286950119000039,
              5.5557971610000436,
              0,
              null
            ],
            [
              95.286930501000086,
              5.5557897540000454,
              0,
              null
            ],
            [
              95.286898367000049,
              5.5557784050000691,
              0,
              null
            ],
            [
              95.286892613000077,
              5.5557763730000715,
              0,
              null
            ],
            [
              95.286874438000041,
              5.5557654340000227,
              0,
              null
            ],
            [
              95.286860585000056,
              5.5557570980000719,
              0,
              null
            ],
            [
              95.286817144000054,
              5.5557356860000482,
              0,
              null
            ],
            [
              95.286803721000069,
              5.5557290700000408,
              0,
              null
            ],
            [
              95.286762640000063,
              5.5557060760000354,
              0,
              null
            ],
            [
              95.286758080000084,
              5.5557035230000338,
              0,
              null
            ],
            [
              95.286748741000054,
              5.5556982960000596,
              0,
              null
            ],
            [
              95.286748714000055,
              5.5556982810000477,
              0,
              null
            ],
            [
              95.286717922000037,
              5.5556809970000245,
              0,
              null
            ],
            [
              95.286706283000058,
              5.5556744640000488,
              0,
              null
            ],
            [
              95.286643207000054,
              5.5556416560000343,
              0,
              null
            ],
            [
              95.286638960000062,
              5.5556394470000328,
              0,
              null
            ],
            [
              95.28661078500005,
              5.5556247920000601,
              0,
              null
            ],
            [
              95.286561702000085,
              5.5555973650000396,
              0,
              null
            ],
            [
              95.286559729000032,
              5.5555962620000514,
              0,
              null
            ],
            [
              95.286543765000033,
              5.5555859310000528,
              0,
              null
            ],
            [
              95.286536684000055,
              5.5555813460000536,
              0,
              null
            ],
            [
              95.286520779000057,
              5.5555682420000494,
              0,
              null
            ],
            [
              95.286503848000052,
              5.5555472140000575,
              0,
              null
            ],
            [
              95.286485011000082,
              5.5555331000000479,
              0,
              null
            ],
            [
              95.286464049000074,
              5.5555173920000698,
              0,
              null
            ],
            [
              95.286453421000033,
              5.5555094290000397,
              0,
              null
            ],
            [
              95.286442157000067,
              5.5554719860000432,
              0,
              null
            ],
            [
              95.286435168000082,
              5.5554487550000431,
              0,
              null
            ],
            [
              95.286434342000064,
              5.5554438100000425,
              0,
              null
            ],
            [
              95.286431742000048,
              5.5554373660000351,
              0,
              null
            ],
            [
              95.286433173000034,
              5.5554368000000522,
              0,
              null
            ],
            [
              95.287210629000072,
              5.5551292530000751,
              0,
              null
            ],
            [
              95.288054234000072,
              5.5547672340000531,
              0,
              null
            ],
            [
              95.288737592000075,
              5.5545087370000488,
              0,
              null
            ],
            [
              95.289056046000042,
              5.5543818360000614,
              0,
              null
            ],
            [
              95.289179761000071,
              5.5543323510000278,
              0,
              null
            ],
            [
              95.28920555600007,
              5.5543220330000622,
              0,
              null
            ],
            [
              95.28924605800006,
              5.5543058330000576,
              0,
              null
            ],
            [
              95.289323531000036,
              5.5542748440000764,
              0,
              null
            ],
            [
              95.289363972000046,
              5.5542586680000454,
              0,
              null
            ],
            [
              95.289397336000036,
              5.5542454010000597,
              0,
              null
            ],
            [
              95.289460812000073,
              5.5542201620000355,
              0,
              null
            ],
            [
              95.289486198000077,
              5.5542100680000317,
              0,
              null
            ],
            [
              95.289568777000056,
              5.5541772320000291,
              0,
              null
            ],
            [
              95.289614223000058,
              5.5541591620000759,
              0,
              null
            ],
            [
              95.289623001000052,
              5.5541556500000411,
              0,
              null
            ],
            [
              95.289728222000065,
              5.554113563000044,
              0,
              null
            ],
            [
              95.289750459000061,
              5.5541046680000363,
              0,
              null
            ],
            [
              95.289777242000071,
              5.5540939540000522,
              0,
              null
            ],
            [
              95.289863005000086,
              5.5540614620000497,
              0,
              null
            ],
            [
              95.289878833000046,
              5.5540554650000331,
              0,
              null
            ],
            [
              95.289962203000073,
              5.5540238790000558,
              0,
              null
            ],
            [
              95.290012090000062,
              5.5540038470000468,
              0,
              null
            ],
            [
              95.290039423000053,
              5.5539928710000481,
              0,
              null
            ],
            [
              95.290164741000069,
              5.5539425490000554,
              0,
              null
            ],
            [
              95.290196239000068,
              5.553929900000071,
              0,
              null
            ],
            [
              95.290244864000044,
              5.5539103740000542,
              0,
              null
            ],
            [
              95.290357788000051,
              5.5538647990000527,
              0,
              null
            ],
            [
              95.29036162500006,
              5.5538632500000631,
              0,
              null
            ],
            [
              95.290505075000056,
              5.5538053530000298,
              0,
              null
            ],
            [
              95.290570693000063,
              5.5537788700000306,
              0,
              null
            ],
            [
              95.290699595000035,
              5.5537268450000283,
              0,
              null
            ],
            [
              95.290715996000074,
              5.5537203860000659,
              0,
              null
            ],
            [
              95.29073040600008,
              5.5537147120000441,
              0,
              null
            ],
            [
              95.290894370000046,
              5.5536501410000483,
              0,
              null
            ],
            [
              95.290894565000087,
              5.5536500640000668,
              0,
              null
            ],
            [
              95.291009885000051,
              5.5536050520000231,
              0,
              null
            ],
            [
              95.291032750000056,
              5.5535965560000591,
              0,
              null
            ],
            [
              95.291113550000034,
              5.5535665350000727,
              0,
              null
            ],
            [
              95.291160748000038,
              5.5535489990000428,
              0,
              null
            ],
            [
              95.291227208000066,
              5.5535243060000425,
              0,
              null
            ],
            [
              95.291255896000052,
              5.5535136470000452,
              0,
              null
            ],
            [
              95.291326659000049,
              5.5534909730000663,
              0,
              null
            ],
            [
              95.291366666000044,
              5.5534781540000608,
              0,
              null
            ],
            [
              95.291429650000055,
              5.5534579720000465,
              0,
              null
            ],
            [
              95.291452342000071,
              5.5534507020000206,
              0,
              null
            ],
            [
              95.29151842300007,
              5.5534306400000446,
              0,
              null
            ],
            [
              95.291530544000068,
              5.5534269600000243,
              0,
              null
            ],
            [
              95.291666490000068,
              5.5533945050000284,
              0,
              null
            ],
            [
              95.291666629000076,
              5.5533944820000443,
              0,
              null
            ],
            [
              95.291735398000071,
              5.5533830740000667,
              0,
              null
            ],
            [
              95.291827706000049,
              5.5533651370000712,
              0,
              null
            ],
            [
              95.29191036800006,
              5.5533529780000208,
              0,
              null
            ],
            [
              95.291990180000084,
              5.5533444170000621,
              0,
              null
            ],
            [
              95.292069267000045,
              5.5533337060000463,
              0,
              null
            ],
            [
              95.292174851000084,
              5.5533228920000397,
              0,
              null
            ],
            [
              95.292271139000036,
              5.5533160620000217,
              0,
              null
            ],
            [
              95.292356339000037,
              5.5533117850000622,
              0,
              null
            ],
            [
              95.292439381000065,
              5.5533063860000311,
              0,
              null
            ],
            [
              95.292826017000039,
              5.5533162470000548,
              0,
              null
            ],
            [
              95.293119688000047,
              5.5533342400000265,
              0,
              null
            ],
            [
              95.293616223000072,
              5.5533703590000414,
              0,
              null
            ],
            [
              95.294719364000059,
              5.5534479710000255,
              0,
              null
            ],
            [
              95.294770680000056,
              5.55345214700003,
              0,
              null
            ],
            [
              95.294855380000058,
              5.5534586240000294,
              0,
              null
            ],
            [
              95.294954209000082,
              5.5534641250000618,
              0,
              null
            ],
            [
              95.294980093000049,
              5.553465612000025,
              0,
              null
            ],
            [
              95.295068353000033,
              5.55347123100006,
              0,
              null
            ],
            [
              95.295375899000078,
              5.5534922610000308,
              0,
              null
            ],
            [
              95.295373642000072,
              5.5535424930000659,
              0,
              null
            ],
            [
              95.295371426000031,
              5.5535743950000551,
              0,
              null
            ],
            [
              95.295370824000031,
              5.5535830710000482,
              0,
              null
            ],
            [
              95.295370458000036,
              5.5536164860000667,
              0,
              null
            ],
            [
              95.295370090000063,
              5.5536501780000549,
              0,
              null
            ],
            [
              95.295367242000054,
              5.5536976730000447,
              0,
              null
            ],
            [
              95.295358931000067,
              5.5537482800000362,
              0,
              null
            ],
            [
              95.295347141000036,
              5.5537882160000436,
              0,
              null
            ],
            [
              95.295337523000057,
              5.553810942000041,
              0,
              null
            ],
            [
              95.295329565000031,
              5.5538297480000551,
              0,
              null
            ],
            [
              95.295307283000056,
              5.5538652950000369,
              0,
              null
            ],
            [
              95.295285783000054,
              5.553891788000044,
              0,
              null
            ],
            [
              95.295285617000047,
              5.5538919910000573,
              0,
              null
            ],
            [
              95.295257475000085,
              5.5539213790000304,
              0,
              null
            ],
            [
              95.295220659000051,
              5.5539566310000623,
              0,
              null
            ],
            [
              95.295209177000061,
              5.5539657020000277,
              0,
              null
            ],
            [
              95.295208231000061,
              5.5539664500000754,
              0,
              null
            ],
            [
              95.295172333000039,
              5.5539948110000523,
              0,
              null
            ],
            [
              95.295082405000073,
              5.5540554340000767,
              0,
              null
            ],
            [
              95.295027889000039,
              5.5540886490000503,
              0,
              null
            ],
            [
              95.295007191000082,
              5.5541011210000306,
              0,
              null
            ],
            [
              95.294991848000052,
              5.5541101030000277,
              0,
              null
            ],
            [
              95.294991259000085,
              5.554110483000045,
              0,
              null
            ],
            [
              95.294982694000055,
              5.5541159950000747,
              0,
              null
            ],
            [
              95.295012022000037,
              5.5541192780000301,
              0,
              null
            ],
            [
              95.295026877000055,
              5.5541236710000703,
              0,
              null
            ],
            [
              95.295083262000048,
              5.5541403470000432,
              0,
              null
            ],
            [
              95.295149076000087,
              5.5541521040000248,
              0,
              null
            ],
            [
              95.295270785000071,
              5.5541621730000656,
              0,
              null
            ],
            [
              95.295295392000071,
              5.5541642090000209,
              0,
              null
            ],
            [
              95.295316705000062,
              5.5541676060000214,
              0,
              null
            ],
            [
              95.295325596000055,
              5.5541757160000316,
              0,
              null
            ],
            [
              95.295328404000031,
              5.5541855310000301,
              0,
              null
            ],
            [
              95.295331480000073,
              5.5543324340000595,
              0,
              null
            ],
            [
              95.295335889000057,
              5.5544725920000246,
              0,
              null
            ],
            [
              95.295337442000061,
              5.5545219800000609,
              0,
              null
            ],
            [
              95.295338795000077,
              5.5545649960000674,
              0,
              null
            ],
            [
              95.295348186000069,
              5.5547290500000486,
              0,
              null
            ],
            [
              95.29535007800007,
              5.5547620900000538,
              0,
              null
            ],
            [
              95.295354853000049,
              5.5548304360000316,
              0,
              null
            ],
            [
              95.295360317000075,
              5.5549086220000277,
              0,
              null
            ],
            [
              95.295367369000076,
              5.5550045180000325,
              0,
              null
            ],
            [
              95.295371711000087,
              5.5550635560000501,
              0,
              null
            ],
            [
              95.295373106000056,
              5.5550825250000457,
              0,
              null
            ],
            [
              95.295377224000049,
              5.5552115810000373,
              0,
              null
            ],
            [
              95.295376812000086,
              5.55522938200005,
              0,
              null
            ],
            [
              95.295373490000031,
              5.5553727890000459,
              0,
              null
            ],
            [
              95.295371359000058,
              5.5554647240000463,
              0,
              null
            ],
            [
              95.295371171000056,
              5.5554728400000499,
              0,
              null
            ],
            [
              95.29536177500006,
              5.5555916710000588,
              0,
              null
            ],
            [
              95.295361557000035,
              5.5555944370000248,
              0,
              null
            ],
            [
              95.295360730000084,
              5.5556048970000234,
              0,
              null
            ],
            [
              95.295360426000059,
              5.5556178680000698,
              0,
              null
            ],
            [
              95.295398305000049,
              5.5556166360000248,
              0,
              null
            ],
            [
              95.295400087000075,
              5.5556165850000525,
              0,
              null
            ],
            [
              95.295400404000077,
              5.5556301170000211,
              0,
              null
            ],
            [
              95.295400265000069,
              5.5556576680000376,
              0,
              null
            ],
            [
              95.295399977000045,
              5.5557148540000298,
              0,
              null
            ],
            [
              95.295398398000032,
              5.5557358230000204,
              0,
              null
            ],
            [
              95.295381135000071,
              5.5558623150000699,
              0,
              null
            ],
            [
              95.295378890000052,
              5.5558787610000309,
              0,
              null
            ],
            [
              95.29536807900007,
              5.5559579730000337,
              0,
              null
            ],
            [
              95.295335041000044,
              5.5561557180000705,
              0,
              null
            ],
            [
              95.295330299000057,
              5.5561799440000641,
              0,
              null
            ],
            [
              95.295318716000054,
              5.5562337180000441,
              0,
              null
            ],
            [
              95.295301602000052,
              5.5562973800000464,
              0,
              null
            ],
            [
              95.29529210700008,
              5.5563327010000307,
              0,
              null
            ],
            [
              95.295277806000058,
              5.5563859000000662,
              0,
              null
            ],
            [
              95.295270965000043,
              5.556406356000025,
              0,
              null
            ],
            [
              95.295262422000064,
              5.5564275240000711,
              0,
              null
            ],
            [
              95.29525736100004,
              5.5564400660000501,
              0,
              null
            ],
            [
              95.295244516000082,
              5.5564643640000213,
              0,
              null
            ],
            [
              95.295252919000063,
              5.556470804000071,
              0,
              null
            ],
            [
              95.295268458000066,
              5.5564833350000526,
              0,
              null
            ],
            [
              95.295333672000083,
              5.5565382300000579,
              0,
              null
            ],
            [
              95.295345757000064,
              5.5565466350000747,
              0,
              null
            ],
            [
              95.295365074000074,
              5.556558510000059,
              0,
              null
            ],
            [
              95.295389793000084,
              5.5565722980000487,
              0,
              null
            ],
            [
              95.295442492000063,
              5.5566034320000313,
              0,
              null
            ],
            [
              95.295477884000036,
              5.5566242480000483,
              0,
              null
            ],
            [
              95.295503641000039,
              5.5566406170000278,
              0,
              null
            ],
            [
              95.295550510000055,
              5.5566688360000285,
              0,
              null
            ],
            [
              95.295609464000052,
              5.5567052610000474,
              0,
              null
            ],
            [
              95.295636607000063,
              5.5567208120000373,
              0,
              null
            ],
            [
              95.29564963100006,
              5.5567296560000727,
              0,
              null
            ],
            [
              95.295670238000071,
              5.556743650000044,
              0,
              null
            ],
            [
              95.295699064000075,
              5.5567649700000743,
              0,
              null
            ],
            [
              95.295731901000067,
              5.5567876210000691,
              0,
              null
            ],
            [
              95.295755453000083,
              5.5568028240000444,
              0,
              null
            ],
            [
              95.295790003000036,
              5.5568206600000281,
              0,
              null
            ],
            [
              95.295830338000087,
              5.5568390060000752,
              0,
              null
            ],
            [
              95.295895095000049,
              5.5568643530000372,
              0,
              null
            ],
            [
              95.295897120000063,
              5.556865025000036,
              0,
              null
            ],
            [
              95.295926142000042,
              5.5568746550000583,
              0,
              null
            ],
            [
              95.295952979000049,
              5.5568832190000421,
              0,
              null
            ],
            [
              95.295979419000048,
              5.5568917940000233,
              0,
              null
            ],
            [
              95.296014281000055,
              5.5569040330000234,
              0,
              null
            ],
            [
              95.296063829000047,
              5.5569250290000696,
              0,
              null
            ],
            [
              95.296087729000078,
              5.5569370300000287,
              0,
              null
            ],
            [
              95.29611643700008,
              5.5569499960000712,
              0,
              null
            ],
            [
              95.296139845000084,
              5.5569613610000488,
              0,
              null
            ],
            [
              95.296165017000078,
              5.5569709410000314,
              0,
              null
            ],
            [
              95.296252320000065,
              5.5569879860000242,
              0,
              null
            ],
            [
              95.296275680000065,
              5.5569908150000629,
              0,
              null
            ],
            [
              95.296286077000047,
              5.5569890950000627,
              0,
              null
            ],
            [
              95.29629999000008,
              5.5570142790000432,
              0,
              null
            ],
            [
              95.296317414000043,
              5.5570885120000639,
              0,
              null
            ],
            [
              95.296322458000077,
              5.55712588800003,
              0,
              null
            ],
            [
              95.296335234000082,
              5.5571935190000659,
              0,
              null
            ],
            [
              95.296341254000083,
              5.5572410380000292,
              0,
              null
            ],
            [
              95.296352527000067,
              5.5572404660000529,
              0,
              null
            ],
            [
              95.296375391000083,
              5.5572512270000516,
              0,
              null
            ],
            [
              95.296390999000039,
              5.5572750830000359,
              0,
              null
            ],
            [
              95.29640545500007,
              5.5573097050000229,
              0,
              null
            ],
            [
              95.296441474000062,
              5.5573645730000294,
              0,
              null
            ],
            [
              95.296524028000078,
              5.5574168680000753,
              0,
              null
            ],
            [
              95.296605408000062,
              5.55747395100002,
              0,
              null
            ],
            [
              95.296659262000048,
              5.5575120080000602,
              0,
              null
            ],
            [
              95.296748978000039,
              5.5575642750000611,
              0,
              null
            ],
            [
              95.296817128000043,
              5.5575951010000608,
              0,
              null
            ],
            [
              95.296833670000069,
              5.5576036140000724,
              0,
              null
            ],
            [
              95.296881705000033,
              5.5576283330000251,
              0,
              null
            ],
            [
              95.296942698000066,
              5.5576603820000514,
              0,
              null
            ],
            [
              95.296983406000038,
              5.5576937070000554,
              0,
              null
            ],
            [
              95.297009840000044,
              5.5577390460000515,
              0,
              null
            ],
            [
              95.297021941000082,
              5.5577820480000355,
              0,
              null
            ],
            [
              95.297026933000041,
              5.5578382320000514,
              0,
              null
            ],
            [
              95.297033443000032,
              5.5579781190000404,
              0,
              null
            ],
            [
              95.297036229000071,
              5.5580809490000433,
              0,
              null
            ],
            [
              95.297043649000045,
              5.5581478860000288,
              0,
              null
            ],
            [
              95.297066599000061,
              5.558218350000061,
              0,
              null
            ],
            [
              95.29708157500005,
              5.5582551480000575,
              0,
              null
            ],
            [
              95.297091692000038,
              5.5582800100000327,
              0,
              null
            ],
            [
              95.297096724000085,
              5.5582923740000751,
              0,
              null
            ],
            [
              95.297129217000077,
              5.5583616050000728,
              0,
              null
            ],
            [
              95.297178507000069,
              5.5584534920000692,
              0,
              null
            ],
            [
              95.297279621000087,
              5.5586125190000644,
              0,
              null
            ],
            [
              95.297390461000077,
              5.5588014680000697,
              0,
              null
            ],
            [
              95.297396311000057,
              5.5588112880000722,
              0,
              null
            ],
            [
              95.297411679000049,
              5.5588359650000712,
              0,
              null
            ],
            [
              95.29742791700005,
              5.5588620410000544,
              0,
              null
            ],
            [
              95.297459982000078,
              5.5589135280000619,
              0,
              null
            ],
            [
              95.297527978000062,
              5.5590087180000296,
              0,
              null
            ],
            [
              95.297589939000034,
              5.5591133240000659,
              0,
              null
            ],
            [
              95.297629119000078,
              5.5591897610000274,
              0,
              null
            ],
            [
              95.297656973000073,
              5.559248660000037,
              0,
              null
            ],
            [
              95.297691248000035,
              5.5593211400000655,
              0,
              null
            ],
            [
              95.29771098100008,
              5.5593892820000406,
              0,
              null
            ],
            [
              95.29771558300007,
              5.5594153400000437,
              0,
              null
            ],
            [
              95.297716300000047,
              5.5594391380000729,
              0,
              null
            ]
          ]
        ]
      },
      "properties" : {
        "FID" : 0,
        "OBJECTID" : 10280,
        "KDPPUM" : "11",
        "NAMOBJ" : "Lambung",
        "REMARK" : " ",
        "KDPBPS" : " ",
        "FCODE" : "BA03070040",
        "LUASWH" : 0,
        "UUPP" : "RBI",
        "SRS_ID" : "SRGI 2013",
        "METADATA" : "TASWIL1000020200326DATA_BATAS_DESA_KELURAHAN",
        "KDEBPS" : " ",
        "KDEPUM" : "11.71.03.2003",
        "KDCBPS" : " ",
        "KDCPUM" : "11.71.03",
        "KDBBPS" : " ",
        "WADMKD" : "Lambung",
        "WIADKD" : "0",
        "WADMKC" : "Meuraxa",
        "WIADKC" : " ",
        "WADMKK" : "Kota Banda Aceh",
        "WIADKK" : " ",
        "WADMPR" : "Aceh",
        "WIADPR" : " ",
        "TIPADM" : 9,
        "KDPKAB" : "11.71",
        "SHAPE_Leng" : 0.034390902139886,
        "SHAPE_Area" : 3.9923986214000002e-05
      }
    }
  ]
}