{
  "hasZ" : true,
  "hasM" : true,
  "type" : "FeatureCollection",
  "features" : [
    {
      "type" : "Feature",
      "id" : 0,
      "geometry" : {
        "type" : "Polygon",
        "coordinates" : [
          [
            [
              95.312053448000086,
              5.5489970710000307,
              0,
              null
            ],
            [
              95.311919785000043,
              5.5490237750000233,
              0,
              null
            ],
            [
              95.311610001000076,
              5.5490900820000206,
              0,
              null
            ],
            [
              95.311532327000066,
              5.5491067070000213,
              0,
              null
            ],
            [
              95.311320399000067,
              5.5491498930000489,
              0,
              null
            ],
            [
              95.311134413000048,
              5.5491851720000227,
              0,
              null
            ],
            [
              95.31107514100006,
              5.5491975050000519,
              0,
              null
            ],
            [
              95.311074895000047,
              5.5491960950000703,
              0,
              null
            ],
            [
              95.311066344000039,
              5.5491470050000657,
              0,
              null
            ],
            [
              95.311060908000059,
              5.5491158010000277,
              0,
              null
            ],
            [
              95.311050546000047,
              5.5490661630000204,
              0,
              null
            ],
            [
              95.311022748000084,
              5.5489329840000323,
              0,
              null
            ],
            [
              95.311004036000043,
              5.5488433380000401,
              0,
              null
            ],
            [
              95.310989793000033,
              5.5487706830000434,
              0,
              null
            ],
            [
              95.310987177000072,
              5.5487573390000762,
              0,
              null
            ],
            [
              95.31094106200004,
              5.5485221040000283,
              0,
              null
            ],
            [
              95.310929706000081,
              5.5484658750000335,
              0,
              null
            ],
            [
              95.310921724000082,
              5.5484263540000711,
              0,
              null
            ],
            [
              95.310898479000059,
              5.5483112540000548,
              0,
              null
            ],
            [
              95.310883542000056,
              5.54825536900006,
              0,
              null
            ],
            [
              95.310867908000034,
              5.548221657000056,
              0,
              null
            ],
            [
              95.310816626000076,
              5.5481110710000507,
              0,
              null
            ],
            [
              95.310713502000056,
              5.5478886910000256,
              0,
              null
            ],
            [
              95.310707110000067,
              5.5478749060000609,
              0,
              null
            ],
            [
              95.310675322000066,
              5.5478114740000706,
              0,
              null
            ],
            [
              95.310595196000065,
              5.5476515880000647,
              0,
              null
            ],
            [
              95.310519982000073,
              5.5475015020000455,
              0,
              null
            ],
            [
              95.310513305000086,
              5.5474880420000545,
              0,
              null
            ],
            [
              95.310461779000036,
              5.5473841860000448,
              0,
              null
            ],
            [
              95.310383630000047,
              5.5472266660000287,
              0,
              null
            ],
            [
              95.31036055900006,
              5.547180165000043,
              0,
              null
            ],
            [
              95.310331312000073,
              5.5471212980000359,
              0,
              null
            ],
            [
              95.310277581000037,
              5.5470132620000641,
              0,
              null
            ],
            [
              95.310174781000057,
              5.5468344950000414,
              0,
              null
            ],
            [
              95.31016126600008,
              5.5468109920000757,
              0,
              null
            ],
            [
              95.310150651000072,
              5.5467970840000476,
              0,
              null
            ],
            [
              95.310040281000056,
              5.546652454000025,
              0,
              null
            ],
            [
              95.309925939000038,
              5.5464556200000743,
              0,
              null
            ],
            [
              95.309888108000052,
              5.5463904960000718,
              0,
              null
            ],
            [
              95.309877052000047,
              5.5463712460000352,
              0,
              null
            ],
            [
              95.309744944000045,
              5.5461412290000567,
              0,
              null
            ],
            [
              95.309691680000071,
              5.5460476580000204,
              0,
              null
            ],
            [
              95.309666569000058,
              5.546003545000076,
              0,
              null
            ],
            [
              95.309649439000054,
              5.5459739290000698,
              0,
              null
            ],
            [
              95.309560367000074,
              5.5458199420000369,
              0,
              null
            ],
            [
              95.309531243000038,
              5.5457695930000455,
              0,
              null
            ],
            [
              95.309422935000043,
              5.5455692990000216,
              0,
              null
            ],
            [
              95.309407881000084,
              5.5455431840000529,
              0,
              null
            ],
            [
              95.309386117000031,
              5.5455054280000695,
              0,
              null
            ],
            [
              95.309332226000038,
              5.545411940000065,
              0,
              null
            ],
            [
              95.309307205000039,
              5.5453685350000228,
              0,
              null
            ],
            [
              95.309192327000062,
              5.5451888240000358,
              0,
              null
            ],
            [
              95.309167599000034,
              5.5451570520000359,
              0,
              null
            ],
            [
              95.309104698000056,
              5.5450762350000673,
              0,
              null
            ],
            [
              95.309100623000063,
              5.5450720370000681,
              0,
              null
            ],
            [
              95.308975138000051,
              5.5449427700000342,
              0,
              null
            ],
            [
              95.308852933000082,
              5.5448158850000482,
              0,
              null
            ],
            [
              95.308812170000067,
              5.5447730010000669,
              0,
              null
            ],
            [
              95.308799843000031,
              5.5447600320000561,
              0,
              null
            ],
            [
              95.308793766000065,
              5.5447532720000368,
              0,
              null
            ],
            [
              95.308778465000046,
              5.5447362550000321,
              0,
              null
            ],
            [
              95.308768881000049,
              5.5447255960000348,
              0,
              null
            ],
            [
              95.308757084000035,
              5.5447111160000304,
              0,
              null
            ],
            [
              95.308749259000081,
              5.5447015100000385,
              0,
              null
            ],
            [
              95.308744800000056,
              5.5446960370000511,
              0,
              null
            ],
            [
              95.308712915000058,
              5.5446607100000733,
              0,
              null
            ],
            [
              95.30865949300005,
              5.5445887300000436,
              0,
              null
            ],
            [
              95.308630288000074,
              5.5445312320000539,
              0,
              null
            ],
            [
              95.308591017000083,
              5.5444344050000609,
              0,
              null
            ],
            [
              95.308586469000034,
              5.5444231920000675,
              0,
              null
            ],
            [
              95.308566347000067,
              5.5443590260000519,
              0,
              null
            ],
            [
              95.308543894000081,
              5.5442874230000712,
              0,
              null
            ],
            [
              95.308519362000084,
              5.5442092180000486,
              0,
              null
            ],
            [
              95.308503250000058,
              5.5441511850000325,
              0,
              null
            ],
            [
              95.308500017000085,
              5.5440771050000421,
              0,
              null
            ],
            [
              95.308509556000047,
              5.5440286750000496,
              0,
              null
            ],
            [
              95.308530483000084,
              5.5439525890000709,
              0,
              null
            ],
            [
              95.308573876000082,
              5.5437948200000733,
              0,
              null
            ],
            [
              95.308633992000068,
              5.5436180650000324,
              0,
              null
            ],
            [
              95.308650000000057,
              5.5435818960000347,
              0,
              null
            ],
            [
              95.308680682000045,
              5.5435125730000436,
              0,
              null
            ],
            [
              95.308690912000031,
              5.5434889020000355,
              0,
              null
            ],
            [
              95.30869954700006,
              5.5434700150000253,
              0,
              null
            ],
            [
              95.30884620900008,
              5.5431492360000334,
              0,
              null
            ],
            [
              95.308859074000054,
              5.5431149340000729,
              0,
              null
            ],
            [
              95.308887510000034,
              5.543039115000056,
              0,
              null
            ],
            [
              95.30888875900007,
              5.5430160630000387,
              0,
              null
            ],
            [
              95.308889135000072,
              5.5430091180000431,
              0,
              null
            ],
            [
              95.308890820000045,
              5.5429780150000738,
              0,
              null
            ],
            [
              95.308952171000044,
              5.5429961620000654,
              0,
              null
            ],
            [
              95.308978527000079,
              5.5430036440000663,
              0,
              null
            ],
            [
              95.30908855000007,
              5.5430333580000593,
              0,
              null
            ],
            [
              95.309192516000053,
              5.5430614350000269,
              0,
              null
            ],
            [
              95.309234225000068,
              5.5430723830000375,
              0,
              null
            ],
            [
              95.309252013000048,
              5.5430755120000299,
              0,
              null
            ],
            [
              95.309259929000063,
              5.5430396230000269,
              0,
              null
            ],
            [
              95.309266426000079,
              5.5430097140000498,
              0,
              null
            ],
            [
              95.309287779000044,
              5.5429515900000297,
              0,
              null
            ],
            [
              95.309309961000054,
              5.5429140450000318,
              0,
              null
            ],
            [
              95.309349313000041,
              5.5428676370000289,
              0,
              null
            ],
            [
              95.309370024000032,
              5.5428523990000258,
              0,
              null
            ],
            [
              95.309386798000048,
              5.5428400570000349,
              0,
              null
            ],
            [
              95.30942587800007,
              5.5428213920000644,
              0,
              null
            ],
            [
              95.309465868000075,
              5.542809463000026,
              0,
              null
            ],
            [
              95.309487288000071,
              5.5428030740000622,
              0,
              null
            ],
            [
              95.309543405000056,
              5.542789884000058,
              0,
              null
            ],
            [
              95.309593044000053,
              5.5427796570000396,
              0,
              null
            ],
            [
              95.309620596000059,
              5.5427733520000402,
              0,
              null
            ],
            [
              95.309698413000035,
              5.5427555440000447,
              0,
              null
            ],
            [
              95.309818021000069,
              5.5427237020000462,
              0,
              null
            ],
            [
              95.30982208000006,
              5.5427226060000407,
              0,
              null
            ],
            [
              95.309871147000081,
              5.5427093580000246,
              0,
              null
            ],
            [
              95.30991595200004,
              5.5426966000000562,
              0,
              null
            ],
            [
              95.309975035000036,
              5.5426830730000347,
              0,
              null
            ],
            [
              95.310011273000043,
              5.5426757810000709,
              0,
              null
            ],
            [
              95.310072503000072,
              5.5426670090000698,
              0,
              null
            ],
            [
              95.31012867700008,
              5.5426594860000478,
              0,
              null
            ],
            [
              95.310138622000068,
              5.5426578240000595,
              0,
              null
            ],
            [
              95.310149774000081,
              5.5426559600000473,
              0,
              null
            ],
            [
              95.310160826000072,
              5.5426538530000471,
              0,
              null
            ],
            [
              95.310171463000074,
              5.5426518260000535,
              0,
              null
            ],
            [
              95.310177697000086,
              5.542650429000048,
              0,
              null
            ],
            [
              95.310218656000075,
              5.542641255000035,
              0,
              null
            ],
            [
              95.310234711000078,
              5.5426376590000359,
              0,
              null
            ],
            [
              95.31037729600007,
              5.5426042240000584,
              0,
              null
            ],
            [
              95.310514689000058,
              5.5425720070000466,
              0,
              null
            ],
            [
              95.310710472000039,
              5.5425294620000614,
              0,
              null
            ],
            [
              95.310759981000047,
              5.542518704000031,
              0,
              null
            ],
            [
              95.310800844000084,
              5.5425091660000589,
              0,
              null
            ],
            [
              95.310803029000056,
              5.5425086560000523,
              0,
              null
            ],
            [
              95.310813317000054,
              5.5425060890000282,
              0,
              null
            ],
            [
              95.310835682000061,
              5.5425005100000249,
              0,
              null
            ],
            [
              95.310904570000048,
              5.5424844860000348,
              0,
              null
            ],
            [
              95.310989011000061,
              5.5424652530000458,
              0,
              null
            ],
            [
              95.311104188000058,
              5.5424390180000387,
              0,
              null
            ],
            [
              95.311114493000048,
              5.5424366710000754,
              0,
              null
            ],
            [
              95.311226969000074,
              5.5424058150000519,
              0,
              null
            ],
            [
              95.311260559000061,
              5.5424018330000422,
              0,
              null
            ],
            [
              95.311276513000053,
              5.5424020840000594,
              0,
              null
            ],
            [
              95.311293317000036,
              5.5424023470000634,
              0,
              null
            ],
            [
              95.311314793000065,
              5.5424059690000718,
              0,
              null
            ],
            [
              95.31134794500008,
              5.5424148250000371,
              0,
              null
            ],
            [
              95.311380298000074,
              5.5424314480000589,
              0,
              null
            ],
            [
              95.311395008000034,
              5.5424420120000377,
              0,
              null
            ],
            [
              95.311421259000042,
              5.54247183800004,
              0,
              null
            ],
            [
              95.311491340000032,
              5.5425599080000438,
              0,
              null
            ],
            [
              95.311527319000049,
              5.5426051220000545,
              0,
              null
            ],
            [
              95.311590257000034,
              5.5426855810000575,
              0,
              null
            ],
            [
              95.311608936000084,
              5.5427094590000365,
              0,
              null
            ],
            [
              95.311628835000079,
              5.542733791000046,
              0,
              null
            ],
            [
              95.311634308000066,
              5.5427404820000561,
              0,
              null
            ],
            [
              95.311662037000076,
              5.542769986000053,
              0,
              null
            ],
            [
              95.311691545000087,
              5.5427976750000312,
              0,
              null
            ],
            [
              95.31169488200004,
              5.5428015470000673,
              0,
              null
            ],
            [
              95.311708724000084,
              5.542817608000064,
              0,
              null
            ],
            [
              95.311721573000057,
              5.542804856000032,
              0,
              null
            ],
            [
              95.311875977000057,
              5.5426812350000318,
              0,
              null
            ],
            [
              95.312015768000037,
              5.5425709530000518,
              0,
              null
            ],
            [
              95.312031839000042,
              5.5425608660000307,
              0,
              null
            ],
            [
              95.312044311000079,
              5.5425530370000615,
              0,
              null
            ],
            [
              95.312087137000049,
              5.542525309000041,
              0,
              null
            ],
            [
              95.312499991000038,
              5.5429551530000367,
              0,
              null
            ],
            [
              95.312757938000061,
              5.5432214140000724,
              0,
              null
            ],
            [
              95.313151910000045,
              5.5429484250000201,
              0,
              null
            ],
            [
              95.313331705000053,
              5.5428412950000734,
              0,
              null
            ],
            [
              95.313491267000074,
              5.5430547210000327,
              0,
              null
            ],
            [
              95.313923462000048,
              5.5427899530000673,
              0,
              null
            ],
            [
              95.313987101000066,
              5.5428889560000698,
              0,
              null
            ],
            [
              95.314234721000048,
              5.5427301410000496,
              0,
              null
            ],
            [
              95.314492338000036,
              5.54257319900006,
              0,
              null
            ],
            [
              95.314567200000056,
              5.5427425890000563,
              0,
              null
            ],
            [
              95.314630773000033,
              5.5428461290000541,
              0,
              null
            ],
            [
              95.31464249000004,
              5.5428648600000656,
              0,
              null
            ],
            [
              95.314728051000031,
              5.5430016400000568,
              0,
              null
            ],
            [
              95.314769857000044,
              5.5430605000000241,
              0,
              null
            ],
            [
              95.31483916500008,
              5.5431580840000265,
              0,
              null
            ],
            [
              95.314916842000059,
              5.5432521560000509,
              0,
              null
            ],
            [
              95.314921770000069,
              5.5432596140000214,
              0,
              null
            ],
            [
              95.315016182000079,
              5.5434025040000279,
              0,
              null
            ],
            [
              95.315087261000087,
              5.5435100790000433,
              0,
              null
            ],
            [
              95.315107649000083,
              5.5435409340000206,
              0,
              null
            ],
            [
              95.31514080900007,
              5.5435911840000358,
              0,
              null
            ],
            [
              95.315199033000056,
              5.5436794160000318,
              0,
              null
            ],
            [
              95.315254570000036,
              5.5437635760000603,
              0,
              null
            ],
            [
              95.315319252000052,
              5.5438615950000667,
              0,
              null
            ],
            [
              95.315425579000078,
              5.5440240020000715,
              0,
              null
            ],
            [
              95.315500783000061,
              5.5441464440000345,
              0,
              null
            ],
            [
              95.315649173000054,
              5.5444406110000273,
              0,
              null
            ],
            [
              95.31567337000007,
              5.544488579000074,
              0,
              null
            ],
            [
              95.315770368000074,
              5.5446678270000689,
              0,
              null
            ],
            [
              95.315875830000039,
              5.5448199370000566,
              0,
              null
            ],
            [
              95.315948746000061,
              5.5449251020000361,
              0,
              null
            ],
            [
              95.316138297000066,
              5.5451711940000337,
              0,
              null
            ],
            [
              95.316236641000046,
              5.5453088590000448,
              0,
              null
            ],
            [
              95.316352407000068,
              5.545470913000031,
              0,
              null
            ],
            [
              95.316374091000057,
              5.5455109150000226,
              0,
              null
            ],
            [
              95.316396141000041,
              5.5455586930000322,
              0,
              null
            ],
            [
              95.316403617000049,
              5.5455784680000306,
              0,
              null
            ],
            [
              95.316508344000056,
              5.545855475000053,
              0,
              null
            ],
            [
              95.31651383600007,
              5.5458699990000468,
              0,
              null
            ],
            [
              95.316615416000047,
              5.5460594900000615,
              0,
              null
            ],
            [
              95.316670187000057,
              5.5461248010000759,
              0,
              null
            ],
            [
              95.316730078000035,
              5.5461962160000553,
              0,
              null
            ],
            [
              95.316789451000034,
              5.546247074000064,
              0,
              null
            ],
            [
              95.316838485000062,
              5.5462890740000717,
              0,
              null
            ],
            [
              95.31690431700008,
              5.5463454640000691,
              0,
              null
            ],
            [
              95.316920198000048,
              5.5463590670000258,
              0,
              null
            ],
            [
              95.316927758000077,
              5.546371137000051,
              0,
              null
            ],
            [
              95.31692778200005,
              5.5463711750000471,
              0,
              null
            ],
            [
              95.316928644000086,
              5.5463725510000472,
              0,
              null
            ],
            [
              95.316937089000078,
              5.5463860350000687,
              0,
              null
            ],
            [
              95.316949677000082,
              5.5464060400000221,
              0,
              null
            ],
            [
              95.316900027000031,
              5.5464419020000264,
              0,
              null
            ],
            [
              95.316734139000062,
              5.5465599120000206,
              0,
              null
            ],
            [
              95.316666473000055,
              5.5466018020000547,
              0,
              null
            ],
            [
              95.316431587000068,
              5.5467556670000704,
              0,
              null
            ],
            [
              95.316738698000051,
              5.5472656280000479,
              0,
              null
            ],
            [
              95.31675681300004,
              5.5473073970000542,
              0,
              null
            ],
            [
              95.316798786000049,
              5.5473717030000671,
              0,
              null
            ],
            [
              95.316865380000081,
              5.547563101000037,
              0,
              null
            ],
            [
              95.316874358000064,
              5.5475921530000392,
              0,
              null
            ],
            [
              95.316915624000046,
              5.5477075060000516,
              0,
              null
            ],
            [
              95.316923819000067,
              5.5477373440000406,
              0,
              null
            ],
            [
              95.316944172000035,
              5.5478067620000502,
              0,
              null
            ],
            [
              95.31695639600008,
              5.5478408450000529,
              0,
              null
            ],
            [
              95.316976867000051,
              5.5478956060000542,
              0,
              null
            ],
            [
              95.316889288000084,
              5.547925249000059,
              0,
              null
            ],
            [
              95.31682044300004,
              5.5479411660000437,
              0,
              null
            ],
            [
              95.316720555000074,
              5.5479680600000734,
              0,
              null
            ],
            [
              95.316637990000061,
              5.5479890120000732,
              0,
              null
            ],
            [
              95.31643232600004,
              5.5480381080000711,
              0,
              null
            ],
            [
              95.316385772000046,
              5.5480508600000462,
              0,
              null
            ],
            [
              95.315688347000048,
              5.5482007950000707,
              0,
              null
            ],
            [
              95.314994750000039,
              5.5483577050000576,
              0,
              null
            ],
            [
              95.314697362000061,
              5.5484160640000368,
              0,
              null
            ],
            [
              95.314576939000062,
              5.5484403140000609,
              0,
              null
            ],
            [
              95.314014511000039,
              5.5485658700000613,
              0,
              null
            ],
            [
              95.313796072000059,
              5.5486146330000565,
              0,
              null
            ],
            [
              95.313487894000048,
              5.5486808880000353,
              0,
              null
            ],
            [
              95.313198313000044,
              5.5487431450000599,
              0,
              null
            ],
            [
              95.312764651000066,
              5.5488403150000636,
              0,
              null
            ],
            [
              95.312499965000086,
              5.5488996240000574,
              0,
              null
            ],
            [
              95.312172328000031,
              5.5489715530000581,
              0,
              null
            ],
            [
              95.31207055200008,
              5.5489936540000713,
              0,
              null
            ],
            [
              95.312053448000086,
              5.5489970710000307,
              0,
              null
            ]
          ]
        ]
      },
      "properties" : {
        "FID" : 0,
        "OBJECTID" : 20015,
        "KDPPUM" : "11",
        "NAMOBJ" : "Sukaramai",
        "REMARK" : " ",
        "KDPBPS" : " ",
        "FCODE" : "BA03070040",
        "LUASWH" : 0,
        "UUPP" : "RBI",
        "SRS_ID" : "SRGI 2013",
        "METADATA" : "TASWIL1000020200326DATA_BATAS_DESA_KELURAHAN",
        "KDEBPS" : " ",
        "KDEPUM" : "11.71.01.2003",
        "KDCBPS" : " ",
        "KDCPUM" : "11.71.01",
        "KDBBPS" : " ",
        "WADMKD" : "Sukaramai",
        "WIADKD" : "0",
        "WADMKC" : "Baiturrahman",
        "WIADKC" : " ",
        "WADMKK" : "Kota Banda Aceh",
        "WIADKK" : " ",
        "WADMPR" : "Aceh",
        "WIADPR" : " ",
        "TIPADM" : 9,
        "KDPKAB" : "11.71",
        "SHAPE_Leng" : 0.026341074128145001,
        "SHAPE_Area" : 3.8201499474999997e-05
      }
    }
  ]
}