{
  "hasZ" : true,
  "hasM" : true,
  "type" : "FeatureCollection",
  "features" : [
    {
      "type" : "Feature",
      "id" : 0,
      "geometry" : {
        "type" : "Polygon",
        "coordinates" : [
          [
            [
              95.31906043500004,
              5.5351798910000412,
              0,
              null
            ],
            [
              95.319058494000046,
              5.535185585000022,
              0,
              null
            ],
            [
              95.319052069000065,
              5.5351981630000751,
              0,
              null
            ],
            [
              95.319044160000033,
              5.5352101540000263,
              0,
              null
            ],
            [
              95.31903473400007,
              5.5352182340000695,
              0,
              null
            ],
            [
              95.319020805000036,
              5.5352218240000752,
              0,
              null
            ],
            [
              95.318992234000063,
              5.5352190080000696,
              0,
              null
            ],
            [
              95.31896875800004,
              5.5352136220000716,
              0,
              null
            ],
            [
              95.318943503000071,
              5.5352079090000643,
              0,
              null
            ],
            [
              95.318914906000032,
              5.5352010880000648,
              0,
              null
            ],
            [
              95.318890320000037,
              5.5351957070000708,
              0,
              null
            ],
            [
              95.318861163000065,
              5.5351885530000686,
              0,
              null
            ],
            [
              95.318837590000044,
              5.5351861780000604,
              0,
              null
            ],
            [
              95.318819800000085,
              5.5351862380000512,
              0,
              null
            ],
            [
              95.318811371000038,
              5.5351946140000337,
              0,
              null
            ],
            [
              95.318801761000032,
              5.5352148090000242,
              0,
              null
            ],
            [
              95.31879327200005,
              5.5352380100000573,
              0,
              null
            ],
            [
              95.318790500000034,
              5.5352471560000254,
              0,
              null
            ],
            [
              95.318740675000072,
              5.5354062170000589,
              0,
              null
            ],
            [
              95.318732988000079,
              5.5354405780000207,
              0,
              null
            ],
            [
              95.318727333000083,
              5.535443267000062,
              0,
              null
            ],
            [
              95.318716021000057,
              5.5354433020000329,
              0,
              null
            ],
            [
              95.318698719000054,
              5.5354390760000456,
              0,
              null
            ],
            [
              95.318688015000077,
              5.5354586880000625,
              0,
              null
            ],
            [
              95.318523801000083,
              5.5354100130000461,
              0,
              null
            ],
            [
              95.318485469000052,
              5.5353937300000666,
              0,
              null
            ],
            [
              95.318439131000048,
              5.5352641090000247,
              0,
              null
            ],
            [
              95.318142281000064,
              5.535225869000044,
              0,
              null
            ],
            [
              95.318047379000063,
              5.5352084750000472,
              0,
              null
            ],
            [
              95.318036102000065,
              5.5352085370000736,
              0,
              null
            ],
            [
              95.318024824000076,
              5.535208578000038,
              0,
              null
            ],
            [
              95.317724086000055,
              5.5352100850000738,
              0,
              null
            ],
            [
              95.317545603000042,
              5.5352300280000577,
              0,
              null
            ],
            [
              95.317433622000067,
              5.5351597940000374,
              0,
              null
            ],
            [
              95.317304718000059,
              5.5351564710000503,
              0,
              null
            ],
            [
              95.317209166000055,
              5.5351367550000532,
              0,
              null
            ],
            [
              95.317177316000084,
              5.5351100940000606,
              0,
              null
            ],
            [
              95.317082477000042,
              5.5350281930000733,
              0,
              null
            ],
            [
              95.31701256100007,
              5.5349720240000693,
              0,
              null
            ],
            [
              95.316917841000077,
              5.5349207360000605,
              0,
              null
            ],
            [
              95.316840470000045,
              5.534911472000033,
              0,
              null
            ],
            [
              95.316794743000059,
              5.5349374810000427,
              0,
              null
            ],
            [
              95.316757765000034,
              5.5350036340000202,
              0,
              null
            ],
            [
              95.316739277000067,
              5.5350650810000275,
              0,
              null
            ],
            [
              95.316698666000036,
              5.5352640310000538,
              0,
              null
            ],
            [
              95.316576161000057,
              5.5358337470000265,
              0,
              null
            ],
            [
              95.316431612000031,
              5.535804120000023,
              0,
              null
            ],
            [
              95.31618605400007,
              5.5357575940000743,
              0,
              null
            ],
            [
              95.315914683000074,
              5.5357130070000267,
              0,
              null
            ],
            [
              95.315841320000061,
              5.5357046050000349,
              0,
              null
            ],
            [
              95.315794550000078,
              5.5356931540000573,
              0,
              null
            ],
            [
              95.315791227000034,
              5.535702001000061,
              0,
              null
            ],
            [
              95.315669788000037,
              5.5360241590000214,
              0,
              null
            ],
            [
              95.315576156000077,
              5.5362745920000407,
              0,
              null
            ],
            [
              95.315567631000079,
              5.5362930410000217,
              0,
              null
            ],
            [
              95.315468942000052,
              5.53650662900003,
              0,
              null
            ],
            [
              95.315351542000087,
              5.5367339810000544,
              0,
              null
            ],
            [
              95.315299892000041,
              5.5368429050000714,
              0,
              null
            ],
            [
              95.315172294000035,
              5.5370941170000378,
              0,
              null
            ],
            [
              95.315114615000084,
              5.5371775990000742,
              0,
              null
            ],
            [
              95.315075927000066,
              5.5372091620000674,
              0,
              null
            ],
            [
              95.314975207000032,
              5.5373131940000349,
              0,
              null
            ],
            [
              95.314898127000049,
              5.5374123560000612,
              0,
              null
            ],
            [
              95.314739328000087,
              5.5375917450000429,
              0,
              null
            ],
            [
              95.314496379000047,
              5.5378571170000441,
              0,
              null
            ],
            [
              95.314491975000067,
              5.5378622300000302,
              0,
              null
            ],
            [
              95.314381442000069,
              5.5379905320000375,
              0,
              null
            ],
            [
              95.314201048000086,
              5.5382014940000204,
              0,
              null
            ],
            [
              95.313970722000079,
              5.5384732680000752,
              0,
              null
            ],
            [
              95.313684012000067,
              5.5388173960000699,
              0,
              null
            ],
            [
              95.313364499000045,
              5.5391875880000612,
              0,
              null
            ],
            [
              95.313339574000054,
              5.5392158060000725,
              0,
              null
            ],
            [
              95.313140583000063,
              5.5394410900000253,
              0,
              null
            ],
            [
              95.313018566000039,
              5.5395913640000458,
              0,
              null
            ],
            [
              95.312913660000049,
              5.539728718000049,
              0,
              null
            ],
            [
              95.312900713000033,
              5.5397431680000295,
              0,
              null
            ],
            [
              95.312866794000058,
              5.539781228000038,
              0,
              null
            ],
            [
              95.31279642700008,
              5.5398641160000466,
              0,
              null
            ],
            [
              95.312779532000036,
              5.5398463490000722,
              0,
              null
            ],
            [
              95.312742321000087,
              5.539804906000029,
              0,
              null
            ],
            [
              95.312721055000054,
              5.5397811230000684,
              0,
              null
            ],
            [
              95.312650896000036,
              5.539686133000032,
              0,
              null
            ],
            [
              95.312596297000084,
              5.53961677500007,
              0,
              null
            ],
            [
              95.312595593000083,
              5.5396158810000315,
              0,
              null
            ],
            [
              95.312593201000084,
              5.5396128430000431,
              0,
              null
            ],
            [
              95.312582221000071,
              5.5395988950000401,
              0,
              null
            ],
            [
              95.312542127000086,
              5.539547963000075,
              0,
              null
            ],
            [
              95.312532633000046,
              5.5395359020000683,
              0,
              null
            ],
            [
              95.312499986000034,
              5.5394944290000581,
              0,
              null
            ],
            [
              95.31239630500005,
              5.539374877000057,
              0,
              null
            ],
            [
              95.312329714000043,
              5.5392910140000708,
              0,
              null
            ],
            [
              95.312291070000072,
              5.539242348000073,
              0,
              null
            ],
            [
              95.31224012000007,
              5.5391807270000299,
              0,
              null
            ],
            [
              95.312190804000068,
              5.5391210810000757,
              0,
              null
            ],
            [
              95.31213680500008,
              5.5390570150000258,
              0,
              null
            ],
            [
              95.312083794000046,
              5.538996361000045,
              0,
              null
            ],
            [
              95.312074084000074,
              5.5389864420000663,
              0,
              null
            ],
            [
              95.312045500000067,
              5.5389572440000734,
              0,
              null
            ],
            [
              95.312006604000032,
              5.5389183210000397,
              0,
              null
            ],
            [
              95.311995444000047,
              5.5389071540000714,
              0,
              null
            ],
            [
              95.311921461000054,
              5.538840174000029,
              0,
              null
            ],
            [
              95.31185522800007,
              5.5387780260000454,
              0,
              null
            ],
            [
              95.311762731000044,
              5.5386966000000371,
              0,
              null
            ],
            [
              95.311757386000068,
              5.538692271000059,
              0,
              null
            ],
            [
              95.311667884000087,
              5.5386197780000543,
              0,
              null
            ],
            [
              95.311652332000051,
              5.5386071820000211,
              0,
              null
            ],
            [
              95.311529203000077,
              5.5385013340000455,
              0,
              null
            ],
            [
              95.311439478000068,
              5.5384213030000637,
              0,
              null
            ],
            [
              95.311388622000038,
              5.5383759400000372,
              0,
              null
            ],
            [
              95.311330828000052,
              5.538325445000055,
              0,
              null
            ],
            [
              95.31128400700004,
              5.5382845370000382,
              0,
              null
            ],
            [
              95.311161896000044,
              5.5381783600000745,
              0,
              null
            ],
            [
              95.311077828000066,
              5.5381046230000379,
              0,
              null
            ],
            [
              95.311066703000051,
              5.5380948660000513,
              0,
              null
            ],
            [
              95.311018086000047,
              5.538051868000025,
              0,
              null
            ],
            [
              95.311016589000076,
              5.5380505440000434,
              0,
              null
            ],
            [
              95.310975515000052,
              5.5380182080000395,
              0,
              null
            ],
            [
              95.310948564000057,
              5.5379985810000676,
              0,
              null
            ],
            [
              95.310918551000043,
              5.5379802760000416,
              0,
              null
            ],
            [
              95.310888243000079,
              5.5379578950000337,
              0,
              null
            ],
            [
              95.310874088000048,
              5.5379451670000321,
              0,
              null
            ],
            [
              95.310848898000074,
              5.5379225160000374,
              0,
              null
            ],
            [
              95.310835467000061,
              5.5379066730000659,
              0,
              null
            ],
            [
              95.310821971000053,
              5.5378907530000561,
              0,
              null
            ],
            [
              95.310820722000074,
              5.5378892800000585,
              0,
              null
            ],
            [
              95.310797215000036,
              5.5378645860000688,
              0,
              null
            ],
            [
              95.310775359000047,
              5.5378443240000479,
              0,
              null
            ],
            [
              95.310703571000033,
              5.5377768360000346,
              0,
              null
            ],
            [
              95.310689152000066,
              5.537763281000025,
              0,
              null
            ],
            [
              95.310678483000061,
              5.5377527220000502,
              0,
              null
            ],
            [
              95.310600990000069,
              5.5376760350000609,
              0,
              null
            ],
            [
              95.310517400000037,
              5.5375928750000298,
              0,
              null
            ],
            [
              95.310405439000078,
              5.5374869110000304,
              0,
              null
            ],
            [
              95.310338872000045,
              5.5374244940000494,
              0,
              null
            ],
            [
              95.310306179000065,
              5.5373938390000603,
              0,
              null
            ],
            [
              95.310294605000081,
              5.5373829860000683,
              0,
              null
            ],
            [
              95.310160323000048,
              5.5372531100000515,
              0,
              null
            ],
            [
              95.310056071000076,
              5.5371509720000631,
              0,
              null
            ],
            [
              95.310027773000058,
              5.5371232460000215,
              0,
              null
            ],
            [
              95.309930064000071,
              5.5370257990000482,
              0,
              null
            ],
            [
              95.309908699000061,
              5.537004492000051,
              0,
              null
            ],
            [
              95.309856614000068,
              5.5369536970000581,
              0,
              null
            ],
            [
              95.309946107000087,
              5.5368527500000368,
              0,
              null
            ],
            [
              95.309953848000077,
              5.5368412050000302,
              0,
              null
            ],
            [
              95.309975086000065,
              5.536811948000036,
              0,
              null
            ],
            [
              95.310001083000031,
              5.5367761360000713,
              0,
              null
            ],
            [
              95.310024359000067,
              5.5367413440000632,
              0,
              null
            ],
            [
              95.310042205000059,
              5.5367116620000729,
              0,
              null
            ],
            [
              95.310053610000068,
              5.5366912430000639,
              0,
              null
            ],
            [
              95.310061355000073,
              5.5366739480000433,
              0,
              null
            ],
            [
              95.310066583000037,
              5.5366589040000349,
              0,
              null
            ],
            [
              95.310071053000058,
              5.5366438460000609,
              0,
              null
            ],
            [
              95.310075968000035,
              5.5366177390000644,
              0,
              null
            ],
            [
              95.310079646000077,
              5.5365869740000448,
              0,
              null
            ],
            [
              95.310087481000039,
              5.5365323640000383,
              0,
              null
            ],
            [
              95.310095176000061,
              5.5364790030000677,
              0,
              null
            ],
            [
              95.310095544000035,
              5.5364766500000542,
              0,
              null
            ],
            [
              95.310102412000049,
              5.5364326310000251,
              0,
              null
            ],
            [
              95.310115651000046,
              5.5363525370000275,
              0,
              null
            ],
            [
              95.310117585000057,
              5.5363412380000341,
              0,
              null
            ],
            [
              95.31012757700006,
              5.5362828710000258,
              0,
              null
            ],
            [
              95.310132782000039,
              5.5362502280000285,
              0,
              null
            ],
            [
              95.310140498000067,
              5.5362161020000258,
              0,
              null
            ],
            [
              95.310143627000059,
              5.5362065930000313,
              0,
              null
            ],
            [
              95.310145696000063,
              5.5362003080000477,
              0,
              null
            ],
            [
              95.310150387000078,
              5.5361909160000664,
              0,
              null
            ],
            [
              95.310155930000064,
              5.5361851640000737,
              0,
              null
            ],
            [
              95.31021503900007,
              5.5355780910000476,
              0,
              null
            ],
            [
              95.310315622000076,
              5.5352720360000376,
              0,
              null
            ],
            [
              95.310339386000066,
              5.5352239460000305,
              0,
              null
            ],
            [
              95.310590657000034,
              5.5346192620000352,
              0,
              null
            ],
            [
              95.310641773000043,
              5.5345823810000638,
              0,
              null
            ],
            [
              95.310647822000078,
              5.5345744030000219,
              0,
              null
            ],
            [
              95.310650249000048,
              5.5345627510000668,
              0,
              null
            ],
            [
              95.310649658000045,
              5.5345383390000507,
              0,
              null
            ],
            [
              95.310641560000079,
              5.5344137470000305,
              0,
              null
            ],
            [
              95.310636239000075,
              5.5343027290000464,
              0,
              null
            ],
            [
              95.310634833000051,
              5.534270556000024,
              0,
              null
            ],
            [
              95.310642598000072,
              5.5342767990000539,
              0,
              null
            ],
            [
              95.310670091000077,
              5.5342940770000268,
              0,
              null
            ],
            [
              95.310681673000033,
              5.5343013570000608,
              0,
              null
            ],
            [
              95.310717956000076,
              5.5343241600000397,
              0,
              null
            ],
            [
              95.310761355000068,
              5.5343491370000493,
              0,
              null
            ],
            [
              95.310826386000031,
              5.534385185000076,
              0,
              null
            ],
            [
              95.310934926000073,
              5.5344468520000305,
              0,
              null
            ],
            [
              95.310959615000058,
              5.5344602170000599,
              0,
              null
            ],
            [
              95.311086279000051,
              5.5345287810000627,
              0,
              null
            ],
            [
              95.311109274000046,
              5.5345402430000377,
              0,
              null
            ],
            [
              95.311116714000036,
              5.5345073500000694,
              0,
              null
            ],
            [
              95.311147859000073,
              5.5343827560000705,
              0,
              null
            ],
            [
              95.311156054000037,
              5.5343517080000311,
              0,
              null
            ],
            [
              95.311195269000052,
              5.5342031300000372,
              0,
              null
            ],
            [
              95.311201638000057,
              5.5341790020000303,
              0,
              null
            ],
            [
              95.311259213000085,
              5.5339657240000406,
              0,
              null
            ],
            [
              95.311278480000055,
              5.5338693670000225,
              0,
              null
            ],
            [
              95.311299871000074,
              5.5337770240000737,
              0,
              null
            ],
            [
              95.311131457000045,
              5.5337545390000287,
              0,
              null
            ],
            [
              95.31108191900006,
              5.5337461540000277,
              0,
              null
            ],
            [
              95.311081123000065,
              5.5337192590000654,
              0,
              null
            ],
            [
              95.311084127000072,
              5.5335473490000595,
              0,
              null
            ],
            [
              95.31108615800008,
              5.5334735090000322,
              0,
              null
            ],
            [
              95.31109175000006,
              5.5333989050000696,
              0,
              null
            ],
            [
              95.311097645000075,
              5.5333442040000591,
              0,
              null
            ],
            [
              95.311112540000067,
              5.5332212670000445,
              0,
              null
            ],
            [
              95.311120841000047,
              5.5331634300000587,
              0,
              null
            ],
            [
              95.311128974000042,
              5.5331067660000599,
              0,
              null
            ],
            [
              95.311133750000067,
              5.5330727510000202,
              0,
              null
            ],
            [
              95.311139256000047,
              5.5330502950000664,
              0,
              null
            ],
            [
              95.311146233000045,
              5.5330278380000664,
              0,
              null
            ],
            [
              95.311149618000059,
              5.5330170440000757,
              0,
              null
            ],
            [
              95.311128999000061,
              5.5330086820000588,
              0,
              null
            ],
            [
              95.311099203000083,
              5.5329974620000257,
              0,
              null
            ],
            [
              95.311087468000039,
              5.5329930430000331,
              0,
              null
            ],
            [
              95.311074283000039,
              5.5329871380000668,
              0,
              null
            ],
            [
              95.311063889000081,
              5.532979757000021,
              0,
              null
            ],
            [
              95.311055395000039,
              5.532969205000029,
              0,
              null
            ],
            [
              95.311049116000049,
              5.5329530140000429,
              0,
              null
            ],
            [
              95.311047221000081,
              5.532934201000046,
              0,
              null
            ],
            [
              95.311048486000061,
              5.5329184140000507,
              0,
              null
            ],
            [
              95.31105935100004,
              5.5328586600000449,
              0,
              null
            ],
            [
              95.311060692000069,
              5.5328512680000586,
              0,
              null
            ],
            [
              95.311073061000059,
              5.5327816910000251,
              0,
              null
            ],
            [
              95.311074165000036,
              5.532775015000027,
              0,
              null
            ],
            [
              95.311088680000069,
              5.5326873060000707,
              0,
              null
            ],
            [
              95.311095139000031,
              5.5326324990000444,
              0,
              null
            ],
            [
              95.311097099000051,
              5.5326158720000649,
              0,
              null
            ],
            [
              95.311104641000043,
              5.5325461330000394,
              0,
              null
            ],
            [
              95.311105311000063,
              5.5325399290000519,
              0,
              null
            ],
            [
              95.31110672300008,
              5.5325313840000376,
              0,
              null
            ],
            [
              95.311112133000051,
              5.532498657000076,
              0,
              null
            ],
            [
              95.311123748000057,
              5.5324117590000697,
              0,
              null
            ],
            [
              95.31112495900004,
              5.5324027010000236,
              0,
              null
            ],
            [
              95.31113681000005,
              5.5323198300000627,
              0,
              null
            ],
            [
              95.311141005000081,
              5.5322904980000658,
              0,
              null
            ],
            [
              95.311147985000048,
              5.5322223780000286,
              0,
              null
            ],
            [
              95.311148482000078,
              5.5322041990000344,
              0,
              null
            ],
            [
              95.311159730000043,
              5.5322054200000252,
              0,
              null
            ],
            [
              95.311159955000051,
              5.5322054470000239,
              0,
              null
            ],
            [
              95.311175405000085,
              5.5322073300000625,
              0,
              null
            ],
            [
              95.311189019000039,
              5.5322100250000403,
              0,
              null
            ],
            [
              95.311238599000035,
              5.5322235890000684,
              0,
              null
            ],
            [
              95.311313707000068,
              5.5322414920000256,
              0,
              null
            ],
            [
              95.311328393000053,
              5.5322444820000669,
              0,
              null
            ],
            [
              95.311386025000047,
              5.5322562150000749,
              0,
              null
            ],
            [
              95.311515141000086,
              5.5322804160000487,
              0,
              null
            ],
            [
              95.311549933000038,
              5.5322866260000296,
              0,
              null
            ],
            [
              95.311564789000045,
              5.5322892080000656,
              0,
              null
            ],
            [
              95.311565981000058,
              5.5322765690000324,
              0,
              null
            ],
            [
              95.311576520000074,
              5.5321277380000424,
              0,
              null
            ],
            [
              95.311576680000087,
              5.5321157240000502,
              0,
              null
            ],
            [
              95.311590202000048,
              5.5319827560000476,
              0,
              null
            ],
            [
              95.311760628000059,
              5.531980112000042,
              0,
              null
            ],
            [
              95.311759722000033,
              5.5319510640000544,
              0,
              null
            ],
            [
              95.311758524000084,
              5.5319127200000366,
              0,
              null
            ],
            [
              95.311756990000049,
              5.5318702350000422,
              0,
              null
            ],
            [
              95.311754217000043,
              5.5317933840000251,
              0,
              null
            ],
            [
              95.311754216000054,
              5.5317926410000382,
              0,
              null
            ],
            [
              95.311754011000062,
              5.5316587290000712,
              0,
              null
            ],
            [
              95.311753941000063,
              5.5316131720000499,
              0,
              null
            ],
            [
              95.311753915000054,
              5.5316018710000208,
              0,
              null
            ],
            [
              95.311660355000072,
              5.5315995870000734,
              0,
              null
            ],
            [
              95.31155255200008,
              5.5315975670000626,
              0,
              null
            ],
            [
              95.311529162000056,
              5.5315980920000243,
              0,
              null
            ],
            [
              95.311522644000036,
              5.531598787000064,
              0,
              null
            ],
            [
              95.311523564000083,
              5.531587322000064,
              0,
              null
            ],
            [
              95.31152789500004,
              5.531522457000051,
              0,
              null
            ],
            [
              95.311530866000055,
              5.5314472530000671,
              0,
              null
            ],
            [
              95.311532750000083,
              5.5313995870000667,
              0,
              null
            ],
            [
              95.311533073000078,
              5.5313910420000525,
              0,
              null
            ],
            [
              95.311535839000044,
              5.5313178210000729,
              0,
              null
            ],
            [
              95.311536652000086,
              5.5312963080000372,
              0,
              null
            ],
            [
              95.311540381000043,
              5.5312089290000586,
              0,
              null
            ],
            [
              95.311540135000087,
              5.5311966100000518,
              0,
              null
            ],
            [
              95.311539915000083,
              5.5311888010000416,
              0,
              null
            ],
            [
              95.311539212000071,
              5.531179699000063,
              0,
              null
            ],
            [
              95.311537641000086,
              5.5311654710000653,
              0,
              null
            ],
            [
              95.311513942000033,
              5.5311602450000237,
              0,
              null
            ],
            [
              95.311479990000066,
              5.5311527590000651,
              0,
              null
            ],
            [
              95.311423017000038,
              5.5311431370000719,
              0,
              null
            ],
            [
              95.311392210000065,
              5.5311379340000713,
              0,
              null
            ],
            [
              95.311367098000062,
              5.5311342750000563,
              0,
              null
            ],
            [
              95.31130965300008,
              5.531127644000037,
              0,
              null
            ],
            [
              95.31133027900006,
              5.5308392920000529,
              0,
              null
            ],
            [
              95.311329631000035,
              5.5307594620000486,
              0,
              null
            ],
            [
              95.311332186000072,
              5.5306775160000257,
              0,
              null
            ],
            [
              95.311349885000084,
              5.5302087140000253,
              0,
              null
            ],
            [
              95.311350892000064,
              5.5301083670000253,
              0,
              null
            ],
            [
              95.311346997000044,
              5.5300926910000499,
              0,
              null
            ],
            [
              95.311346111000034,
              5.5300039020000327,
              0,
              null
            ],
            [
              95.311357353000062,
              5.5298097380000399,
              0,
              null
            ],
            [
              95.311369264000064,
              5.5298037130000353,
              0,
              null
            ],
            [
              95.31163465800006,
              5.5297825910000711,
              0,
              null
            ],
            [
              95.311792334000074,
              5.5297961050000595,
              0,
              null
            ],
            [
              95.311858162000078,
              5.529796579000049,
              0,
              null
            ],
            [
              95.311912914000061,
              5.5297969730000318,
              0,
              null
            ],
            [
              95.311926449000055,
              5.5297976980000385,
              0,
              null
            ],
            [
              95.311926401000051,
              5.5297666120000599,
              0,
              null
            ],
            [
              95.311923377000085,
              5.5297150460000353,
              0,
              null
            ],
            [
              95.311921970000071,
              5.5297002970000335,
              0,
              null
            ],
            [
              95.311918253000044,
              5.5296613490000368,
              0,
              null
            ],
            [
              95.311915637000084,
              5.5296339220000732,
              0,
              null
            ],
            [
              95.311915569000064,
              5.5296324000000254,
              0,
              null
            ],
            [
              95.311913376000064,
              5.5295836550000672,
              0,
              null
            ],
            [
              95.311913430000061,
              5.5295370310000749,
              0,
              null
            ],
            [
              95.311916033000045,
              5.5295047020000538,
              0,
              null
            ],
            [
              95.311920186000066,
              5.5294531480000728,
              0,
              null
            ],
            [
              95.311924404000081,
              5.5294313020000345,
              0,
              null
            ],
            [
              95.311926322000033,
              5.5294234030000666,
              0,
              null
            ],
            [
              95.31193440900006,
              5.5294128320000482,
              0,
              null
            ],
            [
              95.311965562000069,
              5.5293925800000352,
              0,
              null
            ],
            [
              95.311973097000077,
              5.5293839360000447,
              0,
              null
            ],
            [
              95.311978585000077,
              5.5293776420000427,
              0,
              null
            ],
            [
              95.311986494000053,
              5.5293538650000755,
              0,
              null
            ],
            [
              95.311998307000067,
              5.5292876340000703,
              0,
              null
            ],
            [
              95.312032676000058,
              5.5290917740000509,
              0,
              null
            ],
            [
              95.312033437000082,
              5.5290871050000305,
              0,
              null
            ],
            [
              95.312035381000044,
              5.5290751820000423,
              0,
              null
            ],
            [
              95.312049382000055,
              5.5289893040000493,
              0,
              null
            ],
            [
              95.312053182000056,
              5.5289618740000606,
              0,
              null
            ],
            [
              95.312053287000083,
              5.5289447800000744,
              0,
              null
            ],
            [
              95.312050832000068,
              5.5289258530000325,
              0,
              null
            ],
            [
              95.31203196000007,
              5.528870907000055,
              0,
              null
            ],
            [
              95.312026223000032,
              5.5288542040000266,
              0,
              null
            ],
            [
              95.311965627000063,
              5.5286727440000618,
              0,
              null
            ],
            [
              95.311956945000077,
              5.5286307310000211,
              0,
              null
            ],
            [
              95.311957280000058,
              5.5286246310000706,
              0,
              null
            ],
            [
              95.311984261000077,
              5.5285656910000398,
              0,
              null
            ],
            [
              95.311985293000077,
              5.5285549250000372,
              0,
              null
            ],
            [
              95.311989707000066,
              5.5285028450000482,
              0,
              null
            ],
            [
              95.312040259000071,
              5.5285003860000757,
              0,
              null
            ],
            [
              95.312040915000068,
              5.528500354000073,
              0,
              null
            ],
            [
              95.312076933000071,
              5.5284986020000702,
              0,
              null
            ],
            [
              95.312112711000054,
              5.5284968070000673,
              0,
              null
            ],
            [
              95.312134958000058,
              5.528495691000046,
              0,
              null
            ],
            [
              95.312138442000048,
              5.5284986510000635,
              0,
              null
            ],
            [
              95.312144681000063,
              5.5284999650000373,
              0,
              null
            ],
            [
              95.312154046000046,
              5.5285001810000267,
              0,
              null
            ],
            [
              95.31218804100007,
              5.5284962710000514,
              0,
              null
            ],
            [
              95.312198529000057,
              5.5284929940000325,
              0,
              null
            ],
            [
              95.312277922000078,
              5.5284344090000559,
              0,
              null
            ],
            [
              95.312304979000032,
              5.5284208980000358,
              0,
              null
            ],
            [
              95.312329181000052,
              5.5284117620000757,
              0,
              null
            ],
            [
              95.312361450000083,
              5.5283995800000412,
              0,
              null
            ],
            [
              95.312379793000048,
              5.528393602000051,
              0,
              null
            ],
            [
              95.312444427000059,
              5.5283725330000379,
              0,
              null
            ],
            [
              95.312444583000058,
              5.5283724820000657,
              0,
              null
            ],
            [
              95.312453852000033,
              5.5283703910000668,
              0,
              null
            ],
            [
              95.312467008000056,
              5.5283674230000202,
              0,
              null
            ],
            [
              95.312481534000085,
              5.5283654500000239,
              0,
              null
            ],
            [
              95.312493662000065,
              5.5283651920000239,
              0,
              null
            ],
            [
              95.312499965000086,
              5.5283650580000767,
              0,
              null
            ],
            [
              95.312505392000048,
              5.5283648240000502,
              0,
              null
            ],
            [
              95.31252356300007,
              5.5283651810000265,
              0,
              null
            ],
            [
              95.312527442000032,
              5.5283652570000754,
              0,
              null
            ],
            [
              95.312536599000055,
              5.5283654400000728,
              0,
              null
            ],
            [
              95.312544764000052,
              5.5283803630000534,
              0,
              null
            ],
            [
              95.312736358000052,
              5.5286949940000341,
              0,
              null
            ],
            [
              95.312743944000033,
              5.5287074530000382,
              0,
              null
            ],
            [
              95.312786377000066,
              5.5287771360000306,
              0,
              null
            ],
            [
              95.312795646000041,
              5.528803612000047,
              0,
              null
            ],
            [
              95.312795593000033,
              5.528817957000058,
              0,
              null
            ],
            [
              95.312794154000073,
              5.5288250320000429,
              0,
              null
            ],
            [
              95.312805328000081,
              5.52882893900005,
              0,
              null
            ],
            [
              95.31283834900006,
              5.5288376860000312,
              0,
              null
            ],
            [
              95.312854405000053,
              5.5288395570000262,
              0,
              null
            ],
            [
              95.312871061000067,
              5.5288401340000632,
              0,
              null
            ],
            [
              95.312882659000081,
              5.5288416170000687,
              0,
              null
            ],
            [
              95.31288825300004,
              5.5288467110000283,
              0,
              null
            ],
            [
              95.312920566000059,
              5.528927784000075,
              0,
              null
            ],
            [
              95.31292476200008,
              5.5289325130000293,
              0,
              null
            ],
            [
              95.312928978000059,
              5.5289334820000704,
              0,
              null
            ],
            [
              95.312939073000052,
              5.5289314860000331,
              0,
              null
            ],
            [
              95.312961503000054,
              5.528927086000067,
              0,
              null
            ],
            [
              95.312987200000066,
              5.5289504220000367,
              0,
              null
            ],
            [
              95.313050628000042,
              5.5289956160000315,
              0,
              null
            ],
            [
              95.313075391000041,
              5.5290144370000576,
              0,
              null
            ],
            [
              95.313120748000074,
              5.5290489120000643,
              0,
              null
            ],
            [
              95.313152370000068,
              5.5290729470000315,
              0,
              null
            ],
            [
              95.313200260000087,
              5.5291122220000375,
              0,
              null
            ],
            [
              95.313237131000051,
              5.5291482460000339,
              0,
              null
            ],
            [
              95.313247193000052,
              5.5291580760000443,
              0,
              null
            ],
            [
              95.31324654000008,
              5.5291783540000665,
              0,
              null
            ],
            [
              95.313225840000086,
              5.5295139670000708,
              0,
              null
            ],
            [
              95.313223784000058,
              5.5295469020000496,
              0,
              null
            ],
            [
              95.313220185000034,
              5.5296045550000485,
              0,
              null
            ],
            [
              95.313220181000077,
              5.5296046320000301,
              0,
              null
            ],
            [
              95.313217518000044,
              5.5296588360000669,
              0,
              null
            ],
            [
              95.313215059000072,
              5.5297456400000442,
              0,
              null
            ],
            [
              95.313214021000078,
              5.5297935090000578,
              0,
              null
            ],
            [
              95.313217557000087,
              5.5298050030000354,
              0,
              null
            ],
            [
              95.313555114000053,
              5.5298222320000718,
              0,
              null
            ],
            [
              95.313558696000086,
              5.5298224150000692,
              0,
              null
            ],
            [
              95.313563449000071,
              5.5298226570000679,
              0,
              null
            ],
            [
              95.313571449000051,
              5.5298230650000733,
              0,
              null
            ],
            [
              95.313577465000037,
              5.5298233570000548,
              0,
              null
            ],
            [
              95.313586392000047,
              5.5298237910000694,
              0,
              null
            ],
            [
              95.313649414000054,
              5.529826852000042,
              0,
              null
            ],
            [
              95.313724615000069,
              5.5298305030000279,
              0,
              null
            ],
            [
              95.313783217000037,
              5.5298333480000679,
              0,
              null
            ],
            [
              95.313803965000034,
              5.5298343510000336,
              0,
              null
            ],
            [
              95.313875016000054,
              5.5298377860000301,
              0,
              null
            ],
            [
              95.313945322000052,
              5.5298411860000556,
              0,
              null
            ],
            [
              95.313986022000051,
              5.5298422670000491,
              0,
              null
            ],
            [
              95.314077045000033,
              5.5298446850000573,
              0,
              null
            ],
            [
              95.314160967000078,
              5.5298466460000668,
              0,
              null
            ],
            [
              95.314211636000039,
              5.5298478300000511,
              0,
              null
            ],
            [
              95.314273073000038,
              5.5298501100000408,
              0,
              null
            ],
            [
              95.314356796000084,
              5.5298532180000279,
              0,
              null
            ],
            [
              95.314396760000079,
              5.529854700000044,
              0,
              null
            ],
            [
              95.314399000000037,
              5.5298551750000229,
              0,
              null
            ],
            [
              95.314405003000047,
              5.5298564490000217,
              0,
              null
            ],
            [
              95.314415452000048,
              5.5298616960000686,
              0,
              null
            ],
            [
              95.314428744000054,
              5.5298719400000209,
              0,
              null
            ],
            [
              95.314446799000052,
              5.5298925420000273,
              0,
              null
            ],
            [
              95.314452219000032,
              5.5298987280000347,
              0,
              null
            ],
            [
              95.314456159000031,
              5.529900499000064,
              0,
              null
            ],
            [
              95.314484179000033,
              5.5299016040000311,
              0,
              null
            ],
            [
              95.314484324000034,
              5.5299004750000336,
              0,
              null
            ],
            [
              95.314485280000042,
              5.5298930180000525,
              0,
              null
            ],
            [
              95.314485589000071,
              5.5298913850000417,
              0,
              null
            ],
            [
              95.314497980000056,
              5.5298941020000711,
              0,
              null
            ],
            [
              95.314514927000062,
              5.5298974240000689,
              0,
              null
            ],
            [
              95.314528152000037,
              5.529900016000056,
              0,
              null
            ],
            [
              95.314559118000034,
              5.5299060860000395,
              0,
              null
            ],
            [
              95.314633765000053,
              5.529920718000028,
              0,
              null
            ],
            [
              95.314636878000044,
              5.5299213280000572,
              0,
              null
            ],
            [
              95.314806391000047,
              5.5299658210000757,
              0,
              null
            ],
            [
              95.314817639000069,
              5.5299687740000536,
              0,
              null
            ],
            [
              95.31501056500008,
              5.5300194110000689,
              0,
              null
            ],
            [
              95.315026335000084,
              5.5300235500000667,
              0,
              null
            ],
            [
              95.315026317000047,
              5.5300236100000575,
              0,
              null
            ],
            [
              95.31502114400007,
              5.5300409990000503,
              0,
              null
            ],
            [
              95.314999605000082,
              5.5301062060000277,
              0,
              null
            ],
            [
              95.314962519000062,
              5.5302184770000622,
              0,
              null
            ],
            [
              95.314957702000072,
              5.5302323910000268,
              0,
              null
            ],
            [
              95.314937802000031,
              5.5302898680000681,
              0,
              null
            ],
            [
              95.314920598000072,
              5.5303395600000727,
              0,
              null
            ],
            [
              95.314936135000039,
              5.5303443260000336,
              0,
              null
            ],
            [
              95.314948396000034,
              5.5303473300000405,
              0,
              null
            ],
            [
              95.315138113000046,
              5.5303938110000672,
              0,
              null
            ],
            [
              95.315151626000045,
              5.5303981880000492,
              0,
              null
            ],
            [
              95.315166905000069,
              5.5304044190000354,
              0,
              null
            ],
            [
              95.315172722000057,
              5.5304094660000374,
              0,
              null
            ],
            [
              95.315174604000049,
              5.5304111000000375,
              0,
              null
            ],
            [
              95.315181651000046,
              5.5304172150000568,
              0,
              null
            ],
            [
              95.315188048000039,
              5.5304153820000579,
              0,
              null
            ],
            [
              95.315207894000082,
              5.5304150430000618,
              0,
              null
            ],
            [
              95.315241256000036,
              5.5304152650000447,
              0,
              null
            ],
            [
              95.315269537000063,
              5.530415453000046,
              0,
              null
            ],
            [
              95.31529914500004,
              5.5304142430000525,
              0,
              null
            ],
            [
              95.315311091000069,
              5.5304137540000511,
              0,
              null
            ],
            [
              95.315505159000054,
              5.5304007840000509,
              0,
              null
            ],
            [
              95.31549939000007,
              5.5305362600000763,
              0,
              null
            ],
            [
              95.31569511500004,
              5.5305366910000657,
              0,
              null
            ],
            [
              95.316028899000059,
              5.5304397230000291,
              0,
              null
            ],
            [
              95.316282412000078,
              5.5303159880000408,
              0,
              null
            ],
            [
              95.316599818000043,
              5.5300738180000621,
              0,
              null
            ],
            [
              95.316924123000035,
              5.5298360790000629,
              0,
              null
            ],
            [
              95.316960751000067,
              5.529820298000061,
              0,
              null
            ],
            [
              95.316992088000063,
              5.5298102680000625,
              0,
              null
            ],
            [
              95.317058818000078,
              5.5297959540000647,
              0,
              null
            ],
            [
              95.317081693000034,
              5.5299968680000688,
              0,
              null
            ],
            [
              95.317175970000051,
              5.5302474020000432,
              0,
              null
            ],
            [
              95.317300713000066,
              5.5303099120000638,
              0,
              null
            ],
            [
              95.317462068000054,
              5.5303720620000263,
              0,
              null
            ],
            [
              95.317609674000039,
              5.5304222900000468,
              0,
              null
            ],
            [
              95.317753093000078,
              5.5304755420000333,
              0,
              null
            ],
            [
              95.31792508500007,
              5.5305107430000362,
              0,
              null
            ],
            [
              95.318003599000065,
              5.5305277760000422,
              0,
              null
            ],
            [
              95.318027844000085,
              5.5305330350000759,
              0,
              null
            ],
            [
              95.318086296000047,
              5.5305457150000734,
              0,
              null
            ],
            [
              95.317956592000087,
              5.5308437180000283,
              0,
              null
            ],
            [
              95.318027493000045,
              5.5308549910000693,
              0,
              null
            ],
            [
              95.318141040000057,
              5.5308843670000556,
              0,
              null
            ],
            [
              95.318185308000068,
              5.5308984300000361,
              0,
              null
            ],
            [
              95.318210923000038,
              5.530910886000072,
              0,
              null
            ],
            [
              95.318234960000041,
              5.5309260500000619,
              0,
              null
            ],
            [
              95.318261561000043,
              5.5309393600000476,
              0,
              null
            ],
            [
              95.318284205000054,
              5.5309418290000281,
              0,
              null
            ],
            [
              95.318419046000031,
              5.5309467620000419,
              0,
              null
            ],
            [
              95.318478293000055,
              5.5309455810000259,
              0,
              null
            ],
            [
              95.318406713000059,
              5.5313618110000675,
              0,
              null
            ],
            [
              95.318408447000081,
              5.531373234000057,
              0,
              null
            ],
            [
              95.318393701000048,
              5.5313788240000576,
              0,
              null
            ],
            [
              95.318384391000052,
              5.5313902040000471,
              0,
              null
            ],
            [
              95.318331904000047,
              5.5316378020000343,
              0,
              null
            ],
            [
              95.318308841000032,
              5.5317315110000322,
              0,
              null
            ],
            [
              95.31829855400008,
              5.531751555000028,
              0,
              null
            ],
            [
              95.318288932000087,
              5.5317594020000342,
              0,
              null
            ],
            [
              95.318265800000063,
              5.5317922560000738,
              0,
              null
            ],
            [
              95.31825649600006,
              5.5318167700000345,
              0,
              null
            ],
            [
              95.318248408000045,
              5.531845565000026,
              0,
              null
            ],
            [
              95.318237301000067,
              5.531907689000036,
              0,
              null
            ],
            [
              95.318225655000049,
              5.5319563650000418,
              0,
              null
            ],
            [
              95.318215348000081,
              5.5320177810000359,
              0,
              null
            ],
            [
              95.318208143000049,
              5.5320533520000481,
              0,
              null
            ],
            [
              95.318200323000042,
              5.5320628010000519,
              0,
              null
            ],
            [
              95.318192673000055,
              5.5320629840000493,
              0,
              null
            ],
            [
              95.318165716000067,
              5.5320601340000621,
              0,
              null
            ],
            [
              95.318157532000043,
              5.5320621000000756,
              0,
              null
            ],
            [
              95.318152904000044,
              5.5320667290000642,
              0,
              null
            ],
            [
              95.318150590000073,
              5.5320770690000245,
              0,
              null
            ],
            [
              95.318143255000052,
              5.5321395040000425,
              0,
              null
            ],
            [
              95.318129502000033,
              5.532212323000067,
              0,
              null
            ],
            [
              95.318122326000037,
              5.5322505060000253,
              0,
              null
            ],
            [
              95.318108510000059,
              5.5323421900000653,
              0,
              null
            ],
            [
              95.318103371000063,
              5.532363632000056,
              0,
              null
            ],
            [
              95.318108493000068,
              5.5323749110000335,
              0,
              null
            ],
            [
              95.318232202000047,
              5.5325162520000504,
              0,
              null
            ],
            [
              95.318248507000078,
              5.5325379920000728,
              0,
              null
            ],
            [
              95.318259992000037,
              5.532552173000056,
              0,
              null
            ],
            [
              95.318274113000086,
              5.5325437030000444,
              0,
              null
            ],
            [
              95.31829401400006,
              5.5325391320000676,
              0,
              null
            ],
            [
              95.318421522000051,
              5.5325346540000737,
              0,
              null
            ],
            [
              95.318515973000046,
              5.5325300660000494,
              0,
              null
            ],
            [
              95.318706702000043,
              5.5325244580000685,
              0,
              null
            ],
            [
              95.318756059000066,
              5.532524110000054,
              0,
              null
            ],
            [
              95.318830894000087,
              5.532522760000063,
              0,
              null
            ],
            [
              95.318864464000058,
              5.5325238090000539,
              0,
              null
            ],
            [
              95.319043854000086,
              5.5325474530000633,
              0,
              null
            ],
            [
              95.319141534000039,
              5.5325618600000439,
              0,
              null
            ],
            [
              95.319174835000069,
              5.5325663990000749,
              0,
              null
            ],
            [
              95.319167280000045,
              5.5326162190000332,
              0,
              null
            ],
            [
              95.319139629000063,
              5.5328359790000263,
              0,
              null
            ],
            [
              95.319150817000036,
              5.5328373920000331,
              0,
              null
            ],
            [
              95.319268616000045,
              5.5328570230000764,
              0,
              null
            ],
            [
              95.319304818000035,
              5.5328541620000351,
              0,
              null
            ],
            [
              95.319233215000054,
              5.5331917070000713,
              0,
              null
            ],
            [
              95.319184525000082,
              5.5335476600000675,
              0,
              null
            ],
            [
              95.319167754000034,
              5.5336539130000233,
              0,
              null
            ],
            [
              95.31913273400005,
              5.5339474830000199,
              0,
              null
            ],
            [
              95.319118031000073,
              5.5339522380000403,
              0,
              null
            ],
            [
              95.319108160000042,
              5.5339697780000279,
              0,
              null
            ],
            [
              95.319104349000042,
              5.5339945430000625,
              0,
              null
            ],
            [
              95.319092987000033,
              5.5340180200000759,
              0,
              null
            ],
            [
              95.319075016000056,
              5.5340343550000739,
              0,
              null
            ],
            [
              95.31906149100007,
              5.5340554620000262,
              0,
              null
            ],
            [
              95.319063394000068,
              5.534075218000055,
              0,
              null
            ],
            [
              95.319072198000072,
              5.5341027440000516,
              0,
              null
            ],
            [
              95.319077733000086,
              5.5341431900000657,
              0,
              null
            ],
            [
              95.319071615000041,
              5.5341774050000367,
              0,
              null
            ],
            [
              95.319063953000068,
              5.5342037090000531,
              0,
              null
            ],
            [
              95.319043304000047,
              5.5342609590000507,
              0,
              null
            ],
            [
              95.31902253700008,
              5.5342994110000632,
              0,
              null
            ],
            [
              95.318998762000035,
              5.5343408540000496,
              0,
              null
            ],
            [
              95.318971581000085,
              5.5343799680000529,
              0,
              null
            ],
            [
              95.318947268000045,
              5.5344032700000412,
              0,
              null
            ],
            [
              95.318909242000075,
              5.5344374580000704,
              0,
              null
            ],
            [
              95.318887568000036,
              5.5344649090000644,
              0,
              null
            ],
            [
              95.318866319000051,
              5.5344958860000588,
              0,
              null
            ],
            [
              95.318845516000067,
              5.5345332060000487,
              0,
              null
            ],
            [
              95.318830008000077,
              5.534567776000074,
              0,
              null
            ],
            [
              95.318819591000079,
              5.5346022850000622,
              0,
              null
            ],
            [
              95.318806084000073,
              5.5346383430000401,
              0,
              null
            ],
            [
              95.318788752000046,
              5.5346698920000676,
              0,
              null
            ],
            [
              95.318772785000078,
              5.5346910710000543,
              0,
              null
            ],
            [
              95.318755818000056,
              5.5347106490000328,
              0,
              null
            ],
            [
              95.318747547000044,
              5.5347301420000576,
              0,
              null
            ],
            [
              95.318751944000041,
              5.5347386850000362,
              0,
              null
            ],
            [
              95.31877965700005,
              5.5347457660000714,
              0,
              null
            ],
            [
              95.318813849000037,
              5.5347489420000215,
              0,
              null
            ],
            [
              95.318843383000058,
              5.5347571700000344,
              0,
              null
            ],
            [
              95.318874215000051,
              5.5347693400000253,
              0,
              null
            ],
            [
              95.31890971100006,
              5.5347874200000433,
              0,
              null
            ],
            [
              95.318936159000032,
              5.5348030070000505,
              0,
              null
            ],
            [
              95.318957749000049,
              5.5348132180000675,
              0,
              null
            ],
            [
              95.31898244100006,
              5.5348190590000286,
              0,
              null
            ],
            [
              95.319004582000048,
              5.5348202770000512,
              0,
              null
            ],
            [
              95.319031727000038,
              5.5348291830000562,
              0,
              null
            ],
            [
              95.319045335000055,
              5.5348389390000534,
              0,
              null
            ],
            [
              95.319073573000082,
              5.5348693160000266,
              0,
              null
            ],
            [
              95.319089184000063,
              5.5348792490000278,
              0,
              null
            ],
            [
              95.319109507000064,
              5.5348870310000393,
              0,
              null
            ],
            [
              95.31913632800007,
              5.5348949580000522,
              0,
              null
            ],
            [
              95.319142078000084,
              5.5349010600000383,
              0,
              null
            ],
            [
              95.319140490000052,
              5.5349100880000606,
              0,
              null
            ],
            [
              95.319136753000066,
              5.534924553000053,
              0,
              null
            ],
            [
              95.319132467000031,
              5.5349426170000697,
              0,
              null
            ],
            [
              95.319131475000063,
              5.5349450080000224,
              0,
              null
            ],
            [
              95.319123864000062,
              5.5349680510000212,
              0,
              null
            ],
            [
              95.319110687000034,
              5.53500894900003,
              0,
              null
            ],
            [
              95.319096715000057,
              5.5350456550000331,
              0,
              null
            ],
            [
              95.319086062000054,
              5.5350775780000276,
              0,
              null
            ],
            [
              95.319072242000061,
              5.5351176730000589,
              0,
              null
            ],
            [
              95.319065015000035,
              5.5351484660000665,
              0,
              null
            ],
            [
              95.319058795000046,
              5.5351742480000325,
              0,
              null
            ],
            [
              95.31906043500004,
              5.5351798910000412,
              0,
              null
            ]
          ]
        ]
      },
      "properties" : {
        "FID" : 0,
        "OBJECTID" : 10332,
        "KDPPUM" : "11",
        "NAMOBJ" : "Lamlagang",
        "REMARK" : " ",
        "KDPBPS" : " ",
        "FCODE" : "BA03070040",
        "LUASWH" : 0,
        "UUPP" : "RBI",
        "SRS_ID" : "SRGI 2013",
        "METADATA" : "TASWIL1000020200326DATA_BATAS_DESA_KELURAHAN",
        "KDEBPS" : " ",
        "KDEPUM" : "11.71.07.2002",
        "KDCBPS" : " ",
        "KDCPUM" : "11.71.07",
        "KDBBPS" : " ",
        "WADMKD" : "Lamlagang",
        "WIADKD" : "0",
        "WADMKC" : "Banda Raya",
        "WIADKC" : " ",
        "WADMKK" : "Kota Banda Aceh",
        "WIADKK" : " ",
        "WADMPR" : "Aceh",
        "WIADPR" : " ",
        "TIPADM" : 9,
        "KDPKAB" : "11.71",
        "SHAPE_Leng" : 0.040422879982041998,
        "SHAPE_Area" : 5.7663990586e-05
      }
    }
  ]
}