{
  "hasZ" : true,
  "hasM" : true,
  "type" : "FeatureCollection",
  "features" : [
    {
      "type" : "Feature",
      "id" : 0,
      "geometry" : {
        "type" : "Polygon",
        "coordinates" : [
          [
            [
              95.339786493000076,
              5.5680585880000422,
              0,
              null
            ],
            [
              95.339638823000087,
              5.5681949720000716,
              0,
              null
            ],
            [
              95.339637555000081,
              5.5681972450000217,
              0,
              null
            ],
            [
              95.339620810000042,
              5.5682272610000609,
              0,
              null
            ],
            [
              95.339567760000079,
              5.568322356000067,
              0,
              null
            ],
            [
              95.339560520000077,
              5.5683353340000394,
              0,
              null
            ],
            [
              95.33951313700004,
              5.568413529000054,
              0,
              null
            ],
            [
              95.339410311000051,
              5.5686179890000744,
              0,
              null
            ],
            [
              95.339346141000078,
              5.5687455840000553,
              0,
              null
            ],
            [
              95.33928183200004,
              5.5688764240000523,
              0,
              null
            ],
            [
              95.339250505000052,
              5.5689401590000216,
              0,
              null
            ],
            [
              95.339181387000053,
              5.5690981390000616,
              0,
              null
            ],
            [
              95.339164787000072,
              5.5691347020000421,
              0,
              null
            ],
            [
              95.339084192000087,
              5.569312210000021,
              0,
              null
            ],
            [
              95.339053695000075,
              5.5693714120000664,
              0,
              null
            ],
            [
              95.339053575000037,
              5.5693716430000677,
              0,
              null
            ],
            [
              95.339038906000042,
              5.5694001190000222,
              0,
              null
            ],
            [
              95.339021713000079,
              5.5694353270000647,
              0,
              null
            ],
            [
              95.339012569000033,
              5.5694572110000422,
              0,
              null
            ],
            [
              95.339009065000084,
              5.5694655960000432,
              0,
              null
            ],
            [
              95.33899873200005,
              5.56950344400002,
              0,
              null
            ],
            [
              95.338989625000067,
              5.5695539580000286,
              0,
              null
            ],
            [
              95.338985949000062,
              5.5696208110000498,
              0,
              null
            ],
            [
              95.338985988000047,
              5.5696295540000733,
              0,
              null
            ],
            [
              95.33898638800008,
              5.5697195390000616,
              0,
              null
            ],
            [
              95.338990771000056,
              5.5699593100000584,
              0,
              null
            ],
            [
              95.338990666000086,
              5.5700867620000736,
              0,
              null
            ],
            [
              95.33899057800005,
              5.5701929700000505,
              0,
              null
            ],
            [
              95.338991720000081,
              5.5703128980000542,
              0,
              null
            ],
            [
              95.338993228000049,
              5.5704713490000586,
              0,
              null
            ],
            [
              95.338992103000066,
              5.5706416010000339,
              0,
              null
            ],
            [
              95.338991890000045,
              5.5706737760000351,
              0,
              null
            ],
            [
              95.338993025000036,
              5.5707017970000265,
              0,
              null
            ],
            [
              95.338993939000034,
              5.5707243780000226,
              0,
              null
            ],
            [
              95.338994853000031,
              5.5707469560000504,
              0,
              null
            ],
            [
              95.338998741000069,
              5.5708429830000341,
              0,
              null
            ],
            [
              95.339002153000081,
              5.5709208260000764,
              0,
              null
            ],
            [
              95.339014359000032,
              5.5711992530000316,
              0,
              null
            ],
            [
              95.339021350000053,
              5.5713062290000721,
              0,
              null
            ],
            [
              95.339021261000084,
              5.5713073010000471,
              0,
              null
            ],
            [
              95.339015771000049,
              5.5713733790000219,
              0,
              null
            ],
            [
              95.339012497000056,
              5.5714127800000597,
              0,
              null
            ],
            [
              95.338995676000081,
              5.5715115110000397,
              0,
              null
            ],
            [
              95.338955972000065,
              5.5716746130000274,
              0,
              null
            ],
            [
              95.338905303000047,
              5.5718854710000301,
              0,
              null
            ],
            [
              95.338881970000045,
              5.5719851480000671,
              0,
              null
            ],
            [
              95.338847907000059,
              5.5721306690000461,
              0,
              null
            ],
            [
              95.338847263000048,
              5.572133420000057,
              0,
              null
            ],
            [
              95.338827940000044,
              5.572197736000021,
              0,
              null
            ],
            [
              95.33876136400005,
              5.5724193240000659,
              0,
              null
            ],
            [
              95.338735892000045,
              5.5724885230000609,
              0,
              null
            ],
            [
              95.338669297000081,
              5.5726752810000448,
              0,
              null
            ],
            [
              95.338640137000084,
              5.5727294410000354,
              0,
              null
            ],
            [
              95.338602963000085,
              5.5727984880000463,
              0,
              null
            ],
            [
              95.338568064000071,
              5.5728385030000709,
              0,
              null
            ],
            [
              95.338510408000047,
              5.5728934950000735,
              0,
              null
            ],
            [
              95.338447701000064,
              5.572936210000023,
              0,
              null
            ],
            [
              95.338398558000051,
              5.5729564120000532,
              0,
              null
            ],
            [
              95.338377832000049,
              5.572964933000037,
              0,
              null
            ],
            [
              95.338365932000045,
              5.5729707710000298,
              0,
              null
            ],
            [
              95.338162583000042,
              5.573070542000039,
              0,
              null
            ],
            [
              95.338099050000039,
              5.5728747560000329,
              0,
              null
            ],
            [
              95.338102878000086,
              5.5728518820000659,
              0,
              null
            ],
            [
              95.338102940000056,
              5.5727565350000532,
              0,
              null
            ],
            [
              95.338097388000051,
              5.5726781580000306,
              0,
              null
            ],
            [
              95.338094236000074,
              5.5726651690000608,
              0,
              null
            ],
            [
              95.338088366000079,
              5.5726409760000593,
              0,
              null
            ],
            [
              95.338071436000064,
              5.5726006530000518,
              0,
              null
            ],
            [
              95.338069657000062,
              5.572597078000058,
              0,
              null
            ],
            [
              95.338046365000082,
              5.5725502770000617,
              0,
              null
            ],
            [
              95.338009768000063,
              5.5724937020000311,
              0,
              null
            ],
            [
              95.338006268000072,
              5.5724888330000226,
              0,
              null
            ],
            [
              95.337934980000057,
              5.5723896530000729,
              0,
              null
            ],
            [
              95.337916628000073,
              5.5723632600000315,
              0,
              null
            ],
            [
              95.337877546000072,
              5.572315058000072,
              0,
              null
            ],
            [
              95.337849446000064,
              5.5722845810000763,
              0,
              null
            ],
            [
              95.337731824000059,
              5.572157015000073,
              0,
              null
            ],
            [
              95.337677974000087,
              5.5720986130000369,
              0,
              null
            ],
            [
              95.337569763000033,
              5.5719781150000358,
              0,
              null
            ],
            [
              95.337556262000078,
              5.5719630810000353,
              0,
              null
            ],
            [
              95.337485548000075,
              5.5718728740000643,
              0,
              null
            ],
            [
              95.337479448000067,
              5.5718650910000633,
              0,
              null
            ],
            [
              95.337435881000033,
              5.5718166730000576,
              0,
              null
            ],
            [
              95.337291294000067,
              5.5716559870000424,
              0,
              null
            ],
            [
              95.337139884000067,
              5.5714790830000425,
              0,
              null
            ],
            [
              95.337095308000073,
              5.5714270010000746,
              0,
              null
            ],
            [
              95.337029863000055,
              5.571350538000047,
              0,
              null
            ],
            [
              95.336854265000056,
              5.5711496230000535,
              0,
              null
            ],
            [
              95.336785898000073,
              5.5710716480000428,
              0,
              null
            ],
            [
              95.336758313000075,
              5.5710401860000616,
              0,
              null
            ],
            [
              95.336746556000037,
              5.5710267770000428,
              0,
              null
            ],
            [
              95.336726077000037,
              5.5710024120000412,
              0,
              null
            ],
            [
              95.336627947000068,
              5.5708856630000696,
              0,
              null
            ],
            [
              95.336493014000041,
              5.5707215010000368,
              0,
              null
            ],
            [
              95.336462813000082,
              5.5706888200000435,
              0,
              null
            ],
            [
              95.33640359900005,
              5.5706247410000742,
              0,
              null
            ],
            [
              95.336331503000054,
              5.570546724000053,
              0,
              null
            ],
            [
              95.336179941000069,
              5.5703883390000328,
              0,
              null
            ],
            [
              95.336116966000077,
              5.5703233770000224,
              0,
              null
            ],
            [
              95.336095761000081,
              5.5703015030000529,
              0,
              null
            ],
            [
              95.336066137000046,
              5.5702702350000664,
              0,
              null
            ],
            [
              95.336053729000071,
              5.570256630000074,
              0,
              null
            ],
            [
              95.335885059000077,
              5.5700716840000268,
              0,
              null
            ],
            [
              95.335852801000044,
              5.5700377040000717,
              0,
              null
            ],
            [
              95.335745393000082,
              5.5699245690000225,
              0,
              null
            ],
            [
              95.335711916000037,
              5.5698884870000711,
              0,
              null
            ],
            [
              95.335645786000043,
              5.5698172110000428,
              0,
              null
            ],
            [
              95.335619467000072,
              5.5697888450000619,
              0,
              null
            ],
            [
              95.335573400000044,
              5.5698088430000325,
              0,
              null
            ],
            [
              95.335450743000081,
              5.5698618880000481,
              0,
              null
            ],
            [
              95.335400827000058,
              5.5698833420000256,
              0,
              null
            ],
            [
              95.335324333000074,
              5.5699162200000387,
              0,
              null
            ],
            [
              95.335223602000042,
              5.5699616260000653,
              0,
              null
            ],
            [
              95.335204661000034,
              5.5699701630000504,
              0,
              null
            ],
            [
              95.335153709000053,
              5.5699924580000584,
              0,
              null
            ],
            [
              95.335132915000031,
              5.5700007580000488,
              0,
              null
            ],
            [
              95.335115414000086,
              5.5700110370000289,
              0,
              null
            ],
            [
              95.335112280000033,
              5.5700133170000754,
              0,
              null
            ],
            [
              95.335104694000051,
              5.5699850290000654,
              0,
              null
            ],
            [
              95.33510450700004,
              5.569984330000068,
              0,
              null
            ],
            [
              95.33510248400006,
              5.5699739680000562,
              0,
              null
            ],
            [
              95.335094559000083,
              5.5699527770000259,
              0,
              null
            ],
            [
              95.335084284000061,
              5.5699331610000513,
              0,
              null
            ],
            [
              95.335075980000056,
              5.5699223740000434,
              0,
              null
            ],
            [
              95.335069105000059,
              5.5699134430000754,
              0,
              null
            ],
            [
              95.334963584000036,
              5.5698136060000252,
              0,
              null
            ],
            [
              95.334946957000056,
              5.5697975310000629,
              0,
              null
            ],
            [
              95.33485524300005,
              5.5697088620000272,
              0,
              null
            ],
            [
              95.33483145200006,
              5.5696857470000509,
              0,
              null
            ],
            [
              95.334722502000034,
              5.5695798860000423,
              0,
              null
            ],
            [
              95.334687217000067,
              5.5695460100000673,
              0,
              null
            ],
            [
              95.334615934000055,
              5.5694775710000499,
              0,
              null
            ],
            [
              95.334603168000058,
              5.5694653140000696,
              0,
              null
            ],
            [
              95.334589067000081,
              5.5694830730000717,
              0,
              null
            ],
            [
              95.334573955000053,
              5.5694998900000314,
              0,
              null
            ],
            [
              95.334549849000041,
              5.5695267160000412,
              0,
              null
            ],
            [
              95.334514234000039,
              5.5695664330000341,
              0,
              null
            ],
            [
              95.334453162000045,
              5.5696345380000594,
              0,
              null
            ],
            [
              95.33443813000008,
              5.5696513010000217,
              0,
              null
            ],
            [
              95.334328071000073,
              5.5697721960000308,
              0,
              null
            ],
            [
              95.334275030000072,
              5.5698304600000483,
              0,
              null
            ],
            [
              95.334263411000052,
              5.5698428790000207,
              0,
              null
            ],
            [
              95.334225116000084,
              5.5698838070000534,
              0,
              null
            ],
            [
              95.334214158000066,
              5.5698914890000424,
              0,
              null
            ],
            [
              95.334202914000059,
              5.5698952670000494,
              0,
              null
            ],
            [
              95.334185550000086,
              5.5698937720000572,
              0,
              null
            ],
            [
              95.334171763000086,
              5.5698885110000447,
              0,
              null
            ],
            [
              95.334152183000072,
              5.5698810410000306,
              0,
              null
            ],
            [
              95.334107407000033,
              5.5698556650000342,
              0,
              null
            ],
            [
              95.334086945000081,
              5.569843578000075,
              0,
              null
            ],
            [
              95.334062309000046,
              5.5698290260000363,
              0,
              null
            ],
            [
              95.334052473000042,
              5.5698232160000316,
              0,
              null
            ],
            [
              95.334044143000085,
              5.5698188430000641,
              0,
              null
            ],
            [
              95.334021048000068,
              5.5698067180000521,
              0,
              null
            ],
            [
              95.334003533000043,
              5.5697989590000248,
              0,
              null
            ],
            [
              95.333990196000059,
              5.569795794000072,
              0,
              null
            ],
            [
              95.333993005000082,
              5.5697802050000291,
              0,
              null
            ],
            [
              95.334011279000038,
              5.5697389680000242,
              0,
              null
            ],
            [
              95.334056707000059,
              5.5696223930000315,
              0,
              null
            ],
            [
              95.333710456000063,
              5.5693229800000381,
              0,
              null
            ],
            [
              95.333612018000053,
              5.5692919610000331,
              0,
              null
            ],
            [
              95.333440956000061,
              5.56924489000005,
              0,
              null
            ],
            [
              95.33333329900006,
              5.5692264300000716,
              0,
              null
            ],
            [
              95.333290915000077,
              5.5692204580000748,
              0,
              null
            ],
            [
              95.333281695000039,
              5.5692190400000641,
              0,
              null
            ],
            [
              95.333222320000061,
              5.5692045510000412,
              0,
              null
            ],
            [
              95.333060881000051,
              5.5691621460000533,
              0,
              null
            ],
            [
              95.333050541000034,
              5.5691551100000538,
              0,
              null
            ],
            [
              95.33304455800004,
              5.569145398000046,
              0,
              null
            ],
            [
              95.333044062000056,
              5.5691387110000505,
              0,
              null
            ],
            [
              95.333044586000085,
              5.5691296880000323,
              0,
              null
            ],
            [
              95.333049928000037,
              5.5691027580000423,
              0,
              null
            ],
            [
              95.333057713000073,
              5.5690635070000667,
              0,
              null
            ],
            [
              95.333067671000038,
              5.5690093460000298,
              0,
              null
            ],
            [
              95.333071765000057,
              5.5689870800000563,
              0,
              null
            ],
            [
              95.333083377000037,
              5.5689850540000521,
              0,
              null
            ],
            [
              95.333101636000038,
              5.5689758800000391,
              0,
              null
            ],
            [
              95.333118766000041,
              5.5689591620000556,
              0,
              null
            ],
            [
              95.333133608000082,
              5.5689366950000476,
              0,
              null
            ],
            [
              95.333146548000059,
              5.56890781900006,
              0,
              null
            ],
            [
              95.333152855000037,
              5.5688884000000485,
              0,
              null
            ],
            [
              95.333160957000075,
              5.5688634480000587,
              0,
              null
            ],
            [
              95.333199513000068,
              5.5687447200000406,
              0,
              null
            ],
            [
              95.333207855000069,
              5.568719030000068,
              0,
              null
            ],
            [
              95.333215017000043,
              5.5686943700000597,
              0,
              null
            ],
            [
              95.333247698000037,
              5.5685818490000543,
              0,
              null
            ],
            [
              95.333271117000038,
              5.5685012120000579,
              0,
              null
            ],
            [
              95.333273702000042,
              5.5684923140000251,
              0,
              null
            ],
            [
              95.333274780000067,
              5.5684889250000538,
              0,
              null
            ],
            [
              95.333322056000043,
              5.5683402950000414,
              0,
              null
            ],
            [
              95.333282919000055,
              5.5682191970000758,
              0,
              null
            ],
            [
              95.333281453000041,
              5.5682105930000603,
              0,
              null
            ],
            [
              95.333321510000076,
              5.5680647000000363,
              0,
              null
            ],
            [
              95.33326973700008,
              5.5680510190000518,
              0,
              null
            ],
            [
              95.333191320000083,
              5.5680302980000533,
              0,
              null
            ],
            [
              95.33311645100008,
              5.5680093670000588,
              0,
              null
            ],
            [
              95.333106636000082,
              5.5680066220000413,
              0,
              null
            ],
            [
              95.333080890000076,
              5.5679994240000497,
              0,
              null
            ],
            [
              95.332962679000048,
              5.5679697380000448,
              0,
              null
            ],
            [
              95.332943209000064,
              5.5679667300000233,
              0,
              null
            ],
            [
              95.332922061000033,
              5.5679634630000692,
              0,
              null
            ],
            [
              95.332875107000064,
              5.5679562100000339,
              0,
              null
            ],
            [
              95.332850725000071,
              5.5679547970000272,
              0,
              null
            ],
            [
              95.332835704000047,
              5.5679548660000364,
              0,
              null
            ],
            [
              95.332824367000057,
              5.5679579750000698,
              0,
              null
            ],
            [
              95.332818410000073,
              5.5679361700000527,
              0,
              null
            ],
            [
              95.332818402000044,
              5.5679009170000313,
              0,
              null
            ],
            [
              95.332807483000067,
              5.5678557600000431,
              0,
              null
            ],
            [
              95.332798060000073,
              5.5678270980000661,
              0,
              null
            ],
            [
              95.332777178000072,
              5.5677977640000336,
              0,
              null
            ],
            [
              95.332752709000033,
              5.5677670100000682,
              0,
              null
            ],
            [
              95.332714666000072,
              5.5677442010000391,
              0,
              null
            ],
            [
              95.332681689000083,
              5.567735004000042,
              0,
              null
            ],
            [
              95.332661636000068,
              5.5677343660000247,
              0,
              null
            ],
            [
              95.33265162400005,
              5.567737993000037,
              0,
              null
            ],
            [
              95.332629982000071,
              5.5677418890000467,
              0,
              null
            ],
            [
              95.332621006000068,
              5.5677443470000298,
              0,
              null
            ],
            [
              95.332611419000045,
              5.567745225000067,
              0,
              null
            ],
            [
              95.332482457000083,
              5.56774094900004,
              0,
              null
            ],
            [
              95.332474606000062,
              5.5677406890000611,
              0,
              null
            ],
            [
              95.332473351000033,
              5.5677406470000506,
              0,
              null
            ],
            [
              95.332402425000055,
              5.5677384320000556,
              0,
              null
            ],
            [
              95.332285335000051,
              5.5677347750000763,
              0,
              null
            ],
            [
              95.332272701000079,
              5.5677341940000247,
              0,
              null
            ],
            [
              95.332223017000047,
              5.5677319080000416,
              0,
              null
            ],
            [
              95.332204845000035,
              5.5677310710000256,
              0,
              null
            ],
            [
              95.332182531000058,
              5.5677300450000757,
              0,
              null
            ],
            [
              95.332168492000051,
              5.56772939800004,
              0,
              null
            ],
            [
              95.33215996000007,
              5.567728402000057,
              0,
              null
            ],
            [
              95.332152787000041,
              5.5677275620000728,
              0,
              null
            ],
            [
              95.332140873000071,
              5.567724012000042,
              0,
              null
            ],
            [
              95.33213414100004,
              5.5677212910000549,
              0,
              null
            ],
            [
              95.332125045000055,
              5.5677156370000489,
              0,
              null
            ],
            [
              95.332105861000059,
              5.5677037130000713,
              0,
              null
            ],
            [
              95.332088823000049,
              5.5677178300000492,
              0,
              null
            ],
            [
              95.332081113000072,
              5.5677242190000698,
              0,
              null
            ],
            [
              95.332080188000077,
              5.5677249840000513,
              0,
              null
            ],
            [
              95.332068342000071,
              5.5677324440000575,
              0,
              null
            ],
            [
              95.332061641000053,
              5.5677366640000514,
              0,
              null
            ],
            [
              95.332040769000059,
              5.5677445830000352,
              0,
              null
            ],
            [
              95.332036297000059,
              5.5677451660000656,
              0,
              null
            ],
            [
              95.332002049000039,
              5.5677496270000688,
              0,
              null
            ],
            [
              95.331922112000086,
              5.5677483620000316,
              0,
              null
            ],
            [
              95.331921605000048,
              5.5677483540000594,
              0,
              null
            ],
            [
              95.331881150000072,
              5.5677477140000633,
              0,
              null
            ],
            [
              95.331802739000068,
              5.5677464750000354,
              0,
              null
            ],
            [
              95.331792341000039,
              5.567746168000042,
              0,
              null
            ],
            [
              95.331691169000067,
              5.5677431790000469,
              0,
              null
            ],
            [
              95.331638362000035,
              5.5677416190000599,
              0,
              null
            ],
            [
              95.331585003000043,
              5.5677400420000254,
              0,
              null
            ],
            [
              95.331559986000059,
              5.5677402820000452,
              0,
              null
            ],
            [
              95.331503459000032,
              5.5677408260000334,
              0,
              null
            ],
            [
              95.331486662000032,
              5.567743604000043,
              0,
              null
            ],
            [
              95.331483698000056,
              5.5677447290000259,
              0,
              null
            ],
            [
              95.331472060000067,
              5.5677491480000754,
              0,
              null
            ],
            [
              95.331459490000043,
              5.5677576050000539,
              0,
              null
            ],
            [
              95.331441662000032,
              5.5677709810000238,
              0,
              null
            ],
            [
              95.331428555000059,
              5.5677783270000418,
              0,
              null
            ],
            [
              95.331416121000075,
              5.5677852450000387,
              0,
              null
            ],
            [
              95.33140826500005,
              5.5677896160000273,
              0,
              null
            ],
            [
              95.331382221000069,
              5.5677990740000496,
              0,
              null
            ],
            [
              95.331369548000055,
              5.5678020170000764,
              0,
              null
            ],
            [
              95.331364706000045,
              5.5678024180000421,
              0,
              null
            ],
            [
              95.331337369000039,
              5.5678046840000661,
              0,
              null
            ],
            [
              95.331321021000065,
              5.567804643000045,
              0,
              null
            ],
            [
              95.331243885000049,
              5.5678044490000502,
              0,
              null
            ],
            [
              95.331167776000086,
              5.5678044400000317,
              0,
              null
            ],
            [
              95.331159273000083,
              5.5678044380000529,
              0,
              null
            ],
            [
              95.331082090000052,
              5.5678044290000344,
              0,
              null
            ],
            [
              95.331054281000036,
              5.5678044870000463,
              0,
              null
            ],
            [
              95.331023840000057,
              5.5678045500000621,
              0,
              null
            ],
            [
              95.33098410100007,
              5.567804633000037,
              0,
              null
            ],
            [
              95.33096112000004,
              5.5678046820000304,
              0,
              null
            ],
            [
              95.330958685000041,
              5.5677481910000211,
              0,
              null
            ],
            [
              95.330935874000033,
              5.5677429420000522,
              0,
              null
            ],
            [
              95.330821443000048,
              5.5677166110000371,
              0,
              null
            ],
            [
              95.330719453000086,
              5.5676901050000538,
              0,
              null
            ],
            [
              95.330494491000081,
              5.5676307090000705,
              0,
              null
            ],
            [
              95.330488742000057,
              5.5676525700000639,
              0,
              null
            ],
            [
              95.330457798000054,
              5.5678246900000659,
              0,
              null
            ],
            [
              95.329678432000037,
              5.5676597620000621,
              0,
              null
            ],
            [
              95.329576541000051,
              5.5676437100000271,
              0,
              null
            ],
            [
              95.329487631000063,
              5.5676429450000455,
              0,
              null
            ],
            [
              95.329490193000083,
              5.5676056690000451,
              0,
              null
            ],
            [
              95.329507215000035,
              5.5673579040000618,
              0,
              null
            ],
            [
              95.329507999000043,
              5.5673465020000208,
              0,
              null
            ],
            [
              95.32951419300008,
              5.5672509270000319,
              0,
              null
            ],
            [
              95.329527864000056,
              5.567040013000053,
              0,
              null
            ],
            [
              95.329528351000079,
              5.5670325040000534,
              0,
              null
            ],
            [
              95.329535732000068,
              5.5669351510000524,
              0,
              null
            ],
            [
              95.329546421000032,
              5.5667941800000449,
              0,
              null
            ],
            [
              95.329556156000081,
              5.5666527780000479,
              0,
              null
            ],
            [
              95.32955945100008,
              5.5666049050000765,
              0,
              null
            ],
            [
              95.329570267000065,
              5.5664638710000531,
              0,
              null
            ],
            [
              95.329576459000066,
              5.56638313600007,
              0,
              null
            ],
            [
              95.329599188000032,
              5.5661523070000385,
              0,
              null
            ],
            [
              95.329601263000086,
              5.5661312340000677,
              0,
              null
            ],
            [
              95.329610689000049,
              5.5660355030000233,
              0,
              null
            ],
            [
              95.329615466000064,
              5.5659865690000743,
              0,
              null
            ],
            [
              95.329636698000058,
              5.5657690750000484,
              0,
              null
            ],
            [
              95.329641535000064,
              5.5657195290000345,
              0,
              null
            ],
            [
              95.329649171000085,
              5.5656124910000244,
              0,
              null
            ],
            [
              95.329655254000045,
              5.5655272260000288,
              0,
              null
            ],
            [
              95.329664358000059,
              5.5653996170000255,
              0,
              null
            ],
            [
              95.329665029000068,
              5.5653902050000283,
              0,
              null
            ],
            [
              95.329684303000079,
              5.565111742000056,
              0,
              null
            ],
            [
              95.329689809000058,
              5.5650266740000234,
              0,
              null
            ],
            [
              95.32969397800008,
              5.5649611930000447,
              0,
              null
            ],
            [
              95.329700054000057,
              5.5648657630000571,
              0,
              null
            ],
            [
              95.329705158000081,
              5.564785577000066,
              0,
              null
            ],
            [
              95.329717025000036,
              5.5646053100000472,
              0,
              null
            ],
            [
              95.329725733000032,
              5.5644730240000513,
              0,
              null
            ],
            [
              95.32972621600004,
              5.5644657070000676,
              0,
              null
            ],
            [
              95.329727855000044,
              5.5644408710000448,
              0,
              null
            ],
            [
              95.329732393000086,
              5.5643720680000683,
              0,
              null
            ],
            [
              95.329746489000058,
              5.5641584000000535,
              0,
              null
            ],
            [
              95.329747530000077,
              5.564141530000029,
              0,
              null
            ],
            [
              95.329755347000059,
              5.5640147960000377,
              0,
              null
            ],
            [
              95.329757653000058,
              5.5639774130000319,
              0,
              null
            ],
            [
              95.329759043000081,
              5.5639548800000398,
              0,
              null
            ],
            [
              95.32975950000008,
              5.563947454000072,
              0,
              null
            ],
            [
              95.329760434000036,
              5.5639323160000345,
              0,
              null
            ],
            [
              95.329766698000071,
              5.563830762000066,
              0,
              null
            ],
            [
              95.329770662000044,
              5.5637708160000443,
              0,
              null
            ],
            [
              95.329780447000076,
              5.5636228510000478,
              0,
              null
            ],
            [
              95.329784135000068,
              5.5635670930000742,
              0,
              null
            ],
            [
              95.329787108000062,
              5.5635221420000676,
              0,
              null
            ],
            [
              95.329798732000086,
              5.5633598000000575,
              0,
              null
            ],
            [
              95.32980692700005,
              5.5632453330000544,
              0,
              null
            ],
            [
              95.329808235000087,
              5.5632270780000681,
              0,
              null
            ],
            [
              95.329810553000073,
              5.5631947060000471,
              0,
              null
            ],
            [
              95.329819398000041,
              5.5630711720000363,
              0,
              null
            ],
            [
              95.329827372000068,
              5.5629246730000546,
              0,
              null
            ],
            [
              95.329829309000047,
              5.5628890790000582,
              0,
              null
            ],
            [
              95.329830215000072,
              5.5628724530000682,
              0,
              null
            ],
            [
              95.32983028700005,
              5.5628649780000501,
              0,
              null
            ],
            [
              95.329830737000066,
              5.5628186560000472,
              0,
              null
            ],
            [
              95.329832618000069,
              5.5626249820000453,
              0,
              null
            ],
            [
              95.329834530000085,
              5.5625873230000593,
              0,
              null
            ],
            [
              95.329836626000031,
              5.5625460050000584,
              0,
              null
            ],
            [
              95.329835777000085,
              5.5625207110000474,
              0,
              null
            ],
            [
              95.329835083000035,
              5.5625000520000754,
              0,
              null
            ],
            [
              95.329884564000054,
              5.5618364920000545,
              0,
              null
            ],
            [
              95.329902840000045,
              5.5615913920000253,
              0,
              null
            ],
            [
              95.329907732000038,
              5.5615257930000439,
              0,
              null
            ],
            [
              95.32990985400005,
              5.5614973270000405,
              0,
              null
            ],
            [
              95.329948563000073,
              5.561040073000072,
              0,
              null
            ],
            [
              95.32996982800006,
              5.5608225680000487,
              0,
              null
            ],
            [
              95.330009044000064,
              5.5604214610000327,
              0,
              null
            ],
            [
              95.330017086000055,
              5.5602586770000357,
              0,
              null
            ],
            [
              95.330063972000062,
              5.5596074590000626,
              0,
              null
            ],
            [
              95.330081831000086,
              5.5593448870000657,
              0,
              null
            ],
            [
              95.330107463000047,
              5.5590084690000481,
              0,
              null
            ],
            [
              95.330112100000065,
              5.5589532670000494,
              0,
              null
            ],
            [
              95.330127748000052,
              5.5588868050000428,
              0,
              null
            ],
            [
              95.330160860000035,
              5.5587990240000522,
              0,
              null
            ],
            [
              95.330234636000057,
              5.5588554990000603,
              0,
              null
            ],
            [
              95.330259038000065,
              5.5588823590000516,
              0,
              null
            ],
            [
              95.330465662000051,
              5.5590817900000502,
              0,
              null
            ],
            [
              95.330665320000037,
              5.5592700860000264,
              0,
              null
            ],
            [
              95.331311025000048,
              5.5598848050000242,
              0,
              null
            ],
            [
              95.331561873000055,
              5.5601220160000366,
              0,
              null
            ],
            [
              95.331820933000074,
              5.5603664000000208,
              0,
              null
            ],
            [
              95.33190131300006,
              5.5604405120000706,
              0,
              null
            ],
            [
              95.331974456000069,
              5.5605149970000411,
              0,
              null
            ],
            [
              95.332260531000031,
              5.5607872250000696,
              0,
              null
            ],
            [
              95.332559524000033,
              5.5610665750000408,
              0,
              null
            ],
            [
              95.332788088000086,
              5.561281632000032,
              0,
              null
            ],
            [
              95.333076317000064,
              5.5615552860000435,
              0,
              null
            ],
            [
              95.333333328000037,
              5.5618013770000516,
              0,
              null
            ],
            [
              95.334073406000073,
              5.5625000130000331,
              0,
              null
            ],
            [
              95.334472025000082,
              5.562875765000058,
              0,
              null
            ],
            [
              95.334939724000037,
              5.5633225740000398,
              0,
              null
            ],
            [
              95.335467780000045,
              5.5638217590000636,
              0,
              null
            ],
            [
              95.335883540000054,
              5.5642187730000501,
              0,
              null
            ],
            [
              95.335897436000039,
              5.56420552000003,
              0,
              null
            ],
            [
              95.335924797000075,
              5.5641815440000642,
              0,
              null
            ],
            [
              95.335991744000069,
              5.5641286660000446,
              0,
              null
            ],
            [
              95.336009596000054,
              5.5641150480000761,
              0,
              null
            ],
            [
              95.336028806000058,
              5.5640959450000764,
              0,
              null
            ],
            [
              95.336054715000046,
              5.5640668150000465,
              0,
              null
            ],
            [
              95.336061341000061,
              5.5640588720000324,
              0,
              null
            ],
            [
              95.336078308000083,
              5.5640385370000445,
              0,
              null
            ],
            [
              95.336110526000084,
              5.5640010820000612,
              0,
              null
            ],
            [
              95.336112030000038,
              5.5639993340000728,
              0,
              null
            ],
            [
              95.336137735000079,
              5.563969104000023,
              0,
              null
            ],
            [
              95.336153017000072,
              5.563950736000038,
              0,
              null
            ],
            [
              95.336172496000074,
              5.5639288980000288,
              0,
              null
            ],
            [
              95.336181058000079,
              5.5639194340000699,
              0,
              null
            ],
            [
              95.336239523000074,
              5.5638585430000376,
              0,
              null
            ],
            [
              95.336255114000039,
              5.563842305000037,
              0,
              null
            ],
            [
              95.336258461000057,
              5.5638388190000683,
              0,
              null
            ],
            [
              95.336359691000041,
              5.5637327860000596,
              0,
              null
            ],
            [
              95.336389472000064,
              5.5637017400000559,
              0,
              null
            ],
            [
              95.336406279000073,
              5.5636842200000274,
              0,
              null
            ],
            [
              95.336416492000069,
              5.5636735730000737,
              0,
              null
            ],
            [
              95.336455126000033,
              5.5636339640000756,
              0,
              null
            ],
            [
              95.336502334000045,
              5.5635922450000521,
              0,
              null
            ],
            [
              95.336571738000032,
              5.5635311940000634,
              0,
              null
            ],
            [
              95.336596015000055,
              5.5635098390000621,
              0,
              null
            ],
            [
              95.336602935000087,
              5.563503752000031,
              0,
              null
            ],
            [
              95.336665200000084,
              5.5634459170000241,
              0,
              null
            ],
            [
              95.336736556000062,
              5.5633831330000589,
              0,
              null
            ],
            [
              95.33675431000006,
              5.5633636680000222,
              0,
              null
            ],
            [
              95.33677904700005,
              5.5633365470000626,
              0,
              null
            ],
            [
              95.336816704000057,
              5.5632937360000483,
              0,
              null
            ],
            [
              95.33684297700006,
              5.563263867000046,
              0,
              null
            ],
            [
              95.336843332000058,
              5.5632634830000711,
              0,
              null
            ],
            [
              95.336932039000033,
              5.5631676410000637,
              0,
              null
            ],
            [
              95.336948547000077,
              5.5631490500000496,
              0,
              null
            ],
            [
              95.336985043000084,
              5.5631079470000486,
              0,
              null
            ],
            [
              95.337071218000062,
              5.5630108940000582,
              0,
              null
            ],
            [
              95.337089529000082,
              5.5629862560000447,
              0,
              null
            ],
            [
              95.337160045000076,
              5.5629858460000605,
              0,
              null
            ],
            [
              95.33749461900004,
              5.5626362730000665,
              0,
              null
            ],
            [
              95.337600702000032,
              5.5625345660000676,
              0,
              null
            ],
            [
              95.337719079000067,
              5.562530271000071,
              0,
              null
            ],
            [
              95.337754243000063,
              5.5625000620000264,
              0,
              null
            ],
            [
              95.338070311000081,
              5.5622583640000585,
              0,
              null
            ],
            [
              95.338048087000061,
              5.5620103020000329,
              0,
              null
            ],
            [
              95.33818978000005,
              5.5618305750000445,
              0,
              null
            ],
            [
              95.338176188000034,
              5.5618216580000421,
              0,
              null
            ],
            [
              95.338168143000075,
              5.5618137410000372,
              0,
              null
            ],
            [
              95.338246810000044,
              5.5617334970000343,
              0,
              null
            ],
            [
              95.338317118000077,
              5.5616648420000274,
              0,
              null
            ],
            [
              95.338353295000047,
              5.5616295140000602,
              0,
              null
            ],
            [
              95.338445763000038,
              5.5615374020000559,
              0,
              null
            ],
            [
              95.338455869000086,
              5.5615276580000454,
              0,
              null
            ],
            [
              95.338443721000033,
              5.561523692000037,
              0,
              null
            ],
            [
              95.338397735000058,
              5.5615088370000763,
              0,
              null
            ],
            [
              95.338367682000069,
              5.5614977120000617,
              0,
              null
            ],
            [
              95.338379128000042,
              5.5613474490000385,
              0,
              null
            ],
            [
              95.33838079700007,
              5.5613245820000543,
              0,
              null
            ],
            [
              95.33838555300008,
              5.5611930770000413,
              0,
              null
            ],
            [
              95.338388056000042,
              5.5611238480000225,
              0,
              null
            ],
            [
              95.33838821900008,
              5.5611193590000312,
              0,
              null
            ],
            [
              95.338391688000058,
              5.5610234130000435,
              0,
              null
            ],
            [
              95.338399580000043,
              5.5609948170000507,
              0,
              null
            ],
            [
              95.33840132000006,
              5.5609885120000513,
              0,
              null
            ],
            [
              95.338419895000072,
              5.5609724120000692,
              0,
              null
            ],
            [
              95.338440278000064,
              5.5609710200000677,
              0,
              null
            ],
            [
              95.338483623000059,
              5.5609781290000342,
              0,
              null
            ],
            [
              95.338549681000075,
              5.5609889630000566,
              0,
              null
            ],
            [
              95.338645626000073,
              5.5609970810000391,
              0,
              null
            ],
            [
              95.33868552000007,
              5.5610004560000448,
              0,
              null
            ],
            [
              95.338701013000048,
              5.5610017670000502,
              0,
              null
            ],
            [
              95.338734296000041,
              5.5610045820000664,
              0,
              null
            ],
            [
              95.338744894000058,
              5.561003989000028,
              0,
              null
            ],
            [
              95.338752236000062,
              5.5609988980000367,
              0,
              null
            ],
            [
              95.33875716700004,
              5.5609797070000582,
              0,
              null
            ],
            [
              95.33876908600007,
              5.5607906450000542,
              0,
              null
            ],
            [
              95.338769412000033,
              5.5607872220000445,
              0,
              null
            ],
            [
              95.338780286000031,
              5.5606730570000309,
              0,
              null
            ],
            [
              95.338781735000055,
              5.5606292000000508,
              0,
              null
            ],
            [
              95.338782648000063,
              5.5606015940000475,
              0,
              null
            ],
            [
              95.338780222000082,
              5.5605905580000581,
              0,
              null
            ],
            [
              95.338774197000077,
              5.5605292700000746,
              0,
              null
            ],
            [
              95.338825838000048,
              5.5605251330000556,
              0,
              null
            ],
            [
              95.33891804600006,
              5.5605201850000299,
              0,
              null
            ],
            [
              95.33902749300006,
              5.5605173190000414,
              0,
              null
            ],
            [
              95.339074526000047,
              5.5605147390000411,
              0,
              null
            ],
            [
              95.339085795000074,
              5.5605141220000291,
              0,
              null
            ],
            [
              95.339085900000043,
              5.5605223850000698,
              0,
              null
            ],
            [
              95.339089700000045,
              5.5605777790000275,
              0,
              null
            ],
            [
              95.339091585000062,
              5.560606731000064,
              0,
              null
            ],
            [
              95.339094675000069,
              5.560654229000022,
              0,
              null
            ],
            [
              95.339102893000074,
              5.5607589320000557,
              0,
              null
            ],
            [
              95.339110606000077,
              5.5608069550000323,
              0,
              null
            ],
            [
              95.339111069000069,
              5.5608098340000538,
              0,
              null
            ],
            [
              95.339118576000033,
              5.5608216540000512,
              0,
              null
            ],
            [
              95.339130588000046,
              5.5608317760000432,
              0,
              null
            ],
            [
              95.339134873000035,
              5.5608327600000393,
              0,
              null
            ],
            [
              95.339140186000066,
              5.5608339790000514,
              0,
              null
            ],
            [
              95.339152094000042,
              5.5608338780000395,
              0,
              null
            ],
            [
              95.339160965000076,
              5.5608298750000245,
              0,
              null
            ],
            [
              95.339198571000054,
              5.5607945180000229,
              0,
              null
            ],
            [
              95.339218049000067,
              5.5607777950000354,
              0,
              null
            ],
            [
              95.339220222000051,
              5.5607759300000339,
              0,
              null
            ],
            [
              95.339231537000046,
              5.5607697380000332,
              0,
              null
            ],
            [
              95.339236220000032,
              5.5607693010000503,
              0,
              null
            ],
            [
              95.339249519000077,
              5.5607680580000647,
              0,
              null
            ],
            [
              95.339269914000056,
              5.5607786880000276,
              0,
              null
            ],
            [
              95.339316495000048,
              5.5608183200000667,
              0,
              null
            ],
            [
              95.339345491000074,
              5.56084807000002,
              0,
              null
            ],
            [
              95.339383824000038,
              5.5608816550000597,
              0,
              null
            ],
            [
              95.339385034000031,
              5.5608827140000585,
              0,
              null
            ],
            [
              95.339410999000052,
              5.5609036900000319,
              0,
              null
            ],
            [
              95.339421149000032,
              5.5609105750000367,
              0,
              null
            ],
            [
              95.339436725000041,
              5.5609211410000512,
              0,
              null
            ],
            [
              95.339455609000083,
              5.5609270440000387,
              0,
              null
            ],
            [
              95.339466479000066,
              5.5609304420000285,
              0,
              null
            ],
            [
              95.339501939000058,
              5.5609386530000506,
              0,
              null
            ],
            [
              95.339534238000056,
              5.5609505200000626,
              0,
              null
            ],
            [
              95.339553821000038,
              5.5609604090000744,
              0,
              null
            ],
            [
              95.33956446600007,
              5.5609657850000644,
              0,
              null
            ],
            [
              95.339577571000063,
              5.5609762720000617,
              0,
              null
            ],
            [
              95.339584724000076,
              5.5609829780000268,
              0,
              null
            ],
            [
              95.339595233000068,
              5.5609913930000516,
              0,
              null
            ],
            [
              95.339604381000072,
              5.5609987180000644,
              0,
              null
            ],
            [
              95.339626339000063,
              5.5610158470000215,
              0,
              null
            ],
            [
              95.339648897000075,
              5.5610120850000726,
              0,
              null
            ],
            [
              95.339648919000069,
              5.5609903370000211,
              0,
              null
            ],
            [
              95.339664733000063,
              5.5609491010000625,
              0,
              null
            ],
            [
              95.339695000000063,
              5.5608827340000744,
              0,
              null
            ],
            [
              95.339735848000032,
              5.5608051100000466,
              0,
              null
            ],
            [
              95.33973628800004,
              5.5608042750000664,
              0,
              null
            ],
            [
              95.339753181000049,
              5.5607644270000378,
              0,
              null
            ],
            [
              95.339762589000031,
              5.5607230630000686,
              0,
              null
            ],
            [
              95.339764634000062,
              5.560698913000067,
              0,
              null
            ],
            [
              95.339767442000038,
              5.5606657460000406,
              0,
              null
            ],
            [
              95.339770184000031,
              5.5605810390000556,
              0,
              null
            ],
            [
              95.339770190000081,
              5.5605806970000344,
              0,
              null
            ],
            [
              95.339771169000073,
              5.5605268490000412,
              0,
              null
            ],
            [
              95.339771896000059,
              5.5604869360000748,
              0,
              null
            ],
            [
              95.339774742000031,
              5.5604039880000755,
              0,
              null
            ],
            [
              95.339779348000036,
              5.5602697550000357,
              0,
              null
            ],
            [
              95.339780651000069,
              5.5602317910000352,
              0,
              null
            ],
            [
              95.339794018000077,
              5.560231854000051,
              0,
              null
            ],
            [
              95.339943950000077,
              5.5602325560000736,
              0,
              null
            ],
            [
              95.340104437000036,
              5.5602311150000219,
              0,
              null
            ],
            [
              95.340221137000071,
              5.5602281120000612,
              0,
              null
            ],
            [
              95.340338992000056,
              5.5602254030000609,
              0,
              null
            ],
            [
              95.340471773000047,
              5.5602191180000204,
              0,
              null
            ],
            [
              95.340611387000081,
              5.5602162410000346,
              0,
              null
            ],
            [
              95.340699723000057,
              5.5602177610000467,
              0,
              null
            ],
            [
              95.340806463000035,
              5.5602193810000244,
              0,
              null
            ],
            [
              95.340909401000033,
              5.5602224340000248,
              0,
              null
            ],
            [
              95.341014384000061,
              5.5602246300000502,
              0,
              null
            ],
            [
              95.341197434000037,
              5.5602369190000331,
              0,
              null
            ],
            [
              95.341275502000087,
              5.5602438050000274,
              0,
              null
            ],
            [
              95.341332000000079,
              5.5602487870000346,
              0,
              null
            ],
            [
              95.341382782000039,
              5.5602555090000578,
              0,
              null
            ],
            [
              95.34143937500005,
              5.5602672430000553,
              0,
              null
            ],
            [
              95.34145856300006,
              5.560271794000073,
              0,
              null
            ],
            [
              95.341486552000049,
              5.5602784330000645,
              0,
              null
            ],
            [
              95.341491255000051,
              5.5602623650000282,
              0,
              null
            ],
            [
              95.341508293000061,
              5.5602041570000438,
              0,
              null
            ],
            [
              95.341521840000041,
              5.5601325330000577,
              0,
              null
            ],
            [
              95.341550543000039,
              5.5599375050000504,
              0,
              null
            ],
            [
              95.341563946000065,
              5.5599393770000347,
              0,
              null
            ],
            [
              95.341855140000064,
              5.5599802060000343,
              0,
              null
            ],
            [
              95.342223195000031,
              5.560097588000076,
              0,
              null
            ],
            [
              95.342416686000035,
              5.5601083440000707,
              0,
              null
            ],
            [
              95.342442447000053,
              5.5601186640000719,
              0,
              null
            ],
            [
              95.342459685000051,
              5.5601311030000602,
              0,
              null
            ],
            [
              95.342467026000065,
              5.5601404040000375,
              0,
              null
            ],
            [
              95.342460344000074,
              5.5601503280000202,
              0,
              null
            ],
            [
              95.342458829000066,
              5.5601639380000734,
              0,
              null
            ],
            [
              95.34245585900004,
              5.5602410980000627,
              0,
              null
            ],
            [
              95.34245313100007,
              5.5603337580000698,
              0,
              null
            ],
            [
              95.342450061000079,
              5.5603696100000661,
              0,
              null
            ],
            [
              95.342446460000076,
              5.5604010350000408,
              0,
              null
            ],
            [
              95.342435632000047,
              5.5604597680000438,
              0,
              null
            ],
            [
              95.342431698000041,
              5.560491637000041,
              0,
              null
            ],
            [
              95.342416040000046,
              5.5608047830000373,
              0,
              null
            ],
            [
              95.342403747000048,
              5.5610085530000219,
              0,
              null
            ],
            [
              95.342400811000061,
              5.5610395410000706,
              0,
              null
            ],
            [
              95.342387702000053,
              5.5610918380000385,
              0,
              null
            ],
            [
              95.342376408000064,
              5.5611149140000293,
              0,
              null
            ],
            [
              95.342361255000071,
              5.5611383040000533,
              0,
              null
            ],
            [
              95.342288223000082,
              5.5612152900000638,
              0,
              null
            ],
            [
              95.342183959000067,
              5.5613241000000357,
              0,
              null
            ],
            [
              95.342065664000074,
              5.5614528780000683,
              0,
              null
            ],
            [
              95.341932272000065,
              5.5615942990000349,
              0,
              null
            ],
            [
              95.341813215000059,
              5.5617197540000234,
              0,
              null
            ],
            [
              95.341610421000041,
              5.5619410570000696,
              0,
              null
            ],
            [
              95.341559134000079,
              5.5620028880000518,
              0,
              null
            ],
            [
              95.341557395000052,
              5.5620169420000707,
              0,
              null
            ],
            [
              95.341562372000055,
              5.5620366810000519,
              0,
              null
            ],
            [
              95.341565589000083,
              5.5620423860000301,
              0,
              null
            ],
            [
              95.341572329000087,
              5.5620543400000315,
              0,
              null
            ],
            [
              95.341667964000067,
              5.5621450010000331,
              0,
              null
            ],
            [
              95.341776996000078,
              5.5622516800000312,
              0,
              null
            ],
            [
              95.341784797000059,
              5.5622591760000546,
              0,
              null
            ],
            [
              95.341916494000031,
              5.5623857100000578,
              0,
              null
            ],
            [
              95.342037537000067,
              5.5625000900000714,
              0,
              null
            ],
            [
              95.34208742800007,
              5.5625472310000532,
              0,
              null
            ],
            [
              95.34209379400005,
              5.5625532450000605,
              0,
              null
            ],
            [
              95.342154637000078,
              5.5626079810000419,
              0,
              null
            ],
            [
              95.342290285000047,
              5.5627273570000284,
              0,
              null
            ],
            [
              95.342307188000063,
              5.5627462230000333,
              0,
              null
            ],
            [
              95.342312186000072,
              5.5627549610000528,
              0,
              null
            ],
            [
              95.342316247000042,
              5.5627702160000467,
              0,
              null
            ],
            [
              95.342316784000047,
              5.5627823950000561,
              0,
              null
            ],
            [
              95.342319693000036,
              5.5628485050000336,
              0,
              null
            ],
            [
              95.342285428000082,
              5.5628552790000754,
              0,
              null
            ],
            [
              95.342255144000035,
              5.5628694320000704,
              0,
              null
            ],
            [
              95.342249141000082,
              5.5628722370000219,
              0,
              null
            ],
            [
              95.341877182000076,
              5.5632965630000513,
              0,
              null
            ],
            [
              95.34175401300007,
              5.56343608800006,
              0,
              null
            ],
            [
              95.341687706000073,
              5.5635108240000477,
              0,
              null
            ],
            [
              95.341533709000032,
              5.5636778740000636,
              0,
              null
            ],
            [
              95.340841078000039,
              5.5644282890000341,
              0,
              null
            ],
            [
              95.340816523000058,
              5.5644582820000323,
              0,
              null
            ],
            [
              95.340767557000049,
              5.564521735000028,
              0,
              null
            ],
            [
              95.340662014000031,
              5.5647137650000218,
              0,
              null
            ],
            [
              95.340559250000069,
              5.5648439830000598,
              0,
              null
            ],
            [
              95.340493121000065,
              5.5650921940000444,
              0,
              null
            ],
            [
              95.340454882000074,
              5.5652392480000685,
              0,
              null
            ],
            [
              95.340361435000034,
              5.5655489790000274,
              0,
              null
            ],
            [
              95.340337508000061,
              5.5656331590000718,
              0,
              null
            ],
            [
              95.340241044000038,
              5.5659462330000338,
              0,
              null
            ],
            [
              95.340210239000044,
              5.566039020000062,
              0,
              null
            ],
            [
              95.340162211000063,
              5.5661064300000476,
              0,
              null
            ],
            [
              95.340077475000044,
              5.5662251610000339,
              0,
              null
            ],
            [
              95.34003262400006,
              5.566280655000071,
              0,
              null
            ],
            [
              95.339550470000063,
              5.5668037890000619,
              0,
              null
            ],
            [
              95.33911409500007,
              5.5672694930000262,
              0,
              null
            ],
            [
              95.33921330700008,
              5.5673744200000215,
              0,
              null
            ],
            [
              95.339313749000041,
              5.5674930100000211,
              0,
              null
            ],
            [
              95.339430667000045,
              5.5676330510000298,
              0,
              null
            ],
            [
              95.339685489000033,
              5.5679375630000436,
              0,
              null
            ],
            [
              95.33971727100004,
              5.5679752260000441,
              0,
              null
            ],
            [
              95.339786493000076,
              5.5680585880000422,
              0,
              null
            ]
          ]
        ]
      },
      "properties" : {
        "FID" : 0,
        "OBJECTID" : 1880,
        "KDPPUM" : "11",
        "NAMOBJ" : "Bandar Baru",
        "REMARK" : " ",
        "KDPBPS" : " ",
        "FCODE" : "BA03070040",
        "LUASWH" : 0,
        "UUPP" : "RBI",
        "SRS_ID" : "SRGI 2013",
        "METADATA" : "TASWIL1000020200326DATA_BATAS_DESA_KELURAHAN",
        "KDEBPS" : " ",
        "KDEPUM" : "11.71.02.2008",
        "KDCBPS" : " ",
        "KDCPUM" : "11.71.02",
        "KDBBPS" : " ",
        "WADMKD" : "Bandar Baru",
        "WIADKD" : "0",
        "WADMKC" : "Kuta Alam",
        "WIADKC" : " ",
        "WADMKK" : "Kota Banda Aceh",
        "WIADKK" : " ",
        "WADMPR" : "Aceh",
        "WIADPR" : " ",
        "TIPADM" : 9,
        "KDPKAB" : "11.71",
        "SHAPE_Leng" : 0.055814954278935,
        "SHAPE_Area" : 8.8584604693999996e-05
      }
    }
  ]
}