{
  "hasZ" : true,
  "hasM" : true,
  "type" : "FeatureCollection",
  "features" : [
    {
      "type" : "Feature",
      "id" : 0,
      "geometry" : {
        "type" : "Polygon",
        "coordinates" : [
          [
            [
              95.298931325000069,
              5.5348327140000606,
              0,
              null
            ],
            [
              95.29888466500006,
              5.5348697390000439,
              0,
              null
            ],
            [
              95.29885826900005,
              5.5349025370000504,
              0,
              null
            ],
            [
              95.298837374000072,
              5.5349417310000604,
              0,
              null
            ],
            [
              95.298828180000044,
              5.5349693240000306,
              0,
              null
            ],
            [
              95.298824826000043,
              5.5349793920000252,
              0,
              null
            ],
            [
              95.298796202000062,
              5.5351241850000292,
              0,
              null
            ],
            [
              95.298786907000078,
              5.5351739550000616,
              0,
              null
            ],
            [
              95.298761245000037,
              5.53531137300007,
              0,
              null
            ],
            [
              95.298744558000067,
              5.535400725000045,
              0,
              null
            ],
            [
              95.29871180400005,
              5.5355344260000265,
              0,
              null
            ],
            [
              95.298705712000071,
              5.5355531070000552,
              0,
              null
            ],
            [
              95.298690184000066,
              5.5356007220000265,
              0,
              null
            ],
            [
              95.29866312300004,
              5.5356624660000762,
              0,
              null
            ],
            [
              95.298635296000043,
              5.5357006930000239,
              0,
              null
            ],
            [
              95.298598523000067,
              5.5357353380000518,
              0,
              null
            ],
            [
              95.29855486200006,
              5.5357594080000467,
              0,
              null
            ],
            [
              95.298510814000053,
              5.5357719800000496,
              0,
              null
            ],
            [
              95.298470854000072,
              5.5357755790000738,
              0,
              null
            ],
            [
              95.298440613000082,
              5.5357767350000699,
              0,
              null
            ],
            [
              95.298408445000064,
              5.5357779640000331,
              0,
              null
            ],
            [
              95.298360569000067,
              5.5357734940000682,
              0,
              null
            ],
            [
              95.298296844000049,
              5.5357578600000465,
              0,
              null
            ],
            [
              95.298156920000054,
              5.5357159120000574,
              0,
              null
            ],
            [
              95.298102349000033,
              5.5356992370000739,
              0,
              null
            ],
            [
              95.29798089500008,
              5.5356617950000668,
              0,
              null
            ],
            [
              95.297959580000054,
              5.5356552250000277,
              0,
              null
            ],
            [
              95.297745874000043,
              5.535587362000058,
              0,
              null
            ],
            [
              95.297589582000057,
              5.5355377300000441,
              0,
              null
            ],
            [
              95.297576021000054,
              5.5355336780000357,
              0,
              null
            ],
            [
              95.297319916000049,
              5.5354571580000425,
              0,
              null
            ],
            [
              95.297190665000073,
              5.5354185400000233,
              0,
              null
            ],
            [
              95.296897425000054,
              5.5353249430000346,
              0,
              null
            ],
            [
              95.296751738000069,
              5.5352784420000489,
              0,
              null
            ],
            [
              95.296604664000085,
              5.5352319010000315,
              0,
              null
            ],
            [
              95.296511872000053,
              5.5352025380000214,
              0,
              null
            ],
            [
              95.296425311000064,
              5.5351790550000715,
              0,
              null
            ],
            [
              95.296407878000082,
              5.5351762070000632,
              0,
              null
            ],
            [
              95.296365426000079,
              5.5351692710000293,
              0,
              null
            ],
            [
              95.296314427000084,
              5.5351720320000481,
              0,
              null
            ],
            [
              95.296299060000081,
              5.5351728640000601,
              0,
              null
            ],
            [
              95.296250928000063,
              5.5351797620000411,
              0,
              null
            ],
            [
              95.296220626000036,
              5.5351841050000417,
              0,
              null
            ],
            [
              95.296036409000067,
              5.5352131600000689,
              0,
              null
            ],
            [
              95.295975400000032,
              5.5352227830000515,
              0,
              null
            ],
            [
              95.295819914000049,
              5.5352473060000307,
              0,
              null
            ],
            [
              95.295745124000064,
              5.5352619940000523,
              0,
              null
            ],
            [
              95.295713001000081,
              5.5352683030000662,
              0,
              null
            ],
            [
              95.295667149000053,
              5.5352832960000455,
              0,
              null
            ],
            [
              95.295642172000044,
              5.5353029180000703,
              0,
              null
            ],
            [
              95.295584811000083,
              5.5353674640000463,
              0,
              null
            ],
            [
              95.295529047000059,
              5.5354369930000757,
              0,
              null
            ],
            [
              95.295494318000067,
              5.5354962440000577,
              0,
              null
            ],
            [
              95.295467857000062,
              5.5355544790000408,
              0,
              null
            ],
            [
              95.29544694100008,
              5.5356094550000421,
              0,
              null
            ],
            [
              95.295312606000039,
              5.5355421490000367,
              0,
              null
            ],
            [
              95.295064776000061,
              5.5354014590000702,
              0,
              null
            ],
            [
              95.295053625000037,
              5.5354152240000758,
              0,
              null
            ],
            [
              95.295033262000061,
              5.5354313300000513,
              0,
              null
            ],
            [
              95.295030270000041,
              5.5354330210000739,
              0,
              null
            ],
            [
              95.295004241000072,
              5.5354477310000334,
              0,
              null
            ],
            [
              95.294984989000056,
              5.5354570070000477,
              0,
              null
            ],
            [
              95.294959711000047,
              5.5354664880000541,
              0,
              null
            ],
            [
              95.294944835000081,
              5.5354713370000468,
              0,
              null
            ],
            [
              95.294921293000073,
              5.5354770140000369,
              0,
              null
            ],
            [
              95.294909089000043,
              5.5354798090000372,
              0,
              null
            ],
            [
              95.294878146000087,
              5.5354868800000645,
              0,
              null
            ],
            [
              95.294818821000035,
              5.5354986260000487,
              0,
              null
            ],
            [
              95.294762523000031,
              5.535511427000074,
              0,
              null
            ],
            [
              95.294709114000057,
              5.5355225620000397,
              0,
              null
            ],
            [
              95.294677487000058,
              5.5355301870000631,
              0,
              null
            ],
            [
              95.294655998000053,
              5.5355370770000718,
              0,
              null
            ],
            [
              95.29463822200006,
              5.5355433200000448,
              0,
              null
            ],
            [
              95.294620272000031,
              5.5355509190000589,
              0,
              null
            ],
            [
              95.294602636000036,
              5.53556037900006,
              0,
              null
            ],
            [
              95.294582597000044,
              5.5355738710000537,
              0,
              null
            ],
            [
              95.294569660000036,
              5.5355855730000485,
              0,
              null
            ],
            [
              95.294561178000038,
              5.535574987000075,
              0,
              null
            ],
            [
              95.294545545000062,
              5.5355558480000582,
              0,
              null
            ],
            [
              95.294541370000047,
              5.535550737000051,
              0,
              null
            ],
            [
              95.294525801000077,
              5.5355277560000218,
              0,
              null
            ],
            [
              95.294500062000054,
              5.5354832100000522,
              0,
              null
            ],
            [
              95.294487797000045,
              5.5354619100000377,
              0,
              null
            ],
            [
              95.294476657000075,
              5.5354425610000249,
              0,
              null
            ],
            [
              95.294465562000084,
              5.5354195450000248,
              0,
              null
            ],
            [
              95.29445327500008,
              5.5354200270000433,
              0,
              null
            ],
            [
              95.294443237000053,
              5.5354202280000209,
              0,
              null
            ],
            [
              95.294434901000045,
              5.5354203230000394,
              0,
              null
            ],
            [
              95.294419646000051,
              5.5354203910000592,
              0,
              null
            ],
            [
              95.294398110000031,
              5.5354196700000671,
              0,
              null
            ],
            [
              95.294383352000068,
              5.5354187260000458,
              0,
              null
            ],
            [
              95.294379205000041,
              5.5354184600000735,
              0,
              null
            ],
            [
              95.294358931000033,
              5.5354153470000256,
              0,
              null
            ],
            [
              95.294326441000067,
              5.5354097880000381,
              0,
              null
            ],
            [
              95.294289315000071,
              5.5354035410000506,
              0,
              null
            ],
            [
              95.294252652000068,
              5.5353973730000234,
              0,
              null
            ],
            [
              95.294238614000051,
              5.535395205000043,
              0,
              null
            ],
            [
              95.294209838000086,
              5.5353907590000517,
              0,
              null
            ],
            [
              95.294148889000041,
              5.5353811700000506,
              0,
              null
            ],
            [
              95.294114381000043,
              5.5353762320000328,
              0,
              null
            ],
            [
              95.294079240000087,
              5.5353710440000441,
              0,
              null
            ],
            [
              95.294060607000063,
              5.5353676900000437,
              0,
              null
            ],
            [
              95.294047013000068,
              5.5353633410000498,
              0,
              null
            ],
            [
              95.294037833000061,
              5.5353595170000744,
              0,
              null
            ],
            [
              95.294026765000069,
              5.5353529070000604,
              0,
              null
            ],
            [
              95.294017351000036,
              5.5353447900000674,
              0,
              null
            ],
            [
              95.294012100000032,
              5.5353351740000676,
              0,
              null
            ],
            [
              95.294008370000086,
              5.5353225330000555,
              0,
              null
            ],
            [
              95.29400640700004,
              5.5353071200000272,
              0,
              null
            ],
            [
              95.294006886000034,
              5.5352838870000483,
              0,
              null
            ],
            [
              95.294013560000053,
              5.535185044000059,
              0,
              null
            ],
            [
              95.294013680000035,
              5.5351834700000495,
              0,
              null
            ],
            [
              95.294002447000082,
              5.5351824380000494,
              0,
              null
            ],
            [
              95.293979278000052,
              5.5351793120000252,
              0,
              null
            ],
            [
              95.293970925000053,
              5.5351781850000634,
              0,
              null
            ],
            [
              95.293943414000069,
              5.5351746310000749,
              0,
              null
            ],
            [
              95.293912638000052,
              5.535168929000065,
              0,
              null
            ],
            [
              95.293894640000076,
              5.5351640990000419,
              0,
              null
            ],
            [
              95.293877949000034,
              5.5351591020000228,
              0,
              null
            ],
            [
              95.293858489000058,
              5.5351519730000405,
              0,
              null
            ],
            [
              95.29383510200006,
              5.5351416950000498,
              0,
              null
            ],
            [
              95.293814499000064,
              5.5351327540000739,
              0,
              null
            ],
            [
              95.293800759000078,
              5.5351279350000482,
              0,
              null
            ],
            [
              95.293782090000036,
              5.5351247440000293,
              0,
              null
            ],
            [
              95.293763764000062,
              5.5351213890000395,
              0,
              null
            ],
            [
              95.293743459000041,
              5.5351196680000498,
              0,
              null
            ],
            [
              95.293723404000048,
              5.5351186240000629,
              0,
              null
            ],
            [
              95.29371937600007,
              5.5351184150000563,
              0,
              null
            ],
            [
              95.293693663000056,
              5.5351178270000219,
              0,
              null
            ],
            [
              95.293656808000037,
              5.5351171840000575,
              0,
              null
            ],
            [
              95.293585220000068,
              5.5351165660000561,
              0,
              null
            ],
            [
              95.293554487000051,
              5.5351160990000494,
              0,
              null
            ],
            [
              95.293527841000071,
              5.5351156940000692,
              0,
              null
            ],
            [
              95.293485417000056,
              5.5351143760000241,
              0,
              null
            ],
            [
              95.293414332000054,
              5.5351131050000504,
              0,
              null
            ],
            [
              95.293401864000032,
              5.5351128290000702,
              0,
              null
            ],
            [
              95.293360109000048,
              5.5351119050000648,
              0,
              null
            ],
            [
              95.293345192000061,
              5.5351154520000705,
              0,
              null
            ],
            [
              95.293336151000062,
              5.5351219860000356,
              0,
              null
            ],
            [
              95.293325603000085,
              5.5351171090000548,
              0,
              null
            ],
            [
              95.29329273500008,
              5.5351019700000279,
              0,
              null
            ],
            [
              95.293250912000076,
              5.5350855900000511,
              0,
              null
            ],
            [
              95.293230357000084,
              5.5350777330000369,
              0,
              null
            ],
            [
              95.293122727000082,
              5.5350365950000651,
              0,
              null
            ],
            [
              95.293109390000041,
              5.5350314580000486,
              0,
              null
            ],
            [
              95.293056745000058,
              5.5350111790000369,
              0,
              null
            ],
            [
              95.292987141000083,
              5.5349866540000221,
              0,
              null
            ],
            [
              95.292926368000053,
              5.5349670690000607,
              0,
              null
            ],
            [
              95.292890491000037,
              5.5349555080000528,
              0,
              null
            ],
            [
              95.292850275000035,
              5.5349441290000527,
              0,
              null
            ],
            [
              95.29282826900004,
              5.5349387990000309,
              0,
              null
            ],
            [
              95.292817316000082,
              5.5349360490000663,
              0,
              null
            ],
            [
              95.292818287000046,
              5.5349329270000567,
              0,
              null
            ],
            [
              95.292818372000056,
              5.5349326580000593,
              0,
              null
            ],
            [
              95.292853126000068,
              5.5348222950000263,
              0,
              null
            ],
            [
              95.292858496000065,
              5.5348059450000733,
              0,
              null
            ],
            [
              95.292893492000076,
              5.5346994120000659,
              0,
              null
            ],
            [
              95.292921491000072,
              5.5346141720000332,
              0,
              null
            ],
            [
              95.292649193000045,
              5.5345053160000361,
              0,
              null
            ],
            [
              95.292641937000042,
              5.5345140130000345,
              0,
              null
            ],
            [
              95.29263934800008,
              5.5345147770000267,
              0,
              null
            ],
            [
              95.292635818000065,
              5.5345158170000559,
              0,
              null
            ],
            [
              95.292628801000035,
              5.5345161160000202,
              0,
              null
            ],
            [
              95.292621100000076,
              5.5345146720000571,
              0,
              null
            ],
            [
              95.292603666000048,
              5.5345088640000313,
              0,
              null
            ],
            [
              95.292529368000032,
              5.5344812560000491,
              0,
              null
            ],
            [
              95.292450427000063,
              5.5344522020000682,
              0,
              null
            ],
            [
              95.292427227000076,
              5.5344436680000513,
              0,
              null
            ],
            [
              95.29241522500007,
              5.5344404780000218,
              0,
              null
            ],
            [
              95.292402657000082,
              5.5344402380000588,
              0,
              null
            ],
            [
              95.292392345000053,
              5.5344425010000577,
              0,
              null
            ],
            [
              95.292382488000044,
              5.5344503130000362,
              0,
              null
            ],
            [
              95.292374204000055,
              5.5344614280000428,
              0,
              null
            ],
            [
              95.292367286000058,
              5.5344782130000567,
              0,
              null
            ],
            [
              95.292353313000035,
              5.5345158710000533,
              0,
              null
            ],
            [
              95.29234288300006,
              5.5345467720000556,
              0,
              null
            ],
            [
              95.292331103000038,
              5.5345816730000479,
              0,
              null
            ],
            [
              95.292308683000044,
              5.5346515430000522,
              0,
              null
            ],
            [
              95.292294831000049,
              5.5346982680000565,
              0,
              null
            ],
            [
              95.29228413800007,
              5.5347343360000423,
              0,
              null
            ],
            [
              95.292275501000063,
              5.5347634690000405,
              0,
              null
            ],
            [
              95.292253989000073,
              5.5348372050000307,
              0,
              null
            ],
            [
              95.292248564000033,
              5.5348515130000351,
              0,
              null
            ],
            [
              95.292239307000045,
              5.5348759230000724,
              0,
              null
            ],
            [
              95.292224326000053,
              5.534904961000052,
              0,
              null
            ],
            [
              95.29221906500004,
              5.5349186490000761,
              0,
              null
            ],
            [
              95.292210667000063,
              5.534909055000071,
              0,
              null
            ],
            [
              95.292206174000057,
              5.534904751000056,
              0,
              null
            ],
            [
              95.292201505000037,
              5.5349009540000225,
              0,
              null
            ],
            [
              95.292197027000043,
              5.534897835000038,
              0,
              null
            ],
            [
              95.29219213500005,
              5.5348948710000627,
              0,
              null
            ],
            [
              95.292186026000081,
              5.5348920290000478,
              0,
              null
            ],
            [
              95.292177098000082,
              5.5348883580000461,
              0,
              null
            ],
            [
              95.292166809000037,
              5.5348847820000628,
              0,
              null
            ],
            [
              95.292153279000047,
              5.5348805220000372,
              0,
              null
            ],
            [
              95.292132000000038,
              5.5348742590000484,
              0,
              null
            ],
            [
              95.292109359000051,
              5.5348680010000635,
              0,
              null
            ],
            [
              95.292103269000052,
              5.5348663250000527,
              0,
              null
            ],
            [
              95.292087396000056,
              5.5348619570000324,
              0,
              null
            ],
            [
              95.292059092000045,
              5.5348562550000224,
              0,
              null
            ],
            [
              95.292011201000037,
              5.5348480150000228,
              0,
              null
            ],
            [
              95.291962212000044,
              5.5348394450000455,
              0,
              null
            ],
            [
              95.291956404000075,
              5.5348384280000573,
              0,
              null
            ],
            [
              95.291892031000032,
              5.5348253170000703,
              0,
              null
            ],
            [
              95.291855960000078,
              5.5348173850000535,
              0,
              null
            ],
            [
              95.291799579000042,
              5.5348042790000704,
              0,
              null
            ],
            [
              95.291784953000047,
              5.534800654000037,
              0,
              null
            ],
            [
              95.291784583000037,
              5.5348018440000715,
              0,
              null
            ],
            [
              95.29166663400008,
              5.5347701340000413,
              0,
              null
            ],
            [
              95.291573903000085,
              5.5347433750000619,
              0,
              null
            ],
            [
              95.291519573000073,
              5.5347262030000479,
              0,
              null
            ],
            [
              95.29147540200006,
              5.5347117300000264,
              0,
              null
            ],
            [
              95.291440119000072,
              5.534699961000058,
              0,
              null
            ],
            [
              95.291403295000066,
              5.5346886060000315,
              0,
              null
            ],
            [
              95.291353197000035,
              5.534673984000051,
              0,
              null
            ],
            [
              95.29128912200008,
              5.5346563790000687,
              0,
              null
            ],
            [
              95.291228021000052,
              5.5346400460000496,
              0,
              null
            ],
            [
              95.291164655000046,
              5.5346240020000437,
              0,
              null
            ],
            [
              95.291074173000084,
              5.534601427000041,
              0,
              null
            ],
            [
              95.290927644000078,
              5.5345621350000442,
              0,
              null
            ],
            [
              95.290796131000036,
              5.5345191320000708,
              0,
              null
            ],
            [
              95.290782506000085,
              5.5345141240000544,
              0,
              null
            ],
            [
              95.29063893600005,
              5.5344613460000573,
              0,
              null
            ],
            [
              95.290487366000036,
              5.534414249000065,
              0,
              null
            ],
            [
              95.29042282000006,
              5.5343914030000292,
              0,
              null
            ],
            [
              95.290404157000069,
              5.5343826980000586,
              0,
              null
            ],
            [
              95.290382464000061,
              5.5343788490000634,
              0,
              null
            ],
            [
              95.290383876000078,
              5.534360720000052,
              0,
              null
            ],
            [
              95.290384073000041,
              5.5343469800000662,
              0,
              null
            ],
            [
              95.290384629000073,
              5.5343295950000311,
              0,
              null
            ],
            [
              95.29038937100006,
              5.5342913950000252,
              0,
              null
            ],
            [
              95.290415006000046,
              5.5341497130000334,
              0,
              null
            ],
            [
              95.290448446000084,
              5.533982672000036,
              0,
              null
            ],
            [
              95.290487190000078,
              5.5338021260000687,
              0,
              null
            ],
            [
              95.290508332000059,
              5.5337065420000613,
              0,
              null
            ],
            [
              95.290541893000068,
              5.5335639620000734,
              0,
              null
            ],
            [
              95.290582373000063,
              5.5333932420000451,
              0,
              null
            ],
            [
              95.290620084000068,
              5.5332246850000502,
              0,
              null
            ],
            [
              95.290661106000073,
              5.5330442310000763,
              0,
              null
            ],
            [
              95.290664111000069,
              5.5330310100000588,
              0,
              null
            ],
            [
              95.290555900000072,
              5.5330077270000402,
              0,
              null
            ],
            [
              95.290434937000043,
              5.5329828950000319,
              0,
              null
            ],
            [
              95.290232967000065,
              5.5329389470000478,
              0,
              null
            ],
            [
              95.290172098000085,
              5.5329244480000739,
              0,
              null
            ],
            [
              95.290121961000068,
              5.5329139660000237,
              0,
              null
            ],
            [
              95.290091315000041,
              5.532906826000044,
              0,
              null
            ],
            [
              95.290070593000053,
              5.5328997730000538,
              0,
              null
            ],
            [
              95.290059911000071,
              5.5328942740000571,
              0,
              null
            ],
            [
              95.290047989000072,
              5.5328856010000322,
              0,
              null
            ],
            [
              95.290035313000033,
              5.5328715520000742,
              0,
              null
            ],
            [
              95.290022623000084,
              5.5328584620000356,
              0,
              null
            ],
            [
              95.290022595000039,
              5.5328584290000435,
              0,
              null
            ],
            [
              95.290007340000045,
              5.532836011000029,
              0,
              null
            ],
            [
              95.290166139000064,
              5.5327192450000666,
              0,
              null
            ],
            [
              95.290271435000079,
              5.5326399250000691,
              0,
              null
            ],
            [
              95.290309767000053,
              5.5326110500000709,
              0,
              null
            ],
            [
              95.29048479100004,
              5.5324796020000235,
              0,
              null
            ],
            [
              95.290601220000042,
              5.5323949680000624,
              0,
              null
            ],
            [
              95.29060770500007,
              5.5323901000000433,
              0,
              null
            ],
            [
              95.290589478000072,
              5.5323354450000579,
              0,
              null
            ],
            [
              95.29052673700005,
              5.5321587030000501,
              0,
              null
            ],
            [
              95.290465303000076,
              5.5318250650000209,
              0,
              null
            ],
            [
              95.290414703000067,
              5.5315774850000707,
              0,
              null
            ],
            [
              95.290349645000049,
              5.531294563000074,
              0,
              null
            ],
            [
              95.290344703000073,
              5.5312505760000477,
              0,
              null
            ],
            [
              95.290328664000072,
              5.5310550840000587,
              0,
              null
            ],
            [
              95.290341587000057,
              5.5310563810000417,
              0,
              null
            ],
            [
              95.290355332000047,
              5.5310529110000743,
              0,
              null
            ],
            [
              95.290368026000067,
              5.531043994000072,
              0,
              null
            ],
            [
              95.290377314000068,
              5.5310335630000509,
              0,
              null
            ],
            [
              95.290384224000036,
              5.5310216140000534,
              0,
              null
            ],
            [
              95.290389059000063,
              5.5310028660000512,
              0,
              null
            ],
            [
              95.290398000000039,
              5.530956179000043,
              0,
              null
            ],
            [
              95.290416978000053,
              5.530842716000052,
              0,
              null
            ],
            [
              95.290423604000068,
              5.5307951300000582,
              0,
              null
            ],
            [
              95.290646836000064,
              5.5308299200000306,
              0,
              null
            ],
            [
              95.290832434000038,
              5.5308441970000217,
              0,
              null
            ],
            [
              95.291002683000045,
              5.5304185720000305,
              0,
              null
            ],
            [
              95.291063997000037,
              5.5304378920000659,
              0,
              null
            ],
            [
              95.291081876000078,
              5.5304318430000308,
              0,
              null
            ],
            [
              95.29110180300006,
              5.5303627230000529,
              0,
              null
            ],
            [
              95.291118371000039,
              5.5303261860000248,
              0,
              null
            ],
            [
              95.291136290000054,
              5.5303060700000515,
              0,
              null
            ],
            [
              95.291154137000035,
              5.5302916520000736,
              0,
              null
            ],
            [
              95.291185134000045,
              5.5302831610000567,
              0,
              null
            ],
            [
              95.291208181000059,
              5.5302802780000206,
              0,
              null
            ],
            [
              95.291260367000064,
              5.53029482900007,
              0,
              null
            ],
            [
              95.29128226000006,
              5.5303024740000524,
              0,
              null
            ],
            [
              95.291303281000069,
              5.5303066970000714,
              0,
              null
            ],
            [
              95.291321407000055,
              5.5303028010000617,
              0,
              null
            ],
            [
              95.291335877000051,
              5.5302857290000702,
              0,
              null
            ],
            [
              95.291342864000057,
              5.5302726310000594,
              0,
              null
            ],
            [
              95.291354531000081,
              5.5302545890000374,
              0,
              null
            ],
            [
              95.291367059000038,
              5.5302373930000499,
              0,
              null
            ],
            [
              95.291379572000039,
              5.5302187060000279,
              0,
              null
            ],
            [
              95.291389772000059,
              5.5302062370000726,
              0,
              null
            ],
            [
              95.291398712000046,
              5.5301993420000599,
              0,
              null
            ],
            [
              95.29140446200006,
              5.5301954600000727,
              0,
              null
            ],
            [
              95.291410658000075,
              5.530194993000066,
              0,
              null
            ],
            [
              95.291428418000066,
              5.530198983000048,
              0,
              null
            ],
            [
              95.291458588000069,
              5.5302065410000409,
              0,
              null
            ],
            [
              95.291462442000068,
              5.5302069510000251,
              0,
              null
            ],
            [
              95.291464999000084,
              5.5302056570000673,
              0,
              null
            ],
            [
              95.291467711000053,
              5.5301930100000618,
              0,
              null
            ],
            [
              95.291529822000086,
              5.529956147000064,
              0,
              null
            ],
            [
              95.291541963000043,
              5.5299081870000464,
              0,
              null
            ],
            [
              95.291551609000066,
              5.5298711700000354,
              0,
              null
            ],
            [
              95.291566852000074,
              5.5298118500000442,
              0,
              null
            ],
            [
              95.291567112000052,
              5.529806570000062,
              0,
              null
            ],
            [
              95.291610010000056,
              5.5298228330000256,
              0,
              null
            ],
            [
              95.291620676000036,
              5.5298265020000485,
              0,
              null
            ],
            [
              95.291666630000066,
              5.5296923730000458,
              0,
              null
            ],
            [
              95.29169793300008,
              5.5296036190000564,
              0,
              null
            ],
            [
              95.291702712000074,
              5.5295922660000656,
              0,
              null
            ],
            [
              95.29170617300008,
              5.5295807700000523,
              0,
              null
            ],
            [
              95.291776528000071,
              5.5293341230000692,
              0,
              null
            ],
            [
              95.291829866000057,
              5.5291619260000289,
              0,
              null
            ],
            [
              95.291877171000067,
              5.5290493350000247,
              0,
              null
            ],
            [
              95.292054998000083,
              5.5287401250000698,
              0,
              null
            ],
            [
              95.292116798000052,
              5.5286729190000301,
              0,
              null
            ],
            [
              95.29214544000007,
              5.5286728080000671,
              0,
              null
            ],
            [
              95.292225191000057,
              5.5286946580000631,
              0,
              null
            ],
            [
              95.292223992000061,
              5.5286878650000517,
              0,
              null
            ],
            [
              95.292262503000075,
              5.5285702600000377,
              0,
              null
            ],
            [
              95.292264209000052,
              5.5285612770000512,
              0,
              null
            ],
            [
              95.292264218000071,
              5.5285566670000321,
              0,
              null
            ],
            [
              95.292263270000035,
              5.5285493850000762,
              0,
              null
            ],
            [
              95.292261580000059,
              5.5285462280000388,
              0,
              null
            ],
            [
              95.292388776000053,
              5.5282502680000221,
              0,
              null
            ],
            [
              95.292426657000078,
              5.5281778520000557,
              0,
              null
            ],
            [
              95.292436288000033,
              5.5281558040000505,
              0,
              null
            ],
            [
              95.292474426000069,
              5.5280499640000471,
              0,
              null
            ],
            [
              95.292500884000049,
              5.5279817140000205,
              0,
              null
            ],
            [
              95.292742480000072,
              5.5280687120000493,
              0,
              null
            ],
            [
              95.292767403000084,
              5.5280017760000533,
              0,
              null
            ],
            [
              95.29279968700007,
              5.5278908080000519,
              0,
              null
            ],
            [
              95.292780511000046,
              5.527854269000045,
              0,
              null
            ],
            [
              95.292817209000077,
              5.5277255690000402,
              0,
              null
            ],
            [
              95.292870667000045,
              5.5275135560000308,
              0,
              null
            ],
            [
              95.292899048000038,
              5.5273915390000639,
              0,
              null
            ],
            [
              95.292920779000042,
              5.5273699860000534,
              0,
              null
            ],
            [
              95.292982082000037,
              5.5273636930000407,
              0,
              null
            ],
            [
              95.293038619000072,
              5.527078609000057,
              0,
              null
            ],
            [
              95.293079473000034,
              5.5268872700000315,
              0,
              null
            ],
            [
              95.293115301000057,
              5.5267611060000377,
              0,
              null
            ],
            [
              95.293129646000068,
              5.5267105930000753,
              0,
              null
            ],
            [
              95.293295245000081,
              5.5267631770000207,
              0,
              null
            ],
            [
              95.293369733000077,
              5.5267912220000426,
              0,
              null
            ],
            [
              95.293402592000064,
              5.5268035930000678,
              0,
              null
            ],
            [
              95.293436733000078,
              5.5268165140000747,
              0,
              null
            ],
            [
              95.293494053000074,
              5.5268327170000475,
              0,
              null
            ],
            [
              95.293512378000059,
              5.5268357280000373,
              0,
              null
            ],
            [
              95.293516534000048,
              5.5268358060000651,
              0,
              null
            ],
            [
              95.293526019000069,
              5.5268359830000691,
              0,
              null
            ],
            [
              95.293529480000075,
              5.5268348830000491,
              0,
              null
            ],
            [
              95.293540219000079,
              5.5268314720000262,
              0,
              null
            ],
            [
              95.293556460000048,
              5.5268226140000252,
              0,
              null
            ],
            [
              95.293577147000065,
              5.5268097750000607,
              0,
              null
            ],
            [
              95.293812605000085,
              5.5268577530000584,
              0,
              null
            ],
            [
              95.293895276000057,
              5.5268892710000728,
              0,
              null
            ],
            [
              95.293927388000043,
              5.5269003990000556,
              0,
              null
            ],
            [
              95.293967480000049,
              5.5269142920000718,
              0,
              null
            ],
            [
              95.294014466000078,
              5.5269290350000233,
              0,
              null
            ],
            [
              95.294019551000076,
              5.5269306240000446,
              0,
              null
            ],
            [
              95.294019795000054,
              5.5269307040000513,
              0,
              null
            ],
            [
              95.294025672000032,
              5.5269325850000541,
              0,
              null
            ],
            [
              95.294122403000074,
              5.5269635270000208,
              0,
              null
            ],
            [
              95.294196368000087,
              5.5269869060000474,
              0,
              null
            ],
            [
              95.294241471000078,
              5.5269999380000741,
              0,
              null
            ],
            [
              95.29424513400005,
              5.5270009090000372,
              0,
              null
            ],
            [
              95.29429514900005,
              5.5270141710000757,
              0,
              null
            ],
            [
              95.294310924000058,
              5.527018354000063,
              0,
              null
            ],
            [
              95.294330615000035,
              5.5270239210000227,
              0,
              null
            ],
            [
              95.294645315000082,
              5.5271295950000763,
              0,
              null
            ],
            [
              95.295812272000035,
              5.5275236290000294,
              0,
              null
            ],
            [
              95.295823450000057,
              5.5275282320000656,
              0,
              null
            ],
            [
              95.295961047000048,
              5.5275878560000251,
              0,
              null
            ],
            [
              95.296000923000065,
              5.5276070550000327,
              0,
              null
            ],
            [
              95.296065274000057,
              5.5276536580000766,
              0,
              null
            ],
            [
              95.296084091000068,
              5.5276671780000584,
              0,
              null
            ],
            [
              95.296090935000052,
              5.5276720960000603,
              0,
              null
            ],
            [
              95.296130241000071,
              5.5277000000000385,
              0,
              null
            ],
            [
              95.295969231000072,
              5.5279130030000374,
              0,
              null
            ],
            [
              95.295607994000079,
              5.5283822080000391,
              0,
              null
            ],
            [
              95.295372843000052,
              5.528680879000035,
              0,
              null
            ],
            [
              95.295266352000056,
              5.5288165980000485,
              0,
              null
            ],
            [
              95.295245392000083,
              5.5288464790000376,
              0,
              null
            ],
            [
              95.295174682000038,
              5.5289604330000657,
              0,
              null
            ],
            [
              95.295148592000032,
              5.5289502450000327,
              0,
              null
            ],
            [
              95.295111937000058,
              5.5290045980000286,
              0,
              null
            ],
            [
              95.295070323000061,
              5.5290663060000611,
              0,
              null
            ],
            [
              95.29506781300006,
              5.5290700270000457,
              0,
              null
            ],
            [
              95.295066414000075,
              5.5290722520000486,
              0,
              null
            ],
            [
              95.295019682000031,
              5.5291465020000601,
              0,
              null
            ],
            [
              95.295012863000068,
              5.529156874000023,
              0,
              null
            ],
            [
              95.294997287000058,
              5.5291805670000258,
              0,
              null
            ],
            [
              95.294971849000035,
              5.5292045560000247,
              0,
              null
            ],
            [
              95.294912274000069,
              5.5292496400000459,
              0,
              null
            ],
            [
              95.294876486000078,
              5.5292739340000594,
              0,
              null
            ],
            [
              95.294857810000053,
              5.5292866130000675,
              0,
              null
            ],
            [
              95.294816412000046,
              5.5293147140000656,
              0,
              null
            ],
            [
              95.294798463000063,
              5.5293269000000578,
              0,
              null
            ],
            [
              95.294691361000048,
              5.5293996140000559,
              0,
              null
            ],
            [
              95.294681958000069,
              5.5294059980000725,
              0,
              null
            ],
            [
              95.294587227000079,
              5.529471926000042,
              0,
              null
            ],
            [
              95.294534899000041,
              5.5295104360000664,
              0,
              null
            ],
            [
              95.294521144000043,
              5.5295205590000478,
              0,
              null
            ],
            [
              95.294398071000046,
              5.5296111310000242,
              0,
              null
            ],
            [
              95.294366307000075,
              5.5296358520000695,
              0,
              null
            ],
            [
              95.29432818500004,
              5.5296655200000373,
              0,
              null
            ],
            [
              95.29427858300005,
              5.5297020890000681,
              0,
              null
            ],
            [
              95.294239352000034,
              5.5297310100000345,
              0,
              null
            ],
            [
              95.294170486000041,
              5.5297810200000299,
              0,
              null
            ],
            [
              95.294079800000077,
              5.5298456580000561,
              0,
              null
            ],
            [
              95.294070648000059,
              5.5298522440000397,
              0,
              null
            ],
            [
              95.294069445000048,
              5.5298531100000332,
              0,
              null
            ],
            [
              95.293993273000069,
              5.5299079750000715,
              0,
              null
            ],
            [
              95.293944410000051,
              5.5299422060000438,
              0,
              null
            ],
            [
              95.293890042000044,
              5.5299828580000394,
              0,
              null
            ],
            [
              95.293869551000057,
              5.5299975300000597,
              0,
              null
            ],
            [
              95.293822145000036,
              5.5300314720000756,
              0,
              null
            ],
            [
              95.293754383000078,
              5.530079823000051,
              0,
              null
            ],
            [
              95.293663447000085,
              5.5301477080000723,
              0,
              null
            ],
            [
              95.293612166000059,
              5.5301864230000319,
              0,
              null
            ],
            [
              95.293634175000079,
              5.5302094230000307,
              0,
              null
            ],
            [
              95.29364703300007,
              5.5302214510000454,
              0,
              null
            ],
            [
              95.293659097000045,
              5.5302313830000571,
              0,
              null
            ],
            [
              95.293671822000078,
              5.5302396870000621,
              0,
              null
            ],
            [
              95.293683547000057,
              5.5302461950000747,
              0,
              null
            ],
            [
              95.293696325000042,
              5.530251632000045,
              0,
              null
            ],
            [
              95.293712976000052,
              5.5302582120000352,
              0,
              null
            ],
            [
              95.29373733500006,
              5.5302655120000281,
              0,
              null
            ],
            [
              95.293810559000065,
              5.5302858920000517,
              0,
              null
            ],
            [
              95.293884524000077,
              5.530304453000042,
              0,
              null
            ],
            [
              95.293907942000033,
              5.5303101250000282,
              0,
              null
            ],
            [
              95.293919460000041,
              5.5303129140000351,
              0,
              null
            ],
            [
              95.293945023000049,
              5.5303189980000411,
              0,
              null
            ],
            [
              95.293965296000067,
              5.5303243430000748,
              0,
              null
            ],
            [
              95.293984967000085,
              5.5303301520000332,
              0,
              null
            ],
            [
              95.294018712000081,
              5.5303407420000212,
              0,
              null
            ],
            [
              95.29403731900004,
              5.5303466990000629,
              0,
              null
            ],
            [
              95.294056083000044,
              5.5303537230000757,
              0,
              null
            ],
            [
              95.294056136000052,
              5.5303537480000386,
              0,
              null
            ],
            [
              95.294075469000063,
              5.5303628680000543,
              0,
              null
            ],
            [
              95.294092440000043,
              5.5303726190000475,
              0,
              null
            ],
            [
              95.294098332000033,
              5.5303765600000361,
              0,
              null
            ],
            [
              95.294113351000078,
              5.5303866030000677,
              0,
              null
            ],
            [
              95.294134430000042,
              5.5304020870000272,
              0,
              null
            ],
            [
              95.294161442000075,
              5.5304258730000697,
              0,
              null
            ],
            [
              95.294232194000074,
              5.5304956180000318,
              0,
              null
            ],
            [
              95.294439204000071,
              5.5306813230000671,
              0,
              null
            ],
            [
              95.294442118000063,
              5.5306942270000263,
              0,
              null
            ],
            [
              95.294430605000059,
              5.5307636340000386,
              0,
              null
            ],
            [
              95.294406554000034,
              5.5308501880000449,
              0,
              null
            ],
            [
              95.294388690000062,
              5.5309176540000635,
              0,
              null
            ],
            [
              95.29438261100006,
              5.5309438380000415,
              0,
              null
            ],
            [
              95.294377929000063,
              5.5309625670000742,
              0,
              null
            ],
            [
              95.294372764000059,
              5.530979718000026,
              0,
              null
            ],
            [
              95.294369350000068,
              5.5309928460000606,
              0,
              null
            ],
            [
              95.294390641000064,
              5.5309978070000625,
              0,
              null
            ],
            [
              95.294409228000063,
              5.5310032040000578,
              0,
              null
            ],
            [
              95.294433502000061,
              5.5310121040000695,
              0,
              null
            ],
            [
              95.294452770000078,
              5.5310202310000705,
              0,
              null
            ],
            [
              95.294464361000053,
              5.5310251190000486,
              0,
              null
            ],
            [
              95.294487710000055,
              5.5310374670000328,
              0,
              null
            ],
            [
              95.294506719000083,
              5.5310470830000327,
              0,
              null
            ],
            [
              95.294538284000055,
              5.5310656640000389,
              0,
              null
            ],
            [
              95.294540898000037,
              5.5310672630000681,
              0,
              null
            ],
            [
              95.294565358000057,
              5.5310822630000303,
              0,
              null
            ],
            [
              95.294590331000052,
              5.5310989890000428,
              0,
              null
            ],
            [
              95.294599832000074,
              5.5311056540000436,
              0,
              null
            ],
            [
              95.294613949000052,
              5.531115557000021,
              0,
              null
            ],
            [
              95.294634409000082,
              5.5311318030000507,
              0,
              null
            ],
            [
              95.294655165000052,
              5.5311498640000423,
              0,
              null
            ],
            [
              95.294672318000039,
              5.5311671440000509,
              0,
              null
            ],
            [
              95.294688449000034,
              5.531186028000036,
              0,
              null
            ],
            [
              95.294706830000052,
              5.5312106980000522,
              0,
              null
            ],
            [
              95.294731896000087,
              5.531251730000065,
              0,
              null
            ],
            [
              95.294744839000032,
              5.5312696590000314,
              0,
              null
            ],
            [
              95.294760488000065,
              5.531287604000056,
              0,
              null
            ],
            [
              95.294768906000058,
              5.5312964240000611,
              0,
              null
            ],
            [
              95.294778386000075,
              5.5313063550000265,
              0,
              null
            ],
            [
              95.294795750000048,
              5.5313196840000387,
              0,
              null
            ],
            [
              95.29480777100008,
              5.5313255220000315,
              0,
              null
            ],
            [
              95.294827518000034,
              5.5313324960000614,
              0,
              null
            ],
            [
              95.294879834000085,
              5.5313491160000581,
              0,
              null
            ],
            [
              95.294922598000085,
              5.5313642770000229,
              0,
              null
            ],
            [
              95.294970785000032,
              5.5313813600000685,
              0,
              null
            ],
            [
              95.294996118000086,
              5.5313896240000417,
              0,
              null
            ],
            [
              95.295013203000053,
              5.5313951970000517,
              0,
              null
            ],
            [
              95.295040329000074,
              5.5314044210000475,
              0,
              null
            ],
            [
              95.295061175000058,
              5.531412964000026,
              0,
              null
            ],
            [
              95.295068340000057,
              5.5314159010000594,
              0,
              null
            ],
            [
              95.295120459000032,
              5.5314377910000303,
              0,
              null
            ],
            [
              95.29516404900005,
              5.5314559990000589,
              0,
              null
            ],
            [
              95.295213163000085,
              5.5314775670000245,
              0,
              null
            ],
            [
              95.295237478000047,
              5.5314878890000614,
              0,
              null
            ],
            [
              95.295270832000085,
              5.5315020480000499,
              0,
              null
            ],
            [
              95.295325029000082,
              5.5315271120000489,
              0,
              null
            ],
            [
              95.295375645000036,
              5.5315497400000595,
              0,
              null
            ],
            [
              95.295410288000085,
              5.5315640420000705,
              0,
              null
            ],
            [
              95.295431105000034,
              5.5315723140000728,
              0,
              null
            ],
            [
              95.295450900000048,
              5.5315775610000628,
              0,
              null
            ],
            [
              95.295477371000061,
              5.531582917000037,
              0,
              null
            ],
            [
              95.295532109000078,
              5.5315911220000658,
              0,
              null
            ],
            [
              95.295552345000033,
              5.5315915140000698,
              0,
              null
            ],
            [
              95.295588098000053,
              5.5315919180000606,
              0,
              null
            ],
            [
              95.295607760000053,
              5.5315931070000488,
              0,
              null
            ],
            [
              95.295623522000085,
              5.5315957760000742,
              0,
              null
            ],
            [
              95.295655014000033,
              5.5316024600000446,
              0,
              null
            ],
            [
              95.295678710000061,
              5.5316086510000559,
              0,
              null
            ],
            [
              95.295699082000056,
              5.5316161650000595,
              0,
              null
            ],
            [
              95.29570390400005,
              5.5316182990000584,
              0,
              null
            ],
            [
              95.295726039000044,
              5.5316280920000622,
              0,
              null
            ],
            [
              95.295790715000066,
              5.5316591000000699,
              0,
              null
            ],
            [
              95.295841175000078,
              5.5316833830000292,
              0,
              null
            ],
            [
              95.295883746000072,
              5.5317046810000647,
              0,
              null
            ],
            [
              95.295905541000081,
              5.5317155840000396,
              0,
              null
            ],
            [
              95.296001304000072,
              5.5317628690000333,
              0,
              null
            ],
            [
              95.296055767000041,
              5.5317888360000325,
              0,
              null
            ],
            [
              95.296087960000079,
              5.5318041050000488,
              0,
              null
            ],
            [
              95.296113611000067,
              5.5318144460000553,
              0,
              null
            ],
            [
              95.296160617000055,
              5.5318318900000349,
              0,
              null
            ],
            [
              95.29617901000006,
              5.5318374970000264,
              0,
              null
            ],
            [
              95.296204837000062,
              5.531845368000063,
              0,
              null
            ],
            [
              95.296269202000076,
              5.5318633600000453,
              0,
              null
            ],
            [
              95.296315657000036,
              5.5318785470000762,
              0,
              null
            ],
            [
              95.296345815000052,
              5.5318900460000577,
              0,
              null
            ],
            [
              95.296396735000087,
              5.5319120310000471,
              0,
              null
            ],
            [
              95.296420639000075,
              5.531923422000034,
              0,
              null
            ],
            [
              95.296427988000062,
              5.5319269240000608,
              0,
              null
            ],
            [
              95.296449315000075,
              5.5319385480000278,
              0,
              null
            ],
            [
              95.296472390000076,
              5.5319545210000456,
              0,
              null
            ],
            [
              95.296492845000046,
              5.5319718240000384,
              0,
              null
            ],
            [
              95.296506257000033,
              5.5319874190000746,
              0,
              null
            ],
            [
              95.296519023000087,
              5.5320088840000494,
              0,
              null
            ],
            [
              95.296546024000065,
              5.532057835000046,
              0,
              null
            ],
            [
              95.296561863000079,
              5.5320922590000237,
              0,
              null
            ],
            [
              95.296569546000057,
              5.532110226000043,
              0,
              null
            ],
            [
              95.296573490000071,
              5.5321269610000741,
              0,
              null
            ],
            [
              95.296573629000079,
              5.5321292340000241,
              0,
              null
            ],
            [
              95.29657510800007,
              5.5321534580000389,
              0,
              null
            ],
            [
              95.296575349000079,
              5.5321832590000213,
              0,
              null
            ],
            [
              95.296574701000054,
              5.5322117080000339,
              0,
              null
            ],
            [
              95.296572261000051,
              5.5322386280000728,
              0,
              null
            ],
            [
              95.296568340000078,
              5.5322629860000347,
              0,
              null
            ],
            [
              95.296560884000087,
              5.5322990540000205,
              0,
              null
            ],
            [
              95.296554483000079,
              5.5323330310000642,
              0,
              null
            ],
            [
              95.296547645000032,
              5.532372667000061,
              0,
              null
            ],
            [
              95.296543267000061,
              5.5324072510000519,
              0,
              null
            ],
            [
              95.296541555000033,
              5.5324380990000463,
              0,
              null
            ],
            [
              95.296541948000083,
              5.5324698170000488,
              0,
              null
            ],
            [
              95.296543733000078,
              5.5324926440000581,
              0,
              null
            ],
            [
              95.296557633000077,
              5.5324968570000692,
              0,
              null
            ],
            [
              95.296719643000074,
              5.5325400150000519,
              0,
              null
            ],
            [
              95.296806694000054,
              5.5325642920000746,
              0,
              null
            ],
            [
              95.296842201000061,
              5.5325751030000561,
              0,
              null
            ],
            [
              95.296890654000038,
              5.5325898540000367,
              0,
              null
            ],
            [
              95.296945247000053,
              5.5326095210000403,
              0,
              null
            ],
            [
              95.297013199000048,
              5.5326361860000475,
              0,
              null
            ],
            [
              95.297069667000073,
              5.5326580770000646,
              0,
              null
            ],
            [
              95.297130628000048,
              5.5326798600000302,
              0,
              null
            ],
            [
              95.297150195000086,
              5.5326866460000588,
              0,
              null
            ],
            [
              95.29719040100008,
              5.5327005900000472,
              0,
              null
            ],
            [
              95.297260915000038,
              5.5327269740000702,
              0,
              null
            ],
            [
              95.29732623700005,
              5.532752265000056,
              0,
              null
            ],
            [
              95.297332607000044,
              5.5327547270000537,
              0,
              null
            ],
            [
              95.297373542000059,
              5.5327700080000568,
              0,
              null
            ],
            [
              95.297425141000076,
              5.5327877540000259,
              0,
              null
            ],
            [
              95.297498039000061,
              5.5328128240000751,
              0,
              null
            ],
            [
              95.297551858000077,
              5.5328345180000724,
              0,
              null
            ],
            [
              95.29758281900007,
              5.532846998000025,
              0,
              null
            ],
            [
              95.297609453000064,
              5.5328571900000725,
              0,
              null
            ],
            [
              95.297634672000072,
              5.5328675600000565,
              0,
              null
            ],
            [
              95.297654869000041,
              5.5328765120000298,
              0,
              null
            ],
            [
              95.297672140000032,
              5.5328845080000519,
              0,
              null
            ],
            [
              95.297687993000068,
              5.5328921480000304,
              0,
              null
            ],
            [
              95.297700330000055,
              5.5328982020000694,
              0,
              null
            ],
            [
              95.29768775000008,
              5.5329415750000521,
              0,
              null
            ],
            [
              95.297673289000045,
              5.5329838900000254,
              0,
              null
            ],
            [
              95.297650886000042,
              5.5330344160000209,
              0,
              null
            ],
            [
              95.297632874000044,
              5.5330727130000241,
              0,
              null
            ],
            [
              95.297628910000071,
              5.5330811260000701,
              0,
              null
            ],
            [
              95.297609502000057,
              5.5331199790000483,
              0,
              null
            ],
            [
              95.297586961000036,
              5.5331700990000741,
              0,
              null
            ],
            [
              95.297564571000066,
              5.5332193050000456,
              0,
              null
            ],
            [
              95.297539867000069,
              5.5332675620000487,
              0,
              null
            ],
            [
              95.297516299000051,
              5.5333154450000279,
              0,
              null
            ],
            [
              95.297501817000068,
              5.5333475090000661,
              0,
              null
            ],
            [
              95.297487334000039,
              5.5333791750000501,
              0,
              null
            ],
            [
              95.297474863000048,
              5.5334063960000321,
              0,
              null
            ],
            [
              95.297470037000039,
              5.533416887000044,
              0,
              null
            ],
            [
              95.297458912000081,
              5.5334410780000667,
              0,
              null
            ],
            [
              95.297446301000036,
              5.5334693480000396,
              0,
              null
            ],
            [
              95.297440882000046,
              5.5334825320000505,
              0,
              null
            ],
            [
              95.297435540000038,
              5.5334955310000282,
              0,
              null
            ],
            [
              95.297418822000054,
              5.533541777000039,
              0,
              null
            ],
            [
              95.297406278000039,
              5.5335758320000537,
              0,
              null
            ],
            [
              95.297394681000071,
              5.5336056620000704,
              0,
              null
            ],
            [
              95.297384741000087,
              5.5336312270000576,
              0,
              null
            ],
            [
              95.297358157000076,
              5.5337062830000718,
              0,
              null
            ],
            [
              95.297329852000075,
              5.533794002000036,
              0,
              null
            ],
            [
              95.297328515000061,
              5.5337981470000273,
              0,
              null
            ],
            [
              95.297328472000061,
              5.5337982920000286,
              0,
              null
            ],
            [
              95.297317391000036,
              5.5338353690000304,
              0,
              null
            ],
            [
              95.297330604000081,
              5.5338384280000241,
              0,
              null
            ],
            [
              95.297392175000084,
              5.5338532030000351,
              0,
              null
            ],
            [
              95.297433800000078,
              5.5338648920000537,
              0,
              null
            ],
            [
              95.297473903000082,
              5.5338774000000512,
              0,
              null
            ],
            [
              95.297525222000047,
              5.5338950900000441,
              0,
              null
            ],
            [
              95.297584653000058,
              5.5339183650000336,
              0,
              null
            ],
            [
              95.297594999000069,
              5.5339224170000421,
              0,
              null
            ],
            [
              95.297636338000075,
              5.5339372620000518,
              0,
              null
            ],
            [
              95.297669189000032,
              5.5339476470000477,
              0,
              null
            ],
            [
              95.297714277000068,
              5.5339615000000322,
              0,
              null
            ],
            [
              95.297714395000071,
              5.5339615370000388,
              0,
              null
            ],
            [
              95.29784266200005,
              5.5340038400000253,
              0,
              null
            ],
            [
              95.297839131000046,
              5.534014566000053,
              0,
              null
            ],
            [
              95.297826941000039,
              5.5341052500000387,
              0,
              null
            ],
            [
              95.297830717000068,
              5.5341158110000492,
              0,
              null
            ],
            [
              95.297837625000057,
              5.534124643000041,
              0,
              null
            ],
            [
              95.29784694500006,
              5.5341293610000548,
              0,
              null
            ],
            [
              95.297888985000043,
              5.5341390240000692,
              0,
              null
            ],
            [
              95.297905830000047,
              5.5341442380000672,
              0,
              null
            ],
            [
              95.297913880000067,
              5.5341518080000469,
              0,
              null
            ],
            [
              95.297916393000037,
              5.5341602960000387,
              0,
              null
            ],
            [
              95.297915970000076,
              5.5341697250000266,
              0,
              null
            ],
            [
              95.297894365000047,
              5.5342828080000572,
              0,
              null
            ],
            [
              95.29788754100008,
              5.534318532000043,
              0,
              null
            ],
            [
              95.297885562000033,
              5.5343292280000469,
              0,
              null
            ],
            [
              95.298137466000071,
              5.5343921550000346,
              0,
              null
            ],
            [
              95.298168544000077,
              5.5344095120000247,
              0,
              null
            ],
            [
              95.298182193000059,
              5.5344308220000471,
              0,
              null
            ],
            [
              95.298535105000042,
              5.5345151690000307,
              0,
              null
            ],
            [
              95.298766478000061,
              5.5346848150000483,
              0,
              null
            ],
            [
              95.298849583000049,
              5.5347635440000431,
              0,
              null
            ],
            [
              95.298931325000069,
              5.5348327140000606,
              0,
              null
            ]
          ]
        ]
      },
      "properties" : {
        "FID" : 0,
        "OBJECTID" : 4922,
        "KDPPUM" : "11",
        "NAMOBJ" : "Emperom",
        "REMARK" : " ",
        "KDPBPS" : " ",
        "FCODE" : "BA03070040",
        "LUASWH" : 0,
        "UUPP" : "RBI",
        "SRS_ID" : "SRGI 2013",
        "METADATA" : "TASWIL1000020200326DATA_BATAS_DESA_KELURAHAN",
        "KDEBPS" : " ",
        "KDEPUM" : "11.71.08.2006",
        "KDCBPS" : " ",
        "KDCPUM" : "11.71.08",
        "KDBBPS" : " ",
        "WADMKD" : "Emperom",
        "WIADKD" : "0",
        "WADMKC" : "Jaya Baru",
        "WIADKC" : " ",
        "WADMKK" : "Kota Banda Aceh",
        "WIADKK" : " ",
        "WADMPR" : "Aceh",
        "WIADPR" : " ",
        "TIPADM" : 9,
        "KDPKAB" : "11.71",
        "SHAPE_Leng" : 0.036512858179557003,
        "SHAPE_Area" : 3.9745687579000002e-05
      }
    }
  ]
}