{
  "hasZ" : true,
  "hasM" : true,
  "type" : "FeatureCollection",
  "features" : [
    {
      "type" : "Feature",
      "id" : 0,
      "geometry" : {
        "type" : "Polygon",
        "coordinates" : [
          [
            [
              95.351979677000031,
              5.5422573430000739,
              0,
              null
            ],
            [
              95.351966035000032,
              5.5422523950000482,
              0,
              null
            ],
            [
              95.351938893000067,
              5.5422485620000543,
              0,
              null
            ],
            [
              95.35189713300008,
              5.5422484990000385,
              0,
              null
            ],
            [
              95.351847985000063,
              5.5422484230000464,
              0,
              null
            ],
            [
              95.351745063000067,
              5.5422482660000583,
              0,
              null
            ],
            [
              95.351648721000061,
              5.5422481840000728,
              0,
              null
            ],
            [
              95.351591649000056,
              5.5422481350000226,
              0,
              null
            ],
            [
              95.351456259000031,
              5.5422457980000672,
              0,
              null
            ],
            [
              95.351410022000039,
              5.542244844000038,
              0,
              null
            ],
            [
              95.351323287000071,
              5.5422430550000286,
              0,
              null
            ],
            [
              95.351321427000073,
              5.5422430170000325,
              0,
              null
            ],
            [
              95.351307664000046,
              5.5422428710000418,
              0,
              null
            ],
            [
              95.351255463000086,
              5.5422423180000351,
              0,
              null
            ],
            [
              95.351250837000066,
              5.5422422690000417,
              0,
              null
            ],
            [
              95.351187435000043,
              5.5422415970000429,
              0,
              null
            ],
            [
              95.351164771000072,
              5.5422413570000231,
              0,
              null
            ],
            [
              95.351153888000056,
              5.5422412420000455,
              0,
              null
            ],
            [
              95.351102994000087,
              5.5422400670000229,
              0,
              null
            ],
            [
              95.351037450000035,
              5.5422385530000611,
              0,
              null
            ],
            [
              95.351012648000051,
              5.5422379800000385,
              0,
              null
            ],
            [
              95.350952912000082,
              5.5422379500000716,
              0,
              null
            ],
            [
              95.350816275000057,
              5.5422378830000412,
              0,
              null
            ],
            [
              95.350673566000069,
              5.5422355720000382,
              0,
              null
            ],
            [
              95.35064234500004,
              5.5422350670000355,
              0,
              null
            ],
            [
              95.350581671000043,
              5.5422348350000448,
              0,
              null
            ],
            [
              95.350525158000039,
              5.5422346190000553,
              0,
              null
            ],
            [
              95.350502326000083,
              5.542230155000027,
              0,
              null
            ],
            [
              95.350478118000069,
              5.5422177050000414,
              0,
              null
            ],
            [
              95.350459925000052,
              5.5421955680000679,
              0,
              null
            ],
            [
              95.350444666000044,
              5.5421646980000219,
              0,
              null
            ],
            [
              95.350426750000054,
              5.5421192120000455,
              0,
              null
            ],
            [
              95.350410985000053,
              5.5420974100000535,
              0,
              null
            ],
            [
              95.350395625000033,
              5.5420822580000504,
              0,
              null
            ],
            [
              95.350380542000039,
              5.542075374000035,
              0,
              null
            ],
            [
              95.350379882000084,
              5.5420750720000456,
              0,
              null
            ],
            [
              95.350358249000067,
              5.5420727170000532,
              0,
              null
            ],
            [
              95.350318910000055,
              5.5420755490000602,
              0,
              null
            ],
            [
              95.350234577000037,
              5.5420831260000227,
              0,
              null
            ],
            [
              95.350133140000082,
              5.542092240000045,
              0,
              null
            ],
            [
              95.350017994000041,
              5.5421015470000725,
              0,
              null
            ],
            [
              95.350008100000082,
              5.5421025640000607,
              0,
              null
            ],
            [
              95.349982340000054,
              5.5421052130000703,
              0,
              null
            ],
            [
              95.349940182000068,
              5.5421095480000417,
              0,
              null
            ],
            [
              95.349920533000045,
              5.5421106230000419,
              0,
              null
            ],
            [
              95.349889584000039,
              5.5421123160000434,
              0,
              null
            ],
            [
              95.349840460000053,
              5.5421143330000291,
              0,
              null
            ],
            [
              95.349841201000061,
              5.5421065970000427,
              0,
              null
            ],
            [
              95.349782762000075,
              5.5421075150000547,
              0,
              null
            ],
            [
              95.349619912000037,
              5.5421100710000246,
              0,
              null
            ],
            [
              95.349615692000043,
              5.5421098240000219,
              0,
              null
            ],
            [
              95.349558627000079,
              5.5421039130000622,
              0,
              null
            ],
            [
              95.349465481000038,
              5.5420942230000492,
              0,
              null
            ],
            [
              95.349387555000078,
              5.5420870570000602,
              0,
              null
            ],
            [
              95.349335916000086,
              5.5420827230000214,
              0,
              null
            ],
            [
              95.349319609000077,
              5.5420813550000503,
              0,
              null
            ],
            [
              95.349301672000081,
              5.5420798500000501,
              0,
              null
            ],
            [
              95.349264479000055,
              5.5420761270000298,
              0,
              null
            ],
            [
              95.349228274000041,
              5.542072504000032,
              0,
              null
            ],
            [
              95.349146162000068,
              5.5420629860000759,
              0,
              null
            ],
            [
              95.349063041000079,
              5.5420561300000486,
              0,
              null
            ],
            [
              95.349039049000055,
              5.5420549270000379,
              0,
              null
            ],
            [
              95.349014578000038,
              5.542053701000043,
              0,
              null
            ],
            [
              95.349009688000081,
              5.5420536300000549,
              0,
              null
            ],
            [
              95.34897227600004,
              5.5420530920000601,
              0,
              null
            ],
            [
              95.348859317000063,
              5.5420495720000531,
              0,
              null
            ],
            [
              95.348837395000032,
              5.5420489030000226,
              0,
              null
            ],
            [
              95.348808187000031,
              5.5420480120000661,
              0,
              null
            ],
            [
              95.348769903000061,
              5.542048138000041,
              0,
              null
            ],
            [
              95.348741260000054,
              5.5420482330000596,
              0,
              null
            ],
            [
              95.348692657000072,
              5.5420489050000583,
              0,
              null
            ],
            [
              95.348652332000086,
              5.542051180000044,
              0,
              null
            ],
            [
              95.34862779000008,
              5.5420545590000643,
              0,
              null
            ],
            [
              95.348610393000058,
              5.5420626270000639,
              0,
              null
            ],
            [
              95.348580674000061,
              5.5420927730000358,
              0,
              null
            ],
            [
              95.348571694000043,
              5.5421018830000435,
              0,
              null
            ],
            [
              95.348540436000064,
              5.5421270170000412,
              0,
              null
            ],
            [
              95.348531838000042,
              5.5421339310000235,
              0,
              null
            ],
            [
              95.348519046000035,
              5.5421390400000519,
              0,
              null
            ],
            [
              95.348514671000032,
              5.5421407870000508,
              0,
              null
            ],
            [
              95.348501729000077,
              5.5421438030000445,
              0,
              null
            ],
            [
              95.34848448300005,
              5.5421466740000369,
              0,
              null
            ],
            [
              95.348461873000076,
              5.5421473390000529,
              0,
              null
            ],
            [
              95.348441511000033,
              5.5421479380000278,
              0,
              null
            ],
            [
              95.348336049000068,
              5.542144578000034,
              0,
              null
            ],
            [
              95.34826789300007,
              5.5421442210000578,
              0,
              null
            ],
            [
              95.348260572000072,
              5.5421441820000723,
              0,
              null
            ],
            [
              95.34825664300007,
              5.542144161000067,
              0,
              null
            ],
            [
              95.348247358000037,
              5.5421443780000459,
              0,
              null
            ],
            [
              95.348232631000087,
              5.5421447210000565,
              0,
              null
            ],
            [
              95.348220647000062,
              5.5421450010000513,
              0,
              null
            ],
            [
              95.348175342000047,
              5.5421460570000249,
              0,
              null
            ],
            [
              95.348084572000062,
              5.5421438950000379,
              0,
              null
            ],
            [
              95.347984427000085,
              5.5421391400000743,
              0,
              null
            ],
            [
              95.347946193000041,
              5.5421373200000517,
              0,
              null
            ],
            [
              95.34793079700006,
              5.5421365870000727,
              0,
              null
            ],
            [
              95.347922627000059,
              5.542234163000046,
              0,
              null
            ],
            [
              95.347907779000082,
              5.5426225890000751,
              0,
              null
            ],
            [
              95.34789591100008,
              5.5426393770000573,
              0,
              null
            ],
            [
              95.34787564700008,
              5.5426454370000329,
              0,
              null
            ],
            [
              95.347485354000071,
              5.5426350270000739,
              0,
              null
            ],
            [
              95.347462702000087,
              5.542641096000068,
              0,
              null
            ],
            [
              95.347432910000066,
              5.5426519760000588,
              0,
              null
            ],
            [
              95.347321230000034,
              5.5427791720000528,
              0,
              null
            ],
            [
              95.34730585300008,
              5.5428139100000635,
              0,
              null
            ],
            [
              95.347239361000049,
              5.5431581940000569,
              0,
              null
            ],
            [
              95.347196299000075,
              5.5431685780000635,
              0,
              null
            ],
            [
              95.347179797000081,
              5.5431886290000421,
              0,
              null
            ],
            [
              95.347167949000038,
              5.5432197700000643,
              0,
              null
            ],
            [
              95.347163782000052,
              5.5432541260000221,
              0,
              null
            ],
            [
              95.347163437000063,
              5.5433057520000375,
              0,
              null
            ],
            [
              95.346899655000072,
              5.5432943660000547,
              0,
              null
            ],
            [
              95.346880315000078,
              5.5433037080000531,
              0,
              null
            ],
            [
              95.346828390000042,
              5.5433336430000395,
              0,
              null
            ],
            [
              95.346810073000086,
              5.5433556260000501,
              0,
              null
            ],
            [
              95.346794859000056,
              5.5433863560000418,
              0,
              null
            ],
            [
              95.346792950000065,
              5.5433927620000532,
              0,
              null
            ],
            [
              95.346785190000048,
              5.543418799000051,
              0,
              null
            ],
            [
              95.346775026000046,
              5.5434698190000518,
              0,
              null
            ],
            [
              95.346758786000066,
              5.5435698360000742,
              0,
              null
            ],
            [
              95.346756277000054,
              5.5435947420000389,
              0,
              null
            ],
            [
              95.346753652000075,
              5.5436208100000499,
              0,
              null
            ],
            [
              95.346752327000047,
              5.5436339730000554,
              0,
              null
            ],
            [
              95.346750259000032,
              5.5436451730000726,
              0,
              null
            ],
            [
              95.346682289000057,
              5.5436413940000762,
              0,
              null
            ],
            [
              95.346642882000083,
              5.5436383600000454,
              0,
              null
            ],
            [
              95.346621824000067,
              5.5436362110000346,
              0,
              null
            ],
            [
              95.346594202000063,
              5.5436333910000712,
              0,
              null
            ],
            [
              95.346562168000048,
              5.5436299670000722,
              0,
              null
            ],
            [
              95.346538859000077,
              5.5436270640000203,
              0,
              null
            ],
            [
              95.34644976900006,
              5.5436301740000431,
              0,
              null
            ],
            [
              95.346418335000067,
              5.5436267760000533,
              0,
              null
            ],
            [
              95.346382160000076,
              5.5436239790000741,
              0,
              null
            ],
            [
              95.346379666000075,
              5.5436237910000727,
              0,
              null
            ],
            [
              95.346339134000061,
              5.5436207420000301,
              0,
              null
            ],
            [
              95.346273312000051,
              5.5436200360000498,
              0,
              null
            ],
            [
              95.346172348000039,
              5.5436272690000692,
              0,
              null
            ],
            [
              95.34611213900007,
              5.5436323750000724,
              0,
              null
            ],
            [
              95.346051351000085,
              5.5436375290000228,
              0,
              null
            ],
            [
              95.345994664000045,
              5.5436421910000604,
              0,
              null
            ],
            [
              95.345963450000056,
              5.5436447570000382,
              0,
              null
            ],
            [
              95.345865595000078,
              5.5436489500000334,
              0,
              null
            ],
            [
              95.345842971000081,
              5.5436502860000587,
              0,
              null
            ],
            [
              95.345750791000057,
              5.5436557330000369,
              0,
              null
            ],
            [
              95.345716488000051,
              5.5436571300000423,
              0,
              null
            ],
            [
              95.345675118000031,
              5.5436588140000254,
              0,
              null
            ],
            [
              95.345643086000052,
              5.5436601190000374,
              0,
              null
            ],
            [
              95.345547293000038,
              5.5436641340000392,
              0,
              null
            ],
            [
              95.345511371000043,
              5.5436656390000394,
              0,
              null
            ],
            [
              95.345415939000077,
              5.5436734030000707,
              0,
              null
            ],
            [
              95.345390585000075,
              5.5436757700000499,
              0,
              null
            ],
            [
              95.345373487000074,
              5.5436773670000434,
              0,
              null
            ],
            [
              95.345327103000045,
              5.543681700000036,
              0,
              null
            ],
            [
              95.345255488000078,
              5.5436845290000747,
              0,
              null
            ],
            [
              95.345228510000084,
              5.5436855950000563,
              0,
              null
            ],
            [
              95.345194366000044,
              5.5436874850000208,
              0,
              null
            ],
            [
              95.345105368000077,
              5.5436924140000201,
              0,
              null
            ],
            [
              95.344990117000066,
              5.5436979590000419,
              0,
              null
            ],
            [
              95.344976732000077,
              5.5436984760000314,
              0,
              null
            ],
            [
              95.344833536000067,
              5.5437040040000625,
              0,
              null
            ],
            [
              95.344750315000056,
              5.5437072170000761,
              0,
              null
            ],
            [
              95.34458933600007,
              5.5437107650000712,
              0,
              null
            ],
            [
              95.344545147000076,
              5.5437111440000422,
              0,
              null
            ],
            [
              95.344523511000034,
              5.5437113300000647,
              0,
              null
            ],
            [
              95.344485361000068,
              5.5437116560000277,
              0,
              null
            ],
            [
              95.344428365000056,
              5.5437132610000504,
              0,
              null
            ],
            [
              95.344417774000078,
              5.5437135580000358,
              0,
              null
            ],
            [
              95.344378435000067,
              5.5437146650000386,
              0,
              null
            ],
            [
              95.344314924000059,
              5.5437142930000505,
              0,
              null
            ],
            [
              95.344273255000076,
              5.5437136020000253,
              0,
              null
            ],
            [
              95.344259795000085,
              5.543713379000053,
              0,
              null
            ],
            [
              95.344246173000045,
              5.5437131540000451,
              0,
              null
            ],
            [
              95.34423527000007,
              5.5437129730000265,
              0,
              null
            ],
            [
              95.344182668000087,
              5.5437119320000647,
              0,
              null
            ],
            [
              95.344031681000047,
              5.5437089440000591,
              0,
              null
            ],
            [
              95.344023234000076,
              5.5437086630000749,
              0,
              null
            ],
            [
              95.343922212000052,
              5.5437053010000454,
              0,
              null
            ],
            [
              95.343880462000072,
              5.5437047710000229,
              0,
              null
            ],
            [
              95.343842407000068,
              5.5437042880000718,
              0,
              null
            ],
            [
              95.343791187000079,
              5.5437049700000216,
              0,
              null
            ],
            [
              95.343750562000082,
              5.5437068490000456,
              0,
              null
            ],
            [
              95.343720069000085,
              5.5437114670000369,
              0,
              null
            ],
            [
              95.343701232000058,
              5.5437136000000464,
              0,
              null
            ],
            [
              95.343692774000033,
              5.5436548960000209,
              0,
              null
            ],
            [
              95.343673416000058,
              5.5436532060000445,
              0,
              null
            ],
            [
              95.343636236000066,
              5.5436499620000745,
              0,
              null
            ],
            [
              95.343602793000059,
              5.543647045000057,
              0,
              null
            ],
            [
              95.34348413500004,
              5.5436624560000496,
              0,
              null
            ],
            [
              95.343457201000035,
              5.5436729700000456,
              0,
              null
            ],
            [
              95.343319264000058,
              5.5437268160000599,
              0,
              null
            ],
            [
              95.343181605000041,
              5.5437966540000616,
              0,
              null
            ],
            [
              95.343130517000077,
              5.5438346040000397,
              0,
              null
            ],
            [
              95.343129733000069,
              5.5438351870000702,
              0,
              null
            ],
            [
              95.34304116800007,
              5.5439009780000674,
              0,
              null
            ],
            [
              95.342937914000061,
              5.5439857070000471,
              0,
              null
            ],
            [
              95.342853232000039,
              5.5440551960000448,
              0,
              null
            ],
            [
              95.342821688000072,
              5.5440810820000479,
              0,
              null
            ],
            [
              95.342808740000066,
              5.5440924700000664,
              0,
              null
            ],
            [
              95.342643595000084,
              5.5442377280000414,
              0,
              null
            ],
            [
              95.342584976000069,
              5.5442944590000707,
              0,
              null
            ],
            [
              95.342455639000036,
              5.5444196350000539,
              0,
              null
            ],
            [
              95.342420062000087,
              5.5444540660000712,
              0,
              null
            ],
            [
              95.342285281000045,
              5.5445546460000514,
              0,
              null
            ],
            [
              95.342251646000079,
              5.544556286000045,
              0,
              null
            ],
            [
              95.342232262000039,
              5.5445572330000346,
              0,
              null
            ],
            [
              95.342212877000065,
              5.5445581780000452,
              0,
              null
            ],
            [
              95.342201919000047,
              5.5445587120000255,
              0,
              null
            ],
            [
              95.342111808000084,
              5.5445631090000234,
              0,
              null
            ],
            [
              95.342066613000043,
              5.544565313000021,
              0,
              null
            ],
            [
              95.342044950000059,
              5.5445663700000409,
              0,
              null
            ],
            [
              95.341989298000044,
              5.5445754760000341,
              0,
              null
            ],
            [
              95.341944760000047,
              5.5445891290000304,
              0,
              null
            ],
            [
              95.341923880000081,
              5.5445955280000589,
              0,
              null
            ],
            [
              95.341916945000037,
              5.5445976540000288,
              0,
              null
            ],
            [
              95.341870805000042,
              5.5446193500000618,
              0,
              null
            ],
            [
              95.341818012000033,
              5.5446442900000648,
              0,
              null
            ],
            [
              95.341790324000044,
              5.5446574610000425,
              0,
              null
            ],
            [
              95.341774216000033,
              5.5446622830000365,
              0,
              null
            ],
            [
              95.341760796000074,
              5.544666300000074,
              0,
              null
            ],
            [
              95.341531185000065,
              5.5447350370000663,
              0,
              null
            ],
            [
              95.341521521000061,
              5.5446378980000759,
              0,
              null
            ],
            [
              95.341517912000086,
              5.5445323640000765,
              0,
              null
            ],
            [
              95.341509926000072,
              5.5444311220000486,
              0,
              null
            ],
            [
              95.341503643000067,
              5.5442631210000286,
              0,
              null
            ],
            [
              95.341496804000087,
              5.5441644690000658,
              0,
              null
            ],
            [
              95.341491988000087,
              5.5440618780000364,
              0,
              null
            ],
            [
              95.341483962000041,
              5.5439643880000631,
              0,
              null
            ],
            [
              95.341475784000068,
              5.5438991040000474,
              0,
              null
            ],
            [
              95.341470051000044,
              5.5438451100000634,
              0,
              null
            ],
            [
              95.341459721000035,
              5.543778813000074,
              0,
              null
            ],
            [
              95.341451280000058,
              5.5437200480000683,
              0,
              null
            ],
            [
              95.341445911000051,
              5.5436770830000341,
              0,
              null
            ],
            [
              95.341442925000081,
              5.5436531830000604,
              0,
              null
            ],
            [
              95.341436452000039,
              5.54359482600006,
              0,
              null
            ],
            [
              95.341433373000086,
              5.5435139940000226,
              0,
              null
            ],
            [
              95.341432672000053,
              5.5434505700000614,
              0,
              null
            ],
            [
              95.34143120400006,
              5.5433847620000734,
              0,
              null
            ],
            [
              95.341429592000054,
              5.5433329840000738,
              0,
              null
            ],
            [
              95.341426475000048,
              5.5432629900000734,
              0,
              null
            ],
            [
              95.341424980000056,
              5.5432294070000694,
              0,
              null
            ],
            [
              95.341422219000037,
              5.543174261000047,
              0,
              null
            ],
            [
              95.34141485400005,
              5.5431253810000385,
              0,
              null
            ],
            [
              95.341406683000059,
              5.5430778770000302,
              0,
              null
            ],
            [
              95.341397172000086,
              5.5430267990000743,
              0,
              null
            ],
            [
              95.341389451000055,
              5.5429745660000549,
              0,
              null
            ],
            [
              95.341383531000076,
              5.5429191800000694,
              0,
              null
            ],
            [
              95.341380739000044,
              5.5428675880000355,
              0,
              null
            ],
            [
              95.341375440000036,
              5.5427728980000666,
              0,
              null
            ],
            [
              95.341377373000057,
              5.5427209520000247,
              0,
              null
            ],
            [
              95.341378285000076,
              5.5426729600000613,
              0,
              null
            ],
            [
              95.341383116000031,
              5.5425896380000381,
              0,
              null
            ],
            [
              95.341387566000037,
              5.5425238980000699,
              0,
              null
            ],
            [
              95.341388694000045,
              5.5424735280000732,
              0,
              null
            ],
            [
              95.341385445000071,
              5.5424274600000558,
              0,
              null
            ],
            [
              95.341384338000069,
              5.5424157720000267,
              0,
              null
            ],
            [
              95.341381718000036,
              5.5423881010000287,
              0,
              null
            ],
            [
              95.341377807000072,
              5.5423481550000702,
              0,
              null
            ],
            [
              95.341371480000078,
              5.5422761750000404,
              0,
              null
            ],
            [
              95.341371087000084,
              5.5422723560000691,
              0,
              null
            ],
            [
              95.34136576700007,
              5.5422205990000748,
              0,
              null
            ],
            [
              95.341356962000077,
              5.5421588610000754,
              0,
              null
            ],
            [
              95.34134686200008,
              5.5420704360000741,
              0,
              null
            ],
            [
              95.34134421300007,
              5.5420231910000552,
              0,
              null
            ],
            [
              95.341342630000042,
              5.5419758530000536,
              0,
              null
            ],
            [
              95.341342274000056,
              5.541927840000028,
              0,
              null
            ],
            [
              95.341343313000039,
              5.5418764600000259,
              0,
              null
            ],
            [
              95.341347116000065,
              5.5418210940000563,
              0,
              null
            ],
            [
              95.341360636000047,
              5.5417190680000203,
              0,
              null
            ],
            [
              95.341369600000064,
              5.5416667560000406,
              0,
              null
            ],
            [
              95.341399755000054,
              5.5415692560000593,
              0,
              null
            ],
            [
              95.341439378000075,
              5.5414411460000679,
              0,
              null
            ],
            [
              95.34145807200008,
              5.5413815440000462,
              0,
              null
            ],
            [
              95.341515495000067,
              5.5412075490000348,
              0,
              null
            ],
            [
              95.341595291000033,
              5.5409635510000612,
              0,
              null
            ],
            [
              95.341736630000071,
              5.5406462560000591,
              0,
              null
            ],
            [
              95.341814051000085,
              5.5405108030000747,
              0,
              null
            ],
            [
              95.341863037000053,
              5.5404251010000394,
              0,
              null
            ],
            [
              95.341919125000061,
              5.5403269730000488,
              0,
              null
            ],
            [
              95.342081196000038,
              5.5400696330000301,
              0,
              null
            ],
            [
              95.342229118000034,
              5.5397794650000378,
              0,
              null
            ],
            [
              95.342318430000034,
              5.5395991990000653,
              0,
              null
            ],
            [
              95.342352877000053,
              5.5394936620000408,
              0,
              null
            ],
            [
              95.34238957000008,
              5.5393620370000463,
              0,
              null
            ],
            [
              95.342427638000061,
              5.5391544730000533,
              0,
              null
            ],
            [
              95.342479220000087,
              5.5388542830000347,
              0,
              null
            ],
            [
              95.342527487000041,
              5.5385004410000533,
              0,
              null
            ],
            [
              95.342581519000078,
              5.5382275470000764,
              0,
              null
            ],
            [
              95.342613621000055,
              5.5380959340000686,
              0,
              null
            ],
            [
              95.342626175000078,
              5.5380477310000629,
              0,
              null
            ],
            [
              95.342658786000072,
              5.5379225110000334,
              0,
              null
            ],
            [
              95.34269510300004,
              5.537770202000047,
              0,
              null
            ],
            [
              95.342732162000061,
              5.5376194390000251,
              0,
              null
            ],
            [
              95.34281627200005,
              5.5373463750000269,
              0,
              null
            ],
            [
              95.342911385000036,
              5.5370472510000468,
              0,
              null
            ],
            [
              95.343026677000069,
              5.5367844020000234,
              0,
              null
            ],
            [
              95.343143755000085,
              5.5364896740000518,
              0,
              null
            ],
            [
              95.343247920000067,
              5.5362624920000485,
              0,
              null
            ],
            [
              95.343406213000037,
              5.535992024000052,
              0,
              null
            ],
            [
              95.343512086000032,
              5.5358274580000284,
              0,
              null
            ],
            [
              95.343561926000064,
              5.5357523900000274,
              0,
              null
            ],
            [
              95.343690399000081,
              5.5355669990000251,
              0,
              null
            ],
            [
              95.343787362000057,
              5.5354467220000743,
              0,
              null
            ],
            [
              95.343919784000036,
              5.5352982210000619,
              0,
              null
            ],
            [
              95.34408763600004,
              5.5351027480000425,
              0,
              null
            ],
            [
              95.344304128000033,
              5.5349090270000261,
              0,
              null
            ],
            [
              95.344340450000061,
              5.534888583000054,
              0,
              null
            ],
            [
              95.344395061000057,
              5.5348551850000263,
              0,
              null
            ],
            [
              95.344395722000058,
              5.5348547930000223,
              0,
              null
            ],
            [
              95.344417097000076,
              5.5348421360000657,
              0,
              null
            ],
            [
              95.344449400000087,
              5.5348230070000568,
              0,
              null
            ],
            [
              95.344455660000051,
              5.5348336960000211,
              0,
              null
            ],
            [
              95.345455604000051,
              5.5343616460000362,
              0,
              null
            ],
            [
              95.345980610000083,
              5.5342667370000527,
              0,
              null
            ],
            [
              95.346574043000032,
              5.5343055940000454,
              0,
              null
            ],
            [
              95.347145916000045,
              5.5345667440000739,
              0,
              null
            ],
            [
              95.347673440000051,
              5.5349501660000442,
              0,
              null
            ],
            [
              95.348208668000041,
              5.5352993350000474,
              0,
              null
            ],
            [
              95.348489369000049,
              5.5353935750000574,
              0,
              null
            ],
            [
              95.349220015000071,
              5.5355400190000523,
              0,
              null
            ],
            [
              95.349373463000063,
              5.535541161000026,
              0,
              null
            ],
            [
              95.349443837000081,
              5.5355536380000672,
              0,
              null
            ],
            [
              95.349589845000082,
              5.5355601710000428,
              0,
              null
            ],
            [
              95.349628394000035,
              5.5355618950000576,
              0,
              null
            ],
            [
              95.349690652000049,
              5.5355646810000394,
              0,
              null
            ],
            [
              95.349884086000031,
              5.5355658390000713,
              0,
              null
            ],
            [
              95.350027152000052,
              5.5355492620000746,
              0,
              null
            ],
            [
              95.350028727000051,
              5.5355490790000204,
              0,
              null
            ],
            [
              95.350091457000076,
              5.5355418110000301,
              0,
              null
            ],
            [
              95.35011529600007,
              5.5355374260000758,
              0,
              null
            ],
            [
              95.350146119000044,
              5.5355300910000551,
              0,
              null
            ],
            [
              95.350268855000081,
              5.5355187580000234,
              0,
              null
            ],
            [
              95.350360801000079,
              5.5354872730000579,
              0,
              null
            ],
            [
              95.350450276000061,
              5.535881631000052,
              0,
              null
            ],
            [
              95.350452889000053,
              5.5359071670000617,
              0,
              null
            ],
            [
              95.350470528000074,
              5.5360795010000743,
              0,
              null
            ],
            [
              95.350488900000073,
              5.5362092000000303,
              0,
              null
            ],
            [
              95.350493569000037,
              5.5362421640000434,
              0,
              null
            ],
            [
              95.350506479000046,
              5.5363332990000345,
              0,
              null
            ],
            [
              95.350539457000082,
              5.5366314890000581,
              0,
              null
            ],
            [
              95.350566120000053,
              5.5368049570000721,
              0,
              null
            ],
            [
              95.350567348000084,
              5.5368209260000754,
              0,
              null
            ],
            [
              95.350567543000068,
              5.5368234660000439,
              0,
              null
            ],
            [
              95.35056952900004,
              5.5368492900000206,
              0,
              null
            ],
            [
              95.350570203000075,
              5.5368580640000573,
              0,
              null
            ],
            [
              95.350568840000051,
              5.5368874010000582,
              0,
              null
            ],
            [
              95.350568442000053,
              5.5368959630000631,
              0,
              null
            ],
            [
              95.350568364000083,
              5.53689763400007,
              0,
              null
            ],
            [
              95.350565347000042,
              5.5369625960000235,
              0,
              null
            ],
            [
              95.350554973000044,
              5.5369951620000393,
              0,
              null
            ],
            [
              95.350543038000069,
              5.5370027280000613,
              0,
              null
            ],
            [
              95.350520451000079,
              5.537017047000063,
              0,
              null
            ],
            [
              95.35049878500007,
              5.5370307810000554,
              0,
              null
            ],
            [
              95.350445061000073,
              5.5370350090000215,
              0,
              null
            ],
            [
              95.350440593000087,
              5.5370353600000612,
              0,
              null
            ],
            [
              95.350365661000069,
              5.5370412570000553,
              0,
              null
            ],
            [
              95.350360837000039,
              5.5370416370000726,
              0,
              null
            ],
            [
              95.350339752000082,
              5.5370432960000358,
              0,
              null
            ],
            [
              95.350281173000042,
              5.5370479060000548,
              0,
              null
            ],
            [
              95.350262745000066,
              5.5370484720000377,
              0,
              null
            ],
            [
              95.350218869000059,
              5.5370498190000603,
              0,
              null
            ],
            [
              95.350176286000078,
              5.5370511260000512,
              0,
              null
            ],
            [
              95.350137981000046,
              5.5370523020000633,
              0,
              null
            ],
            [
              95.350042527000085,
              5.5370574630000533,
              0,
              null
            ],
            [
              95.350060301000042,
              5.5371903400000519,
              0,
              null
            ],
            [
              95.350166654000077,
              5.5378854960000581,
              0,
              null
            ],
            [
              95.350136767000038,
              5.5378929700000299,
              0,
              null
            ],
            [
              95.350130110000066,
              5.5378946350000433,
              0,
              null
            ],
            [
              95.350089865000086,
              5.5379078190000541,
              0,
              null
            ],
            [
              95.350008695000042,
              5.537942580000049,
              0,
              null
            ],
            [
              95.349969525000063,
              5.5379559320000453,
              0,
              null
            ],
            [
              95.349933232000069,
              5.5379650160000438,
              0,
              null
            ],
            [
              95.349875935000057,
              5.5379753220000225,
              0,
              null
            ],
            [
              95.349755814000048,
              5.5379922670000497,
              0,
              null
            ],
            [
              95.349755590000086,
              5.5380082670000661,
              0,
              null
            ],
            [
              95.349755049000066,
              5.5380470530000707,
              0,
              null
            ],
            [
              95.349754585000085,
              5.5380803120000337,
              0,
              null
            ],
            [
              95.349751750000053,
              5.5382833560000222,
              0,
              null
            ],
            [
              95.349747036000053,
              5.5384175110000342,
              0,
              null
            ],
            [
              95.349746092000032,
              5.5384443710000255,
              0,
              null
            ],
            [
              95.349742425000045,
              5.5385487580000472,
              0,
              null
            ],
            [
              95.349746961000051,
              5.5385690150000642,
              0,
              null
            ],
            [
              95.349758801000064,
              5.538581559000022,
              0,
              null
            ],
            [
              95.349776696000049,
              5.5385943230000407,
              0,
              null
            ],
            [
              95.349933476000047,
              5.5386086510000609,
              0,
              null
            ],
            [
              95.350245394000069,
              5.538625618000026,
              0,
              null
            ],
            [
              95.350282051000079,
              5.5386290340000528,
              0,
              null
            ],
            [
              95.350312222000071,
              5.5386414150000292,
              0,
              null
            ],
            [
              95.350330059000044,
              5.5386694190000298,
              0,
              null
            ],
            [
              95.350342073000036,
              5.5387030410000762,
              0,
              null
            ],
            [
              95.350344866000057,
              5.5387568840000654,
              0,
              null
            ],
            [
              95.35034257500007,
              5.53885286000002,
              0,
              null
            ],
            [
              95.350340550000055,
              5.5389248450000537,
              0,
              null
            ],
            [
              95.350349391000066,
              5.5389705650000565,
              0,
              null
            ],
            [
              95.350379376000035,
              5.5390705890000618,
              0,
              null
            ],
            [
              95.350441923000062,
              5.5392066170000476,
              0,
              null
            ],
            [
              95.350447048000035,
              5.5392177630000674,
              0,
              null
            ],
            [
              95.350491876000035,
              5.5392067660000635,
              0,
              null
            ],
            [
              95.35054368200008,
              5.5392039750000208,
              0,
              null
            ],
            [
              95.350592621000033,
              5.5400553060000561,
              0,
              null
            ],
            [
              95.350967646000072,
              5.5400051840000515,
              0,
              null
            ],
            [
              95.351308751000033,
              5.5399812290000341,
              0,
              null
            ],
            [
              95.351348849000033,
              5.5399810700000671,
              0,
              null
            ],
            [
              95.351366040000073,
              5.5399824370000488,
              0,
              null
            ],
            [
              95.351404758000058,
              5.5399951970000529,
              0,
              null
            ],
            [
              95.351419147000058,
              5.540012359000059,
              0,
              null
            ],
            [
              95.351425028000051,
              5.5400510800000689,
              0,
              null
            ],
            [
              95.351449813000045,
              5.5403429440000309,
              0,
              null
            ],
            [
              95.351466086000073,
              5.5403448410000351,
              0,
              null
            ],
            [
              95.351482987000054,
              5.5403393510000569,
              0,
              null
            ],
            [
              95.351548301000037,
              5.5403372830000421,
              0,
              null
            ],
            [
              95.351658066000084,
              5.5403361870000367,
              0,
              null
            ],
            [
              95.351691254000059,
              5.5403358570000591,
              0,
              null
            ],
            [
              95.351704691000066,
              5.540335644000038,
              0,
              null
            ],
            [
              95.351751724000053,
              5.5403349010000511,
              0,
              null
            ],
            [
              95.351831677000064,
              5.5403336360000708,
              0,
              null
            ],
            [
              95.35199573500006,
              5.5403382630000237,
              0,
              null
            ],
            [
              95.352163603000065,
              5.5403433800000244,
              0,
              null
            ],
            [
              95.352266502000077,
              5.5403458540000656,
              0,
              null
            ],
            [
              95.352282341000034,
              5.5403462350000723,
              0,
              null
            ],
            [
              95.352283015000069,
              5.5403570430000286,
              0,
              null
            ],
            [
              95.352283534000037,
              5.54036558100006,
              0,
              null
            ],
            [
              95.352287918000059,
              5.5404901940000286,
              0,
              null
            ],
            [
              95.35228769400004,
              5.5405000080000377,
              0,
              null
            ],
            [
              95.352286650000053,
              5.54054585800003,
              0,
              null
            ],
            [
              95.352283376000059,
              5.5406896830000392,
              0,
              null
            ],
            [
              95.352276068000037,
              5.5407100590000482,
              0,
              null
            ],
            [
              95.352266429000053,
              5.5407203110000296,
              0,
              null
            ],
            [
              95.352251430000081,
              5.5407278640000754,
              0,
              null
            ],
            [
              95.352237698000067,
              5.5407297360000598,
              0,
              null
            ],
            [
              95.352070775000072,
              5.540728573000024,
              0,
              null
            ],
            [
              95.352050572000053,
              5.5407296390000624,
              0,
              null
            ],
            [
              95.35203967700005,
              5.540734834000034,
              0,
              null
            ],
            [
              95.352031612000076,
              5.5407461920000287,
              0,
              null
            ],
            [
              95.352026541000043,
              5.5407574110000724,
              0,
              null
            ],
            [
              95.352012140000056,
              5.540845273000059,
              0,
              null
            ],
            [
              95.352008259000058,
              5.5409233440000207,
              0,
              null
            ],
            [
              95.352005940000083,
              5.540970006000066,
              0,
              null
            ],
            [
              95.352003725000031,
              5.5410145600000646,
              0,
              null
            ],
            [
              95.352002476000052,
              5.541225435000058,
              0,
              null
            ],
            [
              95.352003016000083,
              5.5414414630000692,
              0,
              null
            ],
            [
              95.352003044000071,
              5.5414426690000482,
              0,
              null
            ],
            [
              95.35200334700005,
              5.5414557090000471,
              0,
              null
            ],
            [
              95.352003402000037,
              5.5414580420000448,
              0,
              null
            ],
            [
              95.352003405000062,
              5.5414582250000421,
              0,
              null
            ],
            [
              95.352003408000087,
              5.5414584260000765,
              0,
              null
            ],
            [
              95.352003410000066,
              5.541458490000025,
              0,
              null
            ],
            [
              95.352003413000034,
              5.5414586290000329,
              0,
              null
            ],
            [
              95.352003413000034,
              5.5414586690000647,
              0,
              null
            ],
            [
              95.35200341400008,
              5.541458728000066,
              0,
              null
            ],
            [
              95.352003423000042,
              5.541459183000029,
              0,
              null
            ],
            [
              95.352003427000056,
              5.5414593970000396,
              0,
              null
            ],
            [
              95.35200343300005,
              5.5414597340000569,
              0,
              null
            ],
            [
              95.352003442000068,
              5.5414602290000516,
              0,
              null
            ],
            [
              95.352003450000041,
              5.5414606010000398,
              0,
              null
            ],
            [
              95.352003459000059,
              5.5414610440000729,
              0,
              null
            ],
            [
              95.352003480000064,
              5.5414614290000372,
              0,
              null
            ],
            [
              95.352003494000087,
              5.5414619910000624,
              0,
              null
            ],
            [
              95.352003503000049,
              5.5414623570000572,
              0,
              null
            ],
            [
              95.352003508000053,
              5.541462589000048,
              0,
              null
            ],
            [
              95.352003517000071,
              5.5414630030000467,
              0,
              null
            ],
            [
              95.352003522000075,
              5.5414632020000454,
              0,
              null
            ],
            [
              95.352003534000062,
              5.5414637440000547,
              0,
              null
            ],
            [
              95.352003539000066,
              5.5414639350000243,
              0,
              null
            ],
            [
              95.352003541000045,
              5.5414640310000323,
              0,
              null
            ],
            [
              95.352003549000074,
              5.5414643930000693,
              0,
              null
            ],
            [
              95.352003553000031,
              5.5414645240000482,
              0,
              null
            ],
            [
              95.352003564000086,
              5.5414650110000707,
              0,
              null
            ],
            [
              95.352003568000043,
              5.5414651550000258,
              0,
              null
            ],
            [
              95.352003580000087,
              5.5414657000000602,
              0,
              null
            ],
            [
              95.352003615000058,
              5.5414672000000564,
              0,
              null
            ],
            [
              95.352003652000064,
              5.5414687920000461,
              0,
              null
            ],
            [
              95.352003693000086,
              5.5414705590000608,
              0,
              null
            ],
            [
              95.35200371500008,
              5.5414714650000292,
              0,
              null
            ],
            [
              95.352003744000058,
              5.5414727280000307,
              0,
              null
            ],
            [
              95.352003791000072,
              5.5414747210000428,
              0,
              null
            ],
            [
              95.352003841000055,
              5.5414768860000549,
              0,
              null
            ],
            [
              95.352003873000058,
              5.5414782830000604,
              0,
              null
            ],
            [
              95.35200388800007,
              5.5414789530000235,
              0,
              null
            ],
            [
              95.352003916000058,
              5.5414801150000699,
              0,
              null
            ],
            [
              95.352003978000084,
              5.5414827670000477,
              0,
              null
            ],
            [
              95.352004023000063,
              5.5414847030000374,
              0,
              null
            ],
            [
              95.35200410300007,
              5.5414881480000417,
              0,
              null
            ],
            [
              95.352004110000053,
              5.5414884350000762,
              0,
              null
            ],
            [
              95.352004124000075,
              5.5414890560000458,
              0,
              null
            ],
            [
              95.352004130000068,
              5.5414892700000564,
              0,
              null
            ],
            [
              95.352004190000059,
              5.5414918900000316,
              0,
              null
            ],
            [
              95.352004235000038,
              5.5414937970000437,
              0,
              null
            ],
            [
              95.352004261000047,
              5.5414949190000584,
              0,
              null
            ],
            [
              95.352004326000042,
              5.5414977370000429,
              0,
              null
            ],
            [
              95.352004339000075,
              5.5414982680000548,
              0,
              null
            ],
            [
              95.352004393000072,
              5.5415005700000393,
              0,
              null
            ],
            [
              95.352004428000043,
              5.5415020870000262,
              0,
              null
            ],
            [
              95.352004525000041,
              5.5415062770000532,
              0,
              null
            ],
            [
              95.352004573000045,
              5.5415083190000587,
              0,
              null
            ],
            [
              95.352004694000073,
              5.5415134840000633,
              0,
              null
            ],
            [
              95.352004736000083,
              5.5415152950000675,
              0,
              null
            ],
            [
              95.35200489500005,
              5.5415221050000696,
              0,
              null
            ],
            [
              95.352004931000067,
              5.5415236580000737,
              0,
              null
            ],
            [
              95.352005045000055,
              5.5415285650000214,
              0,
              null
            ],
            [
              95.352005090000034,
              5.5415305100000296,
              0,
              null
            ],
            [
              95.352005247000079,
              5.5415372160000516,
              0,
              null
            ],
            [
              95.352005339000073,
              5.5415412030000653,
              0,
              null
            ],
            [
              95.352005402000032,
              5.5415439140000444,
              0,
              null
            ],
            [
              95.352005890000044,
              5.5415648490000535,
              0,
              null
            ],
            [
              95.35200592800004,
              5.541566486000022,
              0,
              null
            ],
            [
              95.352006169000049,
              5.5415768190000563,
              0,
              null
            ],
            [
              95.352006173000063,
              5.5415769810000484,
              0,
              null
            ],
            [
              95.352006342000038,
              5.5415842680000651,
              0,
              null
            ],
            [
              95.35200646800007,
              5.541589664000071,
              0,
              null
            ],
            [
              95.352006620000054,
              5.5415961580000612,
              0,
              null
            ],
            [
              95.35200696000004,
              5.5416107470000497,
              0,
              null
            ],
            [
              95.352006950000032,
              5.5416124980000632,
              0,
              null
            ],
            [
              95.352006950000032,
              5.5416126030000328,
              0,
              null
            ],
            [
              95.352006922000044,
              5.5416172680000386,
              0,
              null
            ],
            [
              95.352006907000032,
              5.5416199930000403,
              0,
              null
            ],
            [
              95.352006860000074,
              5.5416280910000637,
              0,
              null
            ],
            [
              95.352006832000086,
              5.5416329880000603,
              0,
              null
            ],
            [
              95.352006819000053,
              5.5416353490000461,
              0,
              null
            ],
            [
              95.352006772000038,
              5.5416435520000391,
              0,
              null
            ],
            [
              95.352006767000034,
              5.5416445680000379,
              0,
              null
            ],
            [
              95.352006740000036,
              5.5416490290000411,
              0,
              null
            ],
            [
              95.352006729000038,
              5.5416510550000453,
              0,
              null
            ],
            [
              95.35200670100005,
              5.541655917000071,
              0,
              null
            ],
            [
              95.352006669000048,
              5.5416614380000624,
              0,
              null
            ],
            [
              95.35200664000007,
              5.5416666620000683,
              0,
              null
            ],
            [
              95.35200664100006,
              5.5416667000000643,
              0,
              null
            ],
            [
              95.352006067000048,
              5.5417661860000749,
              0,
              null
            ],
            [
              95.352004964000059,
              5.5418133210000633,
              0,
              null
            ],
            [
              95.352002402000039,
              5.5419227820000287,
              0,
              null
            ],
            [
              95.35200182400007,
              5.5419389940000201,
              0,
              null
            ],
            [
              95.351999832000047,
              5.5419948940000268,
              0,
              null
            ],
            [
              95.351997571000084,
              5.5420583040000224,
              0,
              null
            ],
            [
              95.35199472000005,
              5.5421196980000218,
              0,
              null
            ],
            [
              95.351992513000084,
              5.5421705690000636,
              0,
              null
            ],
            [
              95.351992470000084,
              5.5421714900000438,
              0,
              null
            ],
            [
              95.351991242000054,
              5.5421983240000259,
              0,
              null
            ],
            [
              95.351988857000038,
              5.542221583000071,
              0,
              null
            ],
            [
              95.351987525000084,
              5.5422345760000553,
              0,
              null
            ],
            [
              95.351984579000032,
              5.5422447010000724,
              0,
              null
            ],
            [
              95.351979677000031,
              5.5422573430000739,
              0,
              null
            ]
          ]
        ]
      },
      "properties" : {
        "FID" : 0,
        "OBJECTID" : 14263,
        "KDPPUM" : "11",
        "NAMOBJ" : "Pango Raya",
        "REMARK" : " ",
        "KDPBPS" : " ",
        "FCODE" : "BA03070040",
        "LUASWH" : 0,
        "UUPP" : "RBI",
        "SRS_ID" : "SRGI 2013",
        "METADATA" : "TASWIL1000020200326DATA_BATAS_DESA_KELURAHAN",
        "KDEBPS" : " ",
        "KDEPUM" : "11.71.09.2004",
        "KDCBPS" : " ",
        "KDCPUM" : "11.71.09",
        "KDBBPS" : " ",
        "WADMKD" : "Pango Raya",
        "WIADKD" : "0",
        "WADMKC" : "Ulee Kareng",
        "WIADKC" : " ",
        "WADMKK" : "Kota Banda Aceh",
        "WIADKK" : " ",
        "WADMPR" : "Aceh",
        "WIADPR" : " ",
        "TIPADM" : 9,
        "KDPKAB" : "11.71",
        "SHAPE_Leng" : 0.039452670340799002,
        "SHAPE_Area" : 7.0072802740000004e-05
      }
    }
  ]
}