{
  "hasZ" : true,
  "hasM" : true,
  "type" : "FeatureCollection",
  "features" : [
    {
      "type" : "Feature",
      "id" : 0,
      "geometry" : {
        "type" : "Polygon",
        "coordinates" : [
          [
            [
              95.33424591000005,
              5.5323089890000574,
              0,
              null
            ],
            [
              95.334152681000035,
              5.5323104080000576,
              0,
              null
            ],
            [
              95.334006257000055,
              5.5323126360000288,
              0,
              null
            ],
            [
              95.333925215000079,
              5.5323144150000303,
              0,
              null
            ],
            [
              95.333774936000054,
              5.5323177140000439,
              0,
              null
            ],
            [
              95.333774713000082,
              5.532295174000069,
              0,
              null
            ],
            [
              95.333772027000066,
              5.5320025730000566,
              0,
              null
            ],
            [
              95.333750219000081,
              5.5320020770000724,
              0,
              null
            ],
            [
              95.333731776000036,
              5.5320010200000524,
              0,
              null
            ],
            [
              95.333431100000041,
              5.5319797960000301,
              0,
              null
            ],
            [
              95.33333329800007,
              5.5319745430000467,
              0,
              null
            ],
            [
              95.333303115000035,
              5.5319729930000676,
              0,
              null
            ],
            [
              95.333280343000069,
              5.5319723780000345,
              0,
              null
            ],
            [
              95.333263093000085,
              5.5319718940000371,
              0,
              null
            ],
            [
              95.333249204000083,
              5.5319796410000208,
              0,
              null
            ],
            [
              95.333240556000078,
              5.5319873670000561,
              0,
              null
            ],
            [
              95.333228103000067,
              5.5319978660000402,
              0,
              null
            ],
            [
              95.33321542200008,
              5.5320010790000538,
              0,
              null
            ],
            [
              95.333196649000058,
              5.5320009000000709,
              0,
              null
            ],
            [
              95.333175155000049,
              5.5319972600000256,
              0,
              null
            ],
            [
              95.333152213000062,
              5.5319922260000567,
              0,
              null
            ],
            [
              95.333118247000073,
              5.5319849920000479,
              0,
              null
            ],
            [
              95.333093226000074,
              5.5319791250000208,
              0,
              null
            ],
            [
              95.333067092000078,
              5.5319743830000334,
              0,
              null
            ],
            [
              95.333048237000071,
              5.5319718360000252,
              0,
              null
            ],
            [
              95.333037261000072,
              5.5319704240000647,
              0,
              null
            ],
            [
              95.333029385000032,
              5.5319702380000422,
              0,
              null
            ],
            [
              95.333023051000055,
              5.5319722330000332,
              0,
              null
            ],
            [
              95.333016800000053,
              5.5319770030000655,
              0,
              null
            ],
            [
              95.333010588000036,
              5.5319802280000658,
              0,
              null
            ],
            [
              95.333000734000052,
              5.531981758000029,
              0,
              null
            ],
            [
              95.332988813000043,
              5.5319807020000553,
              0,
              null
            ],
            [
              95.332974002000071,
              5.5319764400000508,
              0,
              null
            ],
            [
              95.332949437000082,
              5.5319693770000526,
              0,
              null
            ],
            [
              95.332922894000035,
              5.5319617620000372,
              0,
              null
            ],
            [
              95.332904000000042,
              5.5319561600000497,
              0,
              null
            ],
            [
              95.332891780000068,
              5.5319529180000586,
              0,
              null
            ],
            [
              95.332892731000072,
              5.5319435810000641,
              0,
              null
            ],
            [
              95.332821052000043,
              5.5319247290000249,
              0,
              null
            ],
            [
              95.332817993000049,
              5.5319333410000695,
              0,
              null
            ],
            [
              95.332782104000046,
              5.5319233130000498,
              0,
              null
            ],
            [
              95.332748437000078,
              5.5319140540000262,
              0,
              null
            ],
            [
              95.332733369000039,
              5.531908789000056,
              0,
              null
            ],
            [
              95.332725349000043,
              5.5319019060000301,
              0,
              null
            ],
            [
              95.332721813000035,
              5.5318926730000726,
              0,
              null
            ],
            [
              95.332720556000083,
              5.5318781520000471,
              0,
              null
            ],
            [
              95.33271902000007,
              5.531859230000066,
              0,
              null
            ],
            [
              95.332717014000082,
              5.5318374540000264,
              0,
              null
            ],
            [
              95.332714398000064,
              5.5318145230000368,
              0,
              null
            ],
            [
              95.332711439000036,
              5.5317938530000674,
              0,
              null
            ],
            [
              95.332707050000067,
              5.5317719600000714,
              0,
              null
            ],
            [
              95.332702098000084,
              5.5317489210000304,
              0,
              null
            ],
            [
              95.332695449000084,
              5.5317258340000421,
              0,
              null
            ],
            [
              95.332688536000035,
              5.5317113260000497,
              0,
              null
            ],
            [
              95.332680517000085,
              5.5317001500000629,
              0,
              null
            ],
            [
              95.332668584000032,
              5.5316914380000526,
              0,
              null
            ],
            [
              95.332656343000053,
              5.5316845530000478,
              0,
              null
            ],
            [
              95.332644452000068,
              5.5316775130000337,
              0,
              null
            ],
            [
              95.332630778000066,
              5.5316711040000541,
              0,
              null
            ],
            [
              95.332603407000079,
              5.5316591810000659,
              0,
              null
            ],
            [
              95.33259361100005,
              5.5316529600000308,
              0,
              null
            ],
            [
              95.332580176000079,
              5.5316524710000294,
              0,
              null
            ],
            [
              95.332565565000039,
              5.5316482440000527,
              0,
              null
            ],
            [
              95.332544042000052,
              5.5316420190000599,
              0,
              null
            ],
            [
              95.332520895000073,
              5.5316330790000734,
              0,
              null
            ],
            [
              95.332494609000037,
              5.5316243430000327,
              0,
              null
            ],
            [
              95.332468654000081,
              5.5316194290000453,
              0,
              null
            ],
            [
              95.332440336000047,
              5.5316147310000474,
              0,
              null
            ],
            [
              95.332409565000034,
              5.5316101420000336,
              0,
              null
            ],
            [
              95.332369499000038,
              5.5316046150000489,
              0,
              null
            ],
            [
              95.332353828000066,
              5.5316026160000433,
              0,
              null
            ],
            [
              95.332346890000053,
              5.531601730000034,
              0,
              null
            ],
            [
              95.332326515000034,
              5.531600428000047,
              0,
              null
            ],
            [
              95.332308054000066,
              5.5315971110000532,
              0,
              null
            ],
            [
              95.332264660000078,
              5.5315920660000302,
              0,
              null
            ],
            [
              95.332250938000072,
              5.5315733630000636,
              0,
              null
            ],
            [
              95.332240777000038,
              5.5315519170000584,
              0,
              null
            ],
            [
              95.332236811000087,
              5.5315320290000614,
              0,
              null
            ],
            [
              95.332237057000043,
              5.5315072330000703,
              0,
              null
            ],
            [
              95.332242056000041,
              5.5314845530000412,
              0,
              null
            ],
            [
              95.332264315000032,
              5.5314280250000252,
              0,
              null
            ],
            [
              95.332285023000054,
              5.5313853250000307,
              0,
              null
            ],
            [
              95.332298501000082,
              5.5313694990000499,
              0,
              null
            ],
            [
              95.332313629000055,
              5.531364586000052,
              0,
              null
            ],
            [
              95.332327234000047,
              5.5313639250000506,
              0,
              null
            ],
            [
              95.332327897000084,
              5.5313293490000319,
              0,
              null
            ],
            [
              95.332322980000072,
              5.5313244700000723,
              0,
              null
            ],
            [
              95.332306246000087,
              5.5313154600000303,
              0,
              null
            ],
            [
              95.332299038000087,
              5.5313062230000583,
              0,
              null
            ],
            [
              95.332298055000081,
              5.5312969260000386,
              0,
              null
            ],
            [
              95.332305827000084,
              5.5312636130000215,
              0,
              null
            ],
            [
              95.332316999000057,
              5.531183990000045,
              0,
              null
            ],
            [
              95.332318516000043,
              5.5311705340000685,
              0,
              null
            ],
            [
              95.332198702000085,
              5.5311507420000225,
              0,
              null
            ],
            [
              95.331924421000053,
              5.531113456000071,
              0,
              null
            ],
            [
              95.331903707000038,
              5.5311105700000667,
              0,
              null
            ],
            [
              95.331908536000071,
              5.5310910950000221,
              0,
              null
            ],
            [
              95.331923491000055,
              5.5310243700000683,
              0,
              null
            ],
            [
              95.331930457000055,
              5.5309750160000704,
              0,
              null
            ],
            [
              95.331934405000084,
              5.5309167060000277,
              0,
              null
            ],
            [
              95.33194327800004,
              5.5308204090000572,
              0,
              null
            ],
            [
              95.331950457000062,
              5.5307489320000514,
              0,
              null
            ],
            [
              95.33195392500005,
              5.5307205190000559,
              0,
              null
            ],
            [
              95.331954161000056,
              5.5307043740000381,
              0,
              null
            ],
            [
              95.33195201400008,
              5.5306894350000562,
              0,
              null
            ],
            [
              95.331949889000043,
              5.5306804750000538,
              0,
              null
            ],
            [
              95.331943676000037,
              5.5306714080000461,
              0,
              null
            ],
            [
              95.331925297000055,
              5.5306676720000496,
              0,
              null
            ],
            [
              95.331889924000052,
              5.5306604800000514,
              0,
              null
            ],
            [
              95.331866704000049,
              5.5306557580000231,
              0,
              null
            ],
            [
              95.331812957000068,
              5.5306448310000746,
              0,
              null
            ],
            [
              95.331742305000034,
              5.5306304670000372,
              0,
              null
            ],
            [
              95.331693360000031,
              5.5306201920000717,
              0,
              null
            ],
            [
              95.33157910400007,
              5.5305962070000305,
              0,
              null
            ],
            [
              95.331563055000061,
              5.5305928390000645,
              0,
              null
            ],
            [
              95.331524176000073,
              5.5305846770000358,
              0,
              null
            ],
            [
              95.331349922000072,
              5.5304587050000578,
              0,
              null
            ],
            [
              95.331074541000078,
              5.5304138300000432,
              0,
              null
            ],
            [
              95.330990911000072,
              5.5301071860000661,
              0,
              null
            ],
            [
              95.330962557000078,
              5.5300310260000742,
              0,
              null
            ],
            [
              95.330948823000085,
              5.5299859980000292,
              0,
              null
            ],
            [
              95.330944651000038,
              5.5299658850000242,
              0,
              null
            ],
            [
              95.330892961000075,
              5.5299689250000483,
              0,
              null
            ],
            [
              95.330888044000062,
              5.529969220000055,
              0,
              null
            ],
            [
              95.330618566000055,
              5.5299992500000599,
              0,
              null
            ],
            [
              95.330519926000079,
              5.530003190000059,
              0,
              null
            ],
            [
              95.330384429000048,
              5.5300105450000387,
              0,
              null
            ],
            [
              95.330323040000053,
              5.5300138780000339,
              0,
              null
            ],
            [
              95.330289890000074,
              5.5300158150000698,
              0,
              null
            ],
            [
              95.330241372000046,
              5.5300182720000635,
              0,
              null
            ],
            [
              95.33023954500004,
              5.5299719140000434,
              0,
              null
            ],
            [
              95.330237664000038,
              5.5295533850000425,
              0,
              null
            ],
            [
              95.330240793000087,
              5.529377969000052,
              0,
              null
            ],
            [
              95.330234902000086,
              5.5287733050000725,
              0,
              null
            ],
            [
              95.330234376000078,
              5.5286186850000263,
              0,
              null
            ],
            [
              95.330234360000077,
              5.5286166300000446,
              0,
              null
            ],
            [
              95.33035594200004,
              5.5286166300000446,
              0,
              null
            ],
            [
              95.330445792000035,
              5.5285937870000339,
              0,
              null
            ],
            [
              95.33072142900005,
              5.5285739900000408,
              0,
              null
            ],
            [
              95.330936573000031,
              5.5281906410000374,
              0,
              null
            ],
            [
              95.33127838300004,
              5.5282857180000633,
              0,
              null
            ],
            [
              95.33226871100004,
              5.5281412130000263,
              0,
              null
            ],
            [
              95.332265217000042,
              5.5277029140000309,
              0,
              null
            ],
            [
              95.33325860900004,
              5.5277260880000654,
              0,
              null
            ],
            [
              95.33325698200008,
              5.5275216980000437,
              0,
              null
            ],
            [
              95.333678736000081,
              5.5274839880000286,
              0,
              null
            ],
            [
              95.334041138000032,
              5.5273587410000573,
              0,
              null
            ],
            [
              95.334044796000057,
              5.5273787610000227,
              0,
              null
            ],
            [
              95.334050982000065,
              5.5274126070000307,
              0,
              null
            ],
            [
              95.334052309000072,
              5.5274198680000382,
              0,
              null
            ],
            [
              95.334054570000035,
              5.5274398710000696,
              0,
              null
            ],
            [
              95.334054218000063,
              5.52745601700002,
              0,
              null
            ],
            [
              95.334047181000074,
              5.5274740860000406,
              0,
              null
            ],
            [
              95.334037276000061,
              5.5274858220000738,
              0,
              null
            ],
            [
              95.334024514000077,
              5.5274933290000376,
              0,
              null
            ],
            [
              95.334009152000078,
              5.527498162000029,
              0,
              null
            ],
            [
              95.333979895000084,
              5.5275001390000398,
              0,
              null
            ],
            [
              95.33392740000005,
              5.5275065380000683,
              0,
              null
            ],
            [
              95.333905476000041,
              5.5275150570000733,
              0,
              null
            ],
            [
              95.33389083600008,
              5.5275222290000556,
              0,
              null
            ],
            [
              95.333878923000043,
              5.527532327000074,
              0,
              null
            ],
            [
              95.33387218200005,
              5.5275433360000648,
              0,
              null
            ],
            [
              95.333868477000067,
              5.5275670330000253,
              0,
              null
            ],
            [
              95.333865744000036,
              5.5276915660000441,
              0,
              null
            ],
            [
              95.333870966000063,
              5.52774652100004,
              0,
              null
            ],
            [
              95.333876400000065,
              5.5277826160000245,
              0,
              null
            ],
            [
              95.33387811700004,
              5.5277940200000444,
              0,
              null
            ],
            [
              95.333913382000048,
              5.5277921460000243,
              0,
              null
            ],
            [
              95.333935602000054,
              5.5277924560000429,
              0,
              null
            ],
            [
              95.333965149000051,
              5.5277980070000581,
              0,
              null
            ],
            [
              95.333990261000054,
              5.5278098310000701,
              0,
              null
            ],
            [
              95.33400088500008,
              5.5278148330000363,
              0,
              null
            ],
            [
              95.334016318000067,
              5.5278029400000719,
              0,
              null
            ],
            [
              95.334019684000054,
              5.527801408000073,
              0,
              null
            ],
            [
              95.334032131000072,
              5.527795746000038,
              0,
              null
            ],
            [
              95.334140696000077,
              5.5277792610000347,
              0,
              null
            ],
            [
              95.334142195000084,
              5.5277906490000532,
              0,
              null
            ],
            [
              95.334143358000063,
              5.527800826000032,
              0,
              null
            ],
            [
              95.33414336900006,
              5.5278009220000399,
              0,
              null
            ],
            [
              95.334144926000079,
              5.5278145480000376,
              0,
              null
            ],
            [
              95.334146686000054,
              5.5278299480000328,
              0,
              null
            ],
            [
              95.334155796000061,
              5.5279096580000555,
              0,
              null
            ],
            [
              95.334179550000044,
              5.527956189000065,
              0,
              null
            ],
            [
              95.334203763000062,
              5.5280036180000707,
              0,
              null
            ],
            [
              95.334207632000073,
              5.5280111970000689,
              0,
              null
            ],
            [
              95.334208605000072,
              5.5280225190000465,
              0,
              null
            ],
            [
              95.334224022000058,
              5.5282019740000692,
              0,
              null
            ],
            [
              95.334332961000086,
              5.5282158820000404,
              0,
              null
            ],
            [
              95.334608798000033,
              5.5282744410000646,
              0,
              null
            ],
            [
              95.334634109000035,
              5.5282707300000311,
              0,
              null
            ],
            [
              95.334653851000041,
              5.5282738700000209,
              0,
              null
            ],
            [
              95.334682260000079,
              5.5282835110000406,
              0,
              null
            ],
            [
              95.334746307000046,
              5.5282990050000649,
              0,
              null
            ],
            [
              95.334835093000038,
              5.5283178280000698,
              0,
              null
            ],
            [
              95.334964779000074,
              5.5283322040000371,
              0,
              null
            ],
            [
              95.334976434000055,
              5.528333496000073,
              0,
              null
            ],
            [
              95.334989180000036,
              5.528322486000036,
              0,
              null
            ],
            [
              95.335143946000073,
              5.5283004360000518,
              0,
              null
            ],
            [
              95.335288495000043,
              5.5282548300000371,
              0,
              null
            ],
            [
              95.33545041900004,
              5.5282627320000302,
              0,
              null
            ],
            [
              95.335450470000069,
              5.5282770570000253,
              0,
              null
            ],
            [
              95.33563171600008,
              5.5282928180000681,
              0,
              null
            ],
            [
              95.33570671800004,
              5.5285644540000476,
              0,
              null
            ],
            [
              95.336229140000057,
              5.5286231200000202,
              0,
              null
            ],
            [
              95.336249773000077,
              5.5288361120000218,
              0,
              null
            ],
            [
              95.336553615000071,
              5.5288266930000418,
              0,
              null
            ],
            [
              95.336616379000077,
              5.5288249280000628,
              0,
              null
            ],
            [
              95.336628051000048,
              5.5288407220000408,
              0,
              null
            ],
            [
              95.336634815000082,
              5.5288498750000485,
              0,
              null
            ],
            [
              95.336651058000086,
              5.5288396240000566,
              0,
              null
            ],
            [
              95.336663540000075,
              5.5288343050000321,
              0,
              null
            ],
            [
              95.336686053000051,
              5.5288265510000656,
              0,
              null
            ],
            [
              95.336709254000084,
              5.5288223160000598,
              0,
              null
            ],
            [
              95.336741891000031,
              5.5288214010000729,
              0,
              null
            ],
            [
              95.336805431000073,
              5.528824635000035,
              0,
              null
            ],
            [
              95.336819262000063,
              5.5288253380000469,
              0,
              null
            ],
            [
              95.336895884000057,
              5.528829232000021,
              0,
              null
            ],
            [
              95.336968127000034,
              5.5288298240000699,
              0,
              null
            ],
            [
              95.336975368000083,
              5.528828944000054,
              0,
              null
            ],
            [
              95.337058581000065,
              5.5288188280000554,
              0,
              null
            ],
            [
              95.337074949000055,
              5.5288168390000578,
              0,
              null
            ],
            [
              95.337083687000074,
              5.5288229240000533,
              0,
              null
            ],
            [
              95.33710153700008,
              5.5288269210000749,
              0,
              null
            ],
            [
              95.337263919000065,
              5.5288347010000507,
              0,
              null
            ],
            [
              95.337296924000043,
              5.528836282000043,
              0,
              null
            ],
            [
              95.337325193000083,
              5.5288376370000378,
              0,
              null
            ],
            [
              95.337337940000054,
              5.5288377400000286,
              0,
              null
            ],
            [
              95.337452673000087,
              5.5288386350000565,
              0,
              null
            ],
            [
              95.337606789000063,
              5.5288398320000738,
              0,
              null
            ],
            [
              95.337666479000063,
              5.5288391160000288,
              0,
              null
            ],
            [
              95.337992302000032,
              5.528835205000064,
              0,
              null
            ],
            [
              95.338204909000069,
              5.528841099000033,
              0,
              null
            ],
            [
              95.338373396000065,
              5.5288358730000482,
              0,
              null
            ],
            [
              95.338486925000041,
              5.5288359050000508,
              0,
              null
            ],
            [
              95.338550303000034,
              5.5288364530000536,
              0,
              null
            ],
            [
              95.338719056000059,
              5.5288398220000659,
              0,
              null
            ],
            [
              95.338892959000077,
              5.5288392250000697,
              0,
              null
            ],
            [
              95.339402163000045,
              5.5288334730000201,
              0,
              null
            ],
            [
              95.339404015000071,
              5.5288309230000436,
              0,
              null
            ],
            [
              95.339405022000051,
              5.5288309200000754,
              0,
              null
            ],
            [
              95.339574262000042,
              5.528829900000062,
              0,
              null
            ],
            [
              95.339643307000074,
              5.5288319260000662,
              0,
              null
            ],
            [
              95.339663306000034,
              5.5288325130000544,
              0,
              null
            ],
            [
              95.339693461000081,
              5.5288333980000743,
              0,
              null
            ],
            [
              95.339693834000059,
              5.5288227670000651,
              0,
              null
            ],
            [
              95.339716199000065,
              5.5288235620000705,
              0,
              null
            ],
            [
              95.33988017300004,
              5.5288293950000593,
              0,
              null
            ],
            [
              95.33987966400008,
              5.5288380970000617,
              0,
              null
            ],
            [
              95.340200195000079,
              5.5288368330000708,
              0,
              null
            ],
            [
              95.34022030400007,
              5.5288042680000444,
              0,
              null
            ],
            [
              95.340240177000055,
              5.5288003910000612,
              0,
              null
            ],
            [
              95.340264375000061,
              5.528796653000029,
              0,
              null
            ],
            [
              95.340325971000084,
              5.5287906880000719,
              0,
              null
            ],
            [
              95.340410720000079,
              5.5287965000000554,
              0,
              null
            ],
            [
              95.340632952000078,
              5.5288089520000767,
              0,
              null
            ],
            [
              95.340672066000081,
              5.5288102710000544,
              0,
              null
            ],
            [
              95.34068460900005,
              5.5288192460000687,
              0,
              null
            ],
            [
              95.340699564000033,
              5.5288299370000686,
              0,
              null
            ],
            [
              95.340706755000042,
              5.5288350770000534,
              0,
              null
            ],
            [
              95.340729392000071,
              5.5288426800000252,
              0,
              null
            ],
            [
              95.34074897000005,
              5.5288457930000732,
              0,
              null
            ],
            [
              95.340786249000075,
              5.5288489450000498,
              0,
              null
            ],
            [
              95.340828001000034,
              5.5288511250000738,
              0,
              null
            ],
            [
              95.340849382000044,
              5.5288522410000382,
              0,
              null
            ],
            [
              95.340875900000071,
              5.5288536260000569,
              0,
              null
            ],
            [
              95.340963361000036,
              5.5288525150000396,
              0,
              null
            ],
            [
              95.34107081500008,
              5.5288511490000474,
              0,
              null
            ],
            [
              95.341132540000046,
              5.5288503640000499,
              0,
              null
            ],
            [
              95.341143991000081,
              5.5288502180000592,
              0,
              null
            ],
            [
              95.341143812000041,
              5.5288261770000418,
              0,
              null
            ],
            [
              95.341155047000086,
              5.5288265560000696,
              0,
              null
            ],
            [
              95.341372893000084,
              5.5288054710000551,
              0,
              null
            ],
            [
              95.34162968000004,
              5.5287806160000628,
              0,
              null
            ],
            [
              95.341885372000036,
              5.52875586600004,
              0,
              null
            ],
            [
              95.342104746000075,
              5.5287346320000665,
              0,
              null
            ],
            [
              95.342349670000033,
              5.5287109260000307,
              0,
              null
            ],
            [
              95.342578716000048,
              5.528688756000065,
              0,
              null
            ],
            [
              95.34291470900007,
              5.5286562350000281,
              0,
              null
            ],
            [
              95.343042858000047,
              5.528643832000057,
              0,
              null
            ],
            [
              95.342990142000076,
              5.5287284680000539,
              0,
              null
            ],
            [
              95.342880859000047,
              5.5289158890000749,
              0,
              null
            ],
            [
              95.342869190000044,
              5.5289378940000233,
              0,
              null
            ],
            [
              95.342859827000041,
              5.5289555500000347,
              0,
              null
            ],
            [
              95.342781132000084,
              5.5291039450000312,
              0,
              null
            ],
            [
              95.342760719000069,
              5.5291428550000319,
              0,
              null
            ],
            [
              95.342651835000083,
              5.5293839110000249,
              0,
              null
            ],
            [
              95.342611413000043,
              5.5294716060000724,
              0,
              null
            ],
            [
              95.342577604000041,
              5.5295449550000626,
              0,
              null
            ],
            [
              95.342510178000055,
              5.5296912360000761,
              0,
              null
            ],
            [
              95.342422356000043,
              5.5298776070000599,
              0,
              null
            ],
            [
              95.342402818000039,
              5.5299190670000371,
              0,
              null
            ],
            [
              95.342343158000062,
              5.5300456730000747,
              0,
              null
            ],
            [
              95.342319979000081,
              5.5300949820000369,
              0,
              null
            ],
            [
              95.342177663000086,
              5.5303978000000598,
              0,
              null
            ],
            [
              95.342124031000083,
              5.5305097670000691,
              0,
              null
            ],
            [
              95.342107827000063,
              5.5305435940000507,
              0,
              null
            ],
            [
              95.34200067200004,
              5.5307672990000469,
              0,
              null
            ],
            [
              95.341809375000082,
              5.5311878440000442,
              0,
              null
            ],
            [
              95.341784511000071,
              5.531241676000036,
              0,
              null
            ],
            [
              95.341769214000067,
              5.5312747960000479,
              0,
              null
            ],
            [
              95.341582748000064,
              5.5316785090000735,
              0,
              null
            ],
            [
              95.341508495000085,
              5.5318408850000651,
              0,
              null
            ],
            [
              95.341498258000058,
              5.5318632720000664,
              0,
              null
            ],
            [
              95.341409947000045,
              5.5320563890000471,
              0,
              null
            ],
            [
              95.341373272000055,
              5.5321260650000568,
              0,
              null
            ],
            [
              95.341374193000036,
              5.5321332270000312,
              0,
              null
            ],
            [
              95.341351613000086,
              5.5321354310000288,
              0,
              null
            ],
            [
              95.341344192000065,
              5.5321361570000249,
              0,
              null
            ],
            [
              95.341337435000071,
              5.5321368160000475,
              0,
              null
            ],
            [
              95.341320631000087,
              5.5321384570000305,
              0,
              null
            ],
            [
              95.341299535000076,
              5.532140517000073,
              0,
              null
            ],
            [
              95.341186848000063,
              5.5321425580000323,
              0,
              null
            ],
            [
              95.341149545000064,
              5.5321432330000562,
              0,
              null
            ],
            [
              95.341077948000077,
              5.5321445290000497,
              0,
              null
            ],
            [
              95.340938317000052,
              5.5321459600000367,
              0,
              null
            ],
            [
              95.340902356000072,
              5.5321463290000565,
              0,
              null
            ],
            [
              95.340859864000038,
              5.5321467640000606,
              0,
              null
            ],
            [
              95.340607745000057,
              5.5321496400000569,
              0,
              null
            ],
            [
              95.340432367000062,
              5.5321566860000644,
              0,
              null
            ],
            [
              95.340228816000035,
              5.532159153000066,
              0,
              null
            ],
            [
              95.340114830000061,
              5.5321615430000293,
              0,
              null
            ],
            [
              95.340072777000046,
              5.5321624250000241,
              0,
              null
            ],
            [
              95.339993015000061,
              5.5321640970000203,
              0,
              null
            ],
            [
              95.339857555000037,
              5.5321702450000316,
              0,
              null
            ],
            [
              95.33967197000004,
              5.532171915000049,
              0,
              null
            ],
            [
              95.339633927000079,
              5.5321722580000596,
              0,
              null
            ],
            [
              95.339596276000066,
              5.5321675690000234,
              0,
              null
            ],
            [
              95.339567971000065,
              5.5321640440000692,
              0,
              null
            ],
            [
              95.339567529000078,
              5.5321772490000285,
              0,
              null
            ],
            [
              95.339566185000081,
              5.5322173770000518,
              0,
              null
            ],
            [
              95.339537621000034,
              5.532216050000045,
              0,
              null
            ],
            [
              95.339516844000059,
              5.5322150860000647,
              0,
              null
            ],
            [
              95.339469036000082,
              5.5322128660000658,
              0,
              null
            ],
            [
              95.33937299300004,
              5.5322084240000322,
              0,
              null
            ],
            [
              95.339211207000062,
              5.5322065030000545,
              0,
              null
            ],
            [
              95.339209802000084,
              5.5322065480000333,
              0,
              null
            ],
            [
              95.339155986000037,
              5.5322082680000335,
              0,
              null
            ],
            [
              95.338942557000053,
              5.5322150920000581,
              0,
              null
            ],
            [
              95.33864953300008,
              5.5322195290000309,
              0,
              null
            ],
            [
              95.33830094800004,
              5.5322261740000727,
              0,
              null
            ],
            [
              95.338037151000037,
              5.5322324840000761,
              0,
              null
            ],
            [
              95.337743998000064,
              5.5322385670000358,
              0,
              null
            ],
            [
              95.337461228000052,
              5.5322460640000486,
              0,
              null
            ],
            [
              95.33740214900007,
              5.5322476670000356,
              0,
              null
            ],
            [
              95.337010798000051,
              5.5322610910000662,
              0,
              null
            ],
            [
              95.336632080000072,
              5.5322696970000607,
              0,
              null
            ],
            [
              95.336544340000046,
              5.5322716970000556,
              0,
              null
            ],
            [
              95.336455535000084,
              5.532273645000032,
              0,
              null
            ],
            [
              95.336419976000059,
              5.5322744250000255,
              0,
              null
            ],
            [
              95.336128006000081,
              5.5322808310000369,
              0,
              null
            ],
            [
              95.335725117000038,
              5.5322905270000433,
              0,
              null
            ],
            [
              95.335285092000049,
              5.5322942670000543,
              0,
              null
            ],
            [
              95.335220818000039,
              5.5322949220000623,
              0,
              null
            ],
            [
              95.335168120000048,
              5.5322954590000677,
              0,
              null
            ],
            [
              95.335039230000064,
              5.532296772000052,
              0,
              null
            ],
            [
              95.334800401000052,
              5.5323003160000326,
              0,
              null
            ],
            [
              95.334748180000076,
              5.5323010820000604,
              0,
              null
            ],
            [
              95.334402134000072,
              5.5323066120000703,
              0,
              null
            ],
            [
              95.33424591000005,
              5.5323089890000574,
              0,
              null
            ]
          ]
        ]
      },
      "properties" : {
        "FID" : 0,
        "OBJECTID" : 10298,
        "KDPPUM" : "11",
        "NAMOBJ" : "Lamdom",
        "REMARK" : " ",
        "KDPBPS" : " ",
        "FCODE" : "BA03070040",
        "LUASWH" : 0,
        "UUPP" : "RBI",
        "SRS_ID" : "SRGI 2013",
        "METADATA" : "TASWIL1000020200326DATA_BATAS_DESA_KELURAHAN",
        "KDEBPS" : " ",
        "KDEPUM" : "11.71.05.2008",
        "KDCBPS" : " ",
        "KDCPUM" : "11.71.05",
        "KDBBPS" : " ",
        "WADMKD" : "Lamdom",
        "WIADKD" : "0",
        "WADMKC" : "Lueng Bata",
        "WIADKC" : " ",
        "WADMKK" : "Kota Banda Aceh",
        "WIADKK" : " ",
        "WADMPR" : "Aceh",
        "WIADPR" : " ",
        "TIPADM" : 9,
        "KDPKAB" : "11.71",
        "SHAPE_Leng" : 0.033795469578964003,
        "SHAPE_Area" : 4.0667055620000002e-05
      }
    },
    {
      "type" : "Feature",
      "id" : 1,
      "geometry" : {
        "type" : "MultiPolygon",
        "coordinates" : [
          [
            [
              [
                95.33072142900005,
                5.5285739900000408,
                0,
                null
              ],
              [
                95.330445792000035,
                5.5285937870000339,
                0,
                null
              ],
              [
                95.33035594200004,
                5.5286166300000446,
                0,
                null
              ],
              [
                95.330234360000077,
                5.5286166300000446,
                0,
                null
              ],
              [
                95.330231581000078,
                5.5282704800000602,
                0,
                null
              ],
              [
                95.330229970000062,
                5.527858654000056,
                0,
                null
              ],
              [
                95.330227561000072,
                5.5276089810000713,
                0,
                null
              ],
              [
                95.330224970000074,
                5.5273126730000399,
                0,
                null
              ],
              [
                95.330221940000058,
                5.5270820940000362,
                0,
                null
              ],
              [
                95.330219966000072,
                5.5270200530000579,
                0,
                null
              ],
              [
                95.330218453000043,
                5.5269471820000717,
                0,
                null
              ],
              [
                95.330217917000084,
                5.5268500810000205,
                0,
                null
              ],
              [
                95.330226751000055,
                5.5267608730000575,
                0,
                null
              ],
              [
                95.330224969000085,
                5.5266259090000744,
                0,
                null
              ],
              [
                95.330222991000085,
                5.5263762550000592,
                0,
                null
              ],
              [
                95.330263512000045,
                5.5263763360000553,
                0,
                null
              ],
              [
                95.330295542000044,
                5.5263770240000554,
                0,
                null
              ],
              [
                95.330455965000056,
                5.5263430100000619,
                0,
                null
              ],
              [
                95.330470456000057,
                5.5263092460000394,
                0,
                null
              ],
              [
                95.330585715000041,
                5.5263084050000657,
                0,
                null
              ],
              [
                95.330602508000084,
                5.526291092000065,
                0,
                null
              ],
              [
                95.330610365000041,
                5.5262668780000581,
                0,
                null
              ],
              [
                95.330615391000038,
                5.5262513900000272,
                0,
                null
              ],
              [
                95.330619283000033,
                5.5262393950000614,
                0,
                null
              ],
              [
                95.330628810000064,
                5.5262211620000699,
                0,
                null
              ],
              [
                95.330646893000051,
                5.5262154600000599,
                0,
                null
              ],
              [
                95.330712408000068,
                5.5262281370000323,
                0,
                null
              ],
              [
                95.330748226000082,
                5.5262384100000759,
                0,
                null
              ],
              [
                95.330762664000076,
                5.5262371050000638,
                0,
                null
              ],
              [
                95.330777502000046,
                5.5262275650000561,
                0,
                null
              ],
              [
                95.330788603000087,
                5.5262079700000299,
                0,
                null
              ],
              [
                95.330805567000084,
                5.5262023440000689,
                0,
                null
              ],
              [
                95.330830723000076,
                5.5262036290000651,
                0,
                null
              ],
              [
                95.330896213000074,
                5.5262254100000519,
                0,
                null
              ],
              [
                95.330941573000075,
                5.5262404970000603,
                0,
                null
              ],
              [
                95.330953989000079,
                5.5262503010000614,
                0,
                null
              ],
              [
                95.33097298000007,
                5.5262449990000277,
                0,
                null
              ],
              [
                95.33098315400008,
                5.5262364110000703,
                0,
                null
              ],
              [
                95.331001890000039,
                5.5262479530000519,
                0,
                null
              ],
              [
                95.33103049500005,
                5.5262568610000358,
                0,
                null
              ],
              [
                95.33106937000008,
                5.5262601430000586,
                0,
                null
              ],
              [
                95.331117599000038,
                5.5262652330000606,
                0,
                null
              ],
              [
                95.331118588000038,
                5.5262654480000606,
                0,
                null
              ],
              [
                95.331162300000074,
                5.5262749190000591,
                0,
                null
              ],
              [
                95.33120182600004,
                5.5262899860000516,
                0,
                null
              ],
              [
                95.331282601000055,
                5.5263218660000462,
                0,
                null
              ],
              [
                95.331305593000081,
                5.5263309410000261,
                0,
                null
              ],
              [
                95.33132727900005,
                5.5263354460000755,
                0,
                null
              ],
              [
                95.331342050000046,
                5.52633634700004,
                0,
                null
              ],
              [
                95.331364543000063,
                5.5263303930000234,
                0,
                null
              ],
              [
                95.331383966000033,
                5.5263144530000545,
                0,
                null
              ],
              [
                95.331404785000075,
                5.5262909420000597,
                0,
                null
              ],
              [
                95.331430155000078,
                5.5262686150000491,
                0,
                null
              ],
              [
                95.331449742000075,
                5.5262599060000639,
                0,
                null
              ],
              [
                95.331488241000045,
                5.5262569520000397,
                0,
                null
              ],
              [
                95.331586958000059,
                5.52625923100004,
                0,
                null
              ],
              [
                95.331678063000084,
                5.5262662640000713,
                0,
                null
              ],
              [
                95.331847457000038,
                5.5262793410000199,
                0,
                null
              ],
              [
                95.331916695000075,
                5.5262890750000224,
                0,
                null
              ],
              [
                95.332027621000066,
                5.5262986580000302,
                0,
                null
              ],
              [
                95.332105335000051,
                5.5263053720000244,
                0,
                null
              ],
              [
                95.332143586000086,
                5.5263127700000609,
                0,
                null
              ],
              [
                95.332150937000051,
                5.5263160540000626,
                0,
                null
              ],
              [
                95.332158289000063,
                5.5263193370000749,
                0,
                null
              ],
              [
                95.332175267000082,
                5.5263493620000759,
                0,
                null
              ],
              [
                95.332191474000069,
                5.5263945210000429,
                0,
                null
              ],
              [
                95.332207572000073,
                5.5264395620000641,
                0,
                null
              ],
              [
                95.332231953000075,
                5.5264639710000552,
                0,
                null
              ],
              [
                95.332280747000084,
                5.5264868650000381,
                0,
                null
              ],
              [
                95.332402434000073,
                5.5265233490000583,
                0,
                null
              ],
              [
                95.332435501000077,
                5.526530115000071,
                0,
                null
              ],
              [
                95.332557261000034,
                5.526548865000052,
                0,
                null
              ],
              [
                95.332571322000035,
                5.5265510310000536,
                0,
                null
              ],
              [
                95.332733006000069,
                5.5265737200000444,
                0,
                null
              ],
              [
                95.332787486000086,
                5.5265813660000731,
                0,
                null
              ],
              [
                95.332933111000045,
                5.5266062200000761,
                0,
                null
              ],
              [
                95.332963421000045,
                5.5266142410000612,
                0,
                null
              ],
              [
                95.332986282000036,
                5.5266202930000645,
                0,
                null
              ],
              [
                95.333079911000084,
                5.5266571020000583,
                0,
                null
              ],
              [
                95.333115446000079,
                5.526671072000056,
                0,
                null
              ],
              [
                95.333150627000066,
                5.526684719000059,
                0,
                null
              ],
              [
                95.333169296000051,
                5.5267011880000609,
                0,
                null
              ],
              [
                95.333172642000079,
                5.5267041380000705,
                0,
                null
              ],
              [
                95.333181814000056,
                5.5267288780000285,
                0,
                null
              ],
              [
                95.333184343000084,
                5.5267406620000656,
                0,
                null
              ],
              [
                95.333197574000053,
                5.5267421210000407,
                0,
                null
              ],
              [
                95.333333302000085,
                5.5267498220000562,
                0,
                null
              ],
              [
                95.333360662000075,
                5.5267513750000603,
                0,
                null
              ],
              [
                95.333423914000036,
                5.5267526810000618,
                0,
                null
              ],
              [
                95.333450309000057,
                5.5267618510000602,
                0,
                null
              ],
              [
                95.333464357000082,
                5.5267737460000603,
                0,
                null
              ],
              [
                95.333471959000065,
                5.5267868770000632,
                0,
                null
              ],
              [
                95.333475823000072,
                5.5267993820000356,
                0,
                null
              ],
              [
                95.333478428000035,
                5.5268078130000617,
                0,
                null
              ],
              [
                95.333483203000071,
                5.5268641520000301,
                0,
                null
              ],
              [
                95.333485661000054,
                5.526889805000053,
                0,
                null
              ],
              [
                95.333495414000083,
                5.5269343200000662,
                0,
                null
              ],
              [
                95.333506623000062,
                5.5269541620000382,
                0,
                null
              ],
              [
                95.333521879000045,
                5.5269706790000441,
                0,
                null
              ],
              [
                95.333541326000045,
                5.5269837180000536,
                0,
                null
              ],
              [
                95.333564421000062,
                5.5269910670000399,
                0,
                null
              ],
              [
                95.333585501000073,
                5.5269926290000626,
                0,
                null
              ],
              [
                95.333645012000034,
                5.5269925940000348,
                0,
                null
              ],
              [
                95.333666864000065,
                5.526993358000027,
                0,
                null
              ],
              [
                95.333682969000051,
                5.5269985100000554,
                0,
                null
              ],
              [
                95.33369818500006,
                5.5270093510000606,
                0,
                null
              ],
              [
                95.333714646000033,
                5.5270273010000324,
                0,
                null
              ],
              [
                95.333716967000043,
                5.5270302950000314,
                0,
                null
              ],
              [
                95.33372501000008,
                5.527040674000034,
                0,
                null
              ],
              [
                95.333739478000041,
                5.5270564000000491,
                0,
                null
              ],
              [
                95.333752728000036,
                5.5270675290000213,
                0,
                null
              ],
              [
                95.333765395000057,
                5.5270723150000549,
                0,
                null
              ],
              [
                95.333782674000076,
                5.5270757450000474,
                0,
                null
              ],
              [
                95.333802163000087,
                5.5270765180000581,
                0,
                null
              ],
              [
                95.333829402000049,
                5.5270754080000302,
                0,
                null
              ],
              [
                95.33387035800007,
                5.5270705760000283,
                0,
                null
              ],
              [
                95.334005064000053,
                5.527054683000074,
                0,
                null
              ],
              [
                95.334005111000067,
                5.52705467800007,
                0,
                null
              ],
              [
                95.334015116000046,
                5.5270534980000434,
                0,
                null
              ],
              [
                95.334026601000062,
                5.5270521430000485,
                0,
                null
              ],
              [
                95.334026388000041,
                5.5270638270000632,
                0,
                null
              ],
              [
                95.334026081000047,
                5.5270806000000334,
                0,
                null
              ],
              [
                95.334025619000045,
                5.5271382910000284,
                0,
                null
              ],
              [
                95.334025451000059,
                5.5271592320000309,
                0,
                null
              ],
              [
                95.334024912000075,
                5.5272265580000521,
                0,
                null
              ],
              [
                95.334031244000073,
                5.5273046030000614,
                0,
                null
              ],
              [
                95.334041138000032,
                5.5273587410000573,
                0,
                null
              ],
              [
                95.333678736000081,
                5.5274839880000286,
                0,
                null
              ],
              [
                95.33325698200008,
                5.5275216980000437,
                0,
                null
              ],
              [
                95.33325860900004,
                5.5277260880000654,
                0,
                null
              ],
              [
                95.332265217000042,
                5.5277029140000309,
                0,
                null
              ],
              [
                95.33226871100004,
                5.5281412130000263,
                0,
                null
              ],
              [
                95.33127838300004,
                5.5282857180000633,
                0,
                null
              ],
              [
                95.330936573000031,
                5.5281906410000374,
                0,
                null
              ],
              [
                95.33072142900005,
                5.5285739900000408,
                0,
                null
              ]
            ]
          ],
          [
            [
              [
                95.342911278000031,
                5.5281852900000672,
                0,
                null
              ],
              [
                95.342914207000035,
                5.5282340450000333,
                0,
                null
              ],
              [
                95.342920955000068,
                5.5283970370000475,
                0,
                null
              ],
              [
                95.342925591000039,
                5.528419761000066,
                0,
                null
              ],
              [
                95.342932205000068,
                5.5284338350000439,
                0,
                null
              ],
              [
                95.342940046000081,
                5.5284412800000382,
                0,
                null
              ],
              [
                95.342952118000085,
                5.5284462850000295,
                0,
                null
              ],
              [
                95.342965099000082,
                5.528450699000075,
                0,
                null
              ],
              [
                95.342991217000076,
                5.5284537860000569,
                0,
                null
              ],
              [
                95.343140299000083,
                5.5284656950000226,
                0,
                null
              ],
              [
                95.343153168000072,
                5.528466723000065,
                0,
                null
              ],
              [
                95.343098920000045,
                5.5285538210000595,
                0,
                null
              ],
              [
                95.34308593600008,
                5.5285746690000224,
                0,
                null
              ],
              [
                95.343042858000047,
                5.528643832000057,
                0,
                null
              ],
              [
                95.34291470900007,
                5.5286562350000281,
                0,
                null
              ],
              [
                95.342578716000048,
                5.528688756000065,
                0,
                null
              ],
              [
                95.342349670000033,
                5.5287109260000307,
                0,
                null
              ],
              [
                95.342104746000075,
                5.5287346320000665,
                0,
                null
              ],
              [
                95.341885372000036,
                5.52875586600004,
                0,
                null
              ],
              [
                95.34162968000004,
                5.5287806160000628,
                0,
                null
              ],
              [
                95.341372893000084,
                5.5288054710000551,
                0,
                null
              ],
              [
                95.341155047000086,
                5.5288265560000696,
                0,
                null
              ],
              [
                95.341143812000041,
                5.5288261770000418,
                0,
                null
              ],
              [
                95.341143189000036,
                5.5287424220000503,
                0,
                null
              ],
              [
                95.341148550000071,
                5.5286205700000437,
                0,
                null
              ],
              [
                95.341150513000059,
                5.5285925520000205,
                0,
                null
              ],
              [
                95.341158483000072,
                5.5285091550000516,
                0,
                null
              ],
              [
                95.341194815000051,
                5.5282580440000402,
                0,
                null
              ],
              [
                95.341201731000069,
                5.5282092700000476,
                0,
                null
              ],
              [
                95.341201759000057,
                5.5282090790000211,
                0,
                null
              ],
              [
                95.341214520000051,
                5.5282007060000637,
                0,
                null
              ],
              [
                95.341301445000056,
                5.5281436770000596,
                0,
                null
              ],
              [
                95.341321254000036,
                5.5281364060000442,
                0,
                null
              ],
              [
                95.341340863000084,
                5.5281292070000632,
                0,
                null
              ],
              [
                95.341394093000076,
                5.5281096680000701,
                0,
                null
              ],
              [
                95.341479803000084,
                5.5280778290000399,
                0,
                null
              ],
              [
                95.341621262000046,
                5.528025269000068,
                0,
                null
              ],
              [
                95.341647136000063,
                5.5280137380000269,
                0,
                null
              ],
              [
                95.341710465000062,
                5.5279855160000579,
                0,
                null
              ],
              [
                95.341734510000038,
                5.5279748000000382,
                0,
                null
              ],
              [
                95.341764571000056,
                5.527961403000063,
                0,
                null
              ],
              [
                95.341775910000081,
                5.5279565770000545,
                0,
                null
              ],
              [
                95.341871780000076,
                5.5279019990000506,
                0,
                null
              ],
              [
                95.342090885000061,
                5.5278160970000272,
                0,
                null
              ],
              [
                95.342099107000081,
                5.5278078570000275,
                0,
                null
              ],
              [
                95.342109503000074,
                5.5278225680000332,
                0,
                null
              ],
              [
                95.342156647000081,
                5.5280245300000388,
                0,
                null
              ],
              [
                95.342163252000034,
                5.5280434670000318,
                0,
                null
              ],
              [
                95.342167754000059,
                5.5280545160000543,
                0,
                null
              ],
              [
                95.342173876000061,
                5.5280608310000616,
                0,
                null
              ],
              [
                95.342177108000044,
                5.528063922000058,
                0,
                null
              ],
              [
                95.342188569000086,
                5.5280696890000627,
                0,
                null
              ],
              [
                95.342200947000038,
                5.5280721440000207,
                0,
                null
              ],
              [
                95.342213275000063,
                5.5280723730000432,
                0,
                null
              ],
              [
                95.342257448000055,
                5.5280711550000206,
                0,
                null
              ],
              [
                95.342357725000056,
                5.5280658210000411,
                0,
                null
              ],
              [
                95.342617869000037,
                5.5280280870000524,
                0,
                null
              ],
              [
                95.34278495600006,
                5.528002850000064,
                0,
                null
              ],
              [
                95.342842308000058,
                5.5280005160000201,
                0,
                null
              ],
              [
                95.342858453000076,
                5.5279998600000226,
                0,
                null
              ],
              [
                95.342859268000041,
                5.5279998270000306,
                0,
                null
              ],
              [
                95.342875423000066,
                5.5280016790000559,
                0,
                null
              ],
              [
                95.342887500000074,
                5.5280057890000762,
                0,
                null
              ],
              [
                95.342894876000059,
                5.5280142930000693,
                0,
                null
              ],
              [
                95.342899228000078,
                5.5280242910000652,
                0,
                null
              ],
              [
                95.342902237000033,
                5.5280347370000413,
                0,
                null
              ],
              [
                95.342911278000031,
                5.5281852900000672,
                0,
                null
              ]
            ]
          ],
          [
            [
              [
                95.335676875000047,
                5.5282833200000709,
                0,
                null
              ],
              [
                95.33585892800005,
                5.5283176020000724,
                0,
                null
              ],
              [
                95.336052782000081,
                5.5283684700000322,
                0,
                null
              ],
              [
                95.336173044000077,
                5.5283918780000363,
                0,
                null
              ],
              [
                95.336307716000078,
                5.5284050050000246,
                0,
                null
              ],
              [
                95.336329602000035,
                5.528405145000022,
                0,
                null
              ],
              [
                95.336491914000078,
                5.5284572120000348,
                0,
                null
              ],
              [
                95.33652248900006,
                5.5284831420000273,
                0,
                null
              ],
              [
                95.336536616000046,
                5.528487751000057,
                0,
                null
              ],
              [
                95.336548245000074,
                5.5284880400000702,
                0,
                null
              ],
              [
                95.336570822000056,
                5.5285447430000545,
                0,
                null
              ],
              [
                95.336572815000068,
                5.5285642800000687,
                0,
                null
              ],
              [
                95.33658678200004,
                5.5287012060000507,
                0,
                null
              ],
              [
                95.336589506000053,
                5.5287279140000578,
                0,
                null
              ],
              [
                95.336594830000081,
                5.5287801060000561,
                0,
                null
              ],
              [
                95.336602438000057,
                5.5288060640000367,
                0,
                null
              ],
              [
                95.336605278000036,
                5.5288099070000385,
                0,
                null
              ],
              [
                95.336616379000077,
                5.5288249280000628,
                0,
                null
              ],
              [
                95.336553615000071,
                5.5288266930000418,
                0,
                null
              ],
              [
                95.336249773000077,
                5.5288361120000218,
                0,
                null
              ],
              [
                95.336229140000057,
                5.5286231200000202,
                0,
                null
              ],
              [
                95.33570671800004,
                5.5285644540000476,
                0,
                null
              ],
              [
                95.33563171600008,
                5.5282928180000681,
                0,
                null
              ],
              [
                95.335450470000069,
                5.5282770570000253,
                0,
                null
              ],
              [
                95.33545041900004,
                5.5282627320000302,
                0,
                null
              ],
              [
                95.335484400000041,
                5.5282643910000502,
                0,
                null
              ],
              [
                95.335494035000067,
                5.5282621560000393,
                0,
                null
              ],
              [
                95.335522234000052,
                5.5282642420000343,
                0,
                null
              ],
              [
                95.335676875000047,
                5.5282833200000709,
                0,
                null
              ]
            ]
          ]
        ]
      },
      "properties" : {
        "FID" : 1,
        "OBJECTID" : 10299,
        "KDPPUM" : "11",
        "NAMOBJ" : "Lamdom/Lamcot",
        "REMARK" : "Area Saling Klaim",
        "KDPBPS" : " ",
        "FCODE" : "BA03070040",
        "LUASWH" : 0,
        "UUPP" : "Hasli Delineasi 2019/RBI",
        "SRS_ID" : "SRGI 2013",
        "METADATA" : "TASWIL1000020200326DATA_BATAS_DESA_KELURAHAN",
        "KDEBPS" : " ",
        "KDEPUM" : "11.71.05.2008/11.06.07.2004",
        "KDCBPS" : " ",
        "KDCPUM" : "11.71.05/11.06.07",
        "KDBBPS" : " ",
        "WADMKD" : "Lamdom/Lamcot",
        "WIADKD" : "0",
        "WADMKC" : "Lueng Bata/Darul Imarah",
        "WIADKC" : " ",
        "WADMKK" : "Banda Aceh/Aceh Besar",
        "WIADKK" : " ",
        "WADMPR" : "Aceh",
        "WIADPR" : " ",
        "TIPADM" : 9,
        "KDPKAB" : "11.71/11.06",
        "SHAPE_Leng" : 0.020033042859634,
        "SHAPE_Area" : 7.2455648869999999e-06
      }
    }
  ]
}