{
  "hasZ" : true,
  "hasM" : true,
  "type" : "FeatureCollection",
  "features" : [
    {
      "type" : "Feature",
      "id" : 0,
      "geometry" : {
        "type" : "Polygon",
        "coordinates" : [
          [
            [
              95.294584851000081,
              5.5599057800000651,
              0,
              null
            ],
            [
              95.294562918000054,
              5.5599695980000661,
              0,
              null
            ],
            [
              95.294526018000056,
              5.5600840990000506,
              0,
              null
            ],
            [
              95.294451486000071,
              5.5603101090000564,
              0,
              null
            ],
            [
              95.294442084000082,
              5.5603386210000281,
              0,
              null
            ],
            [
              95.294440173000055,
              5.5603444170000671,
              0,
              null
            ],
            [
              95.294415482000034,
              5.5604192890000377,
              0,
              null
            ],
            [
              95.294361369000057,
              5.5605916090000278,
              0,
              null
            ],
            [
              95.294311729000071,
              5.5607509890000415,
              0,
              null
            ],
            [
              95.294303966000086,
              5.5607669250000527,
              0,
              null
            ],
            [
              95.29429388300008,
              5.560787623000067,
              0,
              null
            ],
            [
              95.294237140000064,
              5.5608292340000389,
              0,
              null
            ],
            [
              95.294227465000063,
              5.5608467050000741,
              0,
              null
            ],
            [
              95.294214413000077,
              5.5608636680000245,
              0,
              null
            ],
            [
              95.294208834000074,
              5.5608719420000625,
              0,
              null
            ],
            [
              95.294159739000065,
              5.5609864350000748,
              0,
              null
            ],
            [
              95.29410671800008,
              5.5611168710000243,
              0,
              null
            ],
            [
              95.294078036000087,
              5.561191023000049,
              0,
              null
            ],
            [
              95.294042750000074,
              5.561281344000065,
              0,
              null
            ],
            [
              95.294042678000039,
              5.5612815270000624,
              0,
              null
            ],
            [
              95.29402215500005,
              5.561339973000031,
              0,
              null
            ],
            [
              95.294013336000035,
              5.5613597220000202,
              0,
              null
            ],
            [
              95.293999192000058,
              5.5613790220000396,
              0,
              null
            ],
            [
              95.293983177000086,
              5.5613927700000545,
              0,
              null
            ],
            [
              95.293958517000078,
              5.5614024920000702,
              0,
              null
            ],
            [
              95.293939893000072,
              5.5614087920000657,
              0,
              null
            ],
            [
              95.293920510000078,
              5.5614123840000502,
              0,
              null
            ],
            [
              95.293903554000053,
              5.56141360700002,
              0,
              null
            ],
            [
              95.293871221000074,
              5.561470780000036,
              0,
              null
            ],
            [
              95.293867054000032,
              5.5615037000000598,
              0,
              null
            ],
            [
              95.293860955000071,
              5.5615268210000295,
              0,
              null
            ],
            [
              95.293858314000033,
              5.5615343860000621,
              0,
              null
            ],
            [
              95.293837742000051,
              5.5615779900000462,
              0,
              null
            ],
            [
              95.293812913000068,
              5.5616361370000504,
              0,
              null
            ],
            [
              95.293798170000059,
              5.5616705890000731,
              0,
              null
            ],
            [
              95.293776823000087,
              5.561712190000037,
              0,
              null
            ],
            [
              95.293775302000086,
              5.5617148060000545,
              0,
              null
            ],
            [
              95.293735411000057,
              5.5617770360000236,
              0,
              null
            ],
            [
              95.293699288000084,
              5.5618559930000515,
              0,
              null
            ],
            [
              95.293604631000051,
              5.5620687390000398,
              0,
              null
            ],
            [
              95.293498057000079,
              5.5622871480000526,
              0,
              null
            ],
            [
              95.29340824600007,
              5.5624932620000322,
              0,
              null
            ],
            [
              95.291666660000033,
              5.5616645630000221,
              0,
              null
            ],
            [
              95.291665826000042,
              5.561664166000071,
              0,
              null
            ],
            [
              95.290865516000054,
              5.5612749570000233,
              0,
              null
            ],
            [
              95.290008224000076,
              5.5608764880000763,
              0,
              null
            ],
            [
              95.289394835000053,
              5.5605882830000724,
              0,
              null
            ],
            [
              95.288505112000053,
              5.5601361230000634,
              0,
              null
            ],
            [
              95.288293322000072,
              5.5599970330000588,
              0,
              null
            ],
            [
              95.288250190000042,
              5.5599541510000563,
              0,
              null
            ],
            [
              95.287907119000067,
              5.5591985200000522,
              0,
              null
            ],
            [
              95.287581609000085,
              5.5583973870000705,
              0,
              null
            ],
            [
              95.288581324000063,
              5.5583047500000475,
              0,
              null
            ],
            [
              95.288592682000058,
              5.5583023170000274,
              0,
              null
            ],
            [
              95.28860783500005,
              5.5582990700000323,
              0,
              null
            ],
            [
              95.288621127000056,
              5.5582975180000744,
              0,
              null
            ],
            [
              95.288630375000082,
              5.5582965790000571,
              0,
              null
            ],
            [
              95.288672292000058,
              5.5582923200000209,
              0,
              null
            ],
            [
              95.288692771000058,
              5.5582902410000656,
              0,
              null
            ],
            [
              95.288696153000046,
              5.5582898970000656,
              0,
              null
            ],
            [
              95.288717235000036,
              5.5582877570000733,
              0,
              null
            ],
            [
              95.288718082000059,
              5.5582848340000623,
              0,
              null
            ],
            [
              95.288755791000085,
              5.5581543750000719,
              0,
              null
            ],
            [
              95.288784529000054,
              5.5580732500000636,
              0,
              null
            ],
            [
              95.288786387000073,
              5.5580605360000277,
              0,
              null
            ],
            [
              95.28879069900006,
              5.5580310300000519,
              0,
              null
            ],
            [
              95.288791121000031,
              5.5580281450000371,
              0,
              null
            ],
            [
              95.288809809000043,
              5.5579568160000576,
              0,
              null
            ],
            [
              95.288816722000035,
              5.5579321230000573,
              0,
              null
            ],
            [
              95.288825470000063,
              5.5579008720000616,
              0,
              null
            ],
            [
              95.288832475000049,
              5.5578758530000414,
              0,
              null
            ],
            [
              95.288833085000078,
              5.5578735660000689,
              0,
              null
            ],
            [
              95.288835998000081,
              5.5578626430000213,
              0,
              null
            ],
            [
              95.28884017300004,
              5.5578469910000763,
              0,
              null
            ],
            [
              95.288851413000032,
              5.5578048540000395,
              0,
              null
            ],
            [
              95.288854161000074,
              5.5577945510000291,
              0,
              null
            ],
            [
              95.288858266000034,
              5.5577791620000312,
              0,
              null
            ],
            [
              95.288866728000073,
              5.5577507430000423,
              0,
              null
            ],
            [
              95.28886921600008,
              5.55774238500004,
              0,
              null
            ],
            [
              95.288878507000049,
              5.5577111840000271,
              0,
              null
            ],
            [
              95.288880090000077,
              5.5577058650000595,
              0,
              null
            ],
            [
              95.288883054000053,
              5.5576959100000636,
              0,
              null
            ],
            [
              95.288892143000055,
              5.5576653860000533,
              0,
              null
            ],
            [
              95.288897201000054,
              5.5576483990000725,
              0,
              null
            ],
            [
              95.288899365000077,
              5.5576411310000253,
              0,
              null
            ],
            [
              95.28890950400006,
              5.5576070780000464,
              0,
              null
            ],
            [
              95.288913207000064,
              5.5575946420000264,
              0,
              null
            ],
            [
              95.288922450000086,
              5.5575627830000371,
              0,
              null
            ],
            [
              95.28892800300008,
              5.5575436450000666,
              0,
              null
            ],
            [
              95.288932037000052,
              5.5575297390000742,
              0,
              null
            ],
            [
              95.288944300000082,
              5.557487472000048,
              0,
              null
            ],
            [
              95.288950097000054,
              5.5574674920000575,
              0,
              null
            ],
            [
              95.288954684000032,
              5.557451684000057,
              0,
              null
            ],
            [
              95.288956379000069,
              5.5574458410000602,
              0,
              null
            ],
            [
              95.288961676000042,
              5.5574279520000687,
              0,
              null
            ],
            [
              95.28896633100004,
              5.5574122350000721,
              0,
              null
            ],
            [
              95.288973226000053,
              5.5573889500000746,
              0,
              null
            ],
            [
              95.288984232000075,
              5.5573517870000728,
              0,
              null
            ],
            [
              95.28899442800008,
              5.5573173570000449,
              0,
              null
            ],
            [
              95.28900488000005,
              5.5572820600000341,
              0,
              null
            ],
            [
              95.289005787000065,
              5.5572790000000509,
              0,
              null
            ],
            [
              95.289014718000033,
              5.5572450500000627,
              0,
              null
            ],
            [
              95.289015620000043,
              5.557241624000028,
              0,
              null
            ],
            [
              95.289026135000086,
              5.5572016580000536,
              0,
              null
            ],
            [
              95.289034684000057,
              5.5571691570000326,
              0,
              null
            ],
            [
              95.289042676000065,
              5.5571387810000488,
              0,
              null
            ],
            [
              95.289043228000082,
              5.557136597000067,
              0,
              null
            ],
            [
              95.289043922000076,
              5.5571338570000535,
              0,
              null
            ],
            [
              95.289051529000062,
              5.5571037990000605,
              0,
              null
            ],
            [
              95.289052282000057,
              5.5571008250000204,
              0,
              null
            ],
            [
              95.289054276000059,
              5.5570929470000578,
              0,
              null
            ],
            [
              95.289067019000072,
              5.5570425960000307,
              0,
              null
            ],
            [
              95.289070554000034,
              5.5570286270000224,
              0,
              null
            ],
            [
              95.289071628000045,
              5.5570243870000695,
              0,
              null
            ],
            [
              95.289076127000044,
              5.5570033910000234,
              0,
              null
            ],
            [
              95.289080668000054,
              5.5569822020000288,
              0,
              null
            ],
            [
              95.289088006000043,
              5.5569479600000591,
              0,
              null
            ],
            [
              95.289088185000082,
              5.5569471230000431,
              0,
              null
            ],
            [
              95.28909348500008,
              5.5569223940000256,
              0,
              null
            ],
            [
              95.289094984000087,
              5.5569153970000684,
              0,
              null
            ],
            [
              95.289097942000069,
              5.5569015960000456,
              0,
              null
            ],
            [
              95.289101050000056,
              5.5568870920000677,
              0,
              null
            ],
            [
              95.28910249900008,
              5.5568802200000391,
              0,
              null
            ],
            [
              95.289115087000084,
              5.5568205390000571,
              0,
              null
            ],
            [
              95.289146472000084,
              5.5568247470000642,
              0,
              null
            ],
            [
              95.289175951000061,
              5.5568297110000344,
              0,
              null
            ],
            [
              95.28917851600005,
              5.5568301420000239,
              0,
              null
            ],
            [
              95.289194762000079,
              5.5568341390000455,
              0,
              null
            ],
            [
              95.289201930000047,
              5.5568359020000457,
              0,
              null
            ],
            [
              95.289216982000084,
              5.5568396040000607,
              0,
              null
            ],
            [
              95.289228734000062,
              5.5568424940000227,
              0,
              null
            ],
            [
              95.289269510000054,
              5.5568513030000304,
              0,
              null
            ],
            [
              95.289269883000031,
              5.5568514140000502,
              0,
              null
            ],
            [
              95.289283547000082,
              5.5568554560000507,
              0,
              null
            ],
            [
              95.28930001100008,
              5.5568603260000486,
              0,
              null
            ],
            [
              95.289357131000031,
              5.5568772230000718,
              0,
              null
            ],
            [
              95.289372064000077,
              5.5568819000000644,
              0,
              null
            ],
            [
              95.289410168000074,
              5.5568938350000394,
              0,
              null
            ],
            [
              95.289428147000081,
              5.5568994660000612,
              0,
              null
            ],
            [
              95.289456563000044,
              5.5569083660000729,
              0,
              null
            ],
            [
              95.289504853000039,
              5.5569248860000471,
              0,
              null
            ],
            [
              95.289545158000067,
              5.5569386740000368,
              0,
              null
            ],
            [
              95.289545446000034,
              5.5569387690000553,
              0,
              null
            ],
            [
              95.289551987000038,
              5.5569409240000596,
              0,
              null
            ],
            [
              95.289648096000064,
              5.5569711110000526,
              0,
              null
            ],
            [
              95.28965420600008,
              5.5569730300000515,
              0,
              null
            ],
            [
              95.289694224000073,
              5.5569855980000398,
              0,
              null
            ],
            [
              95.289712976000033,
              5.5569915520000563,
              0,
              null
            ],
            [
              95.289769990000082,
              5.557009651000044,
              0,
              null
            ],
            [
              95.289824550000048,
              5.5570269720000738,
              0,
              null
            ],
            [
              95.289831936000041,
              5.5570297400000754,
              0,
              null
            ],
            [
              95.289903244000072,
              5.5570564600000694,
              0,
              null
            ],
            [
              95.289966046000075,
              5.5570773120000467,
              0,
              null
            ],
            [
              95.289968832000056,
              5.557078238000031,
              0,
              null
            ],
            [
              95.289992503000065,
              5.557086097000024,
              0,
              null
            ],
            [
              95.290083441000036,
              5.5571183670000437,
              0,
              null
            ],
            [
              95.290098855000053,
              5.5571234730000469,
              0,
              null
            ],
            [
              95.290174944000057,
              5.5571486800000685,
              0,
              null
            ],
            [
              95.290180028000066,
              5.5571503640000515,
              0,
              null
            ],
            [
              95.290213819000087,
              5.557161557000029,
              0,
              null
            ],
            [
              95.290295868000044,
              5.5571903480000628,
              0,
              null
            ],
            [
              95.290311251000048,
              5.5571957460000476,
              0,
              null
            ],
            [
              95.290317994000077,
              5.5571985590000281,
              0,
              null
            ],
            [
              95.290359739000053,
              5.5572159710000619,
              0,
              null
            ],
            [
              95.29040920500006,
              5.5572366030000353,
              0,
              null
            ],
            [
              95.290412591000063,
              5.5572381050000672,
              0,
              null
            ],
            [
              95.290441669000074,
              5.5572509940000714,
              0,
              null
            ],
            [
              95.290484223000078,
              5.5572698570000512,
              0,
              null
            ],
            [
              95.290533971000059,
              5.5572957780000252,
              0,
              null
            ],
            [
              95.290553741000053,
              5.5573060790000568,
              0,
              null
            ],
            [
              95.290569103000053,
              5.5573167860000581,
              0,
              null
            ],
            [
              95.290582017000077,
              5.5573257870000248,
              0,
              null
            ],
            [
              95.290605539000069,
              5.5573421790000452,
              0,
              null
            ],
            [
              95.290649189000078,
              5.5573755530000426,
              0,
              null
            ],
            [
              95.290665730000057,
              5.5573882000000481,
              0,
              null
            ],
            [
              95.290690242000039,
              5.5574093760000665,
              0,
              null
            ],
            [
              95.290701607000074,
              5.5574191950000227,
              0,
              null
            ],
            [
              95.29072453200007,
              5.5574389990000554,
              0,
              null
            ],
            [
              95.290747229000033,
              5.5574613070000396,
              0,
              null
            ],
            [
              95.29075133200007,
              5.5574653400000216,
              0,
              null
            ],
            [
              95.290780939000058,
              5.5574944390000383,
              0,
              null
            ],
            [
              95.290772957000058,
              5.5575119180000456,
              0,
              null
            ],
            [
              95.290760391000049,
              5.5575398030000542,
              0,
              null
            ],
            [
              95.290744627000038,
              5.5575747840000531,
              0,
              null
            ],
            [
              95.290743433000046,
              5.5575774330000627,
              0,
              null
            ],
            [
              95.290742988000034,
              5.5575784220000628,
              0,
              null
            ],
            [
              95.290731630000039,
              5.557596912000065,
              0,
              null
            ],
            [
              95.29072943500006,
              5.5576004840000337,
              0,
              null
            ],
            [
              95.290722466000034,
              5.5576118300000417,
              0,
              null
            ],
            [
              95.290711410000085,
              5.5576340730000311,
              0,
              null
            ],
            [
              95.29070147300007,
              5.5576573710000616,
              0,
              null
            ],
            [
              95.290697781000063,
              5.5576660240000706,
              0,
              null
            ],
            [
              95.290690495000035,
              5.5576831050000237,
              0,
              null
            ],
            [
              95.290684007000038,
              5.5576983160000282,
              0,
              null
            ],
            [
              95.290676979000068,
              5.5577147880000553,
              0,
              null
            ],
            [
              95.290670161000037,
              5.5577310980000334,
              0,
              null
            ],
            [
              95.29066662200006,
              5.557739740000045,
              0,
              null
            ],
            [
              95.290663797000036,
              5.5577466440000762,
              0,
              null
            ],
            [
              95.290657426000053,
              5.5577622180000503,
              0,
              null
            ],
            [
              95.290651467000032,
              5.5577767900000481,
              0,
              null
            ],
            [
              95.29064360600006,
              5.5577970850000611,
              0,
              null
            ],
            [
              95.290654206000056,
              5.5578009490000682,
              0,
              null
            ],
            [
              95.290710889000081,
              5.5578250360000538,
              0,
              null
            ],
            [
              95.290722293000044,
              5.5578298820000214,
              0,
              null
            ],
            [
              95.290753124000048,
              5.5578429820000679,
              0,
              null
            ],
            [
              95.290791888000058,
              5.5578599210000448,
              0,
              null
            ],
            [
              95.290830038000081,
              5.5578765900000349,
              0,
              null
            ],
            [
              95.290849748000085,
              5.5578860850000638,
              0,
              null
            ],
            [
              95.290882595000085,
              5.5579019060000405,
              0,
              null
            ],
            [
              95.290914034000082,
              5.5579170500000714,
              0,
              null
            ],
            [
              95.290922568000042,
              5.5579216190000693,
              0,
              null
            ],
            [
              95.290993853000032,
              5.5579597790000435,
              0,
              null
            ],
            [
              95.291009917000054,
              5.5579683790000445,
              0,
              null
            ],
            [
              95.291098858000055,
              5.5580159910000475,
              0,
              null
            ],
            [
              95.291108075000068,
              5.5580205350000256,
              0,
              null
            ],
            [
              95.291150637000044,
              5.5580415190000281,
              0,
              null
            ],
            [
              95.291267074000075,
              5.5580989240000349,
              0,
              null
            ],
            [
              95.29128058100008,
              5.5581053490000727,
              0,
              null
            ],
            [
              95.291309328000068,
              5.5581190230000743,
              0,
              null
            ],
            [
              95.291310571000054,
              5.5581196140000202,
              0,
              null
            ],
            [
              95.291353819000051,
              5.5581401860000597,
              0,
              null
            ],
            [
              95.291378827000074,
              5.5581520810000598,
              0,
              null
            ],
            [
              95.291391653000062,
              5.5581581880000499,
              0,
              null
            ],
            [
              95.291425910000044,
              5.5581744970000386,
              0,
              null
            ],
            [
              95.291458909000085,
              5.5581902080000418,
              0,
              null
            ],
            [
              95.291525013000069,
              5.558221680000031,
              0,
              null
            ],
            [
              95.29155853900005,
              5.5582389940000212,
              0,
              null
            ],
            [
              95.291582305000077,
              5.5582512660000702,
              0,
              null
            ],
            [
              95.291587629000048,
              5.5582540150000455,
              0,
              null
            ],
            [
              95.291645230000086,
              5.5582837610000411,
              0,
              null
            ],
            [
              95.291666642000052,
              5.5582952070000715,
              0,
              null
            ],
            [
              95.292091052000046,
              5.5585220780000668,
              0,
              null
            ],
            [
              95.292339840000068,
              5.5586510600000452,
              0,
              null
            ],
            [
              95.292416861000049,
              5.5586887990000378,
              0,
              null
            ],
            [
              95.292632093000066,
              5.5587890310000603,
              0,
              null
            ],
            [
              95.292763905000072,
              5.5588526180000599,
              0,
              null
            ],
            [
              95.292901527000083,
              5.5589190080000321,
              0,
              null
            ],
            [
              95.293091459000038,
              5.5590067560000307,
              0,
              null
            ],
            [
              95.293280812000035,
              5.5590984110000363,
              0,
              null
            ],
            [
              95.293414282000072,
              5.559161710000069,
              0,
              null
            ],
            [
              95.293613978000053,
              5.5592500880000557,
              0,
              null
            ],
            [
              95.293674567000039,
              5.5592823940000358,
              0,
              null
            ],
            [
              95.293727335000085,
              5.5593171620000703,
              0,
              null
            ],
            [
              95.293882179000036,
              5.5594342870000446,
              0,
              null
            ],
            [
              95.294094296000083,
              5.5595803420000607,
              0,
              null
            ],
            [
              95.294180921000077,
              5.5596402340000282,
              0,
              null
            ],
            [
              95.294291176000058,
              5.5597123100000658,
              0,
              null
            ],
            [
              95.294424482000068,
              5.5597985320000589,
              0,
              null
            ],
            [
              95.294561204000047,
              5.5598884290000683,
              0,
              null
            ],
            [
              95.294584851000081,
              5.5599057800000651,
              0,
              null
            ]
          ]
        ]
      },
      "properties" : {
        "FID" : 0,
        "OBJECTID" : 4616,
        "KDPPUM" : "11",
        "NAMOBJ" : "Deah Glumpang",
        "REMARK" : " ",
        "KDPBPS" : " ",
        "FCODE" : "BA03070040",
        "LUASWH" : 0,
        "UUPP" : "RBI",
        "SRS_ID" : "SRGI 2013",
        "METADATA" : "TASWIL1000020200326DATA_BATAS_DESA_KELURAHAN",
        "KDEBPS" : " ",
        "KDEPUM" : "11.71.03.2004",
        "KDCBPS" : " ",
        "KDCPUM" : "11.71.03",
        "KDBBPS" : " ",
        "WADMKD" : "Deah Glumpang",
        "WIADKD" : "0",
        "WADMKC" : "Meuraxa",
        "WIADKC" : " ",
        "WADMKK" : "Kota Banda Aceh",
        "WIADKK" : " ",
        "WADMPR" : "Aceh",
        "WIADPR" : " ",
        "TIPADM" : 9,
        "KDPKAB" : "11.71",
        "SHAPE_Leng" : 0.019637267534022999,
        "SHAPE_Area" : 1.9623731433000002e-05
      }
    }
  ]
}