{
  "hasZ" : true,
  "hasM" : true,
  "type" : "FeatureCollection",
  "features" : [
    {
      "type" : "Feature",
      "id" : 0,
      "geometry" : {
        "type" : "Polygon",
        "coordinates" : [
          [
            [
              95.353140254000039,
              5.5641148920000205,
              0,
              null
            ],
            [
              95.353103168000075,
              5.5641245410000693,
              0,
              null
            ],
            [
              95.353092798000034,
              5.5641272590000312,
              0,
              null
            ],
            [
              95.353051304000076,
              5.5641360110000733,
              0,
              null
            ],
            [
              95.352977197000087,
              5.5641469200000415,
              0,
              null
            ],
            [
              95.35292998400007,
              5.5641513010000381,
              0,
              null
            ],
            [
              95.352900797000075,
              5.5641524980000554,
              0,
              null
            ],
            [
              95.352872406000074,
              5.5641520340000739,
              0,
              null
            ],
            [
              95.352753415000052,
              5.5641456730000414,
              0,
              null
            ],
            [
              95.352709326000081,
              5.5641419060000317,
              0,
              null
            ],
            [
              95.352620564000063,
              5.5641311990000304,
              0,
              null
            ],
            [
              95.35257581500008,
              5.5641233890000308,
              0,
              null
            ],
            [
              95.352480599000046,
              5.5641001330000677,
              0,
              null
            ],
            [
              95.352432026000031,
              5.5640877900000305,
              0,
              null
            ],
            [
              95.352375468000048,
              5.5640775070000359,
              0,
              null
            ],
            [
              95.352320015000032,
              5.5640645190000555,
              0,
              null
            ],
            [
              95.352282798000033,
              5.5640593070000364,
              0,
              null
            ],
            [
              95.352193610000086,
              5.5640463950000481,
              0,
              null
            ],
            [
              95.35208444500006,
              5.5640298080000434,
              0,
              null
            ],
            [
              95.352055952000057,
              5.5640250130000481,
              0,
              null
            ],
            [
              95.352012778000073,
              5.5640177470000367,
              0,
              null
            ],
            [
              95.351938807000067,
              5.5640050650000603,
              0,
              null
            ],
            [
              95.351846157000068,
              5.5639862020000237,
              0,
              null
            ],
            [
              95.351804925000067,
              5.5639764920000516,
              0,
              null
            ],
            [
              95.351664213000049,
              5.5639336280000293,
              0,
              null
            ],
            [
              95.351581944000031,
              5.5639086500000303,
              0,
              null
            ],
            [
              95.351486826000041,
              5.5638754370000356,
              0,
              null
            ],
            [
              95.351459513000066,
              5.5638651370000503,
              0,
              null
            ],
            [
              95.351447405000044,
              5.5638605710000206,
              0,
              null
            ],
            [
              95.351389189000031,
              5.5638343770000347,
              0,
              null
            ],
            [
              95.351337928000078,
              5.5638158070000259,
              0,
              null
            ],
            [
              95.351293746000067,
              5.5638032430000521,
              0,
              null
            ],
            [
              95.351248541000075,
              5.5637952800000221,
              0,
              null
            ],
            [
              95.351226525000072,
              5.5637920830000667,
              0,
              null
            ],
            [
              95.351183710000043,
              5.5637889120000636,
              0,
              null
            ],
            [
              95.350993109000058,
              5.5637897890000545,
              0,
              null
            ],
            [
              95.350953832000073,
              5.5637872170000264,
              0,
              null
            ],
            [
              95.350920716000076,
              5.5637835870000458,
              0,
              null
            ],
            [
              95.350898437000069,
              5.5637743140000566,
              0,
              null
            ],
            [
              95.350881681000033,
              5.5637629140000513,
              0,
              null
            ],
            [
              95.350870633000056,
              5.5637479090000284,
              0,
              null
            ],
            [
              95.350867308000034,
              5.563743392000049,
              0,
              null
            ],
            [
              95.35086199400007,
              5.5637217500000702,
              0,
              null
            ],
            [
              95.350836020000031,
              5.5635465200000453,
              0,
              null
            ],
            [
              95.350820252000062,
              5.5634345690000373,
              0,
              null
            ],
            [
              95.350793388000056,
              5.5634478270000614,
              0,
              null
            ],
            [
              95.350782025000058,
              5.5634519470000328,
              0,
              null
            ],
            [
              95.350742969000066,
              5.5634496640000748,
              0,
              null
            ],
            [
              95.350675980000062,
              5.5634449450000716,
              0,
              null
            ],
            [
              95.350476851000053,
              5.563425875000064,
              0,
              null
            ],
            [
              95.350438919000055,
              5.563421265000045,
              0,
              null
            ],
            [
              95.350287082000079,
              5.5633996760000741,
              0,
              null
            ],
            [
              95.350171775000035,
              5.5633848700000499,
              0,
              null
            ],
            [
              95.350049661000071,
              5.5633643010000355,
              0,
              null
            ],
            [
              95.349919482000075,
              5.5633419400000435,
              0,
              null
            ],
            [
              95.349790786000085,
              5.5633205810000277,
              0,
              null
            ],
            [
              95.349598492000041,
              5.5632874310000489,
              0,
              null
            ],
            [
              95.34944766600006,
              5.5632527800000275,
              0,
              null
            ],
            [
              95.349385813000083,
              5.5632370990000481,
              0,
              null
            ],
            [
              95.349377246000074,
              5.5632349270000532,
              0,
              null
            ],
            [
              95.349368288000051,
              5.5632326570000714,
              0,
              null
            ],
            [
              95.349365555000077,
              5.5632436180000582,
              0,
              null
            ],
            [
              95.349336055000038,
              5.5633619560000511,
              0,
              null
            ],
            [
              95.349314304000075,
              5.5634640370000739,
              0,
              null
            ],
            [
              95.349288252000065,
              5.5635761910000383,
              0,
              null
            ],
            [
              95.34928203000004,
              5.5636061580000273,
              0,
              null
            ],
            [
              95.349246443000084,
              5.5637884240000517,
              0,
              null
            ],
            [
              95.349242742000058,
              5.5638083110000593,
              0,
              null
            ],
            [
              95.349223124000048,
              5.5638990140000715,
              0,
              null
            ],
            [
              95.349189290000083,
              5.5640548190000345,
              0,
              null
            ],
            [
              95.349186917000054,
              5.5640657450000504,
              0,
              null
            ],
            [
              95.349174675000086,
              5.5641209410000556,
              0,
              null
            ],
            [
              95.349163494000038,
              5.5641713580000669,
              0,
              null
            ],
            [
              95.349154077000037,
              5.5642138150000733,
              0,
              null
            ],
            [
              95.349152060000051,
              5.5642229110000585,
              0,
              null
            ],
            [
              95.349151213000084,
              5.564226728000051,
              0,
              null
            ],
            [
              95.349139875000049,
              5.5642736610000725,
              0,
              null
            ],
            [
              95.349137506000034,
              5.5642834670000525,
              0,
              null
            ],
            [
              95.349126344000069,
              5.5643296780000355,
              0,
              null
            ],
            [
              95.349124840000059,
              5.5643359020000389,
              0,
              null
            ],
            [
              95.349116255000069,
              5.564371445000063,
              0,
              null
            ],
            [
              95.349110070000052,
              5.5644036980000351,
              0,
              null
            ],
            [
              95.34910883100008,
              5.5644101650000266,
              0,
              null
            ],
            [
              95.349109458000044,
              5.5644292510000355,
              0,
              null
            ],
            [
              95.349114368000073,
              5.5644532440000489,
              0,
              null
            ],
            [
              95.349109157000044,
              5.5644765800000755,
              0,
              null
            ],
            [
              95.349078042000087,
              5.5644724060000499,
              0,
              null
            ],
            [
              95.349061645000063,
              5.5644702070000562,
              0,
              null
            ],
            [
              95.349018405000038,
              5.5644644080000489,
              0,
              null
            ],
            [
              95.348949032000064,
              5.5644531310000502,
              0,
              null
            ],
            [
              95.348941963000073,
              5.5644519820000369,
              0,
              null
            ],
            [
              95.348902144000078,
              5.564445509000052,
              0,
              null
            ],
            [
              95.348898675000044,
              5.5644445900000505,
              0,
              null
            ],
            [
              95.34891069300005,
              5.5643699340000694,
              0,
              null
            ],
            [
              95.348913648000064,
              5.5643515710000315,
              0,
              null
            ],
            [
              95.348917030000052,
              5.5643305640000449,
              0,
              null
            ],
            [
              95.348926426000048,
              5.5642721990000723,
              0,
              null
            ],
            [
              95.348932988000058,
              5.5642314370000463,
              0,
              null
            ],
            [
              95.348935416000074,
              5.5642163510000273,
              0,
              null
            ],
            [
              95.348941235000041,
              5.5641802080000389,
              0,
              null
            ],
            [
              95.348943048000081,
              5.5641689450000626,
              0,
              null
            ],
            [
              95.348943833000078,
              5.5641468130000362,
              0,
              null
            ],
            [
              95.348938957000087,
              5.5641293920000408,
              0,
              null
            ],
            [
              95.348928455000078,
              5.5641188510000461,
              0,
              null
            ],
            [
              95.348899791000065,
              5.5641092540000727,
              0,
              null
            ],
            [
              95.348672105000048,
              5.564052471000025,
              0,
              null
            ],
            [
              95.348584264000067,
              5.5640295650000553,
              0,
              null
            ],
            [
              95.348410633000071,
              5.563983720000067,
              0,
              null
            ],
            [
              95.347980090000078,
              5.5639663100000689,
              0,
              null
            ],
            [
              95.347977538000066,
              5.5639947100000313,
              0,
              null
            ],
            [
              95.347974881000084,
              5.5639947780000512,
              0,
              null
            ],
            [
              95.347536572000081,
              5.5640357810000296,
              0,
              null
            ],
            [
              95.347390788000041,
              5.5640278250000392,
              0,
              null
            ],
            [
              95.347202699000036,
              5.5640147490000231,
              0,
              null
            ],
            [
              95.347159695000073,
              5.5640212570000358,
              0,
              null
            ],
            [
              95.346874914000068,
              5.5639874370000371,
              0,
              null
            ],
            [
              95.346866910000074,
              5.5639846490000764,
              0,
              null
            ],
            [
              95.346851212000047,
              5.5639732320000235,
              0,
              null
            ],
            [
              95.34684044800008,
              5.5639614970000366,
              0,
              null
            ],
            [
              95.346830908000072,
              5.563953472000037,
              0,
              null
            ],
            [
              95.346812440000065,
              5.5639442000000372,
              0,
              null
            ],
            [
              95.346784114000059,
              5.5639401730000486,
              0,
              null
            ],
            [
              95.346456186000069,
              5.5639074320000645,
              0,
              null
            ],
            [
              95.346401568000033,
              5.5639019780000467,
              0,
              null
            ],
            [
              95.34638334300007,
              5.5639016260000744,
              0,
              null
            ],
            [
              95.346365632000072,
              5.5639034770000535,
              0,
              null
            ],
            [
              95.345459275000053,
              5.5638675120000585,
              0,
              null
            ],
            [
              95.345459089000087,
              5.5638553200000729,
              0,
              null
            ],
            [
              95.345459057000085,
              5.5638532880000753,
              0,
              null
            ],
            [
              95.345461120000039,
              5.5638261070000681,
              0,
              null
            ],
            [
              95.345467159000066,
              5.563792147000072,
              0,
              null
            ],
            [
              95.345471518000068,
              5.5637676270000611,
              0,
              null
            ],
            [
              95.345480704000067,
              5.5636881230000768,
              0,
              null
            ],
            [
              95.345488691000071,
              5.5636189820000368,
              0,
              null
            ],
            [
              95.345495060000076,
              5.5635595760000456,
              0,
              null
            ],
            [
              95.345500689000062,
              5.5635070510000446,
              0,
              null
            ],
            [
              95.345509147000087,
              5.5634281530000749,
              0,
              null
            ],
            [
              95.345513882000034,
              5.563383960000067,
              0,
              null
            ],
            [
              95.345520466000039,
              5.5633225010000729,
              0,
              null
            ],
            [
              95.345521414000075,
              5.5633136530000229,
              0,
              null
            ],
            [
              95.345535918000053,
              5.5631781970000702,
              0,
              null
            ],
            [
              95.34554113300004,
              5.5631294940000657,
              0,
              null
            ],
            [
              95.345541402000038,
              5.5631269840000641,
              0,
              null
            ],
            [
              95.345560761000058,
              5.562958553000044,
              0,
              null
            ],
            [
              95.345561384000064,
              5.5629531380000685,
              0,
              null
            ],
            [
              95.345570676000079,
              5.5628687350000519,
              0,
              null
            ],
            [
              95.345582123000042,
              5.5627647510000315,
              0,
              null
            ],
            [
              95.345583004000048,
              5.5627567530000306,
              0,
              null
            ],
            [
              95.345588297000063,
              5.5626985150000223,
              0,
              null
            ],
            [
              95.345598280000047,
              5.5625886680000463,
              0,
              null
            ],
            [
              95.345601889000079,
              5.562548955000068,
              0,
              null
            ],
            [
              95.34560194800008,
              5.5625482960000454,
              0,
              null
            ],
            [
              95.345603047000054,
              5.5625377140000296,
              0,
              null
            ],
            [
              95.34559947200006,
              5.5625372860000653,
              0,
              null
            ],
            [
              95.345581163000077,
              5.5625339520000239,
              0,
              null
            ],
            [
              95.345560672000033,
              5.56252618700006,
              0,
              null
            ],
            [
              95.345547152000051,
              5.5625157380000587,
              0,
              null
            ],
            [
              95.345538395000062,
              5.5625000900000714,
              0,
              null
            ],
            [
              95.345530352000083,
              5.5624857130000578,
              0,
              null
            ],
            [
              95.345514472000048,
              5.5624432330000673,
              0,
              null
            ],
            [
              95.34550684900006,
              5.5624185110000326,
              0,
              null
            ],
            [
              95.345495432000064,
              5.5624022230000492,
              0,
              null
            ],
            [
              95.34548294800004,
              5.5624025530000267,
              0,
              null
            ],
            [
              95.345393373000036,
              5.5623911680000333,
              0,
              null
            ],
            [
              95.345294391000039,
              5.5623825500000521,
              0,
              null
            ],
            [
              95.345250640000074,
              5.5623783960000424,
              0,
              null
            ],
            [
              95.345240206000085,
              5.5623774050000634,
              0,
              null
            ],
            [
              95.345162278000032,
              5.5623706560000414,
              0,
              null
            ],
            [
              95.345083056000078,
              5.5623637380000446,
              0,
              null
            ],
            [
              95.345063567000068,
              5.5623620360000245,
              0,
              null
            ],
            [
              95.344963911000036,
              5.5623540900000421,
              0,
              null
            ],
            [
              95.344938747000072,
              5.5623518860000445,
              0,
              null
            ],
            [
              95.344912690000058,
              5.5623496030000297,
              0,
              null
            ],
            [
              95.344862239000065,
              5.5623451840000371,
              0,
              null
            ],
            [
              95.344831566000039,
              5.5623421190000499,
              0,
              null
            ],
            [
              95.344763938000085,
              5.5623353610000663,
              0,
              null
            ],
            [
              95.344677726000043,
              5.5623271550000482,
              0,
              null
            ],
            [
              95.344677678000039,
              5.5623271500000442,
              0,
              null
            ],
            [
              95.344625929000074,
              5.5623222250000595,
              0,
              null
            ],
            [
              95.344535052000083,
              5.5623148590000255,
              0,
              null
            ],
            [
              95.344518701000084,
              5.562313533000065,
              0,
              null
            ],
            [
              95.344506554000077,
              5.5623125490000689,
              0,
              null
            ],
            [
              95.344424472000071,
              5.562304695000023,
              0,
              null
            ],
            [
              95.344416025000044,
              5.5623041470000203,
              0,
              null
            ],
            [
              95.344274264000035,
              5.5622949530000483,
              0,
              null
            ],
            [
              95.344243120000044,
              5.5622929330000375,
              0,
              null
            ],
            [
              95.344212609000067,
              5.5622918000000254,
              0,
              null
            ],
            [
              95.344089642000085,
              5.5622872340000526,
              0,
              null
            ],
            [
              95.344004962000042,
              5.5622825640000428,
              0,
              null
            ],
            [
              95.343922301000077,
              5.5622780050000529,
              0,
              null
            ],
            [
              95.343918872000074,
              5.5622778160000621,
              0,
              null
            ],
            [
              95.343809273000033,
              5.5622686980000253,
              0,
              null
            ],
            [
              95.343763661000082,
              5.5622649140000249,
              0,
              null
            ],
            [
              95.343727690000037,
              5.5622617370000285,
              0,
              null
            ],
            [
              95.343678995000062,
              5.5622580450000214,
              0,
              null
            ],
            [
              95.343724314000042,
              5.5618502770000759,
              0,
              null
            ],
            [
              95.343738082000073,
              5.5617105550000474,
              0,
              null
            ],
            [
              95.343808324000065,
              5.561056790000066,
              0,
              null
            ],
            [
              95.343821603000038,
              5.5609314770000537,
              0,
              null
            ],
            [
              95.343875394000065,
              5.560429961000068,
              0,
              null
            ],
            [
              95.343927234000034,
              5.559958616000074,
              0,
              null
            ],
            [
              95.344002106000062,
              5.5592755260000217,
              0,
              null
            ],
            [
              95.344060991000049,
              5.5587147090000713,
              0,
              null
            ],
            [
              95.344118993000052,
              5.5581713530000343,
              0,
              null
            ],
            [
              95.344177349000063,
              5.5576275170000713,
              0,
              null
            ],
            [
              95.344212498000047,
              5.5573110920000204,
              0,
              null
            ],
            [
              95.344265776000043,
              5.556853765000028,
              0,
              null
            ],
            [
              95.344273570000041,
              5.5567870830000743,
              0,
              null
            ],
            [
              95.344315804000075,
              5.5567927030000419,
              0,
              null
            ],
            [
              95.344351696000047,
              5.5567963990000635,
              0,
              null
            ],
            [
              95.34437508700006,
              5.5567991170000255,
              0,
              null
            ],
            [
              95.344393184000069,
              5.5568016440000747,
              0,
              null
            ],
            [
              95.344419840000057,
              5.5568053660000487,
              0,
              null
            ],
            [
              95.344434179000075,
              5.5568070670000225,
              0,
              null
            ],
            [
              95.344471810000073,
              5.5568115320000402,
              0,
              null
            ],
            [
              95.344538731000057,
              5.5568186680000622,
              0,
              null
            ],
            [
              95.344590880000055,
              5.5568242290000285,
              0,
              null
            ],
            [
              95.344708809000053,
              5.5568409740000675,
              0,
              null
            ],
            [
              95.344721177000054,
              5.5568427290000386,
              0,
              null
            ],
            [
              95.34481465500005,
              5.5568532070000742,
              0,
              null
            ],
            [
              95.344827488000078,
              5.556854645000044,
              0,
              null
            ],
            [
              95.344937778000087,
              5.5568737310000529,
              0,
              null
            ],
            [
              95.344950850000032,
              5.5568759930000624,
              0,
              null
            ],
            [
              95.34498287100007,
              5.5568818800000486,
              0,
              null
            ],
            [
              95.344988777000083,
              5.5568829650000566,
              0,
              null
            ],
            [
              95.345036723000078,
              5.5568936490000738,
              0,
              null
            ],
            [
              95.345075880000081,
              5.5569060030000514,
              0,
              null
            ],
            [
              95.345128503000069,
              5.5569244150000259,
              0,
              null
            ],
            [
              95.345136163000063,
              5.5569270960000381,
              0,
              null
            ],
            [
              95.345161359000031,
              5.556934616000035,
              0,
              null
            ],
            [
              95.345187820000035,
              5.5569425150000598,
              0,
              null
            ],
            [
              95.345209856000054,
              5.5569490930000711,
              0,
              null
            ],
            [
              95.345228739000049,
              5.5569535590000214,
              0,
              null
            ],
            [
              95.345245036000051,
              5.5569574140000668,
              0,
              null
            ],
            [
              95.345270808000066,
              5.5569608020000487,
              0,
              null
            ],
            [
              95.345286746000056,
              5.5569628970000622,
              0,
              null
            ],
            [
              95.34535605800005,
              5.5569675660000257,
              0,
              null
            ],
            [
              95.345389584000031,
              5.5569673480000574,
              0,
              null
            ],
            [
              95.345407482000041,
              5.5569672310000442,
              0,
              null
            ],
            [
              95.345419919000051,
              5.5569671500000482,
              0,
              null
            ],
            [
              95.345519997000054,
              5.5569609580000474,
              0,
              null
            ],
            [
              95.345568839000066,
              5.5569581980000748,
              0,
              null
            ],
            [
              95.345648839000035,
              5.5569536760000346,
              0,
              null
            ],
            [
              95.34572010100004,
              5.5569492940000487,
              0,
              null
            ],
            [
              95.345757448000086,
              5.5569469980000576,
              0,
              null
            ],
            [
              95.345822872000042,
              5.5569448580000653,
              0,
              null
            ],
            [
              95.345836940000083,
              5.5569449780000468,
              0,
              null
            ],
            [
              95.345877679000068,
              5.5569453270000508,
              0,
              null
            ],
            [
              95.345981675000075,
              5.5569490990000645,
              0,
              null
            ],
            [
              95.346025636000036,
              5.5569516080000767,
              0,
              null
            ],
            [
              95.346049784000058,
              5.5569529860000557,
              0,
              null
            ],
            [
              95.346091874000081,
              5.5569577310000682,
              0,
              null
            ],
            [
              95.346109650000074,
              5.5569597350000208,
              0,
              null
            ],
            [
              95.346175079000034,
              5.5569703670000763,
              0,
              null
            ],
            [
              95.34625027900006,
              5.5569854980000741,
              0,
              null
            ],
            [
              95.346291588000042,
              5.5569959000000608,
              0,
              null
            ],
            [
              95.34629745400008,
              5.5569973770000729,
              0,
              null
            ],
            [
              95.346321820000071,
              5.5570036630000459,
              0,
              null
            ],
            [
              95.346381791000056,
              5.5570191330000398,
              0,
              null
            ],
            [
              95.346425802000056,
              5.5570287450000251,
              0,
              null
            ],
            [
              95.346435770000085,
              5.5570309210000346,
              0,
              null
            ],
            [
              95.346476101000064,
              5.5570397280000634,
              0,
              null
            ],
            [
              95.346526749000077,
              5.5570447240000362,
              0,
              null
            ],
            [
              95.346575636000068,
              5.5570447380000587,
              0,
              null
            ],
            [
              95.346616529000073,
              5.5570436700000414,
              0,
              null
            ],
            [
              95.346618069000044,
              5.5570436290000202,
              0,
              null
            ],
            [
              95.346700578000082,
              5.5570426360000624,
              0,
              null
            ],
            [
              95.346708655000043,
              5.5570423700000333,
              0,
              null
            ],
            [
              95.34681265100005,
              5.5570389420000765,
              0,
              null
            ],
            [
              95.346861678000039,
              5.5570400030000542,
              0,
              null
            ],
            [
              95.346876748000057,
              5.5570415570000478,
              0,
              null
            ],
            [
              95.346904565000045,
              5.5570444240000256,
              0,
              null
            ],
            [
              95.346932582000079,
              5.5570482370000605,
              0,
              null
            ],
            [
              95.346988924000073,
              5.5570559030000481,
              0,
              null
            ],
            [
              95.347033955000086,
              5.5570629440000516,
              0,
              null
            ],
            [
              95.347082948000036,
              5.5570706060000248,
              0,
              null
            ],
            [
              95.347103748000052,
              5.5570738590000701,
              0,
              null
            ],
            [
              95.347170884000036,
              5.5570843210000476,
              0,
              null
            ],
            [
              95.347264771000084,
              5.5570989520000467,
              0,
              null
            ],
            [
              95.347276975000057,
              5.5571011470000258,
              0,
              null
            ],
            [
              95.347337346000074,
              5.5571120050000218,
              0,
              null
            ],
            [
              95.34738817200008,
              5.5571218830000362,
              0,
              null
            ],
            [
              95.347426538000036,
              5.5571293400000741,
              0,
              null
            ],
            [
              95.347485995000056,
              5.5571425810000505,
              0,
              null
            ],
            [
              95.347501942000065,
              5.5571461320000708,
              0,
              null
            ],
            [
              95.347556814000086,
              5.5571583880000617,
              0,
              null
            ],
            [
              95.347626980000086,
              5.5571805430000722,
              0,
              null
            ],
            [
              95.34771291900006,
              5.5572058720000541,
              0,
              null
            ],
            [
              95.347766032000038,
              5.5572228980000205,
              0,
              null
            ],
            [
              95.347772157000065,
              5.5572253230000683,
              0,
              null
            ],
            [
              95.347819090000087,
              5.5572439120000467,
              0,
              null
            ],
            [
              95.347864213000037,
              5.557261785000037,
              0,
              null
            ],
            [
              95.347884091000083,
              5.557269657000063,
              0,
              null
            ],
            [
              95.347906563000038,
              5.5572780490000468,
              0,
              null
            ],
            [
              95.348007308000035,
              5.5573156720000725,
              0,
              null
            ],
            [
              95.348093641000048,
              5.5573457410000628,
              0,
              null
            ],
            [
              95.34809862700007,
              5.5573474780000538,
              0,
              null
            ],
            [
              95.348107277000054,
              5.557350490000033,
              0,
              null
            ],
            [
              95.348148396000056,
              5.5573663800000759,
              0,
              null
            ],
            [
              95.348181671000077,
              5.5573827050000659,
              0,
              null
            ],
            [
              95.348199367000063,
              5.5573913870000524,
              0,
              null
            ],
            [
              95.34823579600004,
              5.5574119320000364,
              0,
              null
            ],
            [
              95.348268589000043,
              5.5574302950000742,
              0,
              null
            ],
            [
              95.348285931000078,
              5.5574417970000241,
              0,
              null
            ],
            [
              95.348295101000076,
              5.5574478790000512,
              0,
              null
            ],
            [
              95.348356207000052,
              5.5574831050000739,
              0,
              null
            ],
            [
              95.348401998000043,
              5.5575053660000435,
              0,
              null
            ],
            [
              95.348461196000073,
              5.5575283910000621,
              0,
              null
            ],
            [
              95.348485502000074,
              5.5575378450000699,
              0,
              null
            ],
            [
              95.348572650000051,
              5.557572235000066,
              0,
              null
            ],
            [
              95.348619162000034,
              5.5575884450000217,
              0,
              null
            ],
            [
              95.348634451000066,
              5.5575937730000646,
              0,
              null
            ],
            [
              95.348657581000055,
              5.557600204000039,
              0,
              null
            ],
            [
              95.348695023000062,
              5.5576106130000653,
              0,
              null
            ],
            [
              95.348752925000042,
              5.5576267100000223,
              0,
              null
            ],
            [
              95.348876319000055,
              5.5576606670000501,
              0,
              null
            ],
            [
              95.348878938000041,
              5.5576613880000423,
              0,
              null
            ],
            [
              95.348900575000073,
              5.5576689110000643,
              0,
              null
            ],
            [
              95.348910114000034,
              5.5576722280000581,
              0,
              null
            ],
            [
              95.34892874500008,
              5.5576817980000328,
              0,
              null
            ],
            [
              95.348941416000059,
              5.5576943660000211,
              0,
              null
            ],
            [
              95.348947258000067,
              5.5577071420000266,
              0,
              null
            ],
            [
              95.348962392000033,
              5.5577289020000649,
              0,
              null
            ],
            [
              95.348968872000057,
              5.5577345820000232,
              0,
              null
            ],
            [
              95.348985694000078,
              5.5577493270000673,
              0,
              null
            ],
            [
              95.349006459000066,
              5.5577614210000661,
              0,
              null
            ],
            [
              95.349011221000069,
              5.5577641940000717,
              0,
              null
            ],
            [
              95.349035226000069,
              5.5577731560000529,
              0,
              null
            ],
            [
              95.349074638000047,
              5.5577839360000212,
              0,
              null
            ],
            [
              95.349114196000073,
              5.5577925260000711,
              0,
              null
            ],
            [
              95.349145761000045,
              5.5577993810000521,
              0,
              null
            ],
            [
              95.349159499000052,
              5.5578056890000767,
              0,
              null
            ],
            [
              95.349164569000038,
              5.5578126110000312,
              0,
              null
            ],
            [
              95.349260110000046,
              5.557846272000063,
              0,
              null
            ],
            [
              95.349553617000083,
              5.5579455490000669,
              0,
              null
            ],
            [
              95.349638681000044,
              5.5579681690000484,
              0,
              null
            ],
            [
              95.349992021000048,
              5.5579976150000334,
              0,
              null
            ],
            [
              95.350979848000065,
              5.5580606930000727,
              0,
              null
            ],
            [
              95.351488336000045,
              5.5581036890000632,
              0,
              null
            ],
            [
              95.351491672000066,
              5.5581016150000551,
              0,
              null
            ],
            [
              95.351566931000036,
              5.5581089280000242,
              0,
              null
            ],
            [
              95.352117701000054,
              5.5581279970000423,
              0,
              null
            ],
            [
              95.352359799000055,
              5.5581442510000443,
              0,
              null
            ],
            [
              95.352874007000082,
              5.5582209640000428,
              0,
              null
            ],
            [
              95.352992475000065,
              5.5582316070000388,
              0,
              null
            ],
            [
              95.352993262000041,
              5.5582316780000269,
              0,
              null
            ],
            [
              95.353260292000073,
              5.5582556710000404,
              0,
              null
            ],
            [
              95.353261845000077,
              5.55828086300005,
              0,
              null
            ],
            [
              95.35326348500007,
              5.5582986810000534,
              0,
              null
            ],
            [
              95.353272685000036,
              5.5583269570000766,
              0,
              null
            ],
            [
              95.353287696000052,
              5.5583502140000292,
              0,
              null
            ],
            [
              95.353311660000031,
              5.5583740340000531,
              0,
              null
            ],
            [
              95.35340973600006,
              5.5584226800000351,
              0,
              null
            ],
            [
              95.353343153000083,
              5.5585282650000636,
              0,
              null
            ],
            [
              95.353357794000033,
              5.5585567450000326,
              0,
              null
            ],
            [
              95.353459798000074,
              5.5587269580000225,
              0,
              null
            ],
            [
              95.35358575500004,
              5.558904124000037,
              0,
              null
            ],
            [
              95.353701778000072,
              5.5590601790000278,
              0,
              null
            ],
            [
              95.353779886000041,
              5.5592375370000582,
              0,
              null
            ],
            [
              95.353787473000068,
              5.5593756940000389,
              0,
              null
            ],
            [
              95.35375281000006,
              5.55950696900004,
              0,
              null
            ],
            [
              95.353705342000069,
              5.5596030420000488,
              0,
              null
            ],
            [
              95.353633938000087,
              5.5596963920000348,
              0,
              null
            ],
            [
              95.353513357000054,
              5.5598096790000682,
              0,
              null
            ],
            [
              95.353388476000077,
              5.5599032420000754,
              0,
              null
            ],
            [
              95.353263706000064,
              5.5600250050000568,
              0,
              null
            ],
            [
              95.353188216000035,
              5.5601522130000376,
              0,
              null
            ],
            [
              95.353118511000048,
              5.5603188810000574,
              0,
              null
            ],
            [
              95.353071890000081,
              5.560448028000053,
              0,
              null
            ],
            [
              95.353046125000049,
              5.560519399000043,
              0,
              null
            ],
            [
              95.352959532000057,
              5.560686133000047,
              0,
              null
            ],
            [
              95.352860146000069,
              5.5608204870000577,
              0,
              null
            ],
            [
              95.352801432000035,
              5.560919426000055,
              0,
              null
            ],
            [
              95.35279354100004,
              5.5610590540000544,
              0,
              null
            ],
            [
              95.352825168000038,
              5.5612267260000294,
              0,
              null
            ],
            [
              95.352896230000056,
              5.5614012920000278,
              0,
              null
            ],
            [
              95.352941241000053,
              5.561511365000058,
              0,
              null
            ],
            [
              95.352998706000051,
              5.5616872580000631,
              0,
              null
            ],
            [
              95.352998383000056,
              5.5616894990000674,
              0,
              null
            ],
            [
              95.352999904000058,
              5.5617117340000277,
              0,
              null
            ],
            [
              95.353007311000056,
              5.5617317960000605,
              0,
              null
            ],
            [
              95.353015060000075,
              5.5617552390000355,
              0,
              null
            ],
            [
              95.353023963000055,
              5.5617805200000703,
              0,
              null
            ],
            [
              95.353034855000033,
              5.5618003030000409,
              0,
              null
            ],
            [
              95.353061371000081,
              5.5618897500000344,
              0,
              null
            ],
            [
              95.353075333000049,
              5.5619525020000538,
              0,
              null
            ],
            [
              95.353085478000082,
              5.5619825950000745,
              0,
              null
            ],
            [
              95.353091280000058,
              5.5619906440000477,
              0,
              null
            ],
            [
              95.353181249000045,
              5.5622941400000627,
              0,
              null
            ],
            [
              95.353240411000058,
              5.5626619340000616,
              0,
              null
            ],
            [
              95.353286293000053,
              5.5628746710000314,
              0,
              null
            ],
            [
              95.353348832000052,
              5.5630295300000512,
              0,
              null
            ],
            [
              95.353421077000064,
              5.5631476870000256,
              0,
              null
            ],
            [
              95.353500279000059,
              5.5632460760000413,
              0,
              null
            ],
            [
              95.353559371000074,
              5.5632850280000525,
              0,
              null
            ],
            [
              95.353582307000067,
              5.5633118460000333,
              0,
              null
            ],
            [
              95.353629795000074,
              5.5633733570000459,
              0,
              null
            ],
            [
              95.353744909000056,
              5.563467787000036,
              0,
              null
            ],
            [
              95.353552343000047,
              5.5635550870000543,
              0,
              null
            ],
            [
              95.353472269000065,
              5.5635869750000211,
              0,
              null
            ],
            [
              95.353329366000082,
              5.5636032640000508,
              0,
              null
            ],
            [
              95.353246905000049,
              5.5635970830000474,
              0,
              null
            ],
            [
              95.353144851000081,
              5.5635921240000243,
              0,
              null
            ],
            [
              95.352949968000075,
              5.5635904560000426,
              0,
              null
            ],
            [
              95.352974840000059,
              5.5636574400000427,
              0,
              null
            ],
            [
              95.353025924000065,
              5.5637866080000435,
              0,
              null
            ],
            [
              95.353085492000048,
              5.5639326340000252,
              0,
              null
            ],
            [
              95.353108833000078,
              5.5640007910000691,
              0,
              null
            ],
            [
              95.353140254000039,
              5.5641148920000205,
              0,
              null
            ]
          ]
        ]
      },
      "properties" : {
        "FID" : 0,
        "OBJECTID" : 6738,
        "KDPPUM" : "11",
        "NAMOBJ" : "Ie Masen Kayee Adang",
        "REMARK" : " ",
        "KDPBPS" : " ",
        "FCODE" : "BA03070040",
        "LUASWH" : 0,
        "UUPP" : "RBI",
        "SRS_ID" : "SRGI 2013",
        "METADATA" : "TASWIL1000020200326DATA_BATAS_DESA_KELURAHAN",
        "KDEBPS" : " ",
        "KDEPUM" : "11.71.04.2005",
        "KDCBPS" : " ",
        "KDCPUM" : "11.71.04",
        "KDBBPS" : " ",
        "WADMKD" : "Ie Masen Kayee Adang",
        "WIADKD" : "0",
        "WADMKC" : "Syiah Kuala",
        "WIADKC" : " ",
        "WADMKK" : "Kota Banda Aceh",
        "WIADKK" : " ",
        "WADMPR" : "Aceh",
        "WIADPR" : " ",
        "TIPADM" : 9,
        "KDPKAB" : "11.71",
        "SHAPE_Leng" : 0.034927702721822003,
        "SHAPE_Area" : 5.6367068867999998e-05
      }
    }
  ]
}