{
  "hasZ" : true,
  "hasM" : true,
  "type" : "FeatureCollection",
  "features" : [
    {
      "type" : "Feature",
      "id" : 0,
      "geometry" : {
        "type" : "Polygon",
        "coordinates" : [
          [
            [
              95.347429692000048,
              5.5521370730000399,
              0,
              null
            ],
            [
              95.347411274000081,
              5.5521387200000731,
              0,
              null
            ],
            [
              95.347412291000069,
              5.5521740210000416,
              0,
              null
            ],
            [
              95.347411742000077,
              5.5522013910000396,
              0,
              null
            ],
            [
              95.34741131800007,
              5.5522225930000673,
              0,
              null
            ],
            [
              95.347403211000085,
              5.5522759100000485,
              0,
              null
            ],
            [
              95.347383310000055,
              5.5523555780000606,
              0,
              null
            ],
            [
              95.347362523000072,
              5.5524144950000505,
              0,
              null
            ],
            [
              95.347346193000078,
              5.552455200000054,
              0,
              null
            ],
            [
              95.347338752000041,
              5.5524737490000575,
              0,
              null
            ],
            [
              95.347315890000061,
              5.5525096610000446,
              0,
              null
            ],
            [
              95.347212224000032,
              5.5526236250000238,
              0,
              null
            ],
            [
              95.347187794000035,
              5.5526504820000468,
              0,
              null
            ],
            [
              95.347132532000046,
              5.5527106570000342,
              0,
              null
            ],
            [
              95.347100345000058,
              5.5527462350000292,
              0,
              null
            ],
            [
              95.347085933000074,
              5.5527621660000364,
              0,
              null
            ],
            [
              95.347072261000051,
              5.5527793990000305,
              0,
              null
            ],
            [
              95.347062962000052,
              5.5527911190000623,
              0,
              null
            ],
            [
              95.347051423000039,
              5.5528069030000324,
              0,
              null
            ],
            [
              95.34701321700004,
              5.5528591630000506,
              0,
              null
            ],
            [
              95.346913720000032,
              5.5529774900000461,
              0,
              null
            ],
            [
              95.346861857000079,
              5.5530354090000742,
              0,
              null
            ],
            [
              95.346829885000034,
              5.5530711140000335,
              0,
              null
            ],
            [
              95.346766136000042,
              5.5531378510000309,
              0,
              null
            ],
            [
              95.34675126500008,
              5.5531534190000684,
              0,
              null
            ],
            [
              95.346664118000035,
              5.55324438100007,
              0,
              null
            ],
            [
              95.346616458000085,
              5.5532920700000545,
              0,
              null
            ],
            [
              95.346579102000078,
              5.553326648000052,
              0,
              null
            ],
            [
              95.346557403000077,
              5.5533452930000635,
              0,
              null
            ],
            [
              95.346516220000069,
              5.5533806790000426,
              0,
              null
            ],
            [
              95.346419577000063,
              5.5534543060000487,
              0,
              null
            ],
            [
              95.346328908000032,
              5.5535235930000226,
              0,
              null
            ],
            [
              95.346298533000038,
              5.5535468040000637,
              0,
              null
            ],
            [
              95.346252618000051,
              5.5535828700000707,
              0,
              null
            ],
            [
              95.346192672000086,
              5.5536299580000446,
              0,
              null
            ],
            [
              95.346129758000075,
              5.5536827150000363,
              0,
              null
            ],
            [
              95.346046723000086,
              5.5537549950000766,
              0,
              null
            ],
            [
              95.346045442000047,
              5.5537561230000279,
              0,
              null
            ],
            [
              95.346001638000075,
              5.5537946750000629,
              0,
              null
            ],
            [
              95.34596397100006,
              5.5538307380000447,
              0,
              null
            ],
            [
              95.345920392000039,
              5.5538724620000721,
              0,
              null
            ],
            [
              95.345873626000071,
              5.5539228320000689,
              0,
              null
            ],
            [
              95.345861524000043,
              5.5539352230000532,
              0,
              null
            ],
            [
              95.345845692000069,
              5.5539514340000551,
              0,
              null
            ],
            [
              95.345820399000047,
              5.5539771420000648,
              0,
              null
            ],
            [
              95.345796251000081,
              5.554002836000052,
              0,
              null
            ],
            [
              95.345748334000064,
              5.5540427070000646,
              0,
              null
            ],
            [
              95.345645632000071,
              5.5541196930000751,
              0,
              null
            ],
            [
              95.345517470000061,
              5.5542106710000212,
              0,
              null
            ],
            [
              95.345424886000046,
              5.5541094380000686,
              0,
              null
            ],
            [
              95.345384589000048,
              5.554069600000048,
              0,
              null
            ],
            [
              95.345398188000047,
              5.5538585480000506,
              0,
              null
            ],
            [
              95.345398020000061,
              5.5538364820000652,
              0,
              null
            ],
            [
              95.345295478000082,
              5.5538077960000578,
              0,
              null
            ],
            [
              95.345274861000064,
              5.5537979140000289,
              0,
              null
            ],
            [
              95.345210655000074,
              5.5537862020000262,
              0,
              null
            ],
            [
              95.344985112000074,
              5.5537225140000714,
              0,
              null
            ],
            [
              95.344784255000036,
              5.5536824280000587,
              0,
              null
            ],
            [
              95.344740452000053,
              5.5536743050000723,
              0,
              null
            ],
            [
              95.344711195000059,
              5.5536688790000426,
              0,
              null
            ],
            [
              95.344675276000032,
              5.5536649630000738,
              0,
              null
            ],
            [
              95.344633740000063,
              5.5536577570000532,
              0,
              null
            ],
            [
              95.344677578000073,
              5.5532356300000743,
              0,
              null
            ],
            [
              95.344684696000058,
              5.55306398700003,
              0,
              null
            ],
            [
              95.344753225000034,
              5.5527936670000599,
              0,
              null
            ],
            [
              95.34480803200006,
              5.5524950190000482,
              0,
              null
            ],
            [
              95.344946235000066,
              5.5518084920000206,
              0,
              null
            ],
            [
              95.345035995000046,
              5.5513288650000732,
              0,
              null
            ],
            [
              95.344819496000071,
              5.5512898820000487,
              0,
              null
            ],
            [
              95.344804616000033,
              5.5512866140000483,
              0,
              null
            ],
            [
              95.344758894000051,
              5.5512793570000554,
              0,
              null
            ],
            [
              95.344721507000031,
              5.5512764770000445,
              0,
              null
            ],
            [
              95.344691109000053,
              5.5512773210000432,
              0,
              null
            ],
            [
              95.344665952000071,
              5.5512828350000518,
              0,
              null
            ],
            [
              95.344643627000039,
              5.5512903440000514,
              0,
              null
            ],
            [
              95.344630370000061,
              5.5512914910000291,
              0,
              null
            ],
            [
              95.344611612000051,
              5.5512907970000356,
              0,
              null
            ],
            [
              95.344561242000054,
              5.5512900120000381,
              0,
              null
            ],
            [
              95.34454491200006,
              5.5512917120000225,
              0,
              null
            ],
            [
              95.344535429000075,
              5.551295926000023,
              0,
              null
            ],
            [
              95.344528679000064,
              5.5512567510000395,
              0,
              null
            ],
            [
              95.344522786000084,
              5.5512516490000507,
              0,
              null
            ],
            [
              95.344517818000043,
              5.5512363750000304,
              0,
              null
            ],
            [
              95.344514341000036,
              5.5512262380000266,
              0,
              null
            ],
            [
              95.344508905000055,
              5.5512158740000359,
              0,
              null
            ],
            [
              95.344499692000056,
              5.5512061300000255,
              0,
              null
            ],
            [
              95.344490701000041,
              5.5511932130000332,
              0,
              null
            ],
            [
              95.34448829300004,
              5.5511773230000472,
              0,
              null
            ],
            [
              95.344486905000053,
              5.5511482050000609,
              0,
              null
            ],
            [
              95.344485628000086,
              5.5510942470000373,
              0,
              null
            ],
            [
              95.344484160000036,
              5.5510516700000494,
              0,
              null
            ],
            [
              95.344487073000039,
              5.5509624440000493,
              0,
              null
            ],
            [
              95.344488615000046,
              5.5509448240000552,
              0,
              null
            ],
            [
              95.344496136000032,
              5.5508588660000555,
              0,
              null
            ],
            [
              95.344461660000036,
              5.5503367810000555,
              0,
              null
            ],
            [
              95.344321749000073,
              5.5503415330000507,
              0,
              null
            ],
            [
              95.344310466000081,
              5.5503419090000534,
              0,
              null
            ],
            [
              95.344310114000052,
              5.5503375250000317,
              0,
              null
            ],
            [
              95.344296528000086,
              5.5502007740000749,
              0,
              null
            ],
            [
              95.344260843000086,
              5.5499025480000341,
              0,
              null
            ],
            [
              95.344251263000046,
              5.5498113190000709,
              0,
              null
            ],
            [
              95.344250058000057,
              5.5497803930000487,
              0,
              null
            ],
            [
              95.344251832000054,
              5.5497589720000633,
              0,
              null
            ],
            [
              95.344255930000031,
              5.5497390250000649,
              0,
              null
            ],
            [
              95.344047026000055,
              5.5497580400000288,
              0,
              null
            ],
            [
              95.343950370000073,
              5.5497598700000594,
              0,
              null
            ],
            [
              95.343890110000075,
              5.5497605340000291,
              0,
              null
            ],
            [
              95.343834542000081,
              5.54975672300003,
              0,
              null
            ],
            [
              95.343797622000068,
              5.54975102100002,
              0,
              null
            ],
            [
              95.343696171000033,
              5.5497516490000294,
              0,
              null
            ],
            [
              95.343637960000081,
              5.5497504430000504,
              0,
              null
            ],
            [
              95.343550798000081,
              5.5497485560000541,
              0,
              null
            ],
            [
              95.343471209000086,
              5.5497457080000459,
              0,
              null
            ],
            [
              95.343415868000079,
              5.5497451220000471,
              0,
              null
            ],
            [
              95.343402960000049,
              5.5497449850000748,
              0,
              null
            ],
            [
              95.343387052000082,
              5.5497448170000325,
              0,
              null
            ],
            [
              95.343384227000058,
              5.5496888900000272,
              0,
              null
            ],
            [
              95.343374332000053,
              5.5495249260000605,
              0,
              null
            ],
            [
              95.343373098000086,
              5.5494925080000712,
              0,
              null
            ],
            [
              95.343369823000046,
              5.5494064250000292,
              0,
              null
            ],
            [
              95.343369358000075,
              5.5493798910000578,
              0,
              null
            ],
            [
              95.343369275000043,
              5.5493751970000744,
              0,
              null
            ],
            [
              95.343369163000034,
              5.5493672840000272,
              0,
              null
            ],
            [
              95.343367156000056,
              5.5492264560000422,
              0,
              null
            ],
            [
              95.343367066000042,
              5.5492201690000229,
              0,
              null
            ],
            [
              95.343366011000057,
              5.5491592740000328,
              0,
              null
            ],
            [
              95.343365500000061,
              5.5491297670000677,
              0,
              null
            ],
            [
              95.343364746000077,
              5.5490731380000398,
              0,
              null
            ],
            [
              95.343364011000062,
              5.5490179500000636,
              0,
              null
            ],
            [
              95.343363526000076,
              5.5489815450000606,
              0,
              null
            ],
            [
              95.343363234000037,
              5.5489278470000727,
              0,
              null
            ],
            [
              95.343362998000032,
              5.5488844230000609,
              0,
              null
            ],
            [
              95.343364440000073,
              5.5488457550000589,
              0,
              null
            ],
            [
              95.343364567000037,
              5.5488423530000546,
              0,
              null
            ],
            [
              95.343366253000056,
              5.5487971570000241,
              0,
              null
            ],
            [
              95.343366408000065,
              5.548697058000073,
              0,
              null
            ],
            [
              95.343367013000034,
              5.5486701880000737,
              0,
              null
            ],
            [
              95.34336815000006,
              5.5486197140000399,
              0,
              null
            ],
            [
              95.343368602000055,
              5.5486050640000713,
              0,
              null
            ],
            [
              95.343368660000067,
              5.5486031800000433,
              0,
              null
            ],
            [
              95.343372941000041,
              5.5484644770000386,
              0,
              null
            ],
            [
              95.343373516000042,
              5.5483944240000369,
              0,
              null
            ],
            [
              95.343373702000065,
              5.5483716710000408,
              0,
              null
            ],
            [
              95.343374054000037,
              5.5483421030000386,
              0,
              null
            ],
            [
              95.343374147000077,
              5.5483370950000221,
              0,
              null
            ],
            [
              95.343374857000072,
              5.5482987400000638,
              0,
              null
            ],
            [
              95.343375629000036,
              5.5482450000000654,
              0,
              null
            ],
            [
              95.343359840000062,
              5.5482449950000614,
              0,
              null
            ],
            [
              95.343350288000067,
              5.5482449920000363,
              0,
              null
            ],
            [
              95.343244501000072,
              5.5482396260000542,
              0,
              null
            ],
            [
              95.343136449000042,
              5.5482363400000736,
              0,
              null
            ],
            [
              95.34304202800007,
              5.5482307660000743,
              0,
              null
            ],
            [
              95.34302585000006,
              5.5482300330000385,
              0,
              null
            ],
            [
              95.342966118000049,
              5.5482273250000276,
              0,
              null
            ],
            [
              95.342959229000087,
              5.5482270830000289,
              0,
              null
            ],
            [
              95.342877164000072,
              5.5482241980000708,
              0,
              null
            ],
            [
              95.342792311000039,
              5.5482221200000481,
              0,
              null
            ],
            [
              95.342726281000068,
              5.5482191820000253,
              0,
              null
            ],
            [
              95.342702084000052,
              5.5482169420000673,
              0,
              null
            ],
            [
              95.342673388000037,
              5.5482142850000287,
              0,
              null
            ],
            [
              95.342611264000084,
              5.5482078880000358,
              0,
              null
            ],
            [
              95.342592578000051,
              5.548205964000033,
              0,
              null
            ],
            [
              95.34254055100007,
              5.5482010630000218,
              0,
              null
            ],
            [
              95.342430431000082,
              5.5481901760000483,
              0,
              null
            ],
            [
              95.342427858000065,
              5.5481899220000628,
              0,
              null
            ],
            [
              95.342306874000087,
              5.5481763090000413,
              0,
              null
            ],
            [
              95.342283531000078,
              5.5481743640000332,
              0,
              null
            ],
            [
              95.342191607000075,
              5.5481667060000746,
              0,
              null
            ],
            [
              95.342182092000087,
              5.5481655360000559,
              0,
              null
            ],
            [
              95.342161948000069,
              5.5481630580000569,
              0,
              null
            ],
            [
              95.342126883000049,
              5.5481587460000696,
              0,
              null
            ],
            [
              95.342105278000076,
              5.5481563410000376,
              0,
              null
            ],
            [
              95.342083966000075,
              5.5481539690000545,
              0,
              null
            ],
            [
              95.342057019000038,
              5.5481509690000621,
              0,
              null
            ],
            [
              95.342049767000049,
              5.5481494890000249,
              0,
              null
            ],
            [
              95.342028434000042,
              5.5481451340000376,
              0,
              null
            ],
            [
              95.342019335000032,
              5.5481391680000343,
              0,
              null
            ],
            [
              95.342014206000044,
              5.548135903000059,
              0,
              null
            ],
            [
              95.34200898000006,
              5.5481325750000678,
              0,
              null
            ],
            [
              95.342008872000065,
              5.5481324880000216,
              0,
              null
            ],
            [
              95.342002636000075,
              5.5481274930000382,
              0,
              null
            ],
            [
              95.341996373000086,
              5.5481214080000427,
              0,
              null
            ],
            [
              95.341982417000054,
              5.5481078260000345,
              0,
              null
            ],
            [
              95.341544734000081,
              5.5480000320000613,
              0,
              null
            ],
            [
              95.341561568000031,
              5.5479635230000213,
              0,
              null
            ],
            [
              95.341641257000049,
              5.5477906950000602,
              0,
              null
            ],
            [
              95.34169051300006,
              5.5475346060000561,
              0,
              null
            ],
            [
              95.34169263800004,
              5.547514589000059,
              0,
              null
            ],
            [
              95.341719374000036,
              5.5472627700000317,
              0,
              null
            ],
            [
              95.341731831000061,
              5.5469524080000383,
              0,
              null
            ],
            [
              95.341732615000069,
              5.5469328940000651,
              0,
              null
            ],
            [
              95.341730271000074,
              5.5466657820000478,
              0,
              null
            ],
            [
              95.341722360000063,
              5.5465768570000478,
              0,
              null
            ],
            [
              95.341713046000052,
              5.5464721530000247,
              0,
              null
            ],
            [
              95.341709151000032,
              5.5464283670000327,
              0,
              null
            ],
            [
              95.34199177000005,
              5.5464826920000405,
              0,
              null
            ],
            [
              95.342038076000051,
              5.5464915930000416,
              0,
              null
            ],
            [
              95.342064398000048,
              5.5464957100000447,
              0,
              null
            ],
            [
              95.342085492000081,
              5.5465009140000348,
              0,
              null
            ],
            [
              95.342108501000041,
              5.546504384000059,
              0,
              null
            ],
            [
              95.342129959000033,
              5.546503413000039,
              0,
              null
            ],
            [
              95.342148598000051,
              5.5464991180000425,
              0,
              null
            ],
            [
              95.342164725000032,
              5.5464938480000683,
              0,
              null
            ],
            [
              95.342214112000079,
              5.5464793670000745,
              0,
              null
            ],
            [
              95.342230631000064,
              5.5464745240000752,
              0,
              null
            ],
            [
              95.342357553000056,
              5.5464589260000707,
              0,
              null
            ],
            [
              95.342375125000046,
              5.5464494010000749,
              0,
              null
            ],
            [
              95.342375152000045,
              5.5464493690000722,
              0,
              null
            ],
            [
              95.342391654000039,
              5.5464292870000236,
              0,
              null
            ],
            [
              95.342405811000049,
              5.5464118310000572,
              0,
              null
            ],
            [
              95.342420193000066,
              5.5464078240000276,
              0,
              null
            ],
            [
              95.342432632000055,
              5.546407418000058,
              0,
              null
            ],
            [
              95.342595265000057,
              5.5464020960000653,
              0,
              null
            ],
            [
              95.342655876000038,
              5.5464016520000428,
              0,
              null
            ],
            [
              95.342675891000056,
              5.5464015050000626,
              0,
              null
            ],
            [
              95.342686052000033,
              5.5464402690000725,
              0,
              null
            ],
            [
              95.342690041000083,
              5.5464592980000589,
              0,
              null
            ],
            [
              95.342708959000049,
              5.5464549980000584,
              0,
              null
            ],
            [
              95.342717334000042,
              5.5464530940000714,
              0,
              null
            ],
            [
              95.342755113000067,
              5.5464445060000571,
              0,
              null
            ],
            [
              95.34275531600008,
              5.546444460000032,
              0,
              null
            ],
            [
              95.342807821000065,
              5.5464355480000336,
              0,
              null
            ],
            [
              95.342839167000079,
              5.5464346840000758,
              0,
              null
            ],
            [
              95.342856477000055,
              5.5464342070000612,
              0,
              null
            ],
            [
              95.342929877000074,
              5.5464327770000637,
              0,
              null
            ],
            [
              95.34302423400004,
              5.5464337230000638,
              0,
              null
            ],
            [
              95.343080699000041,
              5.546436184000072,
              0,
              null
            ],
            [
              95.343116701000042,
              5.5464424140000688,
              0,
              null
            ],
            [
              95.34315257600008,
              5.5464486530000272,
              0,
              null
            ],
            [
              95.343162797000048,
              5.5464493540000603,
              0,
              null
            ],
            [
              95.343169259000035,
              5.5464497970000366,
              0,
              null
            ],
            [
              95.343200970000055,
              5.5464519690000316,
              0,
              null
            ],
            [
              95.343211474000043,
              5.5464524800000277,
              0,
              null
            ],
            [
              95.343270005000079,
              5.5464553290000254,
              0,
              null
            ],
            [
              95.343421077000073,
              5.5464501440000618,
              0,
              null
            ],
            [
              95.343446555000071,
              5.5464492690000498,
              0,
              null
            ],
            [
              95.343467315000055,
              5.5464480770000364,
              0,
              null
            ],
            [
              95.343597493000061,
              5.5464406000000395,
              0,
              null
            ],
            [
              95.343609514000036,
              5.5464399090000711,
              0,
              null
            ],
            [
              95.343712806000042,
              5.5464333180000267,
              0,
              null
            ],
            [
              95.343726385000082,
              5.5464324520000332,
              0,
              null
            ],
            [
              95.343757593000078,
              5.5464304610000568,
              0,
              null
            ],
            [
              95.343875643000047,
              5.5464283540000565,
              0,
              null
            ],
            [
              95.343900856000062,
              5.5464279040000406,
              0,
              null
            ],
            [
              95.343903217000047,
              5.54642786200003,
              0,
              null
            ],
            [
              95.344045152000035,
              5.546426403000055,
              0,
              null
            ],
            [
              95.344050628000048,
              5.5464263470000219,
              0,
              null
            ],
            [
              95.344137946000046,
              5.5464244370000415,
              0,
              null
            ],
            [
              95.344228825000073,
              5.5464218350000465,
              0,
              null
            ],
            [
              95.34428573100007,
              5.546421619000057,
              0,
              null
            ],
            [
              95.344294848000061,
              5.5464222730000756,
              0,
              null
            ],
            [
              95.344338139000058,
              5.5464253800000733,
              0,
              null
            ],
            [
              95.344349340000065,
              5.5464261840000404,
              0,
              null
            ],
            [
              95.34443923200007,
              5.5464296240000408,
              0,
              null
            ],
            [
              95.344517618000054,
              5.5464365450000628,
              0,
              null
            ],
            [
              95.344567786000084,
              5.5464409430000501,
              0,
              null
            ],
            [
              95.344581935000065,
              5.5464421830000674,
              0,
              null
            ],
            [
              95.344598878000056,
              5.5464433480000253,
              0,
              null
            ],
            [
              95.344621707000044,
              5.5464449180000202,
              0,
              null
            ],
            [
              95.344661994000035,
              5.5464476870000681,
              0,
              null
            ],
            [
              95.344670007000047,
              5.5464484470000457,
              0,
              null
            ],
            [
              95.344729146000077,
              5.5464540550000265,
              0,
              null
            ],
            [
              95.344872052000085,
              5.5464721900000313,
              0,
              null
            ],
            [
              95.344954181000048,
              5.54648009400006,
              0,
              null
            ],
            [
              95.345030579000081,
              5.5464874460000715,
              0,
              null
            ],
            [
              95.345090178000078,
              5.5464931810000735,
              0,
              null
            ],
            [
              95.345173540000076,
              5.5464990690000491,
              0,
              null
            ],
            [
              95.345207984000069,
              5.5465012350000507,
              0,
              null
            ],
            [
              95.345234675000086,
              5.5465029120000509,
              0,
              null
            ],
            [
              95.345305190000033,
              5.5465020720000666,
              0,
              null
            ],
            [
              95.345319448000055,
              5.546501375000048,
              0,
              null
            ],
            [
              95.345379980000075,
              5.5464984130000516,
              0,
              null
            ],
            [
              95.345464832000062,
              5.5464932860000431,
              0,
              null
            ],
            [
              95.345526977000077,
              5.5464880050000716,
              0,
              null
            ],
            [
              95.345648700000083,
              5.5464718570000286,
              0,
              null
            ],
            [
              95.345666846000086,
              5.5464700270000549,
              0,
              null
            ],
            [
              95.345705983000073,
              5.5464660800000729,
              0,
              null
            ],
            [
              95.34577773400008,
              5.5464588450000747,
              0,
              null
            ],
            [
              95.345806300000049,
              5.546455814000069,
              0,
              null
            ],
            [
              95.345842935000064,
              5.546451927000021,
              0,
              null
            ],
            [
              95.345861521000074,
              5.5464499540000247,
              0,
              null
            ],
            [
              95.345868179000036,
              5.5464492480000445,
              0,
              null
            ],
            [
              95.34590459900005,
              5.5464480940000271,
              0,
              null
            ],
            [
              95.345936685000083,
              5.5464484050000351,
              0,
              null
            ],
            [
              95.346038479000072,
              5.5464016480000282,
              0,
              null
            ],
            [
              95.346061681000037,
              5.5464052000000379,
              0,
              null
            ],
            [
              95.346089684000049,
              5.546406667000042,
              0,
              null
            ],
            [
              95.346099887000037,
              5.5464072010000223,
              0,
              null
            ],
            [
              95.346122784000045,
              5.5464076980000527,
              0,
              null
            ],
            [
              95.346140379000076,
              5.5464082290000647,
              0,
              null
            ],
            [
              95.346154184000056,
              5.5464086460000317,
              0,
              null
            ],
            [
              95.346178064000071,
              5.5464087790000463,
              0,
              null
            ],
            [
              95.346239899000068,
              5.5464091220000569,
              0,
              null
            ],
            [
              95.346241674000055,
              5.5464091330000542,
              0,
              null
            ],
            [
              95.346342839000044,
              5.5464092370000344,
              0,
              null
            ],
            [
              95.346397509000042,
              5.546413092000023,
              0,
              null
            ],
            [
              95.34640402000008,
              5.546413550000068,
              0,
              null
            ],
            [
              95.346467988000086,
              5.5464200300000357,
              0,
              null
            ],
            [
              95.346539141000051,
              5.5464319690000252,
              0,
              null
            ],
            [
              95.34655220500008,
              5.54643513700006,
              0,
              null
            ],
            [
              95.346631951000063,
              5.5464544780000438,
              0,
              null
            ],
            [
              95.346666826000046,
              5.5464629840000725,
              0,
              null
            ],
            [
              95.34672198800007,
              5.5464764380000702,
              0,
              null
            ],
            [
              95.346776830000067,
              5.5464897860000519,
              0,
              null
            ],
            [
              95.346812757000066,
              5.5464985300000649,
              0,
              null
            ],
            [
              95.346887424000045,
              5.5465116030000559,
              0,
              null
            ],
            [
              95.346937422000053,
              5.5465190960000541,
              0,
              null
            ],
            [
              95.346940645000075,
              5.5465193640000621,
              0,
              null
            ],
            [
              95.346995114000038,
              5.5465238840000666,
              0,
              null
            ],
            [
              95.347063689000038,
              5.5465280940000525,
              0,
              null
            ],
            [
              95.347112798000069,
              5.5465311090000569,
              0,
              null
            ],
            [
              95.347124811000072,
              5.5465313220000212,
              0,
              null
            ],
            [
              95.347195781000039,
              5.5465325780000398,
              0,
              null
            ],
            [
              95.34729561100005,
              5.5465303650000237,
              0,
              null
            ],
            [
              95.347303016000069,
              5.5465302040000211,
              0,
              null
            ],
            [
              95.347399229000075,
              5.5465281090000644,
              0,
              null
            ],
            [
              95.347439804000032,
              5.5465278260000446,
              0,
              null
            ],
            [
              95.347482917000036,
              5.5465275250000445,
              0,
              null
            ],
            [
              95.347536518000084,
              5.5465313430000265,
              0,
              null
            ],
            [
              95.347568564000085,
              5.5465336500000717,
              0,
              null
            ],
            [
              95.34765132800004,
              5.5465418070000396,
              0,
              null
            ],
            [
              95.347703363000051,
              5.5465475130000641,
              0,
              null
            ],
            [
              95.347752031000084,
              5.5465528500000687,
              0,
              null
            ],
            [
              95.347794408000084,
              5.5465588990000469,
              0,
              null
            ],
            [
              95.347839640000075,
              5.5465653560000305,
              0,
              null
            ],
            [
              95.347918518000085,
              5.5465779410000664,
              0,
              null
            ],
            [
              95.348033544000032,
              5.5465952550000566,
              0,
              null
            ],
            [
              95.348071144000073,
              5.5465996790000531,
              0,
              null
            ],
            [
              95.348128809000059,
              5.5466022790000693,
              0,
              null
            ],
            [
              95.348159659000032,
              5.5466015240000388,
              0,
              null
            ],
            [
              95.348185555000043,
              5.5466005170000585,
              0,
              null
            ],
            [
              95.348260737000032,
              5.5465934580000749,
              0,
              null
            ],
            [
              95.348289106000038,
              5.5465910400000666,
              0,
              null
            ],
            [
              95.348291421000056,
              5.5466135220000297,
              0,
              null
            ],
            [
              95.348298162000049,
              5.5466676910000388,
              0,
              null
            ],
            [
              95.348299846000032,
              5.5466863300000568,
              0,
              null
            ],
            [
              95.348303295000051,
              5.546724480000023,
              0,
              null
            ],
            [
              95.348303594000072,
              5.5467660030000729,
              0,
              null
            ],
            [
              95.348301586000048,
              5.5468070360000752,
              0,
              null
            ],
            [
              95.348301324000033,
              5.5468123830000309,
              0,
              null
            ],
            [
              95.348299662000045,
              5.5468308230000503,
              0,
              null
            ],
            [
              95.348288708000041,
              5.5469523750000462,
              0,
              null
            ],
            [
              95.34828576600006,
              5.5469850200000224,
              0,
              null
            ],
            [
              95.348282571000084,
              5.5470204800000715,
              0,
              null
            ],
            [
              95.348265808000065,
              5.5470995530000664,
              0,
              null
            ],
            [
              95.348258704000045,
              5.5471330570000532,
              0,
              null
            ],
            [
              95.348248715000068,
              5.5471801790000654,
              0,
              null
            ],
            [
              95.348219626000059,
              5.5473088920000464,
              0,
              null
            ],
            [
              95.34821818000006,
              5.5473152880000498,
              0,
              null
            ],
            [
              95.348203432000048,
              5.5473903700000733,
              0,
              null
            ],
            [
              95.348199742000077,
              5.5474091590000398,
              0,
              null
            ],
            [
              95.348176233000061,
              5.5475211360000571,
              0,
              null
            ],
            [
              95.348175215000083,
              5.5475259840000604,
              0,
              null
            ],
            [
              95.348173831000054,
              5.5475324820000651,
              0,
              null
            ],
            [
              95.34817203700004,
              5.5475408980000225,
              0,
              null
            ],
            [
              95.348159601000077,
              5.5475992720000704,
              0,
              null
            ],
            [
              95.348154387000079,
              5.5476249380000695,
              0,
              null
            ],
            [
              95.348136151000062,
              5.547714711000026,
              0,
              null
            ],
            [
              95.348131955000042,
              5.5477365620000683,
              0,
              null
            ],
            [
              95.34812858500004,
              5.547754115000032,
              0,
              null
            ],
            [
              95.348113365000074,
              5.5478391450000686,
              0,
              null
            ],
            [
              95.348103995000031,
              5.5478914960000338,
              0,
              null
            ],
            [
              95.348100987000066,
              5.5479083810000702,
              0,
              null
            ],
            [
              95.348114242000065,
              5.54791113400006,
              0,
              null
            ],
            [
              95.348198688000082,
              5.547926081000071,
              0,
              null
            ],
            [
              95.348267275000069,
              5.5479382210000381,
              0,
              null
            ],
            [
              95.348368810000068,
              5.5479588240000339,
              0,
              null
            ],
            [
              95.348396300000047,
              5.5479643150000584,
              0,
              null
            ],
            [
              95.348467644000038,
              5.5479785650000508,
              0,
              null
            ],
            [
              95.348492210000074,
              5.5479834710000659,
              0,
              null
            ],
            [
              95.348604055000067,
              5.5479991520000453,
              0,
              null
            ],
            [
              95.348606485000062,
              5.5479995920000533,
              0,
              null
            ],
            [
              95.34874336200005,
              5.5480243680000285,
              0,
              null
            ],
            [
              95.348852014000045,
              5.5480356420000589,
              0,
              null
            ],
            [
              95.348879087000057,
              5.5480393700000263,
              0,
              null
            ],
            [
              95.348869716000081,
              5.5482186560000741,
              0,
              null
            ],
            [
              95.348866488000056,
              5.5482257560000221,
              0,
              null
            ],
            [
              95.348860716000047,
              5.5483522600000583,
              0,
              null
            ],
            [
              95.348858767000081,
              5.5483949510000343,
              0,
              null
            ],
            [
              95.348856344000069,
              5.5483981330000347,
              0,
              null
            ],
            [
              95.348851431000071,
              5.5483990650000692,
              0,
              null
            ],
            [
              95.348840571000039,
              5.5484013220000747,
              0,
              null
            ],
            [
              95.348833894000052,
              5.5484551840000336,
              0,
              null
            ],
            [
              95.34880716400005,
              5.5486708450000606,
              0,
              null
            ],
            [
              95.34880436900005,
              5.5486933960000329,
              0,
              null
            ],
            [
              95.348806104000062,
              5.5487009840000496,
              0,
              null
            ],
            [
              95.348807915000066,
              5.5487051070000462,
              0,
              null
            ],
            [
              95.348811122000086,
              5.5487107890000402,
              0,
              null
            ],
            [
              95.348810460000038,
              5.5487418410000373,
              0,
              null
            ],
            [
              95.348806386000035,
              5.5487472080000657,
              0,
              null
            ],
            [
              95.348803724000049,
              5.5487652690000573,
              0,
              null
            ],
            [
              95.348809327000083,
              5.5488315300000295,
              0,
              null
            ],
            [
              95.348839990000045,
              5.5489705450000315,
              0,
              null
            ],
            [
              95.348857982000084,
              5.5491927030000738,
              0,
              null
            ],
            [
              95.348923988000081,
              5.549193907000074,
              0,
              null
            ],
            [
              95.348989269000072,
              5.5491906640000366,
              0,
              null
            ],
            [
              95.349037748000057,
              5.5491880670000455,
              0,
              null
            ],
            [
              95.349136323000039,
              5.5491787900000418,
              0,
              null
            ],
            [
              95.349187506000078,
              5.5491732180000213,
              0,
              null
            ],
            [
              95.349206227000082,
              5.5491738480000663,
              0,
              null
            ],
            [
              95.349222704000056,
              5.549179342000059,
              0,
              null
            ],
            [
              95.349234592000073,
              5.5491879540000468,
              0,
              null
            ],
            [
              95.349241878000043,
              5.5492007870000748,
              0,
              null
            ],
            [
              95.349251625000079,
              5.5492405920000465,
              0,
              null
            ],
            [
              95.349266537000062,
              5.549340829000073,
              0,
              null
            ],
            [
              95.349272907000056,
              5.5493994310000403,
              0,
              null
            ],
            [
              95.349281461000032,
              5.5494781080000735,
              0,
              null
            ],
            [
              95.349285637000037,
              5.5495259160000501,
              0,
              null
            ],
            [
              95.349286737000057,
              5.5495414360000268,
              0,
              null
            ],
            [
              95.349291614000037,
              5.5496102400000495,
              0,
              null
            ],
            [
              95.349291970000081,
              5.5496152490000554,
              0,
              null
            ],
            [
              95.349296301000038,
              5.5496457330000339,
              0,
              null
            ],
            [
              95.349298421000071,
              5.5496504750000213,
              0,
              null
            ],
            [
              95.349307971000087,
              5.5496718280000437,
              0,
              null
            ],
            [
              95.349320059000036,
              5.5496889550000219,
              0,
              null
            ],
            [
              95.349271596000051,
              5.5497341230000643,
              0,
              null
            ],
            [
              95.349250861000087,
              5.5497534470000573,
              0,
              null
            ],
            [
              95.349129341000037,
              5.549872161000053,
              0,
              null
            ],
            [
              95.349068210000041,
              5.549931880000031,
              0,
              null
            ],
            [
              95.349051971000051,
              5.5499477440000646,
              0,
              null
            ],
            [
              95.349021754000034,
              5.5499752730000296,
              0,
              null
            ],
            [
              95.348980285000039,
              5.5500130550000222,
              0,
              null
            ],
            [
              95.348922091000077,
              5.5500704080000673,
              0,
              null
            ],
            [
              95.348886900000082,
              5.550105090000045,
              0,
              null
            ],
            [
              95.34886487600005,
              5.5501265420000436,
              0,
              null
            ],
            [
              95.348738471000047,
              5.550249668000049,
              0,
              null
            ],
            [
              95.348736913000039,
              5.5502511870000717,
              0,
              null
            ],
            [
              95.348715791000075,
              5.5502717610000332,
              0,
              null
            ],
            [
              95.348664322000047,
              5.5503218940000352,
              0,
              null
            ],
            [
              95.348580749000064,
              5.5504032990000383,
              0,
              null
            ],
            [
              95.348524865000059,
              5.5504619690000254,
              0,
              null
            ],
            [
              95.348486942000079,
              5.5505017820000262,
              0,
              null
            ],
            [
              95.348468252000032,
              5.5505214050000404,
              0,
              null
            ],
            [
              95.348396790000038,
              5.5505910270000527,
              0,
              null
            ],
            [
              95.348381470000049,
              5.5506072120000454,
              0,
              null
            ],
            [
              95.348333644000036,
              5.5506577410000659,
              0,
              null
            ],
            [
              95.348240932000067,
              5.5507548050000537,
              0,
              null
            ],
            [
              95.34822867400004,
              5.5507676380000248,
              0,
              null
            ],
            [
              95.348195024000063,
              5.5508035620000555,
              0,
              null
            ],
            [
              95.348164739000083,
              5.5508358930000554,
              0,
              null
            ],
            [
              95.348129318000076,
              5.5508737080000401,
              0,
              null
            ],
            [
              95.34808750600007,
              5.5509182710000573,
              0,
              null
            ],
            [
              95.348052671000062,
              5.5509553990000313,
              0,
              null
            ],
            [
              95.347959252000066,
              5.551054693000026,
              0,
              null
            ],
            [
              95.347928754000066,
              5.5510896320000711,
              0,
              null
            ],
            [
              95.347919877000038,
              5.5511015110000699,
              0,
              null
            ],
            [
              95.347909236000078,
              5.5511157510000544,
              0,
              null
            ],
            [
              95.347901997000065,
              5.551125435000074,
              0,
              null
            ],
            [
              95.347891781000044,
              5.5511391010000466,
              0,
              null
            ],
            [
              95.347867993000079,
              5.5511709210000504,
              0,
              null
            ],
            [
              95.347843870000077,
              5.5512098210000431,
              0,
              null
            ],
            [
              95.347807027000044,
              5.5512692320000383,
              0,
              null
            ],
            [
              95.347741731000042,
              5.5513750340000456,
              0,
              null
            ],
            [
              95.347726254000065,
              5.5514001110000208,
              0,
              null
            ],
            [
              95.347694235000063,
              5.5514609990000281,
              0,
              null
            ],
            [
              95.347686804000034,
              5.5514790610000659,
              0,
              null
            ],
            [
              95.347664784000074,
              5.5515325870000538,
              0,
              null
            ],
            [
              95.347631447000083,
              5.551616230000036,
              0,
              null
            ],
            [
              95.347608961000049,
              5.5516654190000736,
              0,
              null
            ],
            [
              95.347586370000045,
              5.5517148350000411,
              0,
              null
            ],
            [
              95.347576055000047,
              5.5517376470000386,
              0,
              null
            ],
            [
              95.347555518000036,
              5.551783060000048,
              0,
              null
            ],
            [
              95.347544991000063,
              5.5518063380000626,
              0,
              null
            ],
            [
              95.347504249000053,
              5.5518904030000726,
              0,
              null
            ],
            [
              95.347494433000065,
              5.5519106580000539,
              0,
              null
            ],
            [
              95.347464130000048,
              5.5519767220000631,
              0,
              null
            ],
            [
              95.347449977000053,
              5.5520075730000258,
              0,
              null
            ],
            [
              95.347433503000047,
              5.5520419210000682,
              0,
              null
            ],
            [
              95.347428983000043,
              5.5520665560000566,
              0,
              null
            ],
            [
              95.347428258000036,
              5.5520755620000273,
              0,
              null
            ],
            [
              95.347427762000052,
              5.5520817140000531,
              0,
              null
            ],
            [
              95.347426944000063,
              5.5520918700000266,
              0,
              null
            ],
            [
              95.347427662000086,
              5.5521018630000754,
              0,
              null
            ],
            [
              95.347429692000048,
              5.5521370730000399,
              0,
              null
            ]
          ]
        ]
      },
      "properties" : {
        "FID" : 0,
        "OBJECTID" : 10444,
        "KDPPUM" : "11",
        "NAMOBJ" : "Lamteh",
        "REMARK" : " ",
        "KDPBPS" : " ",
        "FCODE" : "BA03070040",
        "LUASWH" : 0,
        "UUPP" : "RBI",
        "SRS_ID" : "SRGI 2013",
        "METADATA" : "TASWIL1000020200326DATA_BATAS_DESA_KELURAHAN",
        "KDEBPS" : " ",
        "KDEPUM" : "11.71.09.2002",
        "KDCBPS" : " ",
        "KDCPUM" : "11.71.09",
        "KDBBPS" : " ",
        "WADMKD" : "Lamteh",
        "WIADKD" : "0",
        "WADMKC" : "Ulee Kareng",
        "WIADKC" : " ",
        "WADMKK" : "Kota Banda Aceh",
        "WIADKK" : " ",
        "WADMPR" : "Aceh",
        "WIADPR" : " ",
        "TIPADM" : 9,
        "KDPKAB" : "11.71",
        "SHAPE_Leng" : 0.028589083159184001,
        "SHAPE_Area" : 3.227064028e-05
      }
    }
  ]
}