{
  "hasZ" : true,
  "hasM" : true,
  "type" : "FeatureCollection",
  "features" : [
    {
      "type" : "Feature",
      "id" : 0,
      "geometry" : {
        "type" : "Polygon",
        "coordinates" : [
          [
            [
              95.356618995000076,
              5.5514275000000453,
              0,
              null
            ],
            [
              95.356622700000059,
              5.5514467800000489,
              0,
              null
            ],
            [
              95.356623355000067,
              5.5514571810000461,
              0,
              null
            ],
            [
              95.356623308000053,
              5.5514679380000302,
              0,
              null
            ],
            [
              95.356614823000086,
              5.5515303310000377,
              0,
              null
            ],
            [
              95.356608678000043,
              5.5515550410000287,
              0,
              null
            ],
            [
              95.35658470900006,
              5.5516051310000307,
              0,
              null
            ],
            [
              95.356570064000039,
              5.5516277110000374,
              0,
              null
            ],
            [
              95.356562168000039,
              5.5516398850000428,
              0,
              null
            ],
            [
              95.356482602000085,
              5.551719672000047,
              0,
              null
            ],
            [
              95.356421256000033,
              5.5517852410000614,
              0,
              null
            ],
            [
              95.356183983000051,
              5.5520042960000637,
              0,
              null
            ],
            [
              95.355958765000082,
              5.5522082460000206,
              0,
              null
            ],
            [
              95.355937200000085,
              5.5522277730000269,
              0,
              null
            ],
            [
              95.355804875000047,
              5.5523453980000568,
              0,
              null
            ],
            [
              95.355796439000073,
              5.5523528970000484,
              0,
              null
            ],
            [
              95.355746856000053,
              5.5523969730000431,
              0,
              null
            ],
            [
              95.35555925500006,
              5.5525643530000366,
              0,
              null
            ],
            [
              95.355450018000056,
              5.552669718000061,
              0,
              null
            ],
            [
              95.355440270000031,
              5.5526791210000397,
              0,
              null
            ],
            [
              95.355439748000038,
              5.5526796240000635,
              0,
              null
            ],
            [
              95.355431439000085,
              5.5526872620000631,
              0,
              null
            ],
            [
              95.355420006000031,
              5.5526977700000657,
              0,
              null
            ],
            [
              95.355401205000078,
              5.5527150540000321,
              0,
              null
            ],
            [
              95.355203522000068,
              5.5528967680000392,
              0,
              null
            ],
            [
              95.354967034000083,
              5.5531230420000384,
              0,
              null
            ],
            [
              95.354866144000084,
              5.5532216060000223,
              0,
              null
            ],
            [
              95.354800936000061,
              5.5532853110000246,
              0,
              null
            ],
            [
              95.354780626000036,
              5.553305152000064,
              0,
              null
            ],
            [
              95.354762790000052,
              5.553322577000074,
              0,
              null
            ],
            [
              95.354563347000067,
              5.5535230970000384,
              0,
              null
            ],
            [
              95.35446014300004,
              5.55362322000002,
              0,
              null
            ],
            [
              95.35445203900008,
              5.5536310810000487,
              0,
              null
            ],
            [
              95.354441379000036,
              5.5536414230000446,
              0,
              null
            ],
            [
              95.354418758000065,
              5.55366573200007,
              0,
              null
            ],
            [
              95.354402427000082,
              5.5536832800000298,
              0,
              null
            ],
            [
              95.354238935000069,
              5.5538589620000494,
              0,
              null
            ],
            [
              95.354229402000044,
              5.5538692070000479,
              0,
              null
            ],
            [
              95.354211710000072,
              5.5538879450000422,
              0,
              null
            ],
            [
              95.354166628000087,
              5.5538480640000216,
              0,
              null
            ],
            [
              95.353978431000087,
              5.5536815700000375,
              0,
              null
            ],
            [
              95.353974595000068,
              5.5536401870000418,
              0,
              null
            ],
            [
              95.353974989000051,
              5.5535663230000409,
              0,
              null
            ],
            [
              95.353878286000054,
              5.553561372000047,
              0,
              null
            ],
            [
              95.353783531000033,
              5.5535535520000394,
              0,
              null
            ],
            [
              95.35365203300006,
              5.5535390080000298,
              0,
              null
            ],
            [
              95.353629127000033,
              5.5535296540000445,
              0,
              null
            ],
            [
              95.353615889000082,
              5.5535173140000325,
              0,
              null
            ],
            [
              95.353374713000051,
              5.5534907440000438,
              0,
              null
            ],
            [
              95.353253671000061,
              5.5534840520000444,
              0,
              null
            ],
            [
              95.353202189000058,
              5.5536938060000693,
              0,
              null
            ],
            [
              95.352999338000075,
              5.5536908330000756,
              0,
              null
            ],
            [
              95.352988878000076,
              5.5536759690000395,
              0,
              null
            ],
            [
              95.352973011000074,
              5.5536671920000344,
              0,
              null
            ],
            [
              95.352950399000065,
              5.5536638840000592,
              0,
              null
            ],
            [
              95.352911675000087,
              5.5536628360000577,
              0,
              null
            ],
            [
              95.352862219000087,
              5.5536634020000406,
              0,
              null
            ],
            [
              95.352818291000062,
              5.553663904000075,
              0,
              null
            ],
            [
              95.35276897600005,
              5.5536651670000765,
              0,
              null
            ],
            [
              95.352757071000042,
              5.553663732000075,
              0,
              null
            ],
            [
              95.352742085000045,
              5.5536564520000411,
              0,
              null
            ],
            [
              95.352732508000031,
              5.5536436910000475,
              0,
              null
            ],
            [
              95.352730362000045,
              5.5536099710000713,
              0,
              null
            ],
            [
              95.352719058000048,
              5.5536098990000369,
              0,
              null
            ],
            [
              95.352714133000063,
              5.5536098680000237,
              0,
              null
            ],
            [
              95.352525917000037,
              5.5536096950000342,
              0,
              null
            ],
            [
              95.352498423000043,
              5.5536096700000712,
              0,
              null
            ],
            [
              95.352351188000057,
              5.5536040290000415,
              0,
              null
            ],
            [
              95.35231721100007,
              5.5536027270000545,
              0,
              null
            ],
            [
              95.35225130300006,
              5.5535985330000699,
              0,
              null
            ],
            [
              95.352189229000032,
              5.5535967560000472,
              0,
              null
            ],
            [
              95.352135600000054,
              5.5535977550000553,
              0,
              null
            ],
            [
              95.352063399000087,
              5.5535991010000316,
              0,
              null
            ],
            [
              95.351955231000034,
              5.553598303000058,
              0,
              null
            ],
            [
              95.351803483000083,
              5.5535983820000752,
              0,
              null
            ],
            [
              95.351776589000053,
              5.5535979830000315,
              0,
              null
            ],
            [
              95.351748605000068,
              5.5536055480000641,
              0,
              null
            ],
            [
              95.351738607000073,
              5.5536108570000238,
              0,
              null
            ],
            [
              95.35174396900004,
              5.5536233950000451,
              0,
              null
            ],
            [
              95.351749023000082,
              5.5536989320000316,
              0,
              null
            ],
            [
              95.351743294000073,
              5.5537647670000752,
              0,
              null
            ],
            [
              95.351737360000072,
              5.5537960900000485,
              0,
              null
            ],
            [
              95.351726196000072,
              5.5537944260000245,
              0,
              null
            ],
            [
              95.351602018000051,
              5.5537822810000534,
              0,
              null
            ],
            [
              95.351440438000054,
              5.5537688240000307,
              0,
              null
            ],
            [
              95.351272624000046,
              5.5537555810000754,
              0,
              null
            ],
            [
              95.351199928000085,
              5.5537526980000393,
              0,
              null
            ],
            [
              95.351120180000066,
              5.5537483600000428,
              0,
              null
            ],
            [
              95.351037104000056,
              5.5537486010000521,
              0,
              null
            ],
            [
              95.351001591000056,
              5.5537496550000469,
              0,
              null
            ],
            [
              95.350944279000032,
              5.5537567620000345,
              0,
              null
            ],
            [
              95.350884883000049,
              5.5537705200000573,
              0,
              null
            ],
            [
              95.350849794000055,
              5.5537828080000509,
              0,
              null
            ],
            [
              95.350765075000083,
              5.5538192650000724,
              0,
              null
            ],
            [
              95.350683261000086,
              5.55385820500004,
              0,
              null
            ],
            [
              95.350671133000048,
              5.5538514380000379,
              0,
              null
            ],
            [
              95.350660369000082,
              5.5538433370000462,
              0,
              null
            ],
            [
              95.350653211000065,
              5.5538378160000548,
              0,
              null
            ],
            [
              95.350648744000068,
              5.5538305030000288,
              0,
              null
            ],
            [
              95.350614593000046,
              5.5537086310000632,
              0,
              null
            ],
            [
              95.350589762000084,
              5.5536127250000504,
              0,
              null
            ],
            [
              95.350571487000082,
              5.5535421430000724,
              0,
              null
            ],
            [
              95.350551287000087,
              5.5535393210000734,
              0,
              null
            ],
            [
              95.350545321000084,
              5.5535393440000576,
              0,
              null
            ],
            [
              95.350532141000087,
              5.5534775680000621,
              0,
              null
            ],
            [
              95.35053388700004,
              5.5534628820000762,
              0,
              null
            ],
            [
              95.350521452000066,
              5.553400454000041,
              0,
              null
            ],
            [
              95.350520233000054,
              5.5533942530000218,
              0,
              null
            ],
            [
              95.35051505000007,
              5.5533678830000213,
              0,
              null
            ],
            [
              95.350501537000071,
              5.5532991340000422,
              0,
              null
            ],
            [
              95.350489735000053,
              5.5532379510000283,
              0,
              null
            ],
            [
              95.350476816000082,
              5.5531709710000428,
              0,
              null
            ],
            [
              95.350475489000075,
              5.5531640970000353,
              0,
              null
            ],
            [
              95.350461882000047,
              5.5530745120000233,
              0,
              null
            ],
            [
              95.350457654000081,
              5.5530319710000526,
              0,
              null
            ],
            [
              95.350455370000077,
              5.5530089960000737,
              0,
              null
            ],
            [
              95.350453208000033,
              5.5529711310000494,
              0,
              null
            ],
            [
              95.350452937000057,
              5.5529663690000461,
              0,
              null
            ],
            [
              95.350452653000048,
              5.5529395520000548,
              0,
              null
            ],
            [
              95.350452541000038,
              5.5529281190000574,
              0,
              null
            ],
            [
              95.350445799000056,
              5.55292720500006,
              0,
              null
            ],
            [
              95.350388811000073,
              5.552920327000038,
              0,
              null
            ],
            [
              95.350348531000066,
              5.5529181620000259,
              0,
              null
            ],
            [
              95.350308170000062,
              5.552915993000056,
              0,
              null
            ],
            [
              95.350231058000077,
              5.5529115790000674,
              0,
              null
            ],
            [
              95.350231170000086,
              5.5529002680000303,
              0,
              null
            ],
            [
              95.350229210000066,
              5.5527928140000427,
              0,
              null
            ],
            [
              95.350225700000067,
              5.5526003650000462,
              0,
              null
            ],
            [
              95.35023030800005,
              5.5525860380000722,
              0,
              null
            ],
            [
              95.350204430000076,
              5.5525530760000379,
              0,
              null
            ],
            [
              95.350197764000086,
              5.5524393560000362,
              0,
              null
            ],
            [
              95.350197485000081,
              5.5524329130000751,
              0,
              null
            ],
            [
              95.350194479000038,
              5.5524277360000269,
              0,
              null
            ],
            [
              95.35018918600008,
              5.552426085000036,
              0,
              null
            ],
            [
              95.350144752000062,
              5.5524365300000227,
              0,
              null
            ],
            [
              95.350079255000082,
              5.5524458070000264,
              0,
              null
            ],
            [
              95.35000141200004,
              5.5524568330000648,
              0,
              null
            ],
            [
              95.349897060000046,
              5.5524653650000459,
              0,
              null
            ],
            [
              95.349891574000083,
              5.5524675740000475,
              0,
              null
            ],
            [
              95.349762740000074,
              5.5525059060000217,
              0,
              null
            ],
            [
              95.349753275000069,
              5.5525147740000307,
              0,
              null
            ],
            [
              95.349645354000074,
              5.5524854020000589,
              0,
              null
            ],
            [
              95.349542663000079,
              5.5524600320000559,
              0,
              null
            ],
            [
              95.349482721000072,
              5.5524409270000206,
              0,
              null
            ],
            [
              95.349475677000044,
              5.5524362510000742,
              0,
              null
            ],
            [
              95.349450792000084,
              5.5524197310000432,
              0,
              null
            ],
            [
              95.349428597000042,
              5.5523939950000454,
              0,
              null
            ],
            [
              95.349423794000074,
              5.5523771290000354,
              0,
              null
            ],
            [
              95.349423228000035,
              5.5523436420000394,
              0,
              null
            ],
            [
              95.349428046000071,
              5.5522527990000299,
              0,
              null
            ],
            [
              95.349438926000062,
              5.552143539000042,
              0,
              null
            ],
            [
              95.349443349000069,
              5.55206208900006,
              0,
              null
            ],
            [
              95.349444948000041,
              5.5520072630000641,
              0,
              null
            ],
            [
              95.34944562000004,
              5.5519841870000732,
              0,
              null
            ],
            [
              95.349443546000032,
              5.5519489780000413,
              0,
              null
            ],
            [
              95.349413863000052,
              5.5519517230000588,
              0,
              null
            ],
            [
              95.349194456000077,
              5.5519766690000552,
              0,
              null
            ],
            [
              95.349123552000037,
              5.5519847310000614,
              0,
              null
            ],
            [
              95.348904732000051,
              5.5520016100000475,
              0,
              null
            ],
            [
              95.348799235000058,
              5.5520097480000459,
              0,
              null
            ],
            [
              95.348744362000048,
              5.5520150000000399,
              0,
              null
            ],
            [
              95.348679764000053,
              5.5520211820000327,
              0,
              null
            ],
            [
              95.348585271000047,
              5.5520302250000668,
              0,
              null
            ],
            [
              95.348444405000066,
              5.5520447800000738,
              0,
              null
            ],
            [
              95.348349745000064,
              5.5520545600000446,
              0,
              null
            ],
            [
              95.348234846000082,
              5.5520647280000617,
              0,
              null
            ],
            [
              95.348117220000063,
              5.5520751350000523,
              0,
              null
            ],
            [
              95.34806455100005,
              5.5520801150000239,
              0,
              null
            ],
            [
              95.347843354000076,
              5.5521010270000488,
              0,
              null
            ],
            [
              95.347691263000058,
              5.5521132360000252,
              0,
              null
            ],
            [
              95.347673229000065,
              5.5521146830000703,
              0,
              null
            ],
            [
              95.347532939000075,
              5.5521277420000388,
              0,
              null
            ],
            [
              95.347505665000085,
              5.5521302810000748,
              0,
              null
            ],
            [
              95.347477428000047,
              5.5521328060000315,
              0,
              null
            ],
            [
              95.347429692000048,
              5.5521370730000399,
              0,
              null
            ],
            [
              95.347427662000086,
              5.5521018630000754,
              0,
              null
            ],
            [
              95.347426944000063,
              5.5520918700000266,
              0,
              null
            ],
            [
              95.347427762000052,
              5.5520817140000531,
              0,
              null
            ],
            [
              95.347428258000036,
              5.5520755620000273,
              0,
              null
            ],
            [
              95.347428983000043,
              5.5520665560000566,
              0,
              null
            ],
            [
              95.347433503000047,
              5.5520419210000682,
              0,
              null
            ],
            [
              95.347449977000053,
              5.5520075730000258,
              0,
              null
            ],
            [
              95.347464130000048,
              5.5519767220000631,
              0,
              null
            ],
            [
              95.347494433000065,
              5.5519106580000539,
              0,
              null
            ],
            [
              95.347504249000053,
              5.5518904030000726,
              0,
              null
            ],
            [
              95.347544991000063,
              5.5518063380000626,
              0,
              null
            ],
            [
              95.347555518000036,
              5.551783060000048,
              0,
              null
            ],
            [
              95.347576055000047,
              5.5517376470000386,
              0,
              null
            ],
            [
              95.347586370000045,
              5.5517148350000411,
              0,
              null
            ],
            [
              95.347608961000049,
              5.5516654190000736,
              0,
              null
            ],
            [
              95.347631447000083,
              5.551616230000036,
              0,
              null
            ],
            [
              95.347664784000074,
              5.5515325870000538,
              0,
              null
            ],
            [
              95.347686804000034,
              5.5514790610000659,
              0,
              null
            ],
            [
              95.347694235000063,
              5.5514609990000281,
              0,
              null
            ],
            [
              95.347726254000065,
              5.5514001110000208,
              0,
              null
            ],
            [
              95.347741731000042,
              5.5513750340000456,
              0,
              null
            ],
            [
              95.347807027000044,
              5.5512692320000383,
              0,
              null
            ],
            [
              95.347843870000077,
              5.5512098210000431,
              0,
              null
            ],
            [
              95.347867993000079,
              5.5511709210000504,
              0,
              null
            ],
            [
              95.347891781000044,
              5.5511391010000466,
              0,
              null
            ],
            [
              95.347901997000065,
              5.551125435000074,
              0,
              null
            ],
            [
              95.347909236000078,
              5.5511157510000544,
              0,
              null
            ],
            [
              95.347919877000038,
              5.5511015110000699,
              0,
              null
            ],
            [
              95.347928754000066,
              5.5510896320000711,
              0,
              null
            ],
            [
              95.347959252000066,
              5.551054693000026,
              0,
              null
            ],
            [
              95.348052671000062,
              5.5509553990000313,
              0,
              null
            ],
            [
              95.34808750600007,
              5.5509182710000573,
              0,
              null
            ],
            [
              95.348129318000076,
              5.5508737080000401,
              0,
              null
            ],
            [
              95.348164739000083,
              5.5508358930000554,
              0,
              null
            ],
            [
              95.348195024000063,
              5.5508035620000555,
              0,
              null
            ],
            [
              95.34822867400004,
              5.5507676380000248,
              0,
              null
            ],
            [
              95.348240932000067,
              5.5507548050000537,
              0,
              null
            ],
            [
              95.348333644000036,
              5.5506577410000659,
              0,
              null
            ],
            [
              95.348381470000049,
              5.5506072120000454,
              0,
              null
            ],
            [
              95.348396790000038,
              5.5505910270000527,
              0,
              null
            ],
            [
              95.348468252000032,
              5.5505214050000404,
              0,
              null
            ],
            [
              95.348486942000079,
              5.5505017820000262,
              0,
              null
            ],
            [
              95.348524865000059,
              5.5504619690000254,
              0,
              null
            ],
            [
              95.348580749000064,
              5.5504032990000383,
              0,
              null
            ],
            [
              95.348664322000047,
              5.5503218940000352,
              0,
              null
            ],
            [
              95.348715791000075,
              5.5502717610000332,
              0,
              null
            ],
            [
              95.348736913000039,
              5.5502511870000717,
              0,
              null
            ],
            [
              95.348738471000047,
              5.550249668000049,
              0,
              null
            ],
            [
              95.34886487600005,
              5.5501265420000436,
              0,
              null
            ],
            [
              95.348886900000082,
              5.550105090000045,
              0,
              null
            ],
            [
              95.348922091000077,
              5.5500704080000673,
              0,
              null
            ],
            [
              95.348980285000039,
              5.5500130550000222,
              0,
              null
            ],
            [
              95.349021754000034,
              5.5499752730000296,
              0,
              null
            ],
            [
              95.349051971000051,
              5.5499477440000646,
              0,
              null
            ],
            [
              95.349068210000041,
              5.549931880000031,
              0,
              null
            ],
            [
              95.349129341000037,
              5.549872161000053,
              0,
              null
            ],
            [
              95.349250861000087,
              5.5497534470000573,
              0,
              null
            ],
            [
              95.349271596000051,
              5.5497341230000643,
              0,
              null
            ],
            [
              95.349320059000036,
              5.5496889550000219,
              0,
              null
            ],
            [
              95.349332202000085,
              5.5496776380000483,
              0,
              null
            ],
            [
              95.349438057000043,
              5.5495789840000498,
              0,
              null
            ],
            [
              95.349502005000033,
              5.5495184810000637,
              0,
              null
            ],
            [
              95.34954295700004,
              5.5494797360000234,
              0,
              null
            ],
            [
              95.349616065000077,
              5.5494105670000522,
              0,
              null
            ],
            [
              95.349669368000036,
              5.5493569300000445,
              0,
              null
            ],
            [
              95.349678697000058,
              5.5493475420000209,
              0,
              null
            ],
            [
              95.349748729000055,
              5.5492770710000627,
              0,
              null
            ],
            [
              95.349764694000044,
              5.5492610050000621,
              0,
              null
            ],
            [
              95.349820028000067,
              5.5492028310000592,
              0,
              null
            ],
            [
              95.349841677000086,
              5.5491800710000234,
              0,
              null
            ],
            [
              95.349846811000077,
              5.5491754360000414,
              0,
              null
            ],
            [
              95.349876375000065,
              5.5491487500000289,
              0,
              null
            ],
            [
              95.349891382000067,
              5.5491357500000618,
              0,
              null
            ],
            [
              95.349940405000041,
              5.5490932850000263,
              0,
              null
            ],
            [
              95.349945587000036,
              5.5490892670000562,
              0,
              null
            ],
            [
              95.350015960000064,
              5.5490347110000471,
              0,
              null
            ],
            [
              95.350022250000052,
              5.549030842000036,
              0,
              null
            ],
            [
              95.350081953000085,
              5.5489941250000356,
              0,
              null
            ],
            [
              95.350121696000087,
              5.5489742770000703,
              0,
              null
            ],
            [
              95.350132992000056,
              5.5489686360000405,
              0,
              null
            ],
            [
              95.350155097000084,
              5.548957597000026,
              0,
              null
            ],
            [
              95.350231605000033,
              5.5489250320000565,
              0,
              null
            ],
            [
              95.350236854000059,
              5.5489227980000351,
              0,
              null
            ],
            [
              95.350322744000039,
              5.5488882890000468,
              0,
              null
            ],
            [
              95.350356652000073,
              5.5488756870000202,
              0,
              null
            ],
            [
              95.35041441900006,
              5.5488542180000309,
              0,
              null
            ],
            [
              95.350497220000079,
              5.5488177650000239,
              0,
              null
            ],
            [
              95.350515731000087,
              5.5488096150000388,
              0,
              null
            ],
            [
              95.350593836000087,
              5.5487728770000331,
              0,
              null
            ],
            [
              95.350610175000043,
              5.5487643590000744,
              0,
              null
            ],
            [
              95.35069005400004,
              5.5487227170000324,
              0,
              null
            ],
            [
              95.350767945000086,
              5.5486809820000644,
              0,
              null
            ],
            [
              95.350838836000037,
              5.5486429990000374,
              0,
              null
            ],
            [
              95.350854552000044,
              5.5486337800000456,
              0,
              null
            ],
            [
              95.350918147000073,
              5.5485964750000676,
              0,
              null
            ],
            [
              95.351015051000047,
              5.5485297690000266,
              0,
              null
            ],
            [
              95.351025138000068,
              5.5485228260000667,
              0,
              null
            ],
            [
              95.351080556000056,
              5.5484846780000225,
              0,
              null
            ],
            [
              95.351133226000059,
              5.5484450420000258,
              0,
              null
            ],
            [
              95.351169574000039,
              5.5484176890000754,
              0,
              null
            ],
            [
              95.351244681000082,
              5.5483600820000447,
              0,
              null
            ],
            [
              95.351253172000042,
              5.5483535690000281,
              0,
              null
            ],
            [
              95.351333132000036,
              5.5482919950000564,
              0,
              null
            ],
            [
              95.351343431000032,
              5.548284064000029,
              0,
              null
            ],
            [
              95.351355612000077,
              5.548274685000024,
              0,
              null
            ],
            [
              95.351417377000075,
              5.5482237130000271,
              0,
              null
            ],
            [
              95.351456515000052,
              5.5481906920000483,
              0,
              null
            ],
            [
              95.351469657000052,
              5.5481790810000575,
              0,
              null
            ],
            [
              95.351490083000044,
              5.5481610370000567,
              0,
              null
            ],
            [
              95.351514955000084,
              5.5481382590000408,
              0,
              null
            ],
            [
              95.351558719000082,
              5.5480903550000562,
              0,
              null
            ],
            [
              95.351589764000039,
              5.5480563740000548,
              0,
              null
            ],
            [
              95.351615745000061,
              5.5480279360000395,
              0,
              null
            ],
            [
              95.351708626000061,
              5.5479228280000257,
              0,
              null
            ],
            [
              95.351713063000034,
              5.547917807000033,
              0,
              null
            ],
            [
              95.351747264000039,
              5.5478805380000722,
              0,
              null
            ],
            [
              95.351772207000067,
              5.5478533600000333,
              0,
              null
            ],
            [
              95.351831372000049,
              5.5477888910000388,
              0,
              null
            ],
            [
              95.351831937000043,
              5.5477882750000731,
              0,
              null
            ],
            [
              95.351840887000037,
              5.5477728790000356,
              0,
              null
            ],
            [
              95.351845888000071,
              5.5477642760000663,
              0,
              null
            ],
            [
              95.351853467000069,
              5.5477374000000736,
              0,
              null
            ],
            [
              95.351856291000047,
              5.5477146560000392,
              0,
              null
            ],
            [
              95.351856449000081,
              5.5477126750000707,
              0,
              null
            ],
            [
              95.351860425000041,
              5.5476629820000767,
              0,
              null
            ],
            [
              95.351870623000082,
              5.5476320910000254,
              0,
              null
            ],
            [
              95.351876842000081,
              5.5476234880000561,
              0,
              null
            ],
            [
              95.351881219000063,
              5.5476174330000276,
              0,
              null
            ],
            [
              95.351885674000073,
              5.5476145700000643,
              0,
              null
            ],
            [
              95.351898424000069,
              5.5476063730000647,
              0,
              null
            ],
            [
              95.351920818000053,
              5.5475980590000518,
              0,
              null
            ],
            [
              95.351953866000031,
              5.5475897920000534,
              0,
              null
            ],
            [
              95.351965491000044,
              5.5475866510000742,
              0,
              null
            ],
            [
              95.351979333000031,
              5.5475829120000526,
              0,
              null
            ],
            [
              95.351992247000055,
              5.547579651000035,
              0,
              null
            ],
            [
              95.35200659800006,
              5.5475723630000289,
              0,
              null
            ],
            [
              95.352016198000058,
              5.5475638660000754,
              0,
              null
            ],
            [
              95.352031779000072,
              5.5475500720000355,
              0,
              null
            ],
            [
              95.352093546000049,
              5.5474740980000661,
              0,
              null
            ],
            [
              95.352112441000031,
              5.547450857000058,
              0,
              null
            ],
            [
              95.352145070000063,
              5.5474064290000342,
              0,
              null
            ],
            [
              95.352176130000032,
              5.547364137000045,
              0,
              null
            ],
            [
              95.352233493000085,
              5.547284153000021,
              0,
              null
            ],
            [
              95.352259917000083,
              5.5472473100000457,
              0,
              null
            ],
            [
              95.35227774100008,
              5.5472184030000449,
              0,
              null
            ],
            [
              95.35229337800007,
              5.5471930420000604,
              0,
              null
            ],
            [
              95.35232084900008,
              5.5471478200000206,
              0,
              null
            ],
            [
              95.352365143000043,
              5.5470772840000677,
              0,
              null
            ],
            [
              95.35237040800007,
              5.5470686210000508,
              0,
              null
            ],
            [
              95.352380370000049,
              5.5470522280000409,
              0,
              null
            ],
            [
              95.35247843500008,
              5.5470509020000236,
              0,
              null
            ],
            [
              95.352737030000071,
              5.5470807580000496,
              0,
              null
            ],
            [
              95.352750377000064,
              5.5470820440000352,
              0,
              null
            ],
            [
              95.352838648000045,
              5.547090550000064,
              0,
              null
            ],
            [
              95.35289221000005,
              5.5470960140000329,
              0,
              null
            ],
            [
              95.35291989500007,
              5.5470957230000408,
              0,
              null
            ],
            [
              95.352973676000033,
              5.547096052000029,
              0,
              null
            ],
            [
              95.353019264000068,
              5.5470954930000289,
              0,
              null
            ],
            [
              95.353030714000056,
              5.5470893340000202,
              0,
              null
            ],
            [
              95.35306599200004,
              5.5470951230000765,
              0,
              null
            ],
            [
              95.353093796000053,
              5.5470930870000643,
              0,
              null
            ],
            [
              95.353120420000039,
              5.5470937410000261,
              0,
              null
            ],
            [
              95.353153745000043,
              5.5470960760000594,
              0,
              null
            ],
            [
              95.353191409000033,
              5.5471029130000602,
              0,
              null
            ],
            [
              95.353238734000058,
              5.547114213000043,
              0,
              null
            ],
            [
              95.353267384000048,
              5.5471163220000221,
              0,
              null
            ],
            [
              95.353293723000036,
              5.5471153770000683,
              0,
              null
            ],
            [
              95.353314572000045,
              5.5471135490000734,
              0,
              null
            ],
            [
              95.353328590000046,
              5.5471108630000572,
              0,
              null
            ],
            [
              95.35334679500005,
              5.5470995460000267,
              0,
              null
            ],
            [
              95.353357756000037,
              5.547086026000045,
              0,
              null
            ],
            [
              95.353468828000075,
              5.5469864040000516,
              0,
              null
            ],
            [
              95.353533477000042,
              5.5469705510000722,
              0,
              null
            ],
            [
              95.353614264000043,
              5.5469451690000255,
              0,
              null
            ],
            [
              95.353628552000032,
              5.5469367420000708,
              0,
              null
            ],
            [
              95.353759954000054,
              5.5466671690000453,
              0,
              null
            ],
            [
              95.353778987000055,
              5.5466515480000567,
              0,
              null
            ],
            [
              95.353804048000086,
              5.5466514480000342,
              0,
              null
            ],
            [
              95.354022843000052,
              5.5466489670000669,
              0,
              null
            ],
            [
              95.354166638000038,
              5.546660361000022,
              0,
              null
            ],
            [
              95.354252784000039,
              5.5467155700000603,
              0,
              null
            ],
            [
              95.354291103000037,
              5.5467479430000708,
              0,
              null
            ],
            [
              95.354358222000087,
              5.546820379000053,
              0,
              null
            ],
            [
              95.354392007000058,
              5.5468559370000321,
              0,
              null
            ],
            [
              95.354392879000045,
              5.5468568540000547,
              0,
              null
            ],
            [
              95.354421642000034,
              5.5469361840000602,
              0,
              null
            ],
            [
              95.354476318000081,
              5.5469529660000489,
              0,
              null
            ],
            [
              95.354585323000038,
              5.5469864210000424,
              0,
              null
            ],
            [
              95.354603155000063,
              5.5470015810000746,
              0,
              null
            ],
            [
              95.354610862000072,
              5.5470226470000625,
              0,
              null
            ],
            [
              95.354615268000032,
              5.5470485890000418,
              0,
              null
            ],
            [
              95.354622348000078,
              5.5472984420000557,
              0,
              null
            ],
            [
              95.354625415000044,
              5.5474192500000754,
              0,
              null
            ],
            [
              95.354626195000037,
              5.5474305310000318,
              0,
              null
            ],
            [
              95.354646201000037,
              5.5474299460000225,
              0,
              null
            ],
            [
              95.354774475000056,
              5.5474261980000392,
              0,
              null
            ],
            [
              95.354844063000087,
              5.5474259480000683,
              0,
              null
            ],
            [
              95.354855777000068,
              5.547427085000038,
              0,
              null
            ],
            [
              95.354863627000043,
              5.5474295480000251,
              0,
              null
            ],
            [
              95.354870622000078,
              5.5474328740000374,
              0,
              null
            ],
            [
              95.354877583000075,
              5.5474386760000698,
              0,
              null
            ],
            [
              95.354883772000051,
              5.5474455940000666,
              0,
              null
            ],
            [
              95.354888756000037,
              5.5474535280000623,
              0,
              null
            ],
            [
              95.354894057000081,
              5.5474642090000543,
              0,
              null
            ],
            [
              95.354897803000085,
              5.5474759900000663,
              0,
              null
            ],
            [
              95.354900993000058,
              5.5475024250000615,
              0,
              null
            ],
            [
              95.354895361000047,
              5.547629038000025,
              0,
              null
            ],
            [
              95.354895018000036,
              5.5476676170000587,
              0,
              null
            ],
            [
              95.35489562500004,
              5.5476864060000253,
              0,
              null
            ],
            [
              95.354897840000035,
              5.5477080370000635,
              0,
              null
            ],
            [
              95.35490259900007,
              5.547740086000033,
              0,
              null
            ],
            [
              95.354905440000039,
              5.5477592120000736,
              0,
              null
            ],
            [
              95.35491995600006,
              5.5478139730000748,
              0,
              null
            ],
            [
              95.354921898000043,
              5.5478251080000405,
              0,
              null
            ],
            [
              95.354931400000055,
              5.5478231480000204,
              0,
              null
            ],
            [
              95.354960805000076,
              5.5478178060000687,
              0,
              null
            ],
            [
              95.355017803000067,
              5.5478074510000397,
              0,
              null
            ],
            [
              95.355101380000065,
              5.5477947630000699,
              0,
              null
            ],
            [
              95.355130479000081,
              5.5477903470000456,
              0,
              null
            ],
            [
              95.355237329000033,
              5.5477741260000357,
              0,
              null
            ],
            [
              95.355485866000038,
              5.5477315750000571,
              0,
              null
            ],
            [
              95.355617196000082,
              5.5477063370000224,
              0,
              null
            ],
            [
              95.355630164000047,
              5.5477038450000578,
              0,
              null
            ],
            [
              95.355647864000048,
              5.5477002370000719,
              0,
              null
            ],
            [
              95.355652279000083,
              5.5477178020000224,
              0,
              null
            ],
            [
              95.355679200000054,
              5.5478249000000233,
              0,
              null
            ],
            [
              95.35571647200004,
              5.5479897300000403,
              0,
              null
            ],
            [
              95.355741286000068,
              5.548093978000054,
              0,
              null
            ],
            [
              95.355749256000081,
              5.5481274600000461,
              0,
              null
            ],
            [
              95.355756884000073,
              5.5481595090000724,
              0,
              null
            ],
            [
              95.355785627000046,
              5.5482733660000463,
              0,
              null
            ],
            [
              95.355834827000081,
              5.548475389000032,
              0,
              null
            ],
            [
              95.355837503000032,
              5.5484863770000743,
              0,
              null
            ],
            [
              95.355878006000069,
              5.5486563930000443,
              0,
              null
            ],
            [
              95.35573518800004,
              5.5486934350000752,
              0,
              null
            ],
            [
              95.355683470000031,
              5.5487256140000341,
              0,
              null
            ],
            [
              95.355667715000038,
              5.5487340030000496,
              0,
              null
            ],
            [
              95.355602011000087,
              5.5487689870000736,
              0,
              null
            ],
            [
              95.355544858000087,
              5.548802217000059,
              0,
              null
            ],
            [
              95.355500623000069,
              5.5488425720000691,
              0,
              null
            ],
            [
              95.35547069100005,
              5.5488785640000629,
              0,
              null
            ],
            [
              95.355452331000038,
              5.5488937050000686,
              0,
              null
            ],
            [
              95.355435718000081,
              5.5489074020000544,
              0,
              null
            ],
            [
              95.355385658000046,
              5.5489233870000589,
              0,
              null
            ],
            [
              95.355379390000053,
              5.5489249640000367,
              0,
              null
            ],
            [
              95.355267806000086,
              5.5489530450000757,
              0,
              null
            ],
            [
              95.355223266000053,
              5.5489624600000411,
              0,
              null
            ],
            [
              95.355156013000055,
              5.5489766770000415,
              0,
              null
            ],
            [
              95.355121705000045,
              5.5489848370000345,
              0,
              null
            ],
            [
              95.355103477000057,
              5.5489891740000417,
              0,
              null
            ],
            [
              95.355097298000032,
              5.5489927310000553,
              0,
              null
            ],
            [
              95.355092786000057,
              5.5489953280000464,
              0,
              null
            ],
            [
              95.355060907000052,
              5.5490136810000763,
              0,
              null
            ],
            [
              95.355041515000039,
              5.54902484400003,
              0,
              null
            ],
            [
              95.354957169000045,
              5.549062488000061,
              0,
              null
            ],
            [
              95.354950487000053,
              5.5490644670000506,
              0,
              null
            ],
            [
              95.354809833000047,
              5.5491061230000582,
              0,
              null
            ],
            [
              95.354737313000044,
              5.5491238180000551,
              0,
              null
            ],
            [
              95.35469841400004,
              5.5491333100000588,
              0,
              null
            ],
            [
              95.35468964100005,
              5.5491354510000406,
              0,
              null
            ],
            [
              95.354642436000063,
              5.5491469680000591,
              0,
              null
            ],
            [
              95.354513644000065,
              5.54917187500007,
              0,
              null
            ],
            [
              95.354373366000061,
              5.5491896530000417,
              0,
              null
            ],
            [
              95.354283189000057,
              5.5492014920000656,
              0,
              null
            ],
            [
              95.354251633000047,
              5.5492064520000213,
              0,
              null
            ],
            [
              95.354166630000066,
              5.5492120020000471,
              0,
              null
            ],
            [
              95.354130976000079,
              5.5492188390000479,
              0,
              null
            ],
            [
              95.354110968000043,
              5.5492294410000227,
              0,
              null
            ],
            [
              95.354093568000053,
              5.5492391500000622,
              0,
              null
            ],
            [
              95.354085836000081,
              5.5492473890000724,
              0,
              null
            ],
            [
              95.35409528100007,
              5.5492570970000656,
              0,
              null
            ],
            [
              95.354115456000045,
              5.549277833000076,
              0,
              null
            ],
            [
              95.354120746000035,
              5.5492832700000463,
              0,
              null
            ],
            [
              95.354166630000066,
              5.5493284000000358,
              0,
              null
            ],
            [
              95.354180257000053,
              5.5493418040000506,
              0,
              null
            ],
            [
              95.354208592000077,
              5.5493679890000749,
              0,
              null
            ],
            [
              95.35423988000008,
              5.5493969030000585,
              0,
              null
            ],
            [
              95.354268931000036,
              5.5494237630000498,
              0,
              null
            ],
            [
              95.354292414000042,
              5.5494454760000735,
              0,
              null
            ],
            [
              95.35433523100005,
              5.5494834730000662,
              0,
              null
            ],
            [
              95.35434041600007,
              5.5494875570000204,
              0,
              null
            ],
            [
              95.354380741000057,
              5.5495193200000585,
              0,
              null
            ],
            [
              95.354390447000071,
              5.5495257630000765,
              0,
              null
            ],
            [
              95.354395939000085,
              5.5495276750000357,
              0,
              null
            ],
            [
              95.354412016000083,
              5.5495395990000702,
              0,
              null
            ],
            [
              95.354452657000081,
              5.5495697440000527,
              0,
              null
            ],
            [
              95.35448727000005,
              5.5496308290000229,
              0,
              null
            ],
            [
              95.354497970000068,
              5.5496696890000408,
              0,
              null
            ],
            [
              95.35450191700005,
              5.5496840230000544,
              0,
              null
            ],
            [
              95.354515598000035,
              5.5497337130000233,
              0,
              null
            ],
            [
              95.354528751000032,
              5.5497814790000461,
              0,
              null
            ],
            [
              95.354529894000052,
              5.5497856320000665,
              0,
              null
            ],
            [
              95.354566675000058,
              5.5499117600000432,
              0,
              null
            ],
            [
              95.354576403000067,
              5.5499482840000383,
              0,
              null
            ],
            [
              95.354598659000033,
              5.5500318470000707,
              0,
              null
            ],
            [
              95.35460659000006,
              5.5500841490000425,
              0,
              null
            ],
            [
              95.354607919000046,
              5.5500953690000756,
              0,
              null
            ],
            [
              95.354616681000039,
              5.5500943290000464,
              0,
              null
            ],
            [
              95.354768205000084,
              5.5500763180000376,
              0,
              null
            ],
            [
              95.354848551000032,
              5.5500666850000471,
              0,
              null
            ],
            [
              95.354867807000062,
              5.5500643750000336,
              0,
              null
            ],
            [
              95.354974288000051,
              5.5500516070000572,
              0,
              null
            ],
            [
              95.355064766000055,
              5.5500412860000665,
              0,
              null
            ],
            [
              95.355111964000059,
              5.5500384180000424,
              0,
              null
            ],
            [
              95.355149924000045,
              5.550036111000054,
              0,
              null
            ],
            [
              95.355186144000072,
              5.5500382890000424,
              0,
              null
            ],
            [
              95.355199910000067,
              5.550044941000067,
              0,
              null
            ],
            [
              95.355205541000032,
              5.5500523040000758,
              0,
              null
            ],
            [
              95.35521119100008,
              5.5500620340000637,
              0,
              null
            ],
            [
              95.35521484700007,
              5.5500716820000662,
              0,
              null
            ],
            [
              95.355217474000085,
              5.5500836210000557,
              0,
              null
            ],
            [
              95.355234873000086,
              5.550307617000044,
              0,
              null
            ],
            [
              95.35525219200008,
              5.5506147430000397,
              0,
              null
            ],
            [
              95.355253302000051,
              5.5506344180000724,
              0,
              null
            ],
            [
              95.355253936000054,
              5.5506420220000336,
              0,
              null
            ],
            [
              95.355275415000051,
              5.550899424000022,
              0,
              null
            ],
            [
              95.355300679000038,
              5.5511329140000498,
              0,
              null
            ],
            [
              95.355302140000049,
              5.5511464180000303,
              0,
              null
            ],
            [
              95.355305429000055,
              5.5511768100000722,
              0,
              null
            ],
            [
              95.355329508000068,
              5.5514447370000539,
              0,
              null
            ],
            [
              95.355334417000051,
              5.5514805870000714,
              0,
              null
            ],
            [
              95.355466627000055,
              5.5514679230000752,
              0,
              null
            ],
            [
              95.355639465000081,
              5.5514543080000749,
              0,
              null
            ],
            [
              95.35582712300004,
              5.5514420620000351,
              0,
              null
            ],
            [
              95.355941940000037,
              5.5514339480000672,
              0,
              null
            ],
            [
              95.35595496500008,
              5.5514329120000525,
              0,
              null
            ],
            [
              95.355972998000084,
              5.5514314760000616,
              0,
              null
            ],
            [
              95.356003151000039,
              5.5514290760000335,
              0,
              null
            ],
            [
              95.356153341000038,
              5.5514171240000678,
              0,
              null
            ],
            [
              95.356525160000047,
              5.5513668310000526,
              0,
              null
            ],
            [
              95.356543525000063,
              5.55136157000004,
              0,
              null
            ],
            [
              95.356594301000086,
              5.5513370230000305,
              0,
              null
            ],
            [
              95.356608487000074,
              5.5513728170000718,
              0,
              null
            ],
            [
              95.356618787000059,
              5.5514264170000729,
              0,
              null
            ],
            [
              95.356618995000076,
              5.5514275000000453,
              0,
              null
            ]
          ]
        ]
      },
      "properties" : {
        "FID" : 0,
        "OBJECTID" : 10309,
        "KDPPUM" : "11",
        "NAMOBJ" : "Lamglumpang",
        "REMARK" : " ",
        "KDPBPS" : " ",
        "FCODE" : "BA03070040",
        "LUASWH" : 0,
        "UUPP" : "RBI",
        "SRS_ID" : "SRGI 2013",
        "METADATA" : "TASWIL1000020200326DATA_BATAS_DESA_KELURAHAN",
        "KDEBPS" : " ",
        "KDEPUM" : "11.71.09.2008",
        "KDCBPS" : " ",
        "KDCPUM" : "11.71.09",
        "KDBBPS" : " ",
        "WADMKD" : "Lamglumpang",
        "WIADKD" : "0",
        "WADMKC" : "Ulee Kareng",
        "WIADKC" : " ",
        "WADMKK" : "Kota Banda Aceh",
        "WIADKK" : " ",
        "WADMPR" : "Aceh",
        "WIADPR" : " ",
        "TIPADM" : 9,
        "KDPKAB" : "11.71",
        "SHAPE_Leng" : 0.031682795278918999,
        "SHAPE_Area" : 3.6419858367000001e-05
      }
    }
  ]
}