{
  "hasZ" : true,
  "hasM" : true,
  "type" : "FeatureCollection",
  "features" : [
    {
      "type" : "Feature",
      "id" : 0,
      "geometry" : {
        "type" : "Polygon",
        "coordinates" : [
          [
            [
              95.326520279000079,
              5.5410184310000545,
              0,
              null
            ],
            [
              95.326019089000056,
              5.5410500080000702,
              0,
              null
            ],
            [
              95.325749642000062,
              5.5410434110000324,
              0,
              null
            ],
            [
              95.325647117000074,
              5.5410418430000732,
              0,
              null
            ],
            [
              95.325566150000043,
              5.5410460390000367,
              0,
              null
            ],
            [
              95.325476369000057,
              5.5410529180000481,
              0,
              null
            ],
            [
              95.325435086000084,
              5.5410546620000218,
              0,
              null
            ],
            [
              95.325185227000077,
              5.5410774980000497,
              0,
              null
            ],
            [
              95.325128036000081,
              5.5411016390000327,
              0,
              null
            ],
            [
              95.325054268000031,
              5.5411593280000488,
              0,
              null
            ],
            [
              95.32499954900004,
              5.5412049830000569,
              0,
              null
            ],
            [
              95.324939989000086,
              5.541233916000067,
              0,
              null
            ],
            [
              95.324880355000062,
              5.541243717000043,
              0,
              null
            ],
            [
              95.324732589000064,
              5.5412425760000588,
              0,
              null
            ],
            [
              95.324682705000043,
              5.5412364720000369,
              0,
              null
            ],
            [
              95.324592008000081,
              5.5412237390000314,
              0,
              null
            ],
            [
              95.324524024000084,
              5.5412101400000324,
              0,
              null
            ],
            [
              95.324453310000081,
              5.54118315300002,
              0,
              null
            ],
            [
              95.324415637000072,
              5.5411695640000289,
              0,
              null
            ],
            [
              95.324343524000085,
              5.5411463110000341,
              0,
              null
            ],
            [
              95.324281420000034,
              5.5411345970000525,
              0,
              null
            ],
            [
              95.324224004000087,
              5.5411013400000684,
              0,
              null
            ],
            [
              95.324209421000035,
              5.5410344320000604,
              0,
              null
            ],
            [
              95.324220944000047,
              5.5409291560000611,
              0,
              null
            ],
            [
              95.324272391000079,
              5.5405101930000455,
              0,
              null
            ],
            [
              95.324187350000045,
              5.5404646440000533,
              0,
              null
            ],
            [
              95.324099358000069,
              5.5404028640000433,
              0,
              null
            ],
            [
              95.324038655000038,
              5.540329406000069,
              0,
              null
            ],
            [
              95.32399192400004,
              5.5402278370000317,
              0,
              null
            ],
            [
              95.323967482000057,
              5.5401993240000706,
              0,
              null
            ],
            [
              95.323988730000053,
              5.5401541130000282,
              0,
              null
            ],
            [
              95.324024362000046,
              5.5400782980000258,
              0,
              null
            ],
            [
              95.324053196000079,
              5.5400169480000727,
              0,
              null
            ],
            [
              95.324065993000033,
              5.5400113110000575,
              0,
              null
            ],
            [
              95.324111060000064,
              5.5400216120000323,
              0,
              null
            ],
            [
              95.324151921000066,
              5.5400309500000731,
              0,
              null
            ],
            [
              95.324231313000041,
              5.5400490960000752,
              0,
              null
            ],
            [
              95.324318915000049,
              5.5400691180000763,
              0,
              null
            ],
            [
              95.324338374000035,
              5.5400714910000488,
              0,
              null
            ],
            [
              95.324425047000034,
              5.5397292370000741,
              0,
              null
            ],
            [
              95.324434177000057,
              5.5397224760000654,
              0,
              null
            ],
            [
              95.324465067000062,
              5.5397240340000735,
              0,
              null
            ],
            [
              95.324482679000084,
              5.5395147280000288,
              0,
              null
            ],
            [
              95.324477269000056,
              5.5395014800000695,
              0,
              null
            ],
            [
              95.324471292000055,
              5.5394910900000696,
              0,
              null
            ],
            [
              95.324472975000049,
              5.5394807610000498,
              0,
              null
            ],
            [
              95.324476555000047,
              5.5394781070000363,
              0,
              null
            ],
            [
              95.324527162000038,
              5.539478410000072,
              0,
              null
            ],
            [
              95.32458497500005,
              5.5394787570000403,
              0,
              null
            ],
            [
              95.324605083000051,
              5.5394808470000498,
              0,
              null
            ],
            [
              95.324622960000056,
              5.5392079590000662,
              0,
              null
            ],
            [
              95.324661431000038,
              5.5390499490000593,
              0,
              null
            ],
            [
              95.324656767000079,
              5.5389414530000636,
              0,
              null
            ],
            [
              95.32465376500005,
              5.5385289560000501,
              0,
              null
            ],
            [
              95.324598801000036,
              5.5384488860000261,
              0,
              null
            ],
            [
              95.324555509000049,
              5.5384054960000526,
              0,
              null
            ],
            [
              95.324411159000078,
              5.5383522620000463,
              0,
              null
            ],
            [
              95.324367791000043,
              5.5383606760000248,
              0,
              null
            ],
            [
              95.324328460000061,
              5.5383911300000364,
              0,
              null
            ],
            [
              95.324237868000068,
              5.5384487120000472,
              0,
              null
            ],
            [
              95.324173094000059,
              5.5384692590000668,
              0,
              null
            ],
            [
              95.324107764000075,
              5.5384765300000254,
              0,
              null
            ],
            [
              95.324040233000062,
              5.538463805000049,
              0,
              null
            ],
            [
              95.324003298000036,
              5.5384386030000314,
              0,
              null
            ],
            [
              95.32395924900004,
              5.5384052930000394,
              0,
              null
            ],
            [
              95.323928518000059,
              5.5383594950000656,
              0,
              null
            ],
            [
              95.323897749000082,
              5.5383041310000749,
              0,
              null
            ],
            [
              95.323876521000045,
              5.5382468160000258,
              0,
              null
            ],
            [
              95.323832440000047,
              5.5380612660000565,
              0,
              null
            ],
            [
              95.323767624000084,
              5.5378770500000201,
              0,
              null
            ],
            [
              95.323690777000081,
              5.5377284140000711,
              0,
              null
            ],
            [
              95.323669769000048,
              5.5377037110000629,
              0,
              null
            ],
            [
              95.32363908700006,
              5.5376896850000321,
              0,
              null
            ],
            [
              95.323603103000039,
              5.5376855330000581,
              0,
              null
            ],
            [
              95.323571961000084,
              5.5376854110000409,
              0,
              null
            ],
            [
              95.323484483000072,
              5.5376908290000415,
              0,
              null
            ],
            [
              95.323449350000033,
              5.537693665000063,
              0,
              null
            ],
            [
              95.323347394000052,
              5.5377104620000637,
              0,
              null
            ],
            [
              95.323327233000043,
              5.5377177640000355,
              0,
              null
            ],
            [
              95.323316601000045,
              5.5377303880000568,
              0,
              null
            ],
            [
              95.323269981000067,
              5.5377379420000352,
              0,
              null
            ],
            [
              95.32325492800004,
              5.5377296850000448,
              0,
              null
            ],
            [
              95.323233896000033,
              5.5377031840000654,
              0,
              null
            ],
            [
              95.323215906000087,
              5.5376981650000516,
              0,
              null
            ],
            [
              95.322928240000067,
              5.5377548570000386,
              0,
              null
            ],
            [
              95.322667805000037,
              5.5377772540000478,
              0,
              null
            ],
            [
              95.322604608000063,
              5.5375054280000313,
              0,
              null
            ],
            [
              95.322586876000059,
              5.5374527120000607,
              0,
              null
            ],
            [
              95.322576692000041,
              5.5373949690000472,
              0,
              null
            ],
            [
              95.322548737000034,
              5.5371167400000445,
              0,
              null
            ],
            [
              95.322547240000063,
              5.5369382880000444,
              0,
              null
            ],
            [
              95.322559483000077,
              5.5368115970000531,
              0,
              null
            ],
            [
              95.322579404000066,
              5.5367106150000609,
              0,
              null
            ],
            [
              95.322568320000073,
              5.5366697480000653,
              0,
              null
            ],
            [
              95.322551273000045,
              5.5365134560000229,
              0,
              null
            ],
            [
              95.322545415000036,
              5.5364988900000753,
              0,
              null
            ],
            [
              95.322536717000048,
              5.5364892610000425,
              0,
              null
            ],
            [
              95.322517763000064,
              5.5364822400000548,
              0,
              null
            ],
            [
              95.32237649700005,
              5.5364749360000474,
              0,
              null
            ],
            [
              95.322248183000056,
              5.5364700580000203,
              0,
              null
            ],
            [
              95.32218909900007,
              5.536467898000069,
              0,
              null
            ],
            [
              95.322169021000036,
              5.5364687190000268,
              0,
              null
            ],
            [
              95.322148552000044,
              5.5364710960000707,
              0,
              null
            ],
            [
              95.322117148000075,
              5.5364801760000546,
              0,
              null
            ],
            [
              95.322068480000041,
              5.536499114000037,
              0,
              null
            ],
            [
              95.321993109000061,
              5.5365296100000592,
              0,
              null
            ],
            [
              95.321916455000064,
              5.5365618540000696,
              0,
              null
            ],
            [
              95.321857496000064,
              5.5365766020000251,
              0,
              null
            ],
            [
              95.321776708000073,
              5.5365806160000375,
              0,
              null
            ],
            [
              95.321747824000056,
              5.5365787860000637,
              0,
              null
            ],
            [
              95.32153457000004,
              5.5365123510000558,
              0,
              null
            ],
            [
              95.321514639000043,
              5.5365054930000497,
              0,
              null
            ],
            [
              95.321510768000053,
              5.5365302560000487,
              0,
              null
            ],
            [
              95.32138916100007,
              5.5365174760000286,
              0,
              null
            ],
            [
              95.321271161000084,
              5.5365029430000732,
              0,
              null
            ],
            [
              95.321220425000035,
              5.5364936960000364,
              0,
              null
            ],
            [
              95.321129951000046,
              5.5364730700000564,
              0,
              null
            ],
            [
              95.321073270000056,
              5.5364520770000354,
              0,
              null
            ],
            [
              95.321061494000048,
              5.5364442410000265,
              0,
              null
            ],
            [
              95.321055296000054,
              5.5364327410000556,
              0,
              null
            ],
            [
              95.320955945000037,
              5.5363913440000374,
              0,
              null
            ],
            [
              95.320931190000067,
              5.5363749720000328,
              0,
              null
            ],
            [
              95.320863401000054,
              5.5363555770000517,
              0,
              null
            ],
            [
              95.320626747000063,
              5.536332858000037,
              0,
              null
            ],
            [
              95.320528201000059,
              5.5363054110000576,
              0,
              null
            ],
            [
              95.320537740000077,
              5.5362437810000529,
              0,
              null
            ],
            [
              95.320532254000057,
              5.5362180500000591,
              0,
              null
            ],
            [
              95.320516099000031,
              5.5361978830000567,
              0,
              null
            ],
            [
              95.320416741000031,
              5.536152272000038,
              0,
              null
            ],
            [
              95.320275274000039,
              5.536096159000067,
              0,
              null
            ],
            [
              95.320354718000033,
              5.5359376270000666,
              0,
              null
            ],
            [
              95.320269619000044,
              5.5359054340000284,
              0,
              null
            ],
            [
              95.319932409000046,
              5.535839577000047,
              0,
              null
            ],
            [
              95.319926614000053,
              5.5358223800000701,
              0,
              null
            ],
            [
              95.319992376000073,
              5.5355337510000595,
              0,
              null
            ],
            [
              95.319993966000084,
              5.5355225620000397,
              0,
              null
            ],
            [
              95.31964442900005,
              5.5354797880000319,
              0,
              null
            ],
            [
              95.319435578000082,
              5.5354517660000511,
              0,
              null
            ],
            [
              95.319437443000083,
              5.5354386080000495,
              0,
              null
            ],
            [
              95.319444799000053,
              5.5353866850000486,
              0,
              null
            ],
            [
              95.319461373000081,
              5.535303893000048,
              0,
              null
            ],
            [
              95.319450475000053,
              5.5353035890000228,
              0,
              null
            ],
            [
              95.319411992000084,
              5.5352913780000677,
              0,
              null
            ],
            [
              95.31939254100007,
              5.535282048000056,
              0,
              null
            ],
            [
              95.319342327000072,
              5.5352641490000565,
              0,
              null
            ],
            [
              95.319313848000036,
              5.5352575670000306,
              0,
              null
            ],
            [
              95.319276196000033,
              5.5352473530000452,
              0,
              null
            ],
            [
              95.319215891000056,
              5.5352301040000498,
              0,
              null
            ],
            [
              95.319168353000066,
              5.5352175240000747,
              0,
              null
            ],
            [
              95.319128006000085,
              5.5352062810000575,
              0,
              null
            ],
            [
              95.319088458000067,
              5.5351946750000707,
              0,
              null
            ],
            [
              95.319070745000033,
              5.5351878480000209,
              0,
              null
            ],
            [
              95.31906043500004,
              5.5351798910000412,
              0,
              null
            ],
            [
              95.319058795000046,
              5.5351742480000325,
              0,
              null
            ],
            [
              95.319065015000035,
              5.5351484660000665,
              0,
              null
            ],
            [
              95.319072242000061,
              5.5351176730000589,
              0,
              null
            ],
            [
              95.319086062000054,
              5.5350775780000276,
              0,
              null
            ],
            [
              95.319096715000057,
              5.5350456550000331,
              0,
              null
            ],
            [
              95.319110687000034,
              5.53500894900003,
              0,
              null
            ],
            [
              95.319123864000062,
              5.5349680510000212,
              0,
              null
            ],
            [
              95.319131475000063,
              5.5349450080000224,
              0,
              null
            ],
            [
              95.319132467000031,
              5.5349426170000697,
              0,
              null
            ],
            [
              95.319136753000066,
              5.534924553000053,
              0,
              null
            ],
            [
              95.319140490000052,
              5.5349100880000606,
              0,
              null
            ],
            [
              95.319142078000084,
              5.5349010600000383,
              0,
              null
            ],
            [
              95.31913632800007,
              5.5348949580000522,
              0,
              null
            ],
            [
              95.319109507000064,
              5.5348870310000393,
              0,
              null
            ],
            [
              95.319089184000063,
              5.5348792490000278,
              0,
              null
            ],
            [
              95.319073573000082,
              5.5348693160000266,
              0,
              null
            ],
            [
              95.319045335000055,
              5.5348389390000534,
              0,
              null
            ],
            [
              95.319031727000038,
              5.5348291830000562,
              0,
              null
            ],
            [
              95.319004582000048,
              5.5348202770000512,
              0,
              null
            ],
            [
              95.31898244100006,
              5.5348190590000286,
              0,
              null
            ],
            [
              95.318957749000049,
              5.5348132180000675,
              0,
              null
            ],
            [
              95.318936159000032,
              5.5348030070000505,
              0,
              null
            ],
            [
              95.31890971100006,
              5.5347874200000433,
              0,
              null
            ],
            [
              95.318874215000051,
              5.5347693400000253,
              0,
              null
            ],
            [
              95.318843383000058,
              5.5347571700000344,
              0,
              null
            ],
            [
              95.318813849000037,
              5.5347489420000215,
              0,
              null
            ],
            [
              95.31877965700005,
              5.5347457660000714,
              0,
              null
            ],
            [
              95.318751944000041,
              5.5347386850000362,
              0,
              null
            ],
            [
              95.318747547000044,
              5.5347301420000576,
              0,
              null
            ],
            [
              95.318755818000056,
              5.5347106490000328,
              0,
              null
            ],
            [
              95.318772785000078,
              5.5346910710000543,
              0,
              null
            ],
            [
              95.318788752000046,
              5.5346698920000676,
              0,
              null
            ],
            [
              95.318806084000073,
              5.5346383430000401,
              0,
              null
            ],
            [
              95.318819591000079,
              5.5346022850000622,
              0,
              null
            ],
            [
              95.318830008000077,
              5.534567776000074,
              0,
              null
            ],
            [
              95.318845516000067,
              5.5345332060000487,
              0,
              null
            ],
            [
              95.318866319000051,
              5.5344958860000588,
              0,
              null
            ],
            [
              95.318887568000036,
              5.5344649090000644,
              0,
              null
            ],
            [
              95.318909242000075,
              5.5344374580000704,
              0,
              null
            ],
            [
              95.318947268000045,
              5.5344032700000412,
              0,
              null
            ],
            [
              95.318971581000085,
              5.5343799680000529,
              0,
              null
            ],
            [
              95.318998762000035,
              5.5343408540000496,
              0,
              null
            ],
            [
              95.31902253700008,
              5.5342994110000632,
              0,
              null
            ],
            [
              95.319043304000047,
              5.5342609590000507,
              0,
              null
            ],
            [
              95.319063953000068,
              5.5342037090000531,
              0,
              null
            ],
            [
              95.319071615000041,
              5.5341774050000367,
              0,
              null
            ],
            [
              95.319077733000086,
              5.5341431900000657,
              0,
              null
            ],
            [
              95.319072198000072,
              5.5341027440000516,
              0,
              null
            ],
            [
              95.319063394000068,
              5.534075218000055,
              0,
              null
            ],
            [
              95.31906149100007,
              5.5340554620000262,
              0,
              null
            ],
            [
              95.319075016000056,
              5.5340343550000739,
              0,
              null
            ],
            [
              95.319092987000033,
              5.5340180200000759,
              0,
              null
            ],
            [
              95.319104349000042,
              5.5339945430000625,
              0,
              null
            ],
            [
              95.319108160000042,
              5.5339697780000279,
              0,
              null
            ],
            [
              95.319118031000073,
              5.5339522380000403,
              0,
              null
            ],
            [
              95.31913273400005,
              5.5339474830000199,
              0,
              null
            ],
            [
              95.319167754000034,
              5.5336539130000233,
              0,
              null
            ],
            [
              95.319184525000082,
              5.5335476600000675,
              0,
              null
            ],
            [
              95.319233215000054,
              5.5331917070000713,
              0,
              null
            ],
            [
              95.319304818000035,
              5.5328541620000351,
              0,
              null
            ],
            [
              95.319268616000045,
              5.5328570230000764,
              0,
              null
            ],
            [
              95.319150817000036,
              5.5328373920000331,
              0,
              null
            ],
            [
              95.319139629000063,
              5.5328359790000263,
              0,
              null
            ],
            [
              95.319167280000045,
              5.5326162190000332,
              0,
              null
            ],
            [
              95.319174835000069,
              5.5325663990000749,
              0,
              null
            ],
            [
              95.319141534000039,
              5.5325618600000439,
              0,
              null
            ],
            [
              95.319043854000086,
              5.5325474530000633,
              0,
              null
            ],
            [
              95.318864464000058,
              5.5325238090000539,
              0,
              null
            ],
            [
              95.318830894000087,
              5.532522760000063,
              0,
              null
            ],
            [
              95.318756059000066,
              5.532524110000054,
              0,
              null
            ],
            [
              95.318706702000043,
              5.5325244580000685,
              0,
              null
            ],
            [
              95.318515973000046,
              5.5325300660000494,
              0,
              null
            ],
            [
              95.318421522000051,
              5.5325346540000737,
              0,
              null
            ],
            [
              95.31829401400006,
              5.5325391320000676,
              0,
              null
            ],
            [
              95.318274113000086,
              5.5325437030000444,
              0,
              null
            ],
            [
              95.318259992000037,
              5.532552173000056,
              0,
              null
            ],
            [
              95.318248507000078,
              5.5325379920000728,
              0,
              null
            ],
            [
              95.318232202000047,
              5.5325162520000504,
              0,
              null
            ],
            [
              95.318108493000068,
              5.5323749110000335,
              0,
              null
            ],
            [
              95.318103371000063,
              5.532363632000056,
              0,
              null
            ],
            [
              95.318108510000059,
              5.5323421900000653,
              0,
              null
            ],
            [
              95.318122326000037,
              5.5322505060000253,
              0,
              null
            ],
            [
              95.318129502000033,
              5.532212323000067,
              0,
              null
            ],
            [
              95.318143255000052,
              5.5321395040000425,
              0,
              null
            ],
            [
              95.318150590000073,
              5.5320770690000245,
              0,
              null
            ],
            [
              95.318152904000044,
              5.5320667290000642,
              0,
              null
            ],
            [
              95.318157532000043,
              5.5320621000000756,
              0,
              null
            ],
            [
              95.318165716000067,
              5.5320601340000621,
              0,
              null
            ],
            [
              95.318192673000055,
              5.5320629840000493,
              0,
              null
            ],
            [
              95.318200323000042,
              5.5320628010000519,
              0,
              null
            ],
            [
              95.318208143000049,
              5.5320533520000481,
              0,
              null
            ],
            [
              95.318215348000081,
              5.5320177810000359,
              0,
              null
            ],
            [
              95.318225655000049,
              5.5319563650000418,
              0,
              null
            ],
            [
              95.318237301000067,
              5.531907689000036,
              0,
              null
            ],
            [
              95.318248408000045,
              5.531845565000026,
              0,
              null
            ],
            [
              95.31825649600006,
              5.5318167700000345,
              0,
              null
            ],
            [
              95.318265800000063,
              5.5317922560000738,
              0,
              null
            ],
            [
              95.318288932000087,
              5.5317594020000342,
              0,
              null
            ],
            [
              95.31829855400008,
              5.531751555000028,
              0,
              null
            ],
            [
              95.318308841000032,
              5.5317315110000322,
              0,
              null
            ],
            [
              95.318331904000047,
              5.5316378020000343,
              0,
              null
            ],
            [
              95.318384391000052,
              5.5313902040000471,
              0,
              null
            ],
            [
              95.318393701000048,
              5.5313788240000576,
              0,
              null
            ],
            [
              95.318408447000081,
              5.531373234000057,
              0,
              null
            ],
            [
              95.318430554000031,
              5.5313745580000386,
              0,
              null
            ],
            [
              95.318678301000034,
              5.531427137000037,
              0,
              null
            ],
            [
              95.318885850000072,
              5.5314574160000234,
              0,
              null
            ],
            [
              95.318956324000055,
              5.5314681760000326,
              0,
              null
            ],
            [
              95.318970441000033,
              5.5314703320000262,
              0,
              null
            ],
            [
              95.319210184000042,
              5.5315179340000213,
              0,
              null
            ],
            [
              95.319373944000063,
              5.5315591360000553,
              0,
              null
            ],
            [
              95.319393994000052,
              5.5315695150000579,
              0,
              null
            ],
            [
              95.319416730000057,
              5.5315918910000619,
              0,
              null
            ],
            [
              95.319428172000073,
              5.5316056920000278,
              0,
              null
            ],
            [
              95.319444718000057,
              5.5316292010000438,
              0,
              null
            ],
            [
              95.319466172000034,
              5.5316574100000366,
              0,
              null
            ],
            [
              95.319488972000045,
              5.5316768270000694,
              0,
              null
            ],
            [
              95.319510459000071,
              5.531685656000036,
              0,
              null
            ],
            [
              95.319543366000062,
              5.5316943760000754,
              0,
              null
            ],
            [
              95.319614466000075,
              5.5317045100000541,
              0,
              null
            ],
            [
              95.319633220000071,
              5.5317088490000401,
              0,
              null
            ],
            [
              95.319648470000061,
              5.5317145380000738,
              0,
              null
            ],
            [
              95.319663348000063,
              5.5317267190000621,
              0,
              null
            ],
            [
              95.319671615000061,
              5.5317414200000599,
              0,
              null
            ],
            [
              95.319673029000057,
              5.5317571970000472,
              0,
              null
            ],
            [
              95.319673814000055,
              5.5317748300000744,
              0,
              null
            ],
            [
              95.319667990000085,
              5.5318113250000351,
              0,
              null
            ],
            [
              95.319666527000038,
              5.5318388100000675,
              0,
              null
            ],
            [
              95.319667336000066,
              5.5318541010000217,
              0,
              null
            ],
            [
              95.319671644000039,
              5.5318648230000349,
              0,
              null
            ],
            [
              95.319678838000073,
              5.5318749460000731,
              0,
              null
            ],
            [
              95.319692882000084,
              5.5318814710000765,
              0,
              null
            ],
            [
              95.319809784000086,
              5.5318990380000628,
              0,
              null
            ],
            [
              95.320091141000034,
              5.5319368320000422,
              0,
              null
            ],
            [
              95.320272799000065,
              5.5319596140000726,
              0,
              null
            ],
            [
              95.320540245000075,
              5.5320182530000466,
              0,
              null
            ],
            [
              95.320974612000043,
              5.5321237200000724,
              0,
              null
            ],
            [
              95.321316356000068,
              5.5321997320000378,
              0,
              null
            ],
            [
              95.321327331000077,
              5.5322021730000301,
              0,
              null
            ],
            [
              95.321433035000041,
              5.5322212110000351,
              0,
              null
            ],
            [
              95.321458661000065,
              5.5322227200000498,
              0,
              null
            ],
            [
              95.321478425000066,
              5.5322200840000733,
              0,
              null
            ],
            [
              95.321502879000036,
              5.5322078130000705,
              0,
              null
            ],
            [
              95.321531886000059,
              5.5321856620000744,
              0,
              null
            ],
            [
              95.32155485800007,
              5.5321751320000203,
              0,
              null
            ],
            [
              95.321580109000081,
              5.5321662100000708,
              0,
              null
            ],
            [
              95.321608284000035,
              5.5321643830000653,
              0,
              null
            ],
            [
              95.321671822000042,
              5.5321706470000436,
              0,
              null
            ],
            [
              95.32190328300004,
              5.532195859000069,
              0,
              null
            ],
            [
              95.321923968000078,
              5.5322048710000331,
              0,
              null
            ],
            [
              95.321939370000052,
              5.5322171130000584,
              0,
              null
            ],
            [
              95.321949776000054,
              5.5322321310000575,
              0,
              null
            ],
            [
              95.321955742000057,
              5.5323017580000737,
              0,
              null
            ],
            [
              95.321963455000059,
              5.5323947550000412,
              0,
              null
            ],
            [
              95.321968278000043,
              5.5324078610000242,
              0,
              null
            ],
            [
              95.321981337000068,
              5.5324137670000368,
              0,
              null
            ],
            [
              95.322089186000085,
              5.5324183000000744,
              0,
              null
            ],
            [
              95.322380448000047,
              5.5324350960000288,
              0,
              null
            ],
            [
              95.322631645000058,
              5.5324550390000695,
              0,
              null
            ],
            [
              95.32276758900008,
              5.5324626340000691,
              0,
              null
            ],
            [
              95.322805642000048,
              5.5324605600000609,
              0,
              null
            ],
            [
              95.322829682000076,
              5.5324556480000524,
              0,
              null
            ],
            [
              95.322851729000035,
              5.5324437830000761,
              0,
              null
            ],
            [
              95.32288008200004,
              5.5324090520000482,
              0,
              null
            ],
            [
              95.32290551400007,
              5.5323700300000382,
              0,
              null
            ],
            [
              95.322919024000043,
              5.5323576120000553,
              0,
              null
            ],
            [
              95.322938514000043,
              5.5323540370000615,
              0,
              null
            ],
            [
              95.323176191000073,
              5.5323687410000275,
              0,
              null
            ],
            [
              95.323393384000042,
              5.5323849400000427,
              0,
              null
            ],
            [
              95.32347199600008,
              5.5323991220000721,
              0,
              null
            ],
            [
              95.323534444000074,
              5.5324162140000226,
              0,
              null
            ],
            [
              95.323813903000087,
              5.5325203250000641,
              0,
              null
            ],
            [
              95.323810969000078,
              5.5325475080000501,
              0,
              null
            ],
            [
              95.323831431000087,
              5.5325512850000678,
              0,
              null
            ],
            [
              95.323951572000055,
              5.5325784320000366,
              0,
              null
            ],
            [
              95.324071299000082,
              5.5326020460000223,
              0,
              null
            ],
            [
              95.324125047000052,
              5.5326131960000566,
              0,
              null
            ],
            [
              95.324332263000031,
              5.5326530400000706,
              0,
              null
            ],
            [
              95.324520895000035,
              5.5326953260000664,
              0,
              null
            ],
            [
              95.324590249000039,
              5.5327112700000498,
              0,
              null
            ],
            [
              95.324639775000037,
              5.5327226550000432,
              0,
              null
            ],
            [
              95.324805397000034,
              5.532753317000072,
              0,
              null
            ],
            [
              95.324932083000078,
              5.5327908710000315,
              0,
              null
            ],
            [
              95.324957648000066,
              5.5325800180000329,
              0,
              null
            ],
            [
              95.324985574000038,
              5.5324013680000235,
              0,
              null
            ],
            [
              95.325068376000047,
              5.5324136190000672,
              0,
              null
            ],
            [
              95.325239433000036,
              5.5324540830000615,
              0,
              null
            ],
            [
              95.325300247000087,
              5.5324907560000725,
              0,
              null
            ],
            [
              95.325490069000068,
              5.5325231710000367,
              0,
              null
            ],
            [
              95.325521483000045,
              5.5323654050000641,
              0,
              null
            ],
            [
              95.325791073000062,
              5.5324512690000347,
              0,
              null
            ],
            [
              95.325806043000057,
              5.5324546060000444,
              0,
              null
            ],
            [
              95.325966136000034,
              5.5324909330000764,
              0,
              null
            ],
            [
              95.32593703200007,
              5.532619445000023,
              0,
              null
            ],
            [
              95.325907638000047,
              5.5327131230000646,
              0,
              null
            ],
            [
              95.325867448000054,
              5.5328602820000583,
              0,
              null
            ],
            [
              95.325851656000054,
              5.5329297570000335,
              0,
              null
            ],
            [
              95.32584483800008,
              5.5329577690000633,
              0,
              null
            ],
            [
              95.32583771600008,
              5.5329870810000443,
              0,
              null
            ],
            [
              95.325828309000087,
              5.5330204360000721,
              0,
              null
            ],
            [
              95.325820189000069,
              5.5330439200000683,
              0,
              null
            ],
            [
              95.325812670000062,
              5.5330628730000626,
              0,
              null
            ],
            [
              95.325805485000046,
              5.5330802040000435,
              0,
              null
            ],
            [
              95.325800729000036,
              5.5330938190000438,
              0,
              null
            ],
            [
              95.325795720000087,
              5.5331092380000655,
              0,
              null
            ],
            [
              95.325790329000085,
              5.5331313910000404,
              0,
              null
            ],
            [
              95.32578466800004,
              5.5331492680000451,
              0,
              null
            ],
            [
              95.325779398000066,
              5.5331692100000396,
              0,
              null
            ],
            [
              95.325775363000048,
              5.5331851070000653,
              0,
              null
            ],
            [
              95.325770749000071,
              5.5331978090000575,
              0,
              null
            ],
            [
              95.325765517000036,
              5.5332121490000645,
              0,
              null
            ],
            [
              95.325760101000071,
              5.5332271290000676,
              0,
              null
            ],
            [
              95.325752941000076,
              5.5332457430000659,
              0,
              null
            ],
            [
              95.325748488000045,
              5.5332596140000305,
              0,
              null
            ],
            [
              95.325744485000087,
              5.5332787780000672,
              0,
              null
            ],
            [
              95.325740344000053,
              5.533294943000044,
              0,
              null
            ],
            [
              95.32573294000008,
              5.5333252390000212,
              0,
              null
            ],
            [
              95.325729639000087,
              5.5333463090000237,
              0,
              null
            ],
            [
              95.325723908000043,
              5.5333682420000514,
              0,
              null
            ],
            [
              95.325718433000077,
              5.5333876400000577,
              0,
              null
            ],
            [
              95.325712266000039,
              5.5334077240000283,
              0,
              null
            ],
            [
              95.325704705000078,
              5.5334302070000376,
              0,
              null
            ],
            [
              95.325698054000043,
              5.5334511910000401,
              0,
              null
            ],
            [
              95.325690304000034,
              5.533477706000042,
              0,
              null
            ],
            [
              95.325682030000053,
              5.5335023710000542,
              0,
              null
            ],
            [
              95.325673572000085,
              5.5335217840000723,
              0,
              null
            ],
            [
              95.325666853000087,
              5.533537999000032,
              0,
              null
            ],
            [
              95.325655926000081,
              5.5335705030000213,
              0,
              null
            ],
            [
              95.32564887500007,
              5.5335899050000421,
              0,
              null
            ],
            [
              95.325641806000078,
              5.5336090760000616,
              0,
              null
            ],
            [
              95.325635307000084,
              5.5336272950000307,
              0,
              null
            ],
            [
              95.32562740700007,
              5.5336502220000625,
              0,
              null
            ],
            [
              95.325621270000056,
              5.5336710760000756,
              0,
              null
            ],
            [
              95.325615883000069,
              5.5336914020000449,
              0,
              null
            ],
            [
              95.32561111800004,
              5.533707047000064,
              0,
              null
            ],
            [
              95.325602407000076,
              5.5337317980000762,
              0,
              null
            ],
            [
              95.325597641000059,
              5.5337448170000698,
              0,
              null
            ],
            [
              95.325593445000038,
              5.5337564240000461,
              0,
              null
            ],
            [
              95.325588326000059,
              5.5337701960000345,
              0,
              null
            ],
            [
              95.325581881000062,
              5.5337858770000707,
              0,
              null
            ],
            [
              95.325575624000066,
              5.5337998000000539,
              0,
              null
            ],
            [
              95.325567234000061,
              5.5338150580000729,
              0,
              null
            ],
            [
              95.325561319000087,
              5.5338272160000201,
              0,
              null
            ],
            [
              95.325556913000071,
              5.5338381940000545,
              0,
              null
            ],
            [
              95.325553359000082,
              5.533850396000048,
              0,
              null
            ],
            [
              95.325549202000047,
              5.5338664190000486,
              0,
              null
            ],
            [
              95.325543982000056,
              5.5338839700000335,
              0,
              null
            ],
            [
              95.325536293000084,
              5.5339066740000362,
              0,
              null
            ],
            [
              95.325531019000039,
              5.5339253260000305,
              0,
              null
            ],
            [
              95.32552561600005,
              5.5339416070000311,
              0,
              null
            ],
            [
              95.325520744000073,
              5.5339557450000711,
              0,
              null
            ],
            [
              95.325514458000043,
              5.5339719250000599,
              0,
              null
            ],
            [
              95.325509399000055,
              5.5339871510000762,
              0,
              null
            ],
            [
              95.325505145000079,
              5.5340019990000542,
              0,
              null
            ],
            [
              95.325500352000063,
              5.5340192630000615,
              0,
              null
            ],
            [
              95.325495037000053,
              5.5340374650000399,
              0,
              null
            ],
            [
              95.325489625000046,
              5.5340513800000508,
              0,
              null
            ],
            [
              95.32548401400004,
              5.5340651850000313,
              0,
              null
            ],
            [
              95.325474497000073,
              5.5340877940000723,
              0,
              null
            ],
            [
              95.325469161000058,
              5.5341057400000295,
              0,
              null
            ],
            [
              95.325462870000081,
              5.5341240030000449,
              0,
              null
            ],
            [
              95.325456434000046,
              5.5341424940000365,
              0,
              null
            ],
            [
              95.325448120000033,
              5.5341633790000628,
              0,
              null
            ],
            [
              95.325441114000057,
              5.5341814260000319,
              0,
              null
            ],
            [
              95.325434887000085,
              5.5341987950000657,
              0,
              null
            ],
            [
              95.325427911000077,
              5.5342180220000614,
              0,
              null
            ],
            [
              95.325423227000044,
              5.534232773000042,
              0,
              null
            ],
            [
              95.32541585000007,
              5.5342564660000448,
              0,
              null
            ],
            [
              95.325410368000064,
              5.5342739220000681,
              0,
              null
            ],
            [
              95.325405506000038,
              5.5342914320000318,
              0,
              null
            ],
            [
              95.325400856000044,
              5.5343093480000221,
              0,
              null
            ],
            [
              95.325396841000043,
              5.5343284830000243,
              0,
              null
            ],
            [
              95.325392762000035,
              5.5343550130000381,
              0,
              null
            ],
            [
              95.325390008000056,
              5.5343800820000411,
              0,
              null
            ],
            [
              95.325389394000069,
              5.5343997690000606,
              0,
              null
            ],
            [
              95.325387850000084,
              5.5344356170000424,
              0,
              null
            ],
            [
              95.32538665900006,
              5.5344598100000439,
              0,
              null
            ],
            [
              95.325385130000086,
              5.5344866280000247,
              0,
              null
            ],
            [
              95.325382418000061,
              5.5345137140000702,
              0,
              null
            ],
            [
              95.325380695000035,
              5.5345389320000322,
              0,
              null
            ],
            [
              95.325378432000036,
              5.5345616360000349,
              0,
              null
            ],
            [
              95.325377053000068,
              5.5345881690000738,
              0,
              null
            ],
            [
              95.325375733000044,
              5.5346082760000286,
              0,
              null
            ],
            [
              95.325374863000036,
              5.5346284600000217,
              0,
              null
            ],
            [
              95.325373502000048,
              5.5346502330000362,
              0,
              null
            ],
            [
              95.325373167000066,
              5.5346649900000671,
              0,
              null
            ],
            [
              95.325372740000034,
              5.5346775200000593,
              0,
              null
            ],
            [
              95.325372127000037,
              5.5346957150000549,
              0,
              null
            ],
            [
              95.325371308000058,
              5.5347140940000372,
              0,
              null
            ],
            [
              95.325370466000038,
              5.5347407260000523,
              0,
              null
            ],
            [
              95.325370491000058,
              5.534758203000024,
              0,
              null
            ],
            [
              95.325370452000072,
              5.5347749540000564,
              0,
              null
            ],
            [
              95.325370988000032,
              5.5347939290000454,
              0,
              null
            ],
            [
              95.325371219000033,
              5.5348133340000345,
              0,
              null
            ],
            [
              95.325371479000069,
              5.534830831000022,
              0,
              null
            ],
            [
              95.325372174000051,
              5.5348448740000435,
              0,
              null
            ],
            [
              95.32537435100005,
              5.5348685110000702,
              0,
              null
            ],
            [
              95.325374424000074,
              5.5348872220000658,
              0,
              null
            ],
            [
              95.325372164000044,
              5.5349086340000326,
              0,
              null
            ],
            [
              95.325369328000079,
              5.5349239920000741,
              0,
              null
            ],
            [
              95.325368066000067,
              5.5349362560000372,
              0,
              null
            ],
            [
              95.325367441000083,
              5.5349526390000392,
              0,
              null
            ],
            [
              95.325367794000044,
              5.5349693090000756,
              0,
              null
            ],
            [
              95.32536908700007,
              5.5349860930000432,
              0,
              null
            ],
            [
              95.325369644000034,
              5.5350022620000345,
              0,
              null
            ],
            [
              95.325372535000042,
              5.5350321900000381,
              0,
              null
            ],
            [
              95.325373576000061,
              5.5350538540000684,
              0,
              null
            ],
            [
              95.325373178000063,
              5.5350785200000701,
              0,
              null
            ],
            [
              95.325371428000039,
              5.5351025660000346,
              0,
              null
            ],
            [
              95.325370579000037,
              5.5351173260000337,
              0,
              null
            ],
            [
              95.325370436000071,
              5.5351597280000533,
              0,
              null
            ],
            [
              95.325370234000047,
              5.5351998690000528,
              0,
              null
            ],
            [
              95.325369053000031,
              5.5352260670000533,
              0,
              null
            ],
            [
              95.325368507000064,
              5.5352548730000422,
              0,
              null
            ],
            [
              95.325368462000085,
              5.5352780020000409,
              0,
              null
            ],
            [
              95.325367891000042,
              5.5353041430000758,
              0,
              null
            ],
            [
              95.325367437000068,
              5.5353398400000628,
              0,
              null
            ],
            [
              95.325367920000076,
              5.5353740140000696,
              0,
              null
            ],
            [
              95.325368000000083,
              5.5354094030000738,
              0,
              null
            ],
            [
              95.325368729000047,
              5.5354271630000653,
              0,
              null
            ],
            [
              95.32537048100005,
              5.5354487270000732,
              0,
              null
            ],
            [
              95.325372703000085,
              5.5354694440000571,
              0,
              null
            ],
            [
              95.325373758000069,
              5.5354904880000504,
              0,
              null
            ],
            [
              95.325373782000042,
              5.5355112720000648,
              0,
              null
            ],
            [
              95.325373571000057,
              5.5355297160000418,
              0,
              null
            ],
            [
              95.325373371000069,
              5.5355464320000465,
              0,
              null
            ],
            [
              95.325373541000033,
              5.5355636530000538,
              0,
              null
            ],
            [
              95.325375355000062,
              5.5355786950000265,
              0,
              null
            ],
            [
              95.325377662000051,
              5.5355924190000678,
              0,
              null
            ],
            [
              95.325380890000076,
              5.5356127650000531,
              0,
              null
            ],
            [
              95.325382317000049,
              5.5356486260000679,
              0,
              null
            ],
            [
              95.325383097000042,
              5.5356693220000466,
              0,
              null
            ],
            [
              95.32538519600007,
              5.5356964390000485,
              0,
              null
            ],
            [
              95.325387726000031,
              5.5357201510000209,
              0,
              null
            ],
            [
              95.325389615000063,
              5.5357485360000283,
              0,
              null
            ],
            [
              95.325390620000064,
              5.5357728170000655,
              0,
              null
            ],
            [
              95.325391014000047,
              5.5357987280000316,
              0,
              null
            ],
            [
              95.325390668000068,
              5.5358227910000437,
              0,
              null
            ],
            [
              95.325390606000042,
              5.5358490250000614,
              0,
              null
            ],
            [
              95.325389729000051,
              5.5358756770000355,
              0,
              null
            ],
            [
              95.325389748000077,
              5.5358931450000455,
              0,
              null
            ],
            [
              95.325391847000049,
              5.5359268990000601,
              0,
              null
            ],
            [
              95.325394781000057,
              5.5359527530000605,
              0,
              null
            ],
            [
              95.325398188000065,
              5.5359857260000354,
              0,
              null
            ],
            [
              95.325399004000076,
              5.5360123640000438,
              0,
              null
            ],
            [
              95.32539881200006,
              5.5360350140000492,
              0,
              null
            ],
            [
              95.325398585000073,
              5.5360504820000642,
              0,
              null
            ],
            [
              95.325400381000065,
              5.5360674260000451,
              0,
              null
            ],
            [
              95.325405346000082,
              5.5360880060000568,
              0,
              null
            ],
            [
              95.325408955000057,
              5.53610734800003,
              0,
              null
            ],
            [
              95.325412337000046,
              5.5361372110000389,
              0,
              null
            ],
            [
              95.325412680000056,
              5.5361957540000617,
              0,
              null
            ],
            [
              95.325412161000031,
              5.5362216790000502,
              0,
              null
            ],
            [
              95.32541076800004,
              5.5362490850000654,
              0,
              null
            ],
            [
              95.325411117000044,
              5.5362726700000735,
              0,
              null
            ],
            [
              95.325411660000043,
              5.5362944860000312,
              0,
              null
            ],
            [
              95.325416791000066,
              5.5363441570000305,
              0,
              null
            ],
            [
              95.325429522000036,
              5.5364147600000706,
              0,
              null
            ],
            [
              95.325434993000044,
              5.5364531950000355,
              0,
              null
            ],
            [
              95.325436058000037,
              5.5364892860000623,
              0,
              null
            ],
            [
              95.325433587000077,
              5.5365524400000368,
              0,
              null
            ],
            [
              95.325433756000052,
              5.5365798170000744,
              0,
              null
            ],
            [
              95.32544652200005,
              5.5366363470000692,
              0,
              null
            ],
            [
              95.325457888000074,
              5.5366870740000422,
              0,
              null
            ],
            [
              95.32546410100008,
              5.5367115460000491,
              0,
              null
            ],
            [
              95.325467426000046,
              5.536731813000074,
              0,
              null
            ],
            [
              95.325469565000049,
              5.5367465140000718,
              0,
              null
            ],
            [
              95.325470442000039,
              5.5367662080000741,
              0,
              null
            ],
            [
              95.325470299000074,
              5.5367886490000728,
              0,
              null
            ],
            [
              95.325469570000052,
              5.536811349000061,
              0,
              null
            ],
            [
              95.325466061000043,
              5.5368526360000487,
              0,
              null
            ],
            [
              95.325466253000059,
              5.5369128240000691,
              0,
              null
            ],
            [
              95.325470056000086,
              5.5369587930000534,
              0,
              null
            ],
            [
              95.325470444000075,
              5.5370015400000625,
              0,
              null
            ],
            [
              95.325487728000041,
              5.5371173290000684,
              0,
              null
            ],
            [
              95.325492852000082,
              5.5371559880000518,
              0,
              null
            ],
            [
              95.325497993000056,
              5.5371980970000436,
              0,
              null
            ],
            [
              95.325500822000038,
              5.537229041000046,
              0,
              null
            ],
            [
              95.32550479300005,
              5.5372654690000331,
              0,
              null
            ],
            [
              95.325506652000058,
              5.5372919070000535,
              0,
              null
            ],
            [
              95.325517471000069,
              5.5373621240000261,
              0,
              null
            ],
            [
              95.325522467000042,
              5.5373987760000318,
              0,
              null
            ],
            [
              95.32553617700006,
              5.5374607790000709,
              0,
              null
            ],
            [
              95.325543847000063,
              5.537514500000043,
              0,
              null
            ],
            [
              95.325549443000057,
              5.537576500000057,
              0,
              null
            ],
            [
              95.325563005000049,
              5.537674490000029,
              0,
              null
            ],
            [
              95.325563015000057,
              5.5376746040000739,
              0,
              null
            ],
            [
              95.325565564000044,
              5.5377001060000453,
              0,
              null
            ],
            [
              95.325566112000047,
              5.5377055790000327,
              0,
              null
            ],
            [
              95.325569030000054,
              5.5377361750000205,
              0,
              null
            ],
            [
              95.32557317900006,
              5.5377677410000388,
              0,
              null
            ],
            [
              95.325576658000045,
              5.5378059990000565,
              0,
              null
            ],
            [
              95.325580814000034,
              5.5378350430000296,
              0,
              null
            ],
            [
              95.325586595000061,
              5.5378758940000239,
              0,
              null
            ],
            [
              95.325589930000035,
              5.5379123080000454,
              0,
              null
            ],
            [
              95.325594419000083,
              5.5379386010000644,
              0,
              null
            ],
            [
              95.325599515000079,
              5.5379654550000623,
              0,
              null
            ],
            [
              95.325604940000062,
              5.5379864530000305,
              0,
              null
            ],
            [
              95.32561660600004,
              5.53801913500007,
              0,
              null
            ],
            [
              95.325628909000045,
              5.538041359000033,
              0,
              null
            ],
            [
              95.325647336000031,
              5.5380716480000274,
              0,
              null
            ],
            [
              95.32566244700007,
              5.5380934590000379,
              0,
              null
            ],
            [
              95.325676406000071,
              5.5381127560000323,
              0,
              null
            ],
            [
              95.325690541000085,
              5.5381297450000488,
              0,
              null
            ],
            [
              95.325704236000036,
              5.5381453860000533,
              0,
              null
            ],
            [
              95.325719808000031,
              5.5381597170000418,
              0,
              null
            ],
            [
              95.32574360600006,
              5.5381830750000631,
              0,
              null
            ],
            [
              95.325761550000038,
              5.5381967710000595,
              0,
              null
            ],
            [
              95.325783591000061,
              5.5382135110000377,
              0,
              null
            ],
            [
              95.325806035000085,
              5.5382296300000462,
              0,
              null
            ],
            [
              95.325827021000066,
              5.5382452040000203,
              0,
              null
            ],
            [
              95.32584735000006,
              5.5382607800000301,
              0,
              null
            ],
            [
              95.325870232000057,
              5.5382811670000365,
              0,
              null
            ],
            [
              95.325880531000053,
              5.5382898770000679,
              0,
              null
            ],
            [
              95.325893471000086,
              5.5383008220000534,
              0,
              null
            ],
            [
              95.325917755000035,
              5.5383211350000465,
              0,
              null
            ],
            [
              95.325938803000042,
              5.5383389820000275,
              0,
              null
            ],
            [
              95.325960276000046,
              5.5383551780000744,
              0,
              null
            ],
            [
              95.32599470100007,
              5.5383815990000471,
              0,
              null
            ],
            [
              95.326017088000071,
              5.5383975780000583,
              0,
              null
            ],
            [
              95.326036603000034,
              5.5384115080000242,
              0,
              null
            ],
            [
              95.326060227000085,
              5.5384285340000474,
              0,
              null
            ],
            [
              95.326060263000045,
              5.5384285600000567,
              0,
              null
            ],
            [
              95.326084576000085,
              5.538445652000064,
              0,
              null
            ],
            [
              95.326113000000078,
              5.5384690340000589,
              0,
              null
            ],
            [
              95.326126905000081,
              5.5384799820000694,
              0,
              null
            ],
            [
              95.326153723000061,
              5.5385006740000335,
              0,
              null
            ],
            [
              95.326173922000066,
              5.5385149730000762,
              0,
              null
            ],
            [
              95.326196512000081,
              5.5385306080000305,
              0,
              null
            ],
            [
              95.32621729300007,
              5.5385454930000719,
              0,
              null
            ],
            [
              95.326236322000057,
              5.5385579980000443,
              0,
              null
            ],
            [
              95.326262063000058,
              5.5385766760000479,
              0,
              null
            ],
            [
              95.326284807000036,
              5.5385941930000513,
              0,
              null
            ],
            [
              95.326307214000053,
              5.5386098460000426,
              0,
              null
            ],
            [
              95.326328002000082,
              5.5386249100000668,
              0,
              null
            ],
            [
              95.326352854000049,
              5.5386427950000439,
              0,
              null
            ],
            [
              95.326384629000074,
              5.5386668910000481,
              0,
              null
            ],
            [
              95.326404578000052,
              5.5386830320000513,
              0,
              null
            ],
            [
              95.326426620000063,
              5.5386991340000691,
              0,
              null
            ],
            [
              95.326447562000055,
              5.538712872000076,
              0,
              null
            ],
            [
              95.326470532000087,
              5.5387285860000475,
              0,
              null
            ],
            [
              95.326487349000047,
              5.5387395650000713,
              0,
              null
            ],
            [
              95.326508005000051,
              5.5387544240000466,
              0,
              null
            ],
            [
              95.326527457000054,
              5.5387687660000324,
              0,
              null
            ],
            [
              95.326545885000087,
              5.5387815400000591,
              0,
              null
            ],
            [
              95.326563929000031,
              5.5387938080000367,
              0,
              null
            ],
            [
              95.326585046000048,
              5.5388096100000439,
              0,
              null
            ],
            [
              95.326603449000061,
              5.5388218850000612,
              0,
              null
            ],
            [
              95.326622023000084,
              5.538834664000035,
              0,
              null
            ],
            [
              95.326641842000072,
              5.538849262000042,
              0,
              null
            ],
            [
              95.326658423000083,
              5.5388606910000249,
              0,
              null
            ],
            [
              95.326680816000078,
              5.5388755540000716,
              0,
              null
            ],
            [
              95.326704954000036,
              5.538892575000034,
              0,
              null
            ],
            [
              95.326730855000051,
              5.5389134410000338,
              0,
              null
            ],
            [
              95.326748536000082,
              5.5389278450000461,
              0,
              null
            ],
            [
              95.326770675000034,
              5.5389476180000656,
              0,
              null
            ],
            [
              95.326793017000057,
              5.5389686020000681,
              0,
              null
            ],
            [
              95.326815890000034,
              5.5389908050000258,
              0,
              null
            ],
            [
              95.32684032700007,
              5.5390187950000609,
              0,
              null
            ],
            [
              95.326860303000046,
              5.5390493670000751,
              0,
              null
            ],
            [
              95.326874647000068,
              5.5390767740000229,
              0,
              null
            ],
            [
              95.326898854000035,
              5.5391309700000306,
              0,
              null
            ],
            [
              95.326912167000046,
              5.5391657470000268,
              0,
              null
            ],
            [
              95.326919950000047,
              5.5391986370000268,
              0,
              null
            ],
            [
              95.326923761000046,
              5.5392318420000493,
              0,
              null
            ],
            [
              95.326925102000075,
              5.5392580490000682,
              0,
              null
            ],
            [
              95.326927180000041,
              5.5392881210000269,
              0,
              null
            ],
            [
              95.326928662000057,
              5.5393179690000238,
              0,
              null
            ],
            [
              95.326929803000041,
              5.5393456480000509,
              0,
              null
            ],
            [
              95.326931172000059,
              5.5393765050000638,
              0,
              null
            ],
            [
              95.326930484000059,
              5.5393951600000264,
              0,
              null
            ],
            [
              95.326932563000071,
              5.5394469120000736,
              0,
              null
            ],
            [
              95.326934612000059,
              5.539480883000067,
              0,
              null
            ],
            [
              95.326935175000074,
              5.5395117890000733,
              0,
              null
            ],
            [
              95.326934056000084,
              5.53953888500007,
              0,
              null
            ],
            [
              95.326932138000075,
              5.5395673380000403,
              0,
              null
            ],
            [
              95.326928544000054,
              5.5395998020000548,
              0,
              null
            ],
            [
              95.326922014000047,
              5.5396264370000381,
              0,
              null
            ],
            [
              95.326908504000073,
              5.539672772000074,
              0,
              null
            ],
            [
              95.326904806000073,
              5.5396874320000506,
              0,
              null
            ],
            [
              95.326904002000049,
              5.5397097070000427,
              0,
              null
            ],
            [
              95.326902162000067,
              5.539728617000037,
              0,
              null
            ],
            [
              95.326900924000086,
              5.5397628370000689,
              0,
              null
            ],
            [
              95.326898784000036,
              5.5397966540000425,
              0,
              null
            ],
            [
              95.326892579000059,
              5.5398333050000588,
              0,
              null
            ],
            [
              95.326880084000038,
              5.5398638410000558,
              0,
              null
            ],
            [
              95.326868737000041,
              5.5398843160000411,
              0,
              null
            ],
            [
              95.326854657000069,
              5.5399067960000252,
              0,
              null
            ],
            [
              95.326835485000061,
              5.5399284890000331,
              0,
              null
            ],
            [
              95.326810650000084,
              5.5399516250000715,
              0,
              null
            ],
            [
              95.326786948000063,
              5.5399684540000749,
              0,
              null
            ],
            [
              95.326760699000033,
              5.5399840390000463,
              0,
              null
            ],
            [
              95.326710796000043,
              5.5400112900000522,
              0,
              null
            ],
            [
              95.326652281000065,
              5.5400502640000582,
              0,
              null
            ],
            [
              95.326606849000086,
              5.5400832460000515,
              0,
              null
            ],
            [
              95.326580518000071,
              5.5401075870000227,
              0,
              null
            ],
            [
              95.326576400000079,
              5.5401122400000418,
              0,
              null
            ],
            [
              95.326562404000072,
              5.5401304350000373,
              0,
              null
            ],
            [
              95.32654801700005,
              5.5401504230000569,
              0,
              null
            ],
            [
              95.326534592000087,
              5.5401708130000316,
              0,
              null
            ],
            [
              95.326526433000083,
              5.5401879390000204,
              0,
              null
            ],
            [
              95.326515280000081,
              5.5402246260000538,
              0,
              null
            ],
            [
              95.326507766000077,
              5.5402486460000659,
              0,
              null
            ],
            [
              95.326503992000085,
              5.5402639850000241,
              0,
              null
            ],
            [
              95.326503095000078,
              5.5402857770000651,
              0,
              null
            ],
            [
              95.326496336000048,
              5.540313402000038,
              0,
              null
            ],
            [
              95.326484941000047,
              5.5403373150000448,
              0,
              null
            ],
            [
              95.326467240000056,
              5.5403880180000442,
              0,
              null
            ],
            [
              95.326463107000052,
              5.540405278000037,
              0,
              null
            ],
            [
              95.326461907000066,
              5.5404259790000765,
              0,
              null
            ],
            [
              95.326458832000071,
              5.5404571500000657,
              0,
              null
            ],
            [
              95.326454385000034,
              5.5404819650000263,
              0,
              null
            ],
            [
              95.326449596000032,
              5.540504363000025,
              0,
              null
            ],
            [
              95.326435827000068,
              5.5405505950000702,
              0,
              null
            ],
            [
              95.326427591000083,
              5.5405880060000641,
              0,
              null
            ],
            [
              95.326421524000068,
              5.5406134660000248,
              0,
              null
            ],
            [
              95.326416536000067,
              5.5406429700000217,
              0,
              null
            ],
            [
              95.326413821000074,
              5.5406696980000447,
              0,
              null
            ],
            [
              95.326412504000075,
              5.5406931940000277,
              0,
              null
            ],
            [
              95.326413098000046,
              5.5407202830000415,
              0,
              null
            ],
            [
              95.326414814000032,
              5.5407525360000704,
              0,
              null
            ],
            [
              95.32641684500004,
              5.5407718790000331,
              0,
              null
            ],
            [
              95.326419369000064,
              5.5407912740000711,
              0,
              null
            ],
            [
              95.32642076500008,
              5.5408059890000345,
              0,
              null
            ],
            [
              95.326425355000083,
              5.5408240620000697,
              0,
              null
            ],
            [
              95.326432555000054,
              5.5408482370000343,
              0,
              null
            ],
            [
              95.326438435000057,
              5.5408632500000294,
              0,
              null
            ],
            [
              95.32644805800004,
              5.5408837990000279,
              0,
              null
            ],
            [
              95.326458684000045,
              5.5409053660000609,
              0,
              null
            ],
            [
              95.326486671000055,
              5.5409563980000485,
              0,
              null
            ],
            [
              95.326504744000033,
              5.540989226000022,
              0,
              null
            ],
            [
              95.326520279000079,
              5.5410184310000545,
              0,
              null
            ]
          ]
        ]
      },
      "properties" : {
        "FID" : 0,
        "OBJECTID" : 1438,
        "KDPPUM" : "11",
        "NAMOBJ" : "Ateuk Jawo",
        "REMARK" : " ",
        "KDPBPS" : " ",
        "FCODE" : "BA03070040",
        "LUASWH" : 0,
        "UUPP" : "RBI",
        "SRS_ID" : "SRGI 2013",
        "METADATA" : "TASWIL1000020200326DATA_BATAS_DESA_KELURAHAN",
        "KDEBPS" : " ",
        "KDEPUM" : "11.71.01.2008",
        "KDCBPS" : " ",
        "KDCPUM" : "11.71.01",
        "KDBBPS" : " ",
        "WADMKD" : "Ateuk Jawo",
        "WIADKD" : "0",
        "WADMKC" : "Baiturrahman",
        "WIADKC" : " ",
        "WADMKK" : "Kota Banda Aceh",
        "WIADKK" : " ",
        "WADMPR" : "Aceh",
        "WIADPR" : " ",
        "TIPADM" : 9,
        "KDPKAB" : "11.71",
        "SHAPE_Leng" : 0.037656432729063001,
        "SHAPE_Area" : 3.7738179960999997e-05
      }
    }
  ]
}