{
  "hasZ" : true,
  "hasM" : true,
  "type" : "FeatureCollection",
  "features" : [
    {
      "type" : "Feature",
      "id" : 0,
      "geometry" : {
        "type" : "Polygon",
        "coordinates" : [
          [
            [
              95.299776674000043,
              5.5280868610000766,
              0,
              null
            ],
            [
              95.299440030000085,
              5.5281250100000534,
              0,
              null
            ],
            [
              95.299428760000069,
              5.5281245660000309,
              0,
              null
            ],
            [
              95.299426770000082,
              5.5281749990000435,
              0,
              null
            ],
            [
              95.299425515000053,
              5.5282068080000499,
              0,
              null
            ],
            [
              95.299421113000051,
              5.528228041000034,
              0,
              null
            ],
            [
              95.299413988000083,
              5.5282448360000558,
              0,
              null
            ],
            [
              95.299409113000081,
              5.52825342400007,
              0,
              null
            ],
            [
              95.299395210000057,
              5.5282550610000385,
              0,
              null
            ],
            [
              95.299354450000067,
              5.5282594870000707,
              0,
              null
            ],
            [
              95.299256078000042,
              5.528270171000031,
              0,
              null
            ],
            [
              95.299235844000066,
              5.5282728250000446,
              0,
              null
            ],
            [
              95.29920900500008,
              5.528274791000058,
              0,
              null
            ],
            [
              95.299193895000087,
              5.5282762930000331,
              0,
              null
            ],
            [
              95.29915638600005,
              5.5282800210000573,
              0,
              null
            ],
            [
              95.299109743000031,
              5.5282840070000248,
              0,
              null
            ],
            [
              95.299093047000042,
              5.5282858010000382,
              0,
              null
            ],
            [
              95.299026480000066,
              5.5282929550000404,
              0,
              null
            ],
            [
              95.299004508000053,
              5.5282953170000724,
              0,
              null
            ],
            [
              95.298964451000074,
              5.5282997450000266,
              0,
              null
            ],
            [
              95.298929519000069,
              5.5283036070000549,
              0,
              null
            ],
            [
              95.29888393300007,
              5.528307815000062,
              0,
              null
            ],
            [
              95.298854960000085,
              5.5283110550000742,
              0,
              null
            ],
            [
              95.298840891000054,
              5.5283145900000363,
              0,
              null
            ],
            [
              95.298830423000084,
              5.5283207140000741,
              0,
              null
            ],
            [
              95.298816305000059,
              5.5283323660000292,
              0,
              null
            ],
            [
              95.298804302000065,
              5.5283453020000479,
              0,
              null
            ],
            [
              95.298791666000056,
              5.5283623180000632,
              0,
              null
            ],
            [
              95.298783779000075,
              5.5283733400000301,
              0,
              null
            ],
            [
              95.298774711000078,
              5.5283671270000241,
              0,
              null
            ],
            [
              95.298764550000044,
              5.5283601640000484,
              0,
              null
            ],
            [
              95.298745000000054,
              5.5283507310000459,
              0,
              null
            ],
            [
              95.29872838600005,
              5.5283443950000333,
              0,
              null
            ],
            [
              95.298700373000031,
              5.5283369290000337,
              0,
              null
            ],
            [
              95.298652202000085,
              5.5283250790000693,
              0,
              null
            ],
            [
              95.298631168000043,
              5.5283199050000462,
              0,
              null
            ],
            [
              95.298560002000045,
              5.5283019120000745,
              0,
              null
            ],
            [
              95.298482156000034,
              5.5282804920000217,
              0,
              null
            ],
            [
              95.298449970000036,
              5.5282729290000248,
              0,
              null
            ],
            [
              95.298440792000065,
              5.5282707730000311,
              0,
              null
            ],
            [
              95.298421326000039,
              5.5282666070000346,
              0,
              null
            ],
            [
              95.298412785000039,
              5.5282647800000291,
              0,
              null
            ],
            [
              95.298391124000034,
              5.5282621970000605,
              0,
              null
            ],
            [
              95.298371270000075,
              5.5282627170000751,
              0,
              null
            ],
            [
              95.298343103000036,
              5.5282643900000608,
              0,
              null
            ],
            [
              95.298319023000033,
              5.5282685060000745,
              0,
              null
            ],
            [
              95.298302258000035,
              5.5282747260000633,
              0,
              null
            ],
            [
              95.298294923000071,
              5.5282777480000505,
              0,
              null
            ],
            [
              95.298287946000073,
              5.5282806210000217,
              0,
              null
            ],
            [
              95.298260221000078,
              5.5282963730000461,
              0,
              null
            ],
            [
              95.298259159000054,
              5.5282969760000356,
              0,
              null
            ],
            [
              95.298245296000061,
              5.5283042840000576,
              0,
              null
            ],
            [
              95.298238983000033,
              5.5283076120000487,
              0,
              null
            ],
            [
              95.298226067000087,
              5.528313484000023,
              0,
              null
            ],
            [
              95.298215236000033,
              5.5283184070000289,
              0,
              null
            ],
            [
              95.29819327000007,
              5.5283257780000667,
              0,
              null
            ],
            [
              95.298192558000039,
              5.5283258810000575,
              0,
              null
            ],
            [
              95.298177321000082,
              5.5283280900000591,
              0,
              null
            ],
            [
              95.298170030000051,
              5.5283282040000472,
              0,
              null
            ],
            [
              95.29816575600006,
              5.5283282700000314,
              0,
              null
            ],
            [
              95.298148659000049,
              5.5283255250000707,
              0,
              null
            ],
            [
              95.298131237000064,
              5.5283203320000212,
              0,
              null
            ],
            [
              95.298098980000077,
              5.528307160000054,
              0,
              null
            ],
            [
              95.29806233100004,
              5.5282918900000482,
              0,
              null
            ],
            [
              95.297965735000048,
              5.5282460290000586,
              0,
              null
            ],
            [
              95.29793754700006,
              5.5282307440000409,
              0,
              null
            ],
            [
              95.297937350000041,
              5.5282306280000739,
              0,
              null
            ],
            [
              95.297911480000039,
              5.528215451000051,
              0,
              null
            ],
            [
              95.297868376000054,
              5.5281849020000209,
              0,
              null
            ],
            [
              95.297849597000038,
              5.5281715730000656,
              0,
              null
            ],
            [
              95.29772022800006,
              5.5280797440000242,
              0,
              null
            ],
            [
              95.297636627000031,
              5.5280164580000246,
              0,
              null
            ],
            [
              95.29761386000007,
              5.5279997640000715,
              0,
              null
            ],
            [
              95.297580826000058,
              5.5279755420000356,
              0,
              null
            ],
            [
              95.297509437000031,
              5.527923195000028,
              0,
              null
            ],
            [
              95.297506631000033,
              5.5279210090000674,
              0,
              null
            ],
            [
              95.297415822000062,
              5.527850385000022,
              0,
              null
            ],
            [
              95.297344741000074,
              5.5277986310000529,
              0,
              null
            ],
            [
              95.297304098000041,
              5.5277690400000665,
              0,
              null
            ],
            [
              95.29728315300008,
              5.5277537890000303,
              0,
              null
            ],
            [
              95.29717525600006,
              5.5276736130000472,
              0,
              null
            ],
            [
              95.297069273000034,
              5.527601058000073,
              0,
              null
            ],
            [
              95.297033553000063,
              5.527578707000032,
              0,
              null
            ],
            [
              95.297018789000049,
              5.5275705990000574,
              0,
              null
            ],
            [
              95.297009741000068,
              5.527565629000037,
              0,
              null
            ],
            [
              95.297001596000086,
              5.527561563000063,
              0,
              null
            ],
            [
              95.296982119000063,
              5.5275518420000367,
              0,
              null
            ],
            [
              95.296952125000075,
              5.5275383000000602,
              0,
              null
            ],
            [
              95.296908322000036,
              5.5275207160000264,
              0,
              null
            ],
            [
              95.296869277000042,
              5.5275064770000313,
              0,
              null
            ],
            [
              95.296829283000079,
              5.5274941390000549,
              0,
              null
            ],
            [
              95.296767401000068,
              5.5274763460000713,
              0,
              null
            ],
            [
              95.296651721000046,
              5.5274412420000658,
              0,
              null
            ],
            [
              95.296601488000078,
              5.5274243880000427,
              0,
              null
            ],
            [
              95.296576252000079,
              5.5274141720000216,
              0,
              null
            ],
            [
              95.29655697000004,
              5.5274037160000375,
              0,
              null
            ],
            [
              95.296496499000057,
              5.5273636440000473,
              0,
              null
            ],
            [
              95.296495699000047,
              5.5273647010000673,
              0,
              null
            ],
            [
              95.296463545000051,
              5.5273426740000673,
              0,
              null
            ],
            [
              95.296424985000044,
              5.5273129080000558,
              0,
              null
            ],
            [
              95.296631701000081,
              5.5270435050000515,
              0,
              null
            ],
            [
              95.296943314000032,
              5.5266424150000262,
              0,
              null
            ],
            [
              95.29713521900004,
              5.5263948540000456,
              0,
              null
            ],
            [
              95.297227823000071,
              5.5262748320000696,
              0,
              null
            ],
            [
              95.29740432400007,
              5.5260501140000429,
              0,
              null
            ],
            [
              95.297480304000032,
              5.5259669620000409,
              0,
              null
            ],
            [
              95.297566464000056,
              5.5258460620000278,
              0,
              null
            ],
            [
              95.297728435000067,
              5.5256306030000246,
              0,
              null
            ],
            [
              95.297966785000085,
              5.5253243130000556,
              0,
              null
            ],
            [
              95.298212611000054,
              5.5250090990000444,
              0,
              null
            ],
            [
              95.298375769000074,
              5.5247960890000627,
              0,
              null
            ],
            [
              95.298513984000067,
              5.5246147450000649,
              0,
              null
            ],
            [
              95.298615300000051,
              5.5244830540000294,
              0,
              null
            ],
            [
              95.298687827000037,
              5.5243862690000469,
              0,
              null
            ],
            [
              95.298814673000038,
              5.5242282870000281,
              0,
              null
            ],
            [
              95.299069729000053,
              5.5238929460000463,
              0,
              null
            ],
            [
              95.299321968000072,
              5.5235698150000303,
              0,
              null
            ],
            [
              95.299563965000061,
              5.5232524630000626,
              0,
              null
            ],
            [
              95.299711222000042,
              5.5230634310000255,
              0,
              null
            ],
            [
              95.299858000000086,
              5.5228744010000241,
              0,
              null
            ],
            [
              95.300032764000036,
              5.5226534010000705,
              0,
              null
            ],
            [
              95.30008362500007,
              5.5225902350000524,
              0,
              null
            ],
            [
              95.300104240000053,
              5.5225653880000323,
              0,
              null
            ],
            [
              95.300126468000087,
              5.5225402650000319,
              0,
              null
            ],
            [
              95.300169501000084,
              5.5224864440000374,
              0,
              null
            ],
            [
              95.300325900000075,
              5.522290422000026,
              0,
              null
            ],
            [
              95.300520320000032,
              5.5220148690000315,
              0,
              null
            ],
            [
              95.300668427000062,
              5.5217990480000481,
              0,
              null
            ],
            [
              95.300765261000038,
              5.521656609000047,
              0,
              null
            ],
            [
              95.300812993000079,
              5.5215932850000513,
              0,
              null
            ],
            [
              95.300848623000036,
              5.5215486620000434,
              0,
              null
            ],
            [
              95.300904981000087,
              5.5214939140000752,
              0,
              null
            ],
            [
              95.300945668000054,
              5.5214607510000633,
              0,
              null
            ],
            [
              95.301041374000079,
              5.5213972410000451,
              0,
              null
            ],
            [
              95.301070516000038,
              5.5213798890000589,
              0,
              null
            ],
            [
              95.302287053000043,
              5.5209586530000365,
              0,
              null
            ],
            [
              95.302314122000041,
              5.520979685000043,
              0,
              null
            ],
            [
              95.302360529000055,
              5.5210207640000704,
              0,
              null
            ],
            [
              95.302370692000068,
              5.5210314860000267,
              0,
              null
            ],
            [
              95.302381173000072,
              5.5210474900000577,
              0,
              null
            ],
            [
              95.302382519000048,
              5.5210509320000369,
              0,
              null
            ],
            [
              95.302391344000057,
              5.5210734960000423,
              0,
              null
            ],
            [
              95.302393430000052,
              5.5210788290000323,
              0,
              null
            ],
            [
              95.30239414600004,
              5.5210806600000524,
              0,
              null
            ],
            [
              95.30239550500005,
              5.5210841340000343,
              0,
              null
            ],
            [
              95.30242519400008,
              5.5211490630000526,
              0,
              null
            ],
            [
              95.302429812000071,
              5.5211591630000498,
              0,
              null
            ],
            [
              95.302415003000078,
              5.5211877780000691,
              0,
              null
            ],
            [
              95.302398553000046,
              5.5212195660000702,
              0,
              null
            ],
            [
              95.302394016000051,
              5.521230600000024,
              0,
              null
            ],
            [
              95.302390664000086,
              5.5212387500000659,
              0,
              null
            ],
            [
              95.302377855000032,
              5.5212698960000353,
              0,
              null
            ],
            [
              95.302375027000039,
              5.5212764610000704,
              0,
              null
            ],
            [
              95.302390855000056,
              5.5212882690000242,
              0,
              null
            ],
            [
              95.302394248000041,
              5.5212908010000206,
              0,
              null
            ],
            [
              95.30240967900005,
              5.5213023130000352,
              0,
              null
            ],
            [
              95.302443117000053,
              5.5213059080000448,
              0,
              null
            ],
            [
              95.302487168000084,
              5.5212989670000638,
              0,
              null
            ],
            [
              95.302575334000039,
              5.5212829850000276,
              0,
              null
            ],
            [
              95.302587994000078,
              5.5212806890000365,
              0,
              null
            ],
            [
              95.30269148900004,
              5.5212619280000581,
              0,
              null
            ],
            [
              95.302704944000084,
              5.5212595270000406,
              0,
              null
            ],
            [
              95.302718926000068,
              5.5212570330000403,
              0,
              null
            ],
            [
              95.302739765000069,
              5.5212533160000703,
              0,
              null
            ],
            [
              95.302857806000077,
              5.5212322580000546,
              0,
              null
            ],
            [
              95.302935468000044,
              5.5212178550000317,
              0,
              null
            ],
            [
              95.30295344700005,
              5.5212144930000591,
              0,
              null
            ],
            [
              95.302957567000078,
              5.5212137220000272,
              0,
              null
            ],
            [
              95.302968655000086,
              5.5212116480000759,
              0,
              null
            ],
            [
              95.302979748000041,
              5.5212095730000215,
              0,
              null
            ],
            [
              95.303001842000072,
              5.5212054400000738,
              0,
              null
            ],
            [
              95.303036851000059,
              5.5211997740000243,
              0,
              null
            ],
            [
              95.303058818000068,
              5.5211962190000463,
              0,
              null
            ],
            [
              95.303113291000045,
              5.5211874020000664,
              0,
              null
            ],
            [
              95.303116511000042,
              5.5211868810000624,
              0,
              null
            ],
            [
              95.303119061000075,
              5.5211865140000214,
              0,
              null
            ],
            [
              95.30320228100004,
              5.5211745260000384,
              0,
              null
            ],
            [
              95.303272599000081,
              5.5211648710000532,
              0,
              null
            ],
            [
              95.303333163000048,
              5.5211565550000614,
              0,
              null
            ],
            [
              95.303380952000055,
              5.5211501560000329,
              0,
              null
            ],
            [
              95.303400319000048,
              5.5211475630000564,
              0,
              null
            ],
            [
              95.303430963000039,
              5.5211434590000295,
              0,
              null
            ],
            [
              95.30346859000008,
              5.521138421000046,
              0,
              null
            ],
            [
              95.303495459000032,
              5.5211341360000574,
              0,
              null
            ],
            [
              95.303569927000069,
              5.5211222570000587,
              0,
              null
            ],
            [
              95.303577544000063,
              5.5211210410000717,
              0,
              null
            ],
            [
              95.303605216000051,
              5.521117580000066,
              0,
              null
            ],
            [
              95.303619955000045,
              5.5211194850000425,
              0,
              null
            ],
            [
              95.303640141000074,
              5.5211252570000511,
              0,
              null
            ],
            [
              95.303647708000085,
              5.5211274220000632,
              0,
              null
            ],
            [
              95.303657630000032,
              5.5211296960000595,
              0,
              null
            ],
            [
              95.303675222000038,
              5.5211337270000627,
              0,
              null
            ],
            [
              95.303718939000078,
              5.5211437420000493,
              0,
              null
            ],
            [
              95.303751365000039,
              5.5211495460000606,
              0,
              null
            ],
            [
              95.303771551000068,
              5.5211509770000475,
              0,
              null
            ],
            [
              95.303776166000034,
              5.5211513410000634,
              0,
              null
            ],
            [
              95.303830656000059,
              5.5211556280000309,
              0,
              null
            ],
            [
              95.303865038000083,
              5.521158334000063,
              0,
              null
            ],
            [
              95.303867026000034,
              5.5211584640000524,
              0,
              null
            ],
            [
              95.303906555000083,
              5.521161047000021,
              0,
              null
            ],
            [
              95.303968414000053,
              5.5211611600000765,
              0,
              null
            ],
            [
              95.304030018000049,
              5.5211608940000474,
              0,
              null
            ],
            [
              95.304075291000061,
              5.5211598600000684,
              0,
              null
            ],
            [
              95.304083172000048,
              5.5211593600000697,
              0,
              null
            ],
            [
              95.30409413700005,
              5.5211586640000405,
              0,
              null
            ],
            [
              95.304106794000063,
              5.5211578610000629,
              0,
              null
            ],
            [
              95.30411930300005,
              5.5211570670000469,
              0,
              null
            ],
            [
              95.304130193000049,
              5.5211561030000667,
              0,
              null
            ],
            [
              95.304156043000035,
              5.5211538150000479,
              0,
              null
            ],
            [
              95.304202377000081,
              5.5211500750000368,
              0,
              null
            ],
            [
              95.304272663000063,
              5.5211463850000655,
              0,
              null
            ],
            [
              95.304269831000056,
              5.5211633820000543,
              0,
              null
            ],
            [
              95.304265783000062,
              5.5212041280000221,
              0,
              null
            ],
            [
              95.304261555000039,
              5.5212528950000319,
              0,
              null
            ],
            [
              95.304261994000058,
              5.5213030110000432,
              0,
              null
            ],
            [
              95.304266540000071,
              5.5213518130000239,
              0,
              null
            ],
            [
              95.304284818000042,
              5.521392004000063,
              0,
              null
            ],
            [
              95.304297786000063,
              5.5214139150000392,
              0,
              null
            ],
            [
              95.304313517000082,
              5.5214448110000376,
              0,
              null
            ],
            [
              95.304337263000036,
              5.5214795560000312,
              0,
              null
            ],
            [
              95.304362602000083,
              5.5215148640000393,
              0,
              null
            ],
            [
              95.304381239000065,
              5.5215433490000692,
              0,
              null
            ],
            [
              95.304407436000076,
              5.5215710470000658,
              0,
              null
            ],
            [
              95.304439577000039,
              5.5215925290000314,
              0,
              null
            ],
            [
              95.304519345000074,
              5.5216469790000247,
              0,
              null
            ],
            [
              95.304550174000042,
              5.5216598040000235,
              0,
              null
            ],
            [
              95.30457388800005,
              5.5216612760000316,
              0,
              null
            ],
            [
              95.304602284000055,
              5.5216608310000765,
              0,
              null
            ],
            [
              95.304623496000033,
              5.5216661540000587,
              0,
              null
            ],
            [
              95.304631354000037,
              5.5216711570000712,
              0,
              null
            ],
            [
              95.304663657000049,
              5.5216917240000498,
              0,
              null
            ],
            [
              95.304707362000045,
              5.5217259670000658,
              0,
              null
            ],
            [
              95.304730737000057,
              5.5217458080000483,
              0,
              null
            ],
            [
              95.304797635000057,
              5.5218025950000538,
              0,
              null
            ],
            [
              95.304968826000049,
              5.5219416860000479,
              0,
              null
            ],
            [
              95.304999358000032,
              5.5219658760000243,
              0,
              null
            ],
            [
              95.305023013000039,
              5.5219846160000543,
              0,
              null
            ],
            [
              95.305085248000069,
              5.5220339220000483,
              0,
              null
            ],
            [
              95.305133672000068,
              5.5220755230000691,
              0,
              null
            ],
            [
              95.305181228000038,
              5.5221235260000299,
              0,
              null
            ],
            [
              95.305273283000076,
              5.5222340350000536,
              0,
              null
            ],
            [
              95.305433716000039,
              5.5224092710000718,
              0,
              null
            ],
            [
              95.305451011000059,
              5.5224284160000252,
              0,
              null
            ],
            [
              95.305527550000079,
              5.5225131380000221,
              0,
              null
            ],
            [
              95.305624298000055,
              5.5226170570000477,
              0,
              null
            ],
            [
              95.305683807000037,
              5.5226806010000473,
              0,
              null
            ],
            [
              95.30571137700008,
              5.5227100400000495,
              0,
              null
            ],
            [
              95.305752980000079,
              5.5227567830000339,
              0,
              null
            ],
            [
              95.305755874000056,
              5.522760035000033,
              0,
              null
            ],
            [
              95.305799970000066,
              5.5228115860000457,
              0,
              null
            ],
            [
              95.305830125000057,
              5.522852968000052,
              0,
              null
            ],
            [
              95.305849027000079,
              5.5228908060000208,
              0,
              null
            ],
            [
              95.305859773000066,
              5.5229262700000277,
              0,
              null
            ],
            [
              95.305863520000059,
              5.5229621050000333,
              0,
              null
            ],
            [
              95.305861463000042,
              5.5230319680000548,
              0,
              null
            ],
            [
              95.305859429000066,
              5.5230682330000604,
              0,
              null
            ],
            [
              95.305858642000032,
              5.5230827210000371,
              0,
              null
            ],
            [
              95.305857888000048,
              5.5230966220000255,
              0,
              null
            ],
            [
              95.305858023000042,
              5.5231245430000513,
              0,
              null
            ],
            [
              95.305860773000063,
              5.5231546150000668,
              0,
              null
            ],
            [
              95.305868272000055,
              5.523187814000039,
              0,
              null
            ],
            [
              95.305883591000054,
              5.5232301040000493,
              0,
              null
            ],
            [
              95.305927027000052,
              5.5233421870000257,
              0,
              null
            ],
            [
              95.305933132000064,
              5.5233579400000394,
              0,
              null
            ],
            [
              95.305943685000045,
              5.5233851720000757,
              0,
              null
            ],
            [
              95.305981346000067,
              5.5234823530000767,
              0,
              null
            ],
            [
              95.305987966000032,
              5.5235005350000392,
              0,
              null
            ],
            [
              95.306045318000031,
              5.5236580350000395,
              0,
              null
            ],
            [
              95.306057872000054,
              5.5236971030000745,
              0,
              null
            ],
            [
              95.305876282000042,
              5.5238265770000226,
              0,
              null
            ],
            [
              95.305837034000035,
              5.5238530520000495,
              0,
              null
            ],
            [
              95.305776288000061,
              5.5238933670000279,
              0,
              null
            ],
            [
              95.305707200000086,
              5.5239366900000277,
              0,
              null
            ],
            [
              95.305668310000044,
              5.5239601800000742,
              0,
              null
            ],
            [
              95.305639462000045,
              5.5239775620000273,
              0,
              null
            ],
            [
              95.305627134000076,
              5.5239849900000308,
              0,
              null
            ],
            [
              95.30559984000007,
              5.5240023790000237,
              0,
              null
            ],
            [
              95.305581495000069,
              5.5240150870000662,
              0,
              null
            ],
            [
              95.305569727000034,
              5.5240232950000632,
              0,
              null
            ],
            [
              95.305557551000049,
              5.5240331500000366,
              0,
              null
            ],
            [
              95.305544409000049,
              5.5240453680000314,
              0,
              null
            ],
            [
              95.305529404000083,
              5.5240629160000481,
              0,
              null
            ],
            [
              95.305517203000079,
              5.5240784760000565,
              0,
              null
            ],
            [
              95.305556944000045,
              5.5241210060000299,
              0,
              null
            ],
            [
              95.305571055000087,
              5.5241356300000461,
              0,
              null
            ],
            [
              95.305558663000056,
              5.524150493000036,
              0,
              null
            ],
            [
              95.305546526000057,
              5.5241610530000571,
              0,
              null
            ],
            [
              95.305531439000049,
              5.5241695270000264,
              0,
              null
            ],
            [
              95.305514339000069,
              5.5241753510000535,
              0,
              null
            ],
            [
              95.305496692000077,
              5.5241795240000329,
              0,
              null
            ],
            [
              95.305427295000072,
              5.5241942560000439,
              0,
              null
            ],
            [
              95.305358769000065,
              5.5242079270000204,
              0,
              null
            ],
            [
              95.305301143000065,
              5.5242199920000417,
              0,
              null
            ],
            [
              95.30522856400006,
              5.524235352000062,
              0,
              null
            ],
            [
              95.305120886000054,
              5.5242585040000449,
              0,
              null
            ],
            [
              95.305107346000057,
              5.5242609790000756,
              0,
              null
            ],
            [
              95.30506641900007,
              5.5242684590000408,
              0,
              null
            ],
            [
              95.304993855000077,
              5.5242807270000753,
              0,
              null
            ],
            [
              95.304883693000079,
              5.524300634000042,
              0,
              null
            ],
            [
              95.304761521000046,
              5.5243194490000747,
              0,
              null
            ],
            [
              95.304735752000056,
              5.5243234180000513,
              0,
              null
            ],
            [
              95.304619610000032,
              5.5243410440000389,
              0,
              null
            ],
            [
              95.304560501000083,
              5.5243500530000347,
              0,
              null
            ],
            [
              95.304549502000043,
              5.5243517290000455,
              0,
              null
            ],
            [
              95.304521213000044,
              5.5243567020000341,
              0,
              null
            ],
            [
              95.304470430000038,
              5.5243675920000328,
              0,
              null
            ],
            [
              95.304436120000048,
              5.5243737870000587,
              0,
              null
            ],
            [
              95.30440049200007,
              5.5243802210000581,
              0,
              null
            ],
            [
              95.304348370000071,
              5.5243898110000487,
              0,
              null
            ],
            [
              95.304341824000062,
              5.5243910150000488,
              0,
              null
            ],
            [
              95.304324489000066,
              5.5243930570000543,
              0,
              null
            ],
            [
              95.304312374000062,
              5.5243944830000373,
              0,
              null
            ],
            [
              95.304243881000048,
              5.5244003710000698,
              0,
              null
            ],
            [
              95.304216570000051,
              5.5244040480000649,
              0,
              null
            ],
            [
              95.304198438000071,
              5.5244089990000589,
              0,
              null
            ],
            [
              95.304184148000047,
              5.5244158610000227,
              0,
              null
            ],
            [
              95.304174304000071,
              5.5244245230000502,
              0,
              null
            ],
            [
              95.304167392000068,
              5.5244333900000697,
              0,
              null
            ],
            [
              95.304161365000084,
              5.5244449520000671,
              0,
              null
            ],
            [
              95.304160881000087,
              5.5244458810000765,
              0,
              null
            ],
            [
              95.304155423000054,
              5.5244620010000745,
              0,
              null
            ],
            [
              95.304142991000049,
              5.5245155070000465,
              0,
              null
            ],
            [
              95.304140287000052,
              5.5245262610000623,
              0,
              null
            ],
            [
              95.304134408000039,
              5.5245496360000743,
              0,
              null
            ],
            [
              95.304124420000051,
              5.5245794410000713,
              0,
              null
            ],
            [
              95.30410984100007,
              5.5246189630000231,
              0,
              null
            ],
            [
              95.304100098000049,
              5.5246474350000767,
              0,
              null
            ],
            [
              95.304091840000069,
              5.5246715690000201,
              0,
              null
            ],
            [
              95.30408583500008,
              5.524686713000051,
              0,
              null
            ],
            [
              95.304077402000075,
              5.5247079810000628,
              0,
              null
            ],
            [
              95.304065707000063,
              5.5247349820000409,
              0,
              null
            ],
            [
              95.304054833000066,
              5.5247551990000261,
              0,
              null
            ],
            [
              95.30404436300006,
              5.5247701640000741,
              0,
              null
            ],
            [
              95.304026306000083,
              5.5247920550000345,
              0,
              null
            ],
            [
              95.304013656000052,
              5.5248053910000294,
              0,
              null
            ],
            [
              95.304001550000066,
              5.5247985420000418,
              0,
              null
            ],
            [
              95.303987014000086,
              5.5247907430000396,
              0,
              null
            ],
            [
              95.303973640000038,
              5.5247848020000561,
              0,
              null
            ],
            [
              95.30395420900004,
              5.5247779980000473,
              0,
              null
            ],
            [
              95.303929294000056,
              5.524771352000073,
              0,
              null
            ],
            [
              95.303890520000039,
              5.5247617940000282,
              0,
              null
            ],
            [
              95.303863139000043,
              5.5247564310000712,
              0,
              null
            ],
            [
              95.30377493900005,
              5.5247391540000308,
              0,
              null
            ],
            [
              95.303744952000045,
              5.5247332800000208,
              0,
              null
            ],
            [
              95.303747110000074,
              5.5247221890000446,
              0,
              null
            ],
            [
              95.303748454000072,
              5.5247129270000528,
              0,
              null
            ],
            [
              95.303665463000073,
              5.5246983370000748,
              0,
              null
            ],
            [
              95.303646276000052,
              5.524694964000048,
              0,
              null
            ],
            [
              95.303618171000039,
              5.5246900240000514,
              0,
              null
            ],
            [
              95.303476402000058,
              5.5246651010000392,
              0,
              null
            ],
            [
              95.303437761000055,
              5.5246583070000383,
              0,
              null
            ],
            [
              95.303432974000032,
              5.5246574660000647,
              0,
              null
            ],
            [
              95.303414074000045,
              5.5246549360000472,
              0,
              null
            ],
            [
              95.303383018000034,
              5.524653484000055,
              0,
              null
            ],
            [
              95.303256301000033,
              5.5246431200000643,
              0,
              null
            ],
            [
              95.303229600000066,
              5.5246409360000257,
              0,
              null
            ],
            [
              95.303224794000073,
              5.5246391830000334,
              0,
              null
            ],
            [
              95.303222844000061,
              5.5246340920000421,
              0,
              null
            ],
            [
              95.303228606000062,
              5.5244945350000307,
              0,
              null
            ],
            [
              95.303232842000057,
              5.5243919470000264,
              0,
              null
            ],
            [
              95.30323373300007,
              5.5243645100000549,
              0,
              null
            ],
            [
              95.303137646000039,
              5.5243765430000735,
              0,
              null
            ],
            [
              95.302953896000076,
              5.5244097880000709,
              0,
              null
            ],
            [
              95.302855041000043,
              5.5244283500000506,
              0,
              null
            ],
            [
              95.30276579100007,
              5.5244479320000437,
              0,
              null
            ],
            [
              95.302725735000081,
              5.5244573970000488,
              0,
              null
            ],
            [
              95.302734161000046,
              5.5245119270000487,
              0,
              null
            ],
            [
              95.302744235000034,
              5.5245770790000392,
              0,
              null
            ],
            [
              95.302765816000033,
              5.5247166590000347,
              0,
              null
            ],
            [
              95.302766418000033,
              5.5247204910000391,
              0,
              null
            ],
            [
              95.302778529000079,
              5.5247977600000695,
              0,
              null
            ],
            [
              95.302791640000066,
              5.5248813990000372,
              0,
              null
            ],
            [
              95.302749387000063,
              5.5248844110000732,
              0,
              null
            ],
            [
              95.302701093000053,
              5.5248885870000208,
              0,
              null
            ],
            [
              95.302524131000041,
              5.5249038870000504,
              0,
              null
            ],
            [
              95.302204711000059,
              5.5249302820000707,
              0,
              null
            ],
            [
              95.302125087000036,
              5.5249364890000265,
              0,
              null
            ],
            [
              95.302054754000039,
              5.5249419710000325,
              0,
              null
            ],
            [
              95.301956125000061,
              5.5249496590000717,
              0,
              null
            ],
            [
              95.301954240000043,
              5.5249497750000387,
              0,
              null
            ],
            [
              95.301781904000052,
              5.5249605760000691,
              0,
              null
            ],
            [
              95.30177395000004,
              5.5249610950000374,
              0,
              null
            ],
            [
              95.301629773000059,
              5.5249705040000663,
              0,
              null
            ],
            [
              95.301608714000054,
              5.5249742010000205,
              0,
              null
            ],
            [
              95.301601084000083,
              5.5249773290000235,
              0,
              null
            ],
            [
              95.301596473000075,
              5.5249792200000343,
              0,
              null
            ],
            [
              95.301592416000062,
              5.524982246000036,
              0,
              null
            ],
            [
              95.301588089000063,
              5.5249854710000363,
              0,
              null
            ],
            [
              95.301583303000086,
              5.5249933630000214,
              0,
              null
            ],
            [
              95.301580590000071,
              5.5250034530000676,
              0,
              null
            ],
            [
              95.301576147000048,
              5.5250353040000277,
              0,
              null
            ],
            [
              95.301570434000041,
              5.5250762490000511,
              0,
              null
            ],
            [
              95.301567404000082,
              5.5250956070000257,
              0,
              null
            ],
            [
              95.301556987000083,
              5.5251621800000521,
              0,
              null
            ],
            [
              95.301554622000083,
              5.5251772970000275,
              0,
              null
            ],
            [
              95.301540699000043,
              5.5251787520000448,
              0,
              null
            ],
            [
              95.301518265000084,
              5.525181524000061,
              0,
              null
            ],
            [
              95.30149885700007,
              5.5251853230000734,
              0,
              null
            ],
            [
              95.301373330000047,
              5.5252142830000253,
              0,
              null
            ],
            [
              95.301294442000085,
              5.5252337160000593,
              0,
              null
            ],
            [
              95.301205809000066,
              5.5252559180000276,
              0,
              null
            ],
            [
              95.301188401000047,
              5.5252602780000757,
              0,
              null
            ],
            [
              95.301076174000059,
              5.5252875240000208,
              0,
              null
            ],
            [
              95.300960214000042,
              5.5253175590000296,
              0,
              null
            ],
            [
              95.300931904000038,
              5.5253242040000714,
              0,
              null
            ],
            [
              95.300930344000051,
              5.5253245170000582,
              0,
              null
            ],
            [
              95.300934491000078,
              5.5253421220000405,
              0,
              null
            ],
            [
              95.300942826000039,
              5.5253750340000352,
              0,
              null
            ],
            [
              95.300958662000085,
              5.5254388990000507,
              0,
              null
            ],
            [
              95.300966073000041,
              5.5254767750000724,
              0,
              null
            ],
            [
              95.300972264000052,
              5.525508412000022,
              0,
              null
            ],
            [
              95.300988188000076,
              5.525595317000068,
              0,
              null
            ],
            [
              95.300989783000034,
              5.5256049010000652,
              0,
              null
            ],
            [
              95.30100254000007,
              5.5256815410000399,
              0,
              null
            ],
            [
              95.301017304000084,
              5.5257600890000731,
              0,
              null
            ],
            [
              95.301031773000034,
              5.5258295270000417,
              0,
              null
            ],
            [
              95.301039410000044,
              5.5258661700000289,
              0,
              null
            ],
            [
              95.301051646000076,
              5.5259325250000302,
              0,
              null
            ],
            [
              95.301055604000055,
              5.5259623300000271,
              0,
              null
            ],
            [
              95.301057656000069,
              5.52599135600002,
              0,
              null
            ],
            [
              95.301057118000074,
              5.5260037230000307,
              0,
              null
            ],
            [
              95.301056629000072,
              5.5260149710000519,
              0,
              null
            ],
            [
              95.301050549000081,
              5.5260408650000272,
              0,
              null
            ],
            [
              95.301037090000079,
              5.5260923590000743,
              0,
              null
            ],
            [
              95.301029562000053,
              5.526121316000058,
              0,
              null
            ],
            [
              95.301026743000079,
              5.5261321630000566,
              0,
              null
            ],
            [
              95.301018487000078,
              5.5261692470000412,
              0,
              null
            ],
            [
              95.301012345000061,
              5.5262093330000539,
              0,
              null
            ],
            [
              95.301001801000041,
              5.5262727840000707,
              0,
              null
            ],
            [
              95.300997239000083,
              5.5262968920000617,
              0,
              null
            ],
            [
              95.300991155000077,
              5.5263145420000228,
              0,
              null
            ],
            [
              95.300982531000045,
              5.5263358180000637,
              0,
              null
            ],
            [
              95.30097029500007,
              5.526355896000041,
              0,
              null
            ],
            [
              95.300951472000065,
              5.5263826350000613,
              0,
              null
            ],
            [
              95.300925201000041,
              5.5264244620000227,
              0,
              null
            ],
            [
              95.300908918000061,
              5.5264508740000338,
              0,
              null
            ],
            [
              95.300908633000063,
              5.5264513370000259,
              0,
              null
            ],
            [
              95.300891490000083,
              5.5264831940000363,
              0,
              null
            ],
            [
              95.300876156000072,
              5.5265187960000617,
              0,
              null
            ],
            [
              95.300867999000047,
              5.5265441380000766,
              0,
              null
            ],
            [
              95.300861334000047,
              5.5265655500000435,
              0,
              null
            ],
            [
              95.30085992100004,
              5.5265741730000286,
              0,
              null
            ],
            [
              95.300856495000062,
              5.5265950820000285,
              0,
              null
            ],
            [
              95.300847427000065,
              5.5266529510000737,
              0,
              null
            ],
            [
              95.300833504000082,
              5.5267246590000241,
              0,
              null
            ],
            [
              95.300816311000062,
              5.526790242000061,
              0,
              null
            ],
            [
              95.300795548000053,
              5.5268502390000549,
              0,
              null
            ],
            [
              95.300780686000053,
              5.5268931840000732,
              0,
              null
            ],
            [
              95.300779619000082,
              5.5268969580000658,
              0,
              null
            ],
            [
              95.30077258700004,
              5.5269216440000264,
              0,
              null
            ],
            [
              95.300764302000061,
              5.5269604630000231,
              0,
              null
            ],
            [
              95.300748995000049,
              5.5270264100000759,
              0,
              null
            ],
            [
              95.300742919000072,
              5.5270554310000648,
              0,
              null
            ],
            [
              95.300739435000082,
              5.5270761540000422,
              0,
              null
            ],
            [
              95.300737113000082,
              5.5271032720000335,
              0,
              null
            ],
            [
              95.300733908000041,
              5.5271959370000445,
              0,
              null
            ],
            [
              95.300450437000052,
              5.5271927220000521,
              0,
              null
            ],
            [
              95.30008403000005,
              5.5271893780000596,
              0,
              null
            ],
            [
              95.300084797000068,
              5.5272135670000466,
              0,
              null
            ],
            [
              95.300079476000064,
              5.5272535680000487,
              0,
              null
            ],
            [
              95.300073687000065,
              5.5272848030000432,
              0,
              null
            ],
            [
              95.300059409000085,
              5.5273322330000383,
              0,
              null
            ],
            [
              95.300056930000039,
              5.5273390830000722,
              0,
              null
            ],
            [
              95.30004110200008,
              5.5273828070000377,
              0,
              null
            ],
            [
              95.30002167400005,
              5.5274351830000228,
              0,
              null
            ],
            [
              95.299998419000076,
              5.5274799270000585,
              0,
              null
            ],
            [
              95.299969905000069,
              5.527530529000046,
              0,
              null
            ],
            [
              95.299968009000054,
              5.527533892000065,
              0,
              null
            ],
            [
              95.299946585000043,
              5.5275712630000271,
              0,
              null
            ],
            [
              95.299926627000048,
              5.5276060780000762,
              0,
              null
            ],
            [
              95.299883903000079,
              5.527673992000075,
              0,
              null
            ],
            [
              95.299855281000077,
              5.5277214330000675,
              0,
              null
            ],
            [
              95.299835838000035,
              5.5277652770000714,
              0,
              null
            ],
            [
              95.299823346000039,
              5.5278079810000236,
              0,
              null
            ],
            [
              95.29982278600005,
              5.5278119980000611,
              0,
              null
            ],
            [
              95.29981691200004,
              5.5278540430000476,
              0,
              null
            ],
            [
              95.299808263000045,
              5.5279225850000557,
              0,
              null
            ],
            [
              95.299800540000035,
              5.5279676470000254,
              0,
              null
            ],
            [
              95.299791818000074,
              5.5280185380000262,
              0,
              null
            ],
            [
              95.299776674000043,
              5.5280868610000766,
              0,
              null
            ]
          ]
        ]
      },
      "properties" : {
        "FID" : 0,
        "OBJECTID" : 5319,
        "KDPPUM" : "11",
        "NAMOBJ" : "Geuceu Meunara",
        "REMARK" : " ",
        "KDPBPS" : " ",
        "FCODE" : "BA03070040",
        "LUASWH" : 0,
        "UUPP" : "RBI",
        "SRS_ID" : "SRGI 2013",
        "METADATA" : "TASWIL1000020200326DATA_BATAS_DESA_KELURAHAN",
        "KDEBPS" : " ",
        "KDEPUM" : "11.71.08.2007",
        "KDCBPS" : " ",
        "KDCPUM" : "11.71.08",
        "KDBBPS" : " ",
        "WADMKD" : "Geuceu Meunara",
        "WIADKD" : "0",
        "WADMKC" : "Jaya Baru",
        "WIADKC" : " ",
        "WADMKK" : "Kota Banda Aceh",
        "WIADKK" : " ",
        "WADMPR" : "Aceh",
        "WIADPR" : " ",
        "TIPADM" : 9,
        "KDPKAB" : "11.71",
        "SHAPE_Leng" : 0.028506593517517002,
        "SHAPE_Area" : 3.1113343761999998e-05
      }
    }
  ]
}