{
  "hasZ" : true,
  "hasM" : true,
  "type" : "FeatureCollection",
  "features" : [
    {
      "type" : "Feature",
      "id" : 0,
      "geometry" : {
        "type" : "Polygon",
        "coordinates" : [
          [
            [
              95.303687900000057,
              5.530683305000025,
              0,
              null
            ],
            [
              95.303644571000063,
              5.5306897660000232,
              0,
              null
            ],
            [
              95.303530967000086,
              5.5307117200000562,
              0,
              null
            ],
            [
              95.303494135000051,
              5.5307190760000253,
              0,
              null
            ],
            [
              95.303413115000069,
              5.5307413580000571,
              0,
              null
            ],
            [
              95.303322038000033,
              5.5307664050000653,
              0,
              null
            ],
            [
              95.303253673000086,
              5.5307847220000212,
              0,
              null
            ],
            [
              95.303232249000075,
              5.5307898630000523,
              0,
              null
            ],
            [
              95.303225796000049,
              5.5307914110000524,
              0,
              null
            ],
            [
              95.303209339000034,
              5.5307929570000738,
              0,
              null
            ],
            [
              95.303190435000033,
              5.5307919190000234,
              0,
              null
            ],
            [
              95.303060249000055,
              5.5307711100000461,
              0,
              null
            ],
            [
              95.303042541000082,
              5.5307679460000259,
              0,
              null
            ],
            [
              95.302899811000032,
              5.5307424430000651,
              0,
              null
            ],
            [
              95.302870066000082,
              5.5307371290000447,
              0,
              null
            ],
            [
              95.302706868000087,
              5.5307094010000242,
              0,
              null
            ],
            [
              95.302684114000044,
              5.5307055360000277,
              0,
              null
            ],
            [
              95.302637620000041,
              5.5306966770000372,
              0,
              null
            ],
            [
              95.302625370000044,
              5.5306941270000607,
              0,
              null
            ],
            [
              95.302588768000078,
              5.5306865080000307,
              0,
              null
            ],
            [
              95.30257933200005,
              5.5306845380000595,
              0,
              null
            ],
            [
              95.30249651400004,
              5.5306604890000699,
              0,
              null
            ],
            [
              95.302470757000037,
              5.530653376000032,
              0,
              null
            ],
            [
              95.30245172900004,
              5.530640930000061,
              0,
              null
            ],
            [
              95.302383245000044,
              5.5306074570000305,
              0,
              null
            ],
            [
              95.302264458000082,
              5.5305553460000283,
              0,
              null
            ],
            [
              95.302215515000057,
              5.5305360580000524,
              0,
              null
            ],
            [
              95.302215783000065,
              5.5305341000000681,
              0,
              null
            ],
            [
              95.302207790000068,
              5.5305330070000309,
              0,
              null
            ],
            [
              95.30200265600007,
              5.5304538390000744,
              0,
              null
            ],
            [
              95.301922341000079,
              5.5304247890000511,
              0,
              null
            ],
            [
              95.301891505000071,
              5.53041435800003,
              0,
              null
            ],
            [
              95.301914244000045,
              5.5303572950000444,
              0,
              null
            ],
            [
              95.301938345000053,
              5.5302887290000626,
              0,
              null
            ],
            [
              95.301968117000058,
              5.5301959430000238,
              0,
              null
            ],
            [
              95.301980526000079,
              5.5301572980000628,
              0,
              null
            ],
            [
              95.301986990000046,
              5.5301165330000686,
              0,
              null
            ],
            [
              95.301986945000067,
              5.5300863600000412,
              0,
              null
            ],
            [
              95.301976971000045,
              5.530059308000034,
              0,
              null
            ],
            [
              95.301950529000067,
              5.5300288670000555,
              0,
              null
            ],
            [
              95.301916959000039,
              5.5300002970000719,
              0,
              null
            ],
            [
              95.301887162000071,
              5.5299777960000256,
              0,
              null
            ],
            [
              95.301851997000085,
              5.5299512400000594,
              0,
              null
            ],
            [
              95.301753402000031,
              5.5298832770000672,
              0,
              null
            ],
            [
              95.301713007000046,
              5.5298605290000751,
              0,
              null
            ],
            [
              95.301688784000078,
              5.5298515950000251,
              0,
              null
            ],
            [
              95.301670565000052,
              5.529849701000046,
              0,
              null
            ],
            [
              95.301644433000035,
              5.5298505260000752,
              0,
              null
            ],
            [
              95.301613649000046,
              5.5298541980000664,
              0,
              null
            ],
            [
              95.301576886000078,
              5.5298625050000396,
              0,
              null
            ],
            [
              95.301561668000033,
              5.5298659430000612,
              0,
              null
            ],
            [
              95.301511940000069,
              5.5298767840000664,
              0,
              null
            ],
            [
              95.301483692000033,
              5.5298786380000706,
              0,
              null
            ],
            [
              95.301457612000036,
              5.5298786760000667,
              0,
              null
            ],
            [
              95.301442762000079,
              5.529876158000036,
              0,
              null
            ],
            [
              95.30141050900005,
              5.5298638720000213,
              0,
              null
            ],
            [
              95.301334022000049,
              5.529825517000063,
              0,
              null
            ],
            [
              95.301199900000086,
              5.5297502250000434,
              0,
              null
            ],
            [
              95.301180823000038,
              5.5297401880000621,
              0,
              null
            ],
            [
              95.30112630800005,
              5.5297115060000692,
              0,
              null
            ],
            [
              95.301002628000049,
              5.5296283010000593,
              0,
              null
            ],
            [
              95.300985273000038,
              5.5296166260000632,
              0,
              null
            ],
            [
              95.300929430000053,
              5.5295742490000634,
              0,
              null
            ],
            [
              95.300857990000054,
              5.5295159250000552,
              0,
              null
            ],
            [
              95.300735779000036,
              5.5294155840000485,
              0,
              null
            ],
            [
              95.300690183000086,
              5.5293766930000743,
              0,
              null
            ],
            [
              95.300644028000079,
              5.5293373260000749,
              0,
              null
            ],
            [
              95.300545752000062,
              5.5292583510000668,
              0,
              null
            ],
            [
              95.300540512000055,
              5.5292537570000491,
              0,
              null
            ],
            [
              95.300480469000036,
              5.5292011150000349,
              0,
              null
            ],
            [
              95.300443463000079,
              5.5291612410000539,
              0,
              null
            ],
            [
              95.300410445000068,
              5.5291213700000412,
              0,
              null
            ],
            [
              95.300402821000034,
              5.5291081890000555,
              0,
              null
            ],
            [
              95.300394072000074,
              5.5290930620000722,
              0,
              null
            ],
            [
              95.300387280000052,
              5.5290813190000563,
              0,
              null
            ],
            [
              95.300380665000034,
              5.5290698810000549,
              0,
              null
            ],
            [
              95.30038049400008,
              5.5290695610000284,
              0,
              null
            ],
            [
              95.300368262000063,
              5.529046663000031,
              0,
              null
            ],
            [
              95.300334176000035,
              5.528982850000034,
              0,
              null
            ],
            [
              95.300301501000035,
              5.5289291840000487,
              0,
              null
            ],
            [
              95.300269200000059,
              5.5288882260000491,
              0,
              null
            ],
            [
              95.300239821000048,
              5.5288610500000459,
              0,
              null
            ],
            [
              95.300203927000041,
              5.5288382390000379,
              0,
              null
            ],
            [
              95.300153194000075,
              5.528820167000049,
              0,
              null
            ],
            [
              95.300115513000037,
              5.5288111480000453,
              0,
              null
            ],
            [
              95.300028202000078,
              5.5287985780000213,
              0,
              null
            ],
            [
              95.29998736400006,
              5.528793826000026,
              0,
              null
            ],
            [
              95.29995430200006,
              5.5287899790000665,
              0,
              null
            ],
            [
              95.299928210000076,
              5.5287845750000315,
              0,
              null
            ],
            [
              95.299906460000045,
              5.52877299000005,
              0,
              null
            ],
            [
              95.299882525000044,
              5.5287516140000434,
              0,
              null
            ],
            [
              95.299853859000052,
              5.5287150080000629,
              0,
              null
            ],
            [
              95.299834849000035,
              5.5286791210000388,
              0,
              null
            ],
            [
              95.29983061300004,
              5.5286711220000484,
              0,
              null
            ],
            [
              95.299791334000076,
              5.5285659400000213,
              0,
              null
            ],
            [
              95.299774912000032,
              5.5285206660000767,
              0,
              null
            ],
            [
              95.299746599000059,
              5.5284426100000701,
              0,
              null
            ],
            [
              95.299733857000035,
              5.5283947240000657,
              0,
              null
            ],
            [
              95.299733295000067,
              5.5283906850000335,
              0,
              null
            ],
            [
              95.299728002000052,
              5.5283526330000541,
              0,
              null
            ],
            [
              95.299728103000064,
              5.5283379400000285,
              0,
              null
            ],
            [
              95.299728296000069,
              5.5283098030000701,
              0,
              null
            ],
            [
              95.299731490000056,
              5.5282629860000725,
              0,
              null
            ],
            [
              95.299738754000032,
              5.5282214940000358,
              0,
              null
            ],
            [
              95.29975236000007,
              5.528170704000047,
              0,
              null
            ],
            [
              95.299776674000043,
              5.5280868610000766,
              0,
              null
            ],
            [
              95.299791818000074,
              5.5280185380000262,
              0,
              null
            ],
            [
              95.299800540000035,
              5.5279676470000254,
              0,
              null
            ],
            [
              95.299808263000045,
              5.5279225850000557,
              0,
              null
            ],
            [
              95.29981691200004,
              5.5278540430000476,
              0,
              null
            ],
            [
              95.29982278600005,
              5.5278119980000611,
              0,
              null
            ],
            [
              95.299823346000039,
              5.5278079810000236,
              0,
              null
            ],
            [
              95.299835838000035,
              5.5277652770000714,
              0,
              null
            ],
            [
              95.299855281000077,
              5.5277214330000675,
              0,
              null
            ],
            [
              95.299883903000079,
              5.527673992000075,
              0,
              null
            ],
            [
              95.299926627000048,
              5.5276060780000762,
              0,
              null
            ],
            [
              95.299946585000043,
              5.5275712630000271,
              0,
              null
            ],
            [
              95.299968009000054,
              5.527533892000065,
              0,
              null
            ],
            [
              95.299969905000069,
              5.527530529000046,
              0,
              null
            ],
            [
              95.299998419000076,
              5.5274799270000585,
              0,
              null
            ],
            [
              95.30002167400005,
              5.5274351830000228,
              0,
              null
            ],
            [
              95.30004110200008,
              5.5273828070000377,
              0,
              null
            ],
            [
              95.300056930000039,
              5.5273390830000722,
              0,
              null
            ],
            [
              95.300059409000085,
              5.5273322330000383,
              0,
              null
            ],
            [
              95.300073687000065,
              5.5272848030000432,
              0,
              null
            ],
            [
              95.300079476000064,
              5.5272535680000487,
              0,
              null
            ],
            [
              95.300084797000068,
              5.5272135670000466,
              0,
              null
            ],
            [
              95.30008403000005,
              5.5271893780000596,
              0,
              null
            ],
            [
              95.300450437000052,
              5.5271927220000521,
              0,
              null
            ],
            [
              95.300733908000041,
              5.5271959370000445,
              0,
              null
            ],
            [
              95.300737113000082,
              5.5271032720000335,
              0,
              null
            ],
            [
              95.300739435000082,
              5.5270761540000422,
              0,
              null
            ],
            [
              95.300742919000072,
              5.5270554310000648,
              0,
              null
            ],
            [
              95.300748995000049,
              5.5270264100000759,
              0,
              null
            ],
            [
              95.300764302000061,
              5.5269604630000231,
              0,
              null
            ],
            [
              95.30077258700004,
              5.5269216440000264,
              0,
              null
            ],
            [
              95.300779619000082,
              5.5268969580000658,
              0,
              null
            ],
            [
              95.300780686000053,
              5.5268931840000732,
              0,
              null
            ],
            [
              95.300795548000053,
              5.5268502390000549,
              0,
              null
            ],
            [
              95.300816311000062,
              5.526790242000061,
              0,
              null
            ],
            [
              95.300833504000082,
              5.5267246590000241,
              0,
              null
            ],
            [
              95.300847427000065,
              5.5266529510000737,
              0,
              null
            ],
            [
              95.300856495000062,
              5.5265950820000285,
              0,
              null
            ],
            [
              95.30085992100004,
              5.5265741730000286,
              0,
              null
            ],
            [
              95.300861334000047,
              5.5265655500000435,
              0,
              null
            ],
            [
              95.300867999000047,
              5.5265441380000766,
              0,
              null
            ],
            [
              95.300876156000072,
              5.5265187960000617,
              0,
              null
            ],
            [
              95.300891490000083,
              5.5264831940000363,
              0,
              null
            ],
            [
              95.300908633000063,
              5.5264513370000259,
              0,
              null
            ],
            [
              95.300908918000061,
              5.5264508740000338,
              0,
              null
            ],
            [
              95.300925201000041,
              5.5264244620000227,
              0,
              null
            ],
            [
              95.300951472000065,
              5.5263826350000613,
              0,
              null
            ],
            [
              95.30097029500007,
              5.526355896000041,
              0,
              null
            ],
            [
              95.300982531000045,
              5.5263358180000637,
              0,
              null
            ],
            [
              95.300991155000077,
              5.5263145420000228,
              0,
              null
            ],
            [
              95.300997239000083,
              5.5262968920000617,
              0,
              null
            ],
            [
              95.301001801000041,
              5.5262727840000707,
              0,
              null
            ],
            [
              95.301012345000061,
              5.5262093330000539,
              0,
              null
            ],
            [
              95.301018487000078,
              5.5261692470000412,
              0,
              null
            ],
            [
              95.301026743000079,
              5.5261321630000566,
              0,
              null
            ],
            [
              95.301029562000053,
              5.526121316000058,
              0,
              null
            ],
            [
              95.301037090000079,
              5.5260923590000743,
              0,
              null
            ],
            [
              95.301050549000081,
              5.5260408650000272,
              0,
              null
            ],
            [
              95.301056629000072,
              5.5260149710000519,
              0,
              null
            ],
            [
              95.301057118000074,
              5.5260037230000307,
              0,
              null
            ],
            [
              95.301057656000069,
              5.52599135600002,
              0,
              null
            ],
            [
              95.301055604000055,
              5.5259623300000271,
              0,
              null
            ],
            [
              95.301051646000076,
              5.5259325250000302,
              0,
              null
            ],
            [
              95.301039410000044,
              5.5258661700000289,
              0,
              null
            ],
            [
              95.301031773000034,
              5.5258295270000417,
              0,
              null
            ],
            [
              95.301017304000084,
              5.5257600890000731,
              0,
              null
            ],
            [
              95.30100254000007,
              5.5256815410000399,
              0,
              null
            ],
            [
              95.300989783000034,
              5.5256049010000652,
              0,
              null
            ],
            [
              95.300988188000076,
              5.525595317000068,
              0,
              null
            ],
            [
              95.300972264000052,
              5.525508412000022,
              0,
              null
            ],
            [
              95.300966073000041,
              5.5254767750000724,
              0,
              null
            ],
            [
              95.300958662000085,
              5.5254388990000507,
              0,
              null
            ],
            [
              95.300942826000039,
              5.5253750340000352,
              0,
              null
            ],
            [
              95.300934491000078,
              5.5253421220000405,
              0,
              null
            ],
            [
              95.300930344000051,
              5.5253245170000582,
              0,
              null
            ],
            [
              95.300931904000038,
              5.5253242040000714,
              0,
              null
            ],
            [
              95.300960214000042,
              5.5253175590000296,
              0,
              null
            ],
            [
              95.301076174000059,
              5.5252875240000208,
              0,
              null
            ],
            [
              95.301188401000047,
              5.5252602780000757,
              0,
              null
            ],
            [
              95.301205809000066,
              5.5252559180000276,
              0,
              null
            ],
            [
              95.301294442000085,
              5.5252337160000593,
              0,
              null
            ],
            [
              95.301373330000047,
              5.5252142830000253,
              0,
              null
            ],
            [
              95.30149885700007,
              5.5251853230000734,
              0,
              null
            ],
            [
              95.301518265000084,
              5.525181524000061,
              0,
              null
            ],
            [
              95.301540699000043,
              5.5251787520000448,
              0,
              null
            ],
            [
              95.301554622000083,
              5.5251772970000275,
              0,
              null
            ],
            [
              95.301556987000083,
              5.5251621800000521,
              0,
              null
            ],
            [
              95.301567404000082,
              5.5250956070000257,
              0,
              null
            ],
            [
              95.301570434000041,
              5.5250762490000511,
              0,
              null
            ],
            [
              95.301576147000048,
              5.5250353040000277,
              0,
              null
            ],
            [
              95.301580590000071,
              5.5250034530000676,
              0,
              null
            ],
            [
              95.301583303000086,
              5.5249933630000214,
              0,
              null
            ],
            [
              95.301588089000063,
              5.5249854710000363,
              0,
              null
            ],
            [
              95.301592416000062,
              5.524982246000036,
              0,
              null
            ],
            [
              95.301596473000075,
              5.5249792200000343,
              0,
              null
            ],
            [
              95.301601084000083,
              5.5249773290000235,
              0,
              null
            ],
            [
              95.301608714000054,
              5.5249742010000205,
              0,
              null
            ],
            [
              95.301629773000059,
              5.5249705040000663,
              0,
              null
            ],
            [
              95.30177395000004,
              5.5249610950000374,
              0,
              null
            ],
            [
              95.301781904000052,
              5.5249605760000691,
              0,
              null
            ],
            [
              95.301954240000043,
              5.5249497750000387,
              0,
              null
            ],
            [
              95.301956125000061,
              5.5249496590000717,
              0,
              null
            ],
            [
              95.302054754000039,
              5.5249419710000325,
              0,
              null
            ],
            [
              95.302125087000036,
              5.5249364890000265,
              0,
              null
            ],
            [
              95.302204711000059,
              5.5249302820000707,
              0,
              null
            ],
            [
              95.302524131000041,
              5.5249038870000504,
              0,
              null
            ],
            [
              95.302701093000053,
              5.5248885870000208,
              0,
              null
            ],
            [
              95.302749387000063,
              5.5248844110000732,
              0,
              null
            ],
            [
              95.302791640000066,
              5.5248813990000372,
              0,
              null
            ],
            [
              95.302778529000079,
              5.5247977600000695,
              0,
              null
            ],
            [
              95.302766418000033,
              5.5247204910000391,
              0,
              null
            ],
            [
              95.302765816000033,
              5.5247166590000347,
              0,
              null
            ],
            [
              95.302744235000034,
              5.5245770790000392,
              0,
              null
            ],
            [
              95.302734161000046,
              5.5245119270000487,
              0,
              null
            ],
            [
              95.302725735000081,
              5.5244573970000488,
              0,
              null
            ],
            [
              95.30276579100007,
              5.5244479320000437,
              0,
              null
            ],
            [
              95.302855041000043,
              5.5244283500000506,
              0,
              null
            ],
            [
              95.302953896000076,
              5.5244097880000709,
              0,
              null
            ],
            [
              95.303137646000039,
              5.5243765430000735,
              0,
              null
            ],
            [
              95.30323373300007,
              5.5243645100000549,
              0,
              null
            ],
            [
              95.303232842000057,
              5.5243919470000264,
              0,
              null
            ],
            [
              95.303228606000062,
              5.5244945350000307,
              0,
              null
            ],
            [
              95.303222844000061,
              5.5246340920000421,
              0,
              null
            ],
            [
              95.303224794000073,
              5.5246391830000334,
              0,
              null
            ],
            [
              95.303229600000066,
              5.5246409360000257,
              0,
              null
            ],
            [
              95.303256301000033,
              5.5246431200000643,
              0,
              null
            ],
            [
              95.303383018000034,
              5.524653484000055,
              0,
              null
            ],
            [
              95.303414074000045,
              5.5246549360000472,
              0,
              null
            ],
            [
              95.303432974000032,
              5.5246574660000647,
              0,
              null
            ],
            [
              95.303437761000055,
              5.5246583070000383,
              0,
              null
            ],
            [
              95.303476402000058,
              5.5246651010000392,
              0,
              null
            ],
            [
              95.303618171000039,
              5.5246900240000514,
              0,
              null
            ],
            [
              95.303646276000052,
              5.524694964000048,
              0,
              null
            ],
            [
              95.303665463000073,
              5.5246983370000748,
              0,
              null
            ],
            [
              95.303748454000072,
              5.5247129270000528,
              0,
              null
            ],
            [
              95.303747110000074,
              5.5247221890000446,
              0,
              null
            ],
            [
              95.303744952000045,
              5.5247332800000208,
              0,
              null
            ],
            [
              95.30377493900005,
              5.5247391540000308,
              0,
              null
            ],
            [
              95.303863139000043,
              5.5247564310000712,
              0,
              null
            ],
            [
              95.303890520000039,
              5.5247617940000282,
              0,
              null
            ],
            [
              95.303929294000056,
              5.524771352000073,
              0,
              null
            ],
            [
              95.30395420900004,
              5.5247779980000473,
              0,
              null
            ],
            [
              95.303973640000038,
              5.5247848020000561,
              0,
              null
            ],
            [
              95.303987014000086,
              5.5247907430000396,
              0,
              null
            ],
            [
              95.304001550000066,
              5.5247985420000418,
              0,
              null
            ],
            [
              95.304013656000052,
              5.5248053910000294,
              0,
              null
            ],
            [
              95.304026306000083,
              5.5247920550000345,
              0,
              null
            ],
            [
              95.30404436300006,
              5.5247701640000741,
              0,
              null
            ],
            [
              95.304054833000066,
              5.5247551990000261,
              0,
              null
            ],
            [
              95.304065707000063,
              5.5247349820000409,
              0,
              null
            ],
            [
              95.304077402000075,
              5.5247079810000628,
              0,
              null
            ],
            [
              95.30408583500008,
              5.524686713000051,
              0,
              null
            ],
            [
              95.304091840000069,
              5.5246715690000201,
              0,
              null
            ],
            [
              95.304100098000049,
              5.5246474350000767,
              0,
              null
            ],
            [
              95.30410984100007,
              5.5246189630000231,
              0,
              null
            ],
            [
              95.304124420000051,
              5.5245794410000713,
              0,
              null
            ],
            [
              95.304134408000039,
              5.5245496360000743,
              0,
              null
            ],
            [
              95.304140287000052,
              5.5245262610000623,
              0,
              null
            ],
            [
              95.304142991000049,
              5.5245155070000465,
              0,
              null
            ],
            [
              95.304155423000054,
              5.5244620010000745,
              0,
              null
            ],
            [
              95.304160881000087,
              5.5244458810000765,
              0,
              null
            ],
            [
              95.304161365000084,
              5.5244449520000671,
              0,
              null
            ],
            [
              95.304167392000068,
              5.5244333900000697,
              0,
              null
            ],
            [
              95.304174304000071,
              5.5244245230000502,
              0,
              null
            ],
            [
              95.304184148000047,
              5.5244158610000227,
              0,
              null
            ],
            [
              95.304198438000071,
              5.5244089990000589,
              0,
              null
            ],
            [
              95.304216570000051,
              5.5244040480000649,
              0,
              null
            ],
            [
              95.304243881000048,
              5.5244003710000698,
              0,
              null
            ],
            [
              95.304312374000062,
              5.5243944830000373,
              0,
              null
            ],
            [
              95.304324489000066,
              5.5243930570000543,
              0,
              null
            ],
            [
              95.304341824000062,
              5.5243910150000488,
              0,
              null
            ],
            [
              95.304348370000071,
              5.5243898110000487,
              0,
              null
            ],
            [
              95.30440049200007,
              5.5243802210000581,
              0,
              null
            ],
            [
              95.304436120000048,
              5.5243737870000587,
              0,
              null
            ],
            [
              95.304470430000038,
              5.5243675920000328,
              0,
              null
            ],
            [
              95.304521213000044,
              5.5243567020000341,
              0,
              null
            ],
            [
              95.304549502000043,
              5.5243517290000455,
              0,
              null
            ],
            [
              95.304560501000083,
              5.5243500530000347,
              0,
              null
            ],
            [
              95.304619610000032,
              5.5243410440000389,
              0,
              null
            ],
            [
              95.304735752000056,
              5.5243234180000513,
              0,
              null
            ],
            [
              95.304761521000046,
              5.5243194490000747,
              0,
              null
            ],
            [
              95.304883693000079,
              5.524300634000042,
              0,
              null
            ],
            [
              95.304993855000077,
              5.5242807270000753,
              0,
              null
            ],
            [
              95.30506641900007,
              5.5242684590000408,
              0,
              null
            ],
            [
              95.305107346000057,
              5.5242609790000756,
              0,
              null
            ],
            [
              95.305120886000054,
              5.5242585040000449,
              0,
              null
            ],
            [
              95.30522856400006,
              5.524235352000062,
              0,
              null
            ],
            [
              95.305301143000065,
              5.5242199920000417,
              0,
              null
            ],
            [
              95.305358769000065,
              5.5242079270000204,
              0,
              null
            ],
            [
              95.305427295000072,
              5.5241942560000439,
              0,
              null
            ],
            [
              95.305496692000077,
              5.5241795240000329,
              0,
              null
            ],
            [
              95.305514339000069,
              5.5241753510000535,
              0,
              null
            ],
            [
              95.305531439000049,
              5.5241695270000264,
              0,
              null
            ],
            [
              95.305546526000057,
              5.5241610530000571,
              0,
              null
            ],
            [
              95.305558663000056,
              5.524150493000036,
              0,
              null
            ],
            [
              95.305571055000087,
              5.5241356300000461,
              0,
              null
            ],
            [
              95.305556944000045,
              5.5241210060000299,
              0,
              null
            ],
            [
              95.305517203000079,
              5.5240784760000565,
              0,
              null
            ],
            [
              95.305529404000083,
              5.5240629160000481,
              0,
              null
            ],
            [
              95.305544409000049,
              5.5240453680000314,
              0,
              null
            ],
            [
              95.305557551000049,
              5.5240331500000366,
              0,
              null
            ],
            [
              95.305569727000034,
              5.5240232950000632,
              0,
              null
            ],
            [
              95.305581495000069,
              5.5240150870000662,
              0,
              null
            ],
            [
              95.30559984000007,
              5.5240023790000237,
              0,
              null
            ],
            [
              95.305627134000076,
              5.5239849900000308,
              0,
              null
            ],
            [
              95.305639462000045,
              5.5239775620000273,
              0,
              null
            ],
            [
              95.305668310000044,
              5.5239601800000742,
              0,
              null
            ],
            [
              95.305707200000086,
              5.5239366900000277,
              0,
              null
            ],
            [
              95.305776288000061,
              5.5238933670000279,
              0,
              null
            ],
            [
              95.305837034000035,
              5.5238530520000495,
              0,
              null
            ],
            [
              95.305876282000042,
              5.5238265770000226,
              0,
              null
            ],
            [
              95.306057872000054,
              5.5236971030000745,
              0,
              null
            ],
            [
              95.306070683000087,
              5.5237369660000581,
              0,
              null
            ],
            [
              95.306080135000059,
              5.5237663790000511,
              0,
              null
            ],
            [
              95.306098134000081,
              5.52382757700002,
              0,
              null
            ],
            [
              95.306116115000066,
              5.5238747280000666,
              0,
              null
            ],
            [
              95.306142644000033,
              5.5239160160000438,
              0,
              null
            ],
            [
              95.30617824400008,
              5.5239541330000748,
              0,
              null
            ],
            [
              95.306180464000079,
              5.5239565090000724,
              0,
              null
            ],
            [
              95.306221003000076,
              5.5240001110000208,
              0,
              null
            ],
            [
              95.306230336000056,
              5.5240125800000328,
              0,
              null
            ],
            [
              95.306249866000087,
              5.5240386690000491,
              0,
              null
            ],
            [
              95.306276410000066,
              5.5240885430000617,
              0,
              null
            ],
            [
              95.306279164000046,
              5.5240960290000203,
              0,
              null
            ],
            [
              95.306297917000052,
              5.5241469980000488,
              0,
              null
            ],
            [
              95.306319827000038,
              5.5242210530000762,
              0,
              null
            ],
            [
              95.306325094000044,
              5.5242475490000515,
              0,
              null
            ],
            [
              95.306331604000036,
              5.5242803040000581,
              0,
              null
            ],
            [
              95.306340266000063,
              5.5243415110000456,
              0,
              null
            ],
            [
              95.306346648000044,
              5.524375176000035,
              0,
              null
            ],
            [
              95.306353305000073,
              5.5243959940000309,
              0,
              null
            ],
            [
              95.306372954000039,
              5.5244333950000737,
              0,
              null
            ],
            [
              95.306397752000066,
              5.5244867920000615,
              0,
              null
            ],
            [
              95.306399136000039,
              5.5244899750000513,
              0,
              null
            ],
            [
              95.306400606000068,
              5.524493355000061,
              0,
              null
            ],
            [
              95.306419525000081,
              5.5245368670000516,
              0,
              null
            ],
            [
              95.306458262000035,
              5.5246418600000311,
              0,
              null
            ],
            [
              95.30648702600007,
              5.5247269520000373,
              0,
              null
            ],
            [
              95.306495977000054,
              5.5247470820000331,
              0,
              null
            ],
            [
              95.306506073000037,
              5.5247697880000715,
              0,
              null
            ],
            [
              95.306526305000034,
              5.5247948110000493,
              0,
              null
            ],
            [
              95.306552855000064,
              5.5248158960000637,
              0,
              null
            ],
            [
              95.306564825000066,
              5.5248241970000436,
              0,
              null
            ],
            [
              95.306618000000071,
              5.5248610740000572,
              0,
              null
            ],
            [
              95.306644252000069,
              5.524882160000061,
              0,
              null
            ],
            [
              95.306669295000063,
              5.5249053660000413,
              0,
              null
            ],
            [
              95.306689829000049,
              5.5249337140000421,
              0,
              null
            ],
            [
              95.306711902000075,
              5.5249798640000449,
              0,
              null
            ],
            [
              95.306726052000045,
              5.5250181570000336,
              0,
              null
            ],
            [
              95.306738442000039,
              5.5250516840000614,
              0,
              null
            ],
            [
              95.306754267000031,
              5.5250945070000625,
              0,
              null
            ],
            [
              95.30679744300005,
              5.5252066960000548,
              0,
              null
            ],
            [
              95.30681329500004,
              5.5252559710000355,
              0,
              null
            ],
            [
              95.306814442000075,
              5.5252621430000204,
              0,
              null
            ],
            [
              95.306821163000052,
              5.5252982980000525,
              0,
              null
            ],
            [
              95.306822193000073,
              5.5253225700000712,
              0,
              null
            ],
            [
              95.306823873000042,
              5.5253621230000363,
              0,
              null
            ],
            [
              95.306824169000038,
              5.5254152450000333,
              0,
              null
            ],
            [
              95.306826350000051,
              5.5254403930000535,
              0,
              null
            ],
            [
              95.306832008000072,
              5.5254758770000763,
              0,
              null
            ],
            [
              95.30684169400007,
              5.5255078470000285,
              0,
              null
            ],
            [
              95.30685887900006,
              5.525547381000024,
              0,
              null
            ],
            [
              95.306877942000085,
              5.5255820230000268,
              0,
              null
            ],
            [
              95.30689688700005,
              5.5256164500000295,
              0,
              null
            ],
            [
              95.306917524000085,
              5.5256539520000274,
              0,
              null
            ],
            [
              95.306997759000069,
              5.5257963870000708,
              0,
              null
            ],
            [
              95.307025819000046,
              5.5258530730000643,
              0,
              null
            ],
            [
              95.307042275000072,
              5.5258863170000723,
              0,
              null
            ],
            [
              95.30704686100006,
              5.5258971240000392,
              0,
              null
            ],
            [
              95.307101562000071,
              5.5260260230000426,
              0,
              null
            ],
            [
              95.30717241800005,
              5.5261899810000727,
              0,
              null
            ],
            [
              95.307184715000062,
              5.5262180230000695,
              0,
              null
            ],
            [
              95.307205948000046,
              5.526266440000029,
              0,
              null
            ],
            [
              95.307236646000035,
              5.526324389000024,
              0,
              null
            ],
            [
              95.307263349000038,
              5.5263664080000581,
              0,
              null
            ],
            [
              95.307290083000055,
              5.5264023520000478,
              0,
              null
            ],
            [
              95.307296336000036,
              5.5264092020000248,
              0,
              null
            ],
            [
              95.307326892000049,
              5.5264426780000235,
              0,
              null
            ],
            [
              95.307367442000043,
              5.5264913950000505,
              0,
              null
            ],
            [
              95.307385241000077,
              5.5265195010000525,
              0,
              null
            ],
            [
              95.307397961000049,
              5.5265515450000748,
              0,
              null
            ],
            [
              95.307402141000068,
              5.5265620740000259,
              0,
              null
            ],
            [
              95.307415968000043,
              5.5266244000000597,
              0,
              null
            ],
            [
              95.307430785000065,
              5.5267024050000373,
              0,
              null
            ],
            [
              95.307439533000036,
              5.5267652120000434,
              0,
              null
            ],
            [
              95.307447912000043,
              5.5268279960000655,
              0,
              null
            ],
            [
              95.307458542000063,
              5.5269114040000318,
              0,
              null
            ],
            [
              95.307462328000042,
              5.5269411070000274,
              0,
              null
            ],
            [
              95.307468953000068,
              5.5269977430000381,
              0,
              null
            ],
            [
              95.307475055000054,
              5.5270499000000655,
              0,
              null
            ],
            [
              95.307478515000071,
              5.5270794800000544,
              0,
              null
            ],
            [
              95.30748671300006,
              5.527165013000058,
              0,
              null
            ],
            [
              95.307488076000084,
              5.5272034020000547,
              0,
              null
            ],
            [
              95.307489224000051,
              5.5272357270000612,
              0,
              null
            ],
            [
              95.307486160000053,
              5.5272748260000526,
              0,
              null
            ],
            [
              95.307484092000038,
              5.5273012000000676,
              0,
              null
            ],
            [
              95.30747651300004,
              5.5273576970000704,
              0,
              null
            ],
            [
              95.307473658000049,
              5.527378977000069,
              0,
              null
            ],
            [
              95.307462517000033,
              5.527455691000057,
              0,
              null
            ],
            [
              95.30745918100007,
              5.5275099040000555,
              0,
              null
            ],
            [
              95.307461816000057,
              5.5275658910000516,
              0,
              null
            ],
            [
              95.307467577000068,
              5.5276324610000529,
              0,
              null
            ],
            [
              95.307473667000068,
              5.5276741220000645,
              0,
              null
            ],
            [
              95.307477205000055,
              5.5276983280000422,
              0,
              null
            ],
            [
              95.307493076000071,
              5.5277874570000449,
              0,
              null
            ],
            [
              95.307505831000071,
              5.5278360670000666,
              0,
              null
            ],
            [
              95.307512863000056,
              5.5278628660000209,
              0,
              null
            ],
            [
              95.307523370000069,
              5.5278977850000501,
              0,
              null
            ],
            [
              95.30754190600004,
              5.5279593920000707,
              0,
              null
            ],
            [
              95.307562669000049,
              5.5280026360000534,
              0,
              null
            ],
            [
              95.307591344000059,
              5.5280485680000311,
              0,
              null
            ],
            [
              95.307596637000074,
              5.5280570460000718,
              0,
              null
            ],
            [
              95.307621231000041,
              5.5281041540000615,
              0,
              null
            ],
            [
              95.307640311000057,
              5.5281414020000739,
              0,
              null
            ],
            [
              95.307647772000053,
              5.5281627720000301,
              0,
              null
            ],
            [
              95.307655108000063,
              5.5281837840000208,
              0,
              null
            ],
            [
              95.307666026000049,
              5.5282402460000526,
              0,
              null
            ],
            [
              95.307665421000081,
              5.5282936880000761,
              0,
              null
            ],
            [
              95.307662168000036,
              5.5283172530000684,
              0,
              null
            ],
            [
              95.307656690000044,
              5.5283569330000546,
              0,
              null
            ],
            [
              95.307646225000042,
              5.5284017030000427,
              0,
              null
            ],
            [
              95.307643707000068,
              5.5284124750000387,
              0,
              null
            ],
            [
              95.307641919000048,
              5.5284376930000576,
              0,
              null
            ],
            [
              95.307648651000079,
              5.5284684990000414,
              0,
              null
            ],
            [
              95.307666012000084,
              5.5285091720000423,
              0,
              null
            ],
            [
              95.307688329000086,
              5.5285518480000633,
              0,
              null
            ],
            [
              95.307702066000047,
              5.5285781180000413,
              0,
              null
            ],
            [
              95.307757543000037,
              5.5286782200000744,
              0,
              null
            ],
            [
              95.307767086000069,
              5.5286954380000566,
              0,
              null
            ],
            [
              95.307815753000057,
              5.5287807870000734,
              0,
              null
            ],
            [
              95.307851640000081,
              5.528841572000033,
              0,
              null
            ],
            [
              95.307888476000073,
              5.52890048200004,
              0,
              null
            ],
            [
              95.307888676000061,
              5.5289008500000705,
              0,
              null
            ],
            [
              95.307907385000078,
              5.5289353360000746,
              0,
              null
            ],
            [
              95.307917245000056,
              5.5289586280000549,
              0,
              null
            ],
            [
              95.307921700000065,
              5.5289792650000322,
              0,
              null
            ],
            [
              95.307923740000035,
              5.5290098280000279,
              0,
              null
            ],
            [
              95.307920742000078,
              5.5290835000000698,
              0,
              null
            ],
            [
              95.307919795000032,
              5.5291363950000232,
              0,
              null
            ],
            [
              95.307919555000069,
              5.5291497530000697,
              0,
              null
            ],
            [
              95.307915691000062,
              5.5292140100000324,
              0,
              null
            ],
            [
              95.307914111000059,
              5.5292236210000283,
              0,
              null
            ],
            [
              95.307910156000048,
              5.5292476840000404,
              0,
              null
            ],
            [
              95.307897808000064,
              5.5292832290000433,
              0,
              null
            ],
            [
              95.307875686000045,
              5.5293269120000446,
              0,
              null
            ],
            [
              95.307843373000082,
              5.52937875300006,
              0,
              null
            ],
            [
              95.307837834000054,
              5.5293876400000386,
              0,
              null
            ],
            [
              95.307808297000065,
              5.5294340080000666,
              0,
              null
            ],
            [
              95.30779767100006,
              5.5294598750000432,
              0,
              null
            ],
            [
              95.307791775000055,
              5.5294773700000519,
              0,
              null
            ],
            [
              95.307788075000076,
              5.5294883490000757,
              0,
              null
            ],
            [
              95.307785296000077,
              5.5295161560000565,
              0,
              null
            ],
            [
              95.307789645000071,
              5.5295769190000215,
              0,
              null
            ],
            [
              95.307791794000082,
              5.5295942500000592,
              0,
              null
            ],
            [
              95.30780261700005,
              5.5296815060000313,
              0,
              null
            ],
            [
              95.307803432000071,
              5.529687549000073,
              0,
              null
            ],
            [
              95.307821732000036,
              5.529823284000031,
              0,
              null
            ],
            [
              95.30783384700004,
              5.5299092490000703,
              0,
              null
            ],
            [
              95.307838652000044,
              5.5299433410000347,
              0,
              null
            ],
            [
              95.307842571000037,
              5.5299708050000618,
              0,
              null
            ],
            [
              95.307845709000048,
              5.5299928030000274,
              0,
              null
            ],
            [
              95.307847538000033,
              5.5300177530000383,
              0,
              null
            ],
            [
              95.307845930000042,
              5.5300405200000569,
              0,
              null
            ],
            [
              95.307837957000061,
              5.5300711940000724,
              0,
              null
            ],
            [
              95.307818786000041,
              5.5301313610000307,
              0,
              null
            ],
            [
              95.307807407000041,
              5.5301632690000702,
              0,
              null
            ],
            [
              95.307800383000085,
              5.5301874940000744,
              0,
              null
            ],
            [
              95.30779517600007,
              5.5302125080000337,
              0,
              null
            ],
            [
              95.307792345000053,
              5.5302524450000305,
              0,
              null
            ],
            [
              95.307791583000039,
              5.5303236050000351,
              0,
              null
            ],
            [
              95.307791160000079,
              5.530350062000025,
              0,
              null
            ],
            [
              95.307350797000083,
              5.5303307360000531,
              0,
              null
            ],
            [
              95.30735930600008,
              5.5299194000000398,
              0,
              null
            ],
            [
              95.307359381000083,
              5.5299154670000235,
              0,
              null
            ],
            [
              95.307336854000084,
              5.5299140910000233,
              0,
              null
            ],
            [
              95.307263019000061,
              5.5299091710000425,
              0,
              null
            ],
            [
              95.307149198000047,
              5.5298997970000414,
              0,
              null
            ],
            [
              95.307128896000052,
              5.5298980340000412,
              0,
              null
            ],
            [
              95.307033145000048,
              5.5298897180000495,
              0,
              null
            ],
            [
              95.306959144000075,
              5.5298803970000563,
              0,
              null
            ],
            [
              95.306958059000067,
              5.5298802830000682,
              0,
              null
            ],
            [
              95.306835108000087,
              5.5298674380000534,
              0,
              null
            ],
            [
              95.306768293000061,
              5.5298604570000407,
              0,
              null
            ],
            [
              95.306711550000045,
              5.5298556710000639,
              0,
              null
            ],
            [
              95.306611822000036,
              5.5298515210000687,
              0,
              null
            ],
            [
              95.306584976000067,
              5.5298502600000461,
              0,
              null
            ],
            [
              95.306512353000073,
              5.5298468460000549,
              0,
              null
            ],
            [
              95.306455870000036,
              5.5298417870000662,
              0,
              null
            ],
            [
              95.306435972000031,
              5.5298402280000687,
              0,
              null
            ],
            [
              95.306424025000069,
              5.5298256850000485,
              0,
              null
            ],
            [
              95.30641642900008,
              5.5298162780000553,
              0,
              null
            ],
            [
              95.306411576000073,
              5.5298069860000396,
              0,
              null
            ],
            [
              95.306407742000033,
              5.5297931260000723,
              0,
              null
            ],
            [
              95.30640539400008,
              5.5297738270000423,
              0,
              null
            ],
            [
              95.306402509000065,
              5.5297347440000522,
              0,
              null
            ],
            [
              95.306400852000081,
              5.5296865800000319,
              0,
              null
            ],
            [
              95.306400460000077,
              5.5296573760000456,
              0,
              null
            ],
            [
              95.306400310000072,
              5.5296401620000211,
              0,
              null
            ],
            [
              95.306399988000067,
              5.5296031240000616,
              0,
              null
            ],
            [
              95.306400471000075,
              5.5295569330000376,
              0,
              null
            ],
            [
              95.30640072500006,
              5.529532750000044,
              0,
              null
            ],
            [
              95.30638723900006,
              5.5295282210000209,
              0,
              null
            ],
            [
              95.306374961000074,
              5.5295236390000468,
              0,
              null
            ],
            [
              95.306363168000075,
              5.5295209100000307,
              0,
              null
            ],
            [
              95.306338616000062,
              5.5295171460000461,
              0,
              null
            ],
            [
              95.306260350000059,
              5.5295061060000421,
              0,
              null
            ],
            [
              95.306210662000069,
              5.5294998270000519,
              0,
              null
            ],
            [
              95.306175409000048,
              5.5294953720000422,
              0,
              null
            ],
            [
              95.306102084000031,
              5.5294858950000503,
              0,
              null
            ],
            [
              95.306057116000034,
              5.5294796430000588,
              0,
              null
            ],
            [
              95.305942748000064,
              5.529460388000075,
              0,
              null
            ],
            [
              95.305937732000075,
              5.52945954300003,
              0,
              null
            ],
            [
              95.305901376000065,
              5.5294547310000439,
              0,
              null
            ],
            [
              95.305860043000052,
              5.5294507150000527,
              0,
              null
            ],
            [
              95.305829577000054,
              5.529448258000059,
              0,
              null
            ],
            [
              95.305800027000032,
              5.5294468540000707,
              0,
              null
            ],
            [
              95.305762421000054,
              5.5294455890000336,
              0,
              null
            ],
            [
              95.305734759000075,
              5.5294446580000454,
              0,
              null
            ],
            [
              95.305689700000073,
              5.52944293500002,
              0,
              null
            ],
            [
              95.305593049000038,
              5.5294413310000436,
              0,
              null
            ],
            [
              95.305575164000061,
              5.5294422410000266,
              0,
              null
            ],
            [
              95.305561436000062,
              5.5294451870000216,
              0,
              null
            ],
            [
              95.305553940000038,
              5.5294499710000764,
              0,
              null
            ],
            [
              95.305549297000084,
              5.5294577540000205,
              0,
              null
            ],
            [
              95.305546170000071,
              5.5294657110000571,
              0,
              null
            ],
            [
              95.305543703000069,
              5.5294855530000291,
              0,
              null
            ],
            [
              95.305538222000052,
              5.5295703530000537,
              0,
              null
            ],
            [
              95.305535181000039,
              5.5295888780000269,
              0,
              null
            ],
            [
              95.305529048000039,
              5.5295985550000637,
              0,
              null
            ],
            [
              95.30551874300005,
              5.5296048780000433,
              0,
              null
            ],
            [
              95.305503126000076,
              5.529606900000033,
              0,
              null
            ],
            [
              95.30547920500004,
              5.5296076710000648,
              0,
              null
            ],
            [
              95.305467852000049,
              5.5296076200000357,
              0,
              null
            ],
            [
              95.30545113900007,
              5.529607545000033,
              0,
              null
            ],
            [
              95.305427202000033,
              5.5296066160000237,
              0,
              null
            ],
            [
              95.305426659000034,
              5.5296179090000237,
              0,
              null
            ],
            [
              95.305427261000034,
              5.5296777820000216,
              0,
              null
            ],
            [
              95.305427183000063,
              5.5296878520000519,
              0,
              null
            ],
            [
              95.305426906000037,
              5.5297236490000614,
              0,
              null
            ],
            [
              95.305425774000071,
              5.5297457450000707,
              0,
              null
            ],
            [
              95.305422499000031,
              5.5297805040000299,
              0,
              null
            ],
            [
              95.305417610000063,
              5.5298250960000246,
              0,
              null
            ],
            [
              95.305415201000073,
              5.5298505960000739,
              0,
              null
            ],
            [
              95.305414327000051,
              5.5298667790000309,
              0,
              null
            ],
            [
              95.305413030000068,
              5.5298908170000232,
              0,
              null
            ],
            [
              95.305411144000061,
              5.529925755000022,
              0,
              null
            ],
            [
              95.305407524000032,
              5.5299856270000305,
              0,
              null
            ],
            [
              95.305406752000067,
              5.5300052630000209,
              0,
              null
            ],
            [
              95.305407803000037,
              5.5300182750000317,
              0,
              null
            ],
            [
              95.305412280000041,
              5.5300352250000628,
              0,
              null
            ],
            [
              95.305425590000084,
              5.530061053000054,
              0,
              null
            ],
            [
              95.305430889000036,
              5.5300713350000592,
              0,
              null
            ],
            [
              95.305439685000067,
              5.5300884040000255,
              0,
              null
            ],
            [
              95.305444153000053,
              5.5301004810000336,
              0,
              null
            ],
            [
              95.305448392000073,
              5.5301190860000702,
              0,
              null
            ],
            [
              95.305460169000071,
              5.5302317860000585,
              0,
              null
            ],
            [
              95.305460427000071,
              5.5302347670000245,
              0,
              null
            ],
            [
              95.305446890000042,
              5.5302353490000655,
              0,
              null
            ],
            [
              95.305305979000082,
              5.5302368650000631,
              0,
              null
            ],
            [
              95.305272183000056,
              5.530237009000075,
              0,
              null
            ],
            [
              95.305116084000076,
              5.5302376750000235,
              0,
              null
            ],
            [
              95.305101448000073,
              5.5302390700000501,
              0,
              null
            ],
            [
              95.305033541000057,
              5.5302544840000678,
              0,
              null
            ],
            [
              95.305013469000073,
              5.5302586840000458,
              0,
              null
            ],
            [
              95.305010030000062,
              5.5302493320000394,
              0,
              null
            ],
            [
              95.304995902000087,
              5.5302188070000398,
              0,
              null
            ],
            [
              95.304974844000071,
              5.5301834010000448,
              0,
              null
            ],
            [
              95.304954371000065,
              5.5301590840000472,
              0,
              null
            ],
            [
              95.304929946000073,
              5.5301463070000523,
              0,
              null
            ],
            [
              95.304896109000083,
              5.5301373990000684,
              0,
              null
            ],
            [
              95.304833680000058,
              5.5301345600000218,
              0,
              null
            ],
            [
              95.304644450000069,
              5.5301231370000323,
              0,
              null
            ],
            [
              95.304588891000037,
              5.5301261640000234,
              0,
              null
            ],
            [
              95.304564215000084,
              5.5301301470000226,
              0,
              null
            ],
            [
              95.304528514000083,
              5.5301429950000625,
              0,
              null
            ],
            [
              95.304489714000056,
              5.530157157000076,
              0,
              null
            ],
            [
              95.304268689000082,
              5.5301897020000297,
              0,
              null
            ],
            [
              95.304149873000085,
              5.5302030780000564,
              0,
              null
            ],
            [
              95.304092578000052,
              5.5302004310000257,
              0,
              null
            ],
            [
              95.304055315000085,
              5.5301934010000764,
              0,
              null
            ],
            [
              95.304028146000064,
              5.5301795960000391,
              0,
              null
            ],
            [
              95.304020490000084,
              5.5301779890000375,
              0,
              null
            ],
            [
              95.30400990000004,
              5.5301735740000595,
              0,
              null
            ],
            [
              95.303995028000031,
              5.5301654690000532,
              0,
              null
            ],
            [
              95.303959795000083,
              5.5301455390000456,
              0,
              null
            ],
            [
              95.303926758000046,
              5.5301266760000658,
              0,
              null
            ],
            [
              95.303903222000031,
              5.5301150350000512,
              0,
              null
            ],
            [
              95.303876407000075,
              5.530104662000042,
              0,
              null
            ],
            [
              95.30383886900006,
              5.5300907520000351,
              0,
              null
            ],
            [
              95.303831586000058,
              5.5300883930000282,
              0,
              null
            ],
            [
              95.303798548000032,
              5.5300776930000666,
              0,
              null
            ],
            [
              95.303777618000083,
              5.5300728750000303,
              0,
              null
            ],
            [
              95.303755134000085,
              5.530069835000063,
              0,
              null
            ],
            [
              95.303726198000049,
              5.5300684200000205,
              0,
              null
            ],
            [
              95.303649500000063,
              5.5300697960000207,
              0,
              null
            ],
            [
              95.303601666000077,
              5.5300702730000353,
              0,
              null
            ],
            [
              95.303687900000057,
              5.530683305000025,
              0,
              null
            ]
          ]
        ]
      },
      "properties" : {
        "FID" : 0,
        "OBJECTID" : 5316,
        "KDPPUM" : "11",
        "NAMOBJ" : "Geuceu Iniem",
        "REMARK" : " ",
        "KDPBPS" : " ",
        "FCODE" : "BA03070040",
        "LUASWH" : 0,
        "UUPP" : "RBI",
        "SRS_ID" : "SRGI 2013",
        "METADATA" : "TASWIL1000020200326DATA_BATAS_DESA_KELURAHAN",
        "KDEBPS" : " ",
        "KDEPUM" : "11.71.07.2003",
        "KDCBPS" : " ",
        "KDCPUM" : "11.71.07",
        "KDBBPS" : " ",
        "WADMKD" : "Geuceu Iniem",
        "WIADKD" : "0",
        "WADMKC" : "Banda Raya",
        "WIADKC" : " ",
        "WADMKK" : "Kota Banda Aceh",
        "WIADKK" : " ",
        "WADMPR" : "Aceh",
        "WIADPR" : " ",
        "TIPADM" : 9,
        "KDPKAB" : "11.71",
        "SHAPE_Leng" : 0.02938831389155,
        "SHAPE_Area" : 3.7879283507000002e-05
      }
    }
  ]
}