{
  "hasZ" : true,
  "hasM" : true,
  "type" : "FeatureCollection",
  "features" : [
    {
      "type" : "Feature",
      "id" : 0,
      "geometry" : {
        "type" : "Polygon",
        "coordinates" : [
          [
            [
              95.349792875000048,
              5.5698535900000365,
              0,
              null
            ],
            [
              95.349792874000059,
              5.5698544270000525,
              0,
              null
            ],
            [
              95.349792830000069,
              5.5699542760000327,
              0,
              null
            ],
            [
              95.349788442000033,
              5.5701100890000248,
              0,
              null
            ],
            [
              95.349784803000034,
              5.5702393510000547,
              0,
              null
            ],
            [
              95.349781874000087,
              5.5703433880000262,
              0,
              null
            ],
            [
              95.349779841000043,
              5.5703906540000503,
              0,
              null
            ],
            [
              95.349776607000081,
              5.5704658150000341,
              0,
              null
            ],
            [
              95.349774222000065,
              5.57052122500005,
              0,
              null
            ],
            [
              95.349772747000031,
              5.57062744600006,
              0,
              null
            ],
            [
              95.349771424000039,
              5.5707227560000661,
              0,
              null
            ],
            [
              95.349770428000056,
              5.5707944610000482,
              0,
              null
            ],
            [
              95.349768177000044,
              5.5708584890000452,
              0,
              null
            ],
            [
              95.349762298000087,
              5.5710257250000268,
              0,
              null
            ],
            [
              95.349759512000048,
              5.5711049570000455,
              0,
              null
            ],
            [
              95.349758948000044,
              5.5711210040000765,
              0,
              null
            ],
            [
              95.34975839100008,
              5.5711368450000691,
              0,
              null
            ],
            [
              95.349877448000086,
              5.5711333660000264,
              0,
              null
            ],
            [
              95.350064953000071,
              5.5711260110000467,
              0,
              null
            ],
            [
              95.350209926000048,
              5.5711175650000655,
              0,
              null
            ],
            [
              95.350251392000075,
              5.5711151490000361,
              0,
              null
            ],
            [
              95.350432531000081,
              5.571103350000044,
              0,
              null
            ],
            [
              95.350449387000083,
              5.571102862000032,
              0,
              null
            ],
            [
              95.350725430000068,
              5.5710948810000218,
              0,
              null
            ],
            [
              95.350773912000079,
              5.5710929390000388,
              0,
              null
            ],
            [
              95.350871930000039,
              5.5710890110000264,
              0,
              null
            ],
            [
              95.350912178000044,
              5.5710873990000209,
              0,
              null
            ],
            [
              95.351074977000053,
              5.5710808750000638,
              0,
              null
            ],
            [
              95.351121627000055,
              5.5710792690000517,
              0,
              null
            ],
            [
              95.35137407700006,
              5.5710705770000573,
              0,
              null
            ],
            [
              95.351418298000056,
              5.571068543000024,
              0,
              null
            ],
            [
              95.351435097000035,
              5.5710677710000596,
              0,
              null
            ],
            [
              95.351471015000072,
              5.5710621310000761,
              0,
              null
            ],
            [
              95.351483819000066,
              5.5710562290000212,
              0,
              null
            ],
            [
              95.351492312000062,
              5.5710697260000757,
              0,
              null
            ],
            [
              95.35150432100005,
              5.57108880800007,
              0,
              null
            ],
            [
              95.351511427000048,
              5.5711008690000767,
              0,
              null
            ],
            [
              95.351559703000078,
              5.5711827970000627,
              0,
              null
            ],
            [
              95.351580752000075,
              5.5712143230000493,
              0,
              null
            ],
            [
              95.351585004000071,
              5.5712206910000646,
              0,
              null
            ],
            [
              95.351605441000061,
              5.5712454160000675,
              0,
              null
            ],
            [
              95.351623532000076,
              5.5712613710000483,
              0,
              null
            ],
            [
              95.35164926300007,
              5.5712800830000333,
              0,
              null
            ],
            [
              95.35166464200006,
              5.5712897150000344,
              0,
              null
            ],
            [
              95.351671397000075,
              5.5712931390000335,
              0,
              null
            ],
            [
              95.351698737000049,
              5.5713069980000682,
              0,
              null
            ],
            [
              95.351739527000063,
              5.5713240870000504,
              0,
              null
            ],
            [
              95.351773393000087,
              5.571335073000057,
              0,
              null
            ],
            [
              95.351798912000049,
              5.5713430220000646,
              0,
              null
            ],
            [
              95.351796489000037,
              5.5713555190000648,
              0,
              null
            ],
            [
              95.351779882000073,
              5.5714411580000274,
              0,
              null
            ],
            [
              95.351757939000038,
              5.571551811000063,
              0,
              null
            ],
            [
              95.351739353000085,
              5.5716455360000623,
              0,
              null
            ],
            [
              95.351728909000087,
              5.5716982000000712,
              0,
              null
            ],
            [
              95.351699769000049,
              5.5718648870000607,
              0,
              null
            ],
            [
              95.351694917000032,
              5.5718926410000336,
              0,
              null
            ],
            [
              95.351668023000059,
              5.5720464740000466,
              0,
              null
            ],
            [
              95.35166775600004,
              5.5720479800000362,
              0,
              null
            ],
            [
              95.351652774000058,
              5.5721327990000304,
              0,
              null
            ],
            [
              95.351642248000076,
              5.5721923940000693,
              0,
              null
            ],
            [
              95.351620522000076,
              5.5723153980000575,
              0,
              null
            ],
            [
              95.351597171000037,
              5.5724546950000331,
              0,
              null
            ],
            [
              95.351592197000059,
              5.5724843640000472,
              0,
              null
            ],
            [
              95.351570847000062,
              5.572611724000069,
              0,
              null
            ],
            [
              95.351567818000035,
              5.5726214640000649,
              0,
              null
            ],
            [
              95.351562022000053,
              5.5726209540000582,
              0,
              null
            ],
            [
              95.351476927000078,
              5.5726134630000388,
              0,
              null
            ],
            [
              95.351391831000058,
              5.5726047360000734,
              0,
              null
            ],
            [
              95.351128453000058,
              5.5725905950000652,
              0,
              null
            ],
            [
              95.351070234000076,
              5.5725847100000578,
              0,
              null
            ],
            [
              95.35105162800005,
              5.5725860230000421,
              0,
              null
            ],
            [
              95.351050421000082,
              5.5725864040000488,
              0,
              null
            ],
            [
              95.351023506000047,
              5.5725849590000394,
              0,
              null
            ],
            [
              95.351017424000077,
              5.5725888460000306,
              0,
              null
            ],
            [
              95.351007864000053,
              5.5726075020000394,
              0,
              null
            ],
            [
              95.351001590000067,
              5.5726403310000592,
              0,
              null
            ],
            [
              95.350982758000043,
              5.57278036200006,
              0,
              null
            ],
            [
              95.350982233000082,
              5.5727842600000486,
              0,
              null
            ],
            [
              95.350978404000045,
              5.5728127340000242,
              0,
              null
            ],
            [
              95.350967039000068,
              5.5728844570000433,
              0,
              null
            ],
            [
              95.350947086000076,
              5.5730103940000504,
              0,
              null
            ],
            [
              95.350935190000087,
              5.5730854760000739,
              0,
              null
            ],
            [
              95.350929112000074,
              5.5731238340000573,
              0,
              null
            ],
            [
              95.350904399000058,
              5.5732608700000696,
              0,
              null
            ],
            [
              95.350901986000054,
              5.5732742520000329,
              0,
              null
            ],
            [
              95.350884214000075,
              5.5733768550000491,
              0,
              null
            ],
            [
              95.350883206000049,
              5.5733852260000276,
              0,
              null
            ],
            [
              95.350875784000038,
              5.5734468610000363,
              0,
              null
            ],
            [
              95.350866736000057,
              5.5735204290000411,
              0,
              null
            ],
            [
              95.350863675000085,
              5.5735453190000612,
              0,
              null
            ],
            [
              95.350862336000034,
              5.57355719800006,
              0,
              null
            ],
            [
              95.350855760000059,
              5.5736155230000577,
              0,
              null
            ],
            [
              95.350842267000075,
              5.5737352000000442,
              0,
              null
            ],
            [
              95.350835170000039,
              5.5738456120000706,
              0,
              null
            ],
            [
              95.350834072000055,
              5.5738716210000234,
              0,
              null
            ],
            [
              95.350832308000065,
              5.5739133650000667,
              0,
              null
            ],
            [
              95.350824298000077,
              5.5741030000000364,
              0,
              null
            ],
            [
              95.350823795000053,
              5.5741149310000537,
              0,
              null
            ],
            [
              95.350822970000081,
              5.5741344530000561,
              0,
              null
            ],
            [
              95.350759295000046,
              5.5741292590000739,
              0,
              null
            ],
            [
              95.350582012000075,
              5.5741148000000749,
              0,
              null
            ],
            [
              95.350272084000039,
              5.574089324000056,
              0,
              null
            ],
            [
              95.349969328000043,
              5.5740629500000409,
              0,
              null
            ],
            [
              95.349868924000077,
              5.5740512080000713,
              0,
              null
            ],
            [
              95.349838788000056,
              5.5740450850000229,
              0,
              null
            ],
            [
              95.349778005000076,
              5.5740282750000461,
              0,
              null
            ],
            [
              95.349777370000083,
              5.5740281000000209,
              0,
              null
            ],
            [
              95.349643900000046,
              5.5739812720000259,
              0,
              null
            ],
            [
              95.349616649000041,
              5.57397153200003,
              0,
              null
            ],
            [
              95.349554993000083,
              5.5739494990000367,
              0,
              null
            ],
            [
              95.349510338000073,
              5.5739335400000414,
              0,
              null
            ],
            [
              95.349314020000065,
              5.5738687060000416,
              0,
              null
            ],
            [
              95.349302143000045,
              5.5738643580000371,
              0,
              null
            ],
            [
              95.349186065000083,
              5.5738218590000201,
              0,
              null
            ],
            [
              95.34914931600008,
              5.5738095400000702,
              0,
              null
            ],
            [
              95.349149217000047,
              5.5738095070000213,
              0,
              null
            ],
            [
              95.349149348000083,
              5.5738093870000398,
              0,
              null
            ],
            [
              95.349109373000033,
              5.5737960350000435,
              0,
              null
            ],
            [
              95.348930408000058,
              5.5740211160000399,
              0,
              null
            ],
            [
              95.348826966000047,
              5.5741512130000501,
              0,
              null
            ],
            [
              95.348917663000066,
              5.5742481780000617,
              0,
              null
            ],
            [
              95.348906602000056,
              5.5742584910000232,
              0,
              null
            ],
            [
              95.348864278000065,
              5.5742979480000372,
              0,
              null
            ],
            [
              95.34882745200008,
              5.5743321540000466,
              0,
              null
            ],
            [
              95.348800081000036,
              5.5743605010000579,
              0,
              null
            ],
            [
              95.348793746000069,
              5.5743670600000428,
              0,
              null
            ],
            [
              95.34873953400006,
              5.5744342200000574,
              0,
              null
            ],
            [
              95.348711956000045,
              5.5744683850000456,
              0,
              null
            ],
            [
              95.348679222000044,
              5.574508938000065,
              0,
              null
            ],
            [
              95.348673902000087,
              5.5745184530000529,
              0,
              null
            ],
            [
              95.348668583000062,
              5.5745468250000272,
              0,
              null
            ],
            [
              95.348669813000072,
              5.5745587930000511,
              0,
              null
            ],
            [
              95.348679361000052,
              5.5745738850000635,
              0,
              null
            ],
            [
              95.348684818000038,
              5.5745786500000349,
              0,
              null
            ],
            [
              95.348700921000045,
              5.5745927080000683,
              0,
              null
            ],
            [
              95.348745149000081,
              5.5746289320000528,
              0,
              null
            ],
            [
              95.348774935000051,
              5.5746564270000363,
              0,
              null
            ],
            [
              95.348785361000068,
              5.5746718630000487,
              0,
              null
            ],
            [
              95.348798027000043,
              5.5746906130000298,
              0,
              null
            ],
            [
              95.348801689000084,
              5.5747001530000375,
              0,
              null
            ],
            [
              95.348806451000087,
              5.574712555000076,
              0,
              null
            ],
            [
              95.348810685000046,
              5.5747325470000533,
              0,
              null
            ],
            [
              95.34881021700005,
              5.5747456130000614,
              0,
              null
            ],
            [
              95.348807769000075,
              5.5747637720000398,
              0,
              null
            ],
            [
              95.348804425000083,
              5.5747735310000621,
              0,
              null
            ],
            [
              95.348727283000073,
              5.5748526550000292,
              0,
              null
            ],
            [
              95.348674716000062,
              5.5749065730000211,
              0,
              null
            ],
            [
              95.348630121000042,
              5.5749523150000755,
              0,
              null
            ],
            [
              95.348588851000045,
              5.5749960500000384,
              0,
              null
            ],
            [
              95.348555301000033,
              5.5750316050000492,
              0,
              null
            ],
            [
              95.348479799000074,
              5.5751116180000508,
              0,
              null
            ],
            [
              95.348473114000058,
              5.5751190540000266,
              0,
              null
            ],
            [
              95.348439788000064,
              5.5751561190000416,
              0,
              null
            ],
            [
              95.348367901000074,
              5.575236076000067,
              0,
              null
            ],
            [
              95.348347774000047,
              5.5752579140000762,
              0,
              null
            ],
            [
              95.348299331000078,
              5.5753104780000626,
              0,
              null
            ],
            [
              95.34825789000007,
              5.5753554430000349,
              0,
              null
            ],
            [
              95.34824775800007,
              5.575366999000039,
              0,
              null
            ],
            [
              95.348158744000045,
              5.5754685190000259,
              0,
              null
            ],
            [
              95.348134650000077,
              5.5754959990000543,
              0,
              null
            ],
            [
              95.348132358000043,
              5.5754986130000361,
              0,
              null
            ],
            [
              95.347989326000061,
              5.575652577000028,
              0,
              null
            ],
            [
              95.347957336000036,
              5.5756818350000685,
              0,
              null
            ],
            [
              95.347919743000034,
              5.575712673000055,
              0,
              null
            ],
            [
              95.347915258000057,
              5.575716352000029,
              0,
              null
            ],
            [
              95.34789551700004,
              5.5757325600000627,
              0,
              null
            ],
            [
              95.347865861000059,
              5.5757569070000272,
              0,
              null
            ],
            [
              95.347825309000086,
              5.5757932940000501,
              0,
              null
            ],
            [
              95.347633911000059,
              5.5756426510000665,
              0,
              null
            ],
            [
              95.347343103000071,
              5.575393588000054,
              0,
              null
            ],
            [
              95.347238995000055,
              5.5753098200000295,
              0,
              null
            ],
            [
              95.347111756000061,
              5.5752015120000351,
              0,
              null
            ],
            [
              95.34694046900006,
              5.5750461460000338,
              0,
              null
            ],
            [
              95.346833544000049,
              5.5749443330000759,
              0,
              null
            ],
            [
              95.34666926400007,
              5.5747891720000666,
              0,
              null
            ],
            [
              95.346544506000043,
              5.5746683330000337,
              0,
              null
            ],
            [
              95.346213256000055,
              5.574351307000029,
              0,
              null
            ],
            [
              95.345836075000079,
              5.5739874490000716,
              0,
              null
            ],
            [
              95.345774155000072,
              5.5739273600000274,
              0,
              null
            ],
            [
              95.345542327000032,
              5.5737040750000233,
              0,
              null
            ],
            [
              95.345134582000071,
              5.5733134100000257,
              0,
              null
            ],
            [
              95.345158993000041,
              5.5732613560000459,
              0,
              null
            ],
            [
              95.34520621300004,
              5.5732050190000564,
              0,
              null
            ],
            [
              95.345226495000077,
              5.5731795130000705,
              0,
              null
            ],
            [
              95.345230142000048,
              5.5731674370000519,
              0,
              null
            ],
            [
              95.345233432000043,
              5.5731565440000281,
              0,
              null
            ],
            [
              95.345252285000072,
              5.5730735900000354,
              0,
              null
            ],
            [
              95.34525694000007,
              5.5730531100000462,
              0,
              null
            ],
            [
              95.345271953000065,
              5.5729922070000271,
              0,
              null
            ],
            [
              95.345288013000072,
              5.5729270600000405,
              0,
              null
            ],
            [
              95.345299572000044,
              5.5728795110000533,
              0,
              null
            ],
            [
              95.345315706000065,
              5.5728131450000546,
              0,
              null
            ],
            [
              95.345329895000077,
              5.5727547740000318,
              0,
              null
            ],
            [
              95.34533517300008,
              5.5727322600000662,
              0,
              null
            ],
            [
              95.345365105000042,
              5.5726045710000562,
              0,
              null
            ],
            [
              95.345367254000053,
              5.5725967410000408,
              0,
              null
            ],
            [
              95.345380481000063,
              5.5725485660000231,
              0,
              null
            ],
            [
              95.345399126000075,
              5.5724806510000349,
              0,
              null
            ],
            [
              95.345436255000038,
              5.5723792690000664,
              0,
              null
            ],
            [
              95.345440908000057,
              5.5723678140000743,
              0,
              null
            ],
            [
              95.345457360000069,
              5.5723273110000378,
              0,
              null
            ],
            [
              95.345498146000068,
              5.5722269040000469,
              0,
              null
            ],
            [
              95.34550831100006,
              5.5722111910000649,
              0,
              null
            ],
            [
              95.345522684000059,
              5.5721989830000211,
              0,
              null
            ],
            [
              95.345513476000065,
              5.5720781450000345,
              0,
              null
            ],
            [
              95.345498938000048,
              5.5719808610000428,
              0,
              null
            ],
            [
              95.34551022800008,
              5.5717507120000391,
              0,
              null
            ],
            [
              95.345511713000064,
              5.5717373980000389,
              0,
              null
            ],
            [
              95.34549712900008,
              5.5717314770000712,
              0,
              null
            ],
            [
              95.345483529000035,
              5.5717259350000745,
              0,
              null
            ],
            [
              95.345488362000083,
              5.5717142440000202,
              0,
              null
            ],
            [
              95.345468468000036,
              5.5716162420000614,
              0,
              null
            ],
            [
              95.345476632000043,
              5.5714887090000502,
              0,
              null
            ],
            [
              95.345480964000046,
              5.5714210220000382,
              0,
              null
            ],
            [
              95.345513964000077,
              5.5713101300000289,
              0,
              null
            ],
            [
              95.345580425000037,
              5.5710867940000526,
              0,
              null
            ],
            [
              95.345638657000052,
              5.5708911090000583,
              0,
              null
            ],
            [
              95.34573677800006,
              5.5705613800000719,
              0,
              null
            ],
            [
              95.34573940100006,
              5.5705480790000479,
              0,
              null
            ],
            [
              95.345685188000061,
              5.5705402950000575,
              0,
              null
            ],
            [
              95.345697796000081,
              5.5705136000000266,
              0,
              null
            ],
            [
              95.345702418000087,
              5.5704911080000556,
              0,
              null
            ],
            [
              95.345711209000058,
              5.5703839150000363,
              0,
              null
            ],
            [
              95.345720594000056,
              5.5703231960000608,
              0,
              null
            ],
            [
              95.345738310000058,
              5.5702085710000233,
              0,
              null
            ],
            [
              95.345766221000076,
              5.5700279810000666,
              0,
              null
            ],
            [
              95.345793753000066,
              5.5698594370000478,
              0,
              null
            ],
            [
              95.345804777000069,
              5.5698129790000621,
              0,
              null
            ],
            [
              95.345813770000063,
              5.5698060220000229,
              0,
              null
            ],
            [
              95.345786091000036,
              5.5697594610000465,
              0,
              null
            ],
            [
              95.345781414000044,
              5.5697407850000218,
              0,
              null
            ],
            [
              95.345782230000054,
              5.5697251320000305,
              0,
              null
            ],
            [
              95.345797270000048,
              5.569645281000021,
              0,
              null
            ],
            [
              95.345813713000041,
              5.5695593380000332,
              0,
              null
            ],
            [
              95.345839394000052,
              5.5694251070000291,
              0,
              null
            ],
            [
              95.345852043000036,
              5.5693589960000622,
              0,
              null
            ],
            [
              95.34586308300004,
              5.5693012970000382,
              0,
              null
            ],
            [
              95.345863347000034,
              5.5692999140000552,
              0,
              null
            ],
            [
              95.345876752000038,
              5.5692259220000437,
              0,
              null
            ],
            [
              95.345877747000031,
              5.5692200900000444,
              0,
              null
            ],
            [
              95.345879244000059,
              5.5692121590000738,
              0,
              null
            ],
            [
              95.345887304000087,
              5.5692151110000623,
              0,
              null
            ],
            [
              95.345889951000061,
              5.5692163220000452,
              0,
              null
            ],
            [
              95.345904014000041,
              5.5692227530000764,
              0,
              null
            ],
            [
              95.345942138000055,
              5.5692401880000375,
              0,
              null
            ],
            [
              95.345999329000051,
              5.5692595950000623,
              0,
              null
            ],
            [
              95.346000276000041,
              5.5692599720000544,
              0,
              null
            ],
            [
              95.346041240000034,
              5.5692762590000484,
              0,
              null
            ],
            [
              95.346086146000061,
              5.569294113000069,
              0,
              null
            ],
            [
              95.346113718000083,
              5.5693032450000715,
              0,
              null
            ],
            [
              95.346163983000054,
              5.5693197720000285,
              0,
              null
            ],
            [
              95.346177965000038,
              5.5693243700000608,
              0,
              null
            ],
            [
              95.346242474000064,
              5.5693455800000606,
              0,
              null
            ],
            [
              95.346270711000045,
              5.569353829000022,
              0,
              null
            ],
            [
              95.346297452000044,
              5.5693592560000411,
              0,
              null
            ],
            [
              95.346302193000042,
              5.5693602180000426,
              0,
              null
            ],
            [
              95.346305612000037,
              5.5693607950000228,
              0,
              null
            ],
            [
              95.346314332000077,
              5.5693622680000203,
              0,
              null
            ],
            [
              95.346347070000036,
              5.5693677970000408,
              0,
              null
            ],
            [
              95.346374121000053,
              5.5693719210000268,
              0,
              null
            ],
            [
              95.346407356000043,
              5.5693763110000418,
              0,
              null
            ],
            [
              95.346421812000074,
              5.5693795020000607,
              0,
              null
            ],
            [
              95.346426936000057,
              5.5693806330000371,
              0,
              null
            ],
            [
              95.346437994000041,
              5.5693842410000229,
              0,
              null
            ],
            [
              95.346442454000055,
              5.5693875610000418,
              0,
              null
            ],
            [
              95.346447558000079,
              5.569391362000033,
              0,
              null
            ],
            [
              95.346460128000047,
              5.5693969800000218,
              0,
              null
            ],
            [
              95.346494444000086,
              5.5694066190000626,
              0,
              null
            ],
            [
              95.346528406000061,
              5.5694129350000594,
              0,
              null
            ],
            [
              95.34655439800008,
              5.5694177680000507,
              0,
              null
            ],
            [
              95.34659393700008,
              5.5694251200000622,
              0,
              null
            ],
            [
              95.346611247000055,
              5.5694283400000586,
              0,
              null
            ],
            [
              95.346693248000065,
              5.5694467030000396,
              0,
              null
            ],
            [
              95.346740386000079,
              5.5694572590000462,
              0,
              null
            ],
            [
              95.346835682000062,
              5.5694785990000355,
              0,
              null
            ],
            [
              95.346845750000057,
              5.5694808530000728,
              0,
              null
            ],
            [
              95.346848676000036,
              5.569481508000024,
              0,
              null
            ],
            [
              95.34686507400005,
              5.569485180000072,
              0,
              null
            ],
            [
              95.346882685000082,
              5.5694891230000394,
              0,
              null
            ],
            [
              95.346879914000056,
              5.5695023960000754,
              0,
              null
            ],
            [
              95.346858258000054,
              5.5696060690000309,
              0,
              null
            ],
            [
              95.346855322000067,
              5.5696172610000758,
              0,
              null
            ],
            [
              95.34687322700006,
              5.5696201250000286,
              0,
              null
            ],
            [
              95.346934575000034,
              5.5696299340000337,
              0,
              null
            ],
            [
              95.346973570000046,
              5.5696361700000239,
              0,
              null
            ],
            [
              95.347066560000087,
              5.5696544010000366,
              0,
              null
            ],
            [
              95.347279563000086,
              5.5697019790000581,
              0,
              null
            ],
            [
              95.347302955000032,
              5.569707582000035,
              0,
              null
            ],
            [
              95.347534645000053,
              5.5697630850000337,
              0,
              null
            ],
            [
              95.347650087000034,
              5.5697969690000377,
              0,
              null
            ],
            [
              95.347753852000039,
              5.5698274250000281,
              0,
              null
            ],
            [
              95.348045687000081,
              5.5699130800000489,
              0,
              null
            ],
            [
              95.348204225000075,
              5.5699596130000373,
              0,
              null
            ],
            [
              95.348219853000046,
              5.5699638230000232,
              0,
              null
            ],
            [
              95.348439088000077,
              5.5700228880000395,
              0,
              null
            ],
            [
              95.348463937000076,
              5.5700284610000494,
              0,
              null
            ],
            [
              95.348528226000042,
              5.5700428810000631,
              0,
              null
            ],
            [
              95.348543606000078,
              5.5700458070000423,
              0,
              null
            ],
            [
              95.348597866000034,
              5.570056131000058,
              0,
              null
            ],
            [
              95.348608971000033,
              5.5700582450000411,
              0,
              null
            ],
            [
              95.348610257000075,
              5.5700533640000458,
              0,
              null
            ],
            [
              95.348616376000052,
              5.570042891000071,
              0,
              null
            ],
            [
              95.348626387000081,
              5.570028857000068,
              0,
              null
            ],
            [
              95.348630394000054,
              5.5700247170000239,
              0,
              null
            ],
            [
              95.348641856000086,
              5.5700128690000383,
              0,
              null
            ],
            [
              95.348653839000065,
              5.5700109420000672,
              0,
              null
            ],
            [
              95.348769035000032,
              5.5700183840000363,
              0,
              null
            ],
            [
              95.348777908000045,
              5.5700190520000206,
              0,
              null
            ],
            [
              95.34898962300008,
              5.5700350100000264,
              0,
              null
            ],
            [
              95.349013065000065,
              5.5700367780000306,
              0,
              null
            ],
            [
              95.349180740000065,
              5.5700494160000744,
              0,
              null
            ],
            [
              95.349194276000048,
              5.5700504360000309,
              0,
              null
            ],
            [
              95.349193945000081,
              5.5699305990000312,
              0,
              null
            ],
            [
              95.349192689000063,
              5.5698189700000285,
              0,
              null
            ],
            [
              95.349200947000043,
              5.5698185500000363,
              0,
              null
            ],
            [
              95.349237465000044,
              5.5698180500000376,
              0,
              null
            ],
            [
              95.349711780000064,
              5.5698511060000442,
              0,
              null
            ],
            [
              95.349792875000048,
              5.5698535900000365,
              0,
              null
            ]
          ]
        ]
      },
      "properties" : {
        "FID" : 0,
        "OBJECTID" : 15889,
        "KDPPUM" : "11",
        "NAMOBJ" : "Peurada",
        "REMARK" : " ",
        "KDPBPS" : " ",
        "FCODE" : "BA03070040",
        "LUASWH" : 0,
        "UUPP" : "RBI",
        "SRS_ID" : "SRGI 2013",
        "METADATA" : "TASWIL1000020200326DATA_BATAS_DESA_KELURAHAN",
        "KDEBPS" : " ",
        "KDEPUM" : "11.71.04.2010",
        "KDCBPS" : " ",
        "KDCPUM" : "11.71.04",
        "KDBBPS" : " ",
        "WADMKD" : "Peurada",
        "WIADKD" : "0",
        "WADMKC" : "Syiah Kuala",
        "WIADKC" : " ",
        "WADMKK" : "Kota Banda Aceh",
        "WIADKK" : " ",
        "WADMPR" : "Aceh",
        "WIADPR" : " ",
        "TIPADM" : 9,
        "KDPKAB" : "11.71",
        "SHAPE_Leng" : 0.023720990190464,
        "SHAPE_Area" : 2.5676238613000001e-05
      }
    }
  ]
}