{
  "hasZ" : true,
  "hasM" : true,
  "type" : "FeatureCollection",
  "features" : [
    {
      "type" : "Feature",
      "id" : 0,
      "geometry" : {
        "type" : "Polygon",
        "coordinates" : [
          [
            [
              95.354211710000072,
              5.5538879450000422,
              0,
              null
            ],
            [
              95.354166629000076,
              5.5539356950000638,
              0,
              null
            ],
            [
              95.354069252000045,
              5.5540388370000642,
              0,
              null
            ],
            [
              95.353997616000072,
              5.5541167040000232,
              0,
              null
            ],
            [
              95.353951868000081,
              5.5541845960000273,
              0,
              null
            ],
            [
              95.35393405700006,
              5.5542280410000444,
              0,
              null
            ],
            [
              95.353926699000056,
              5.5542459900000267,
              0,
              null
            ],
            [
              95.353911697000058,
              5.5543029770000203,
              0,
              null
            ],
            [
              95.353880310000079,
              5.5544389660000206,
              0,
              null
            ],
            [
              95.353876123000077,
              5.5544617710000352,
              0,
              null
            ],
            [
              95.353873699000076,
              5.5544749690000685,
              0,
              null
            ],
            [
              95.353870716000074,
              5.5544912170000202,
              0,
              null
            ],
            [
              95.353867972000046,
              5.5545061620000524,
              0,
              null
            ],
            [
              95.353856786000051,
              5.5545670780000478,
              0,
              null
            ],
            [
              95.353832330000046,
              5.5546875470000714,
              0,
              null
            ],
            [
              95.353818647000082,
              5.5547460160000242,
              0,
              null
            ],
            [
              95.353814331000081,
              5.5547644580000224,
              0,
              null
            ],
            [
              95.35381424600007,
              5.5547647730000449,
              0,
              null
            ],
            [
              95.353794013000083,
              5.5548390560000485,
              0,
              null
            ],
            [
              95.353783627000041,
              5.5548770520000517,
              0,
              null
            ],
            [
              95.353740907000031,
              5.5549986870000225,
              0,
              null
            ],
            [
              95.353716303000056,
              5.5550756280000542,
              0,
              null
            ],
            [
              95.353706999000053,
              5.5551047210000206,
              0,
              null
            ],
            [
              95.353697272000034,
              5.5551351410000507,
              0,
              null
            ],
            [
              95.353667949000055,
              5.5552296610000553,
              0,
              null
            ],
            [
              95.353665690000071,
              5.5552345030000652,
              0,
              null
            ],
            [
              95.353629144000081,
              5.5553128470000388,
              0,
              null
            ],
            [
              95.353581558000087,
              5.5553971800000568,
              0,
              null
            ],
            [
              95.35352032600008,
              5.5554870900000424,
              0,
              null
            ],
            [
              95.35347435500006,
              5.5555647100000556,
              0,
              null
            ],
            [
              95.353451362000044,
              5.5556119150000427,
              0,
              null
            ],
            [
              95.353434857000082,
              5.5556458020000719,
              0,
              null
            ],
            [
              95.353393723000067,
              5.5557406830000673,
              0,
              null
            ],
            [
              95.353377805000036,
              5.5557774010000571,
              0,
              null
            ],
            [
              95.35331844500007,
              5.5559138630000575,
              0,
              null
            ],
            [
              95.353292690000046,
              5.5559716250000406,
              0,
              null
            ],
            [
              95.353290037000079,
              5.5559775740000532,
              0,
              null
            ],
            [
              95.353254941000046,
              5.5560857750000423,
              0,
              null
            ],
            [
              95.353221892000079,
              5.5561922700000537,
              0,
              null
            ],
            [
              95.353212245000066,
              5.5562425700000517,
              0,
              null
            ],
            [
              95.353207817000055,
              5.5562656530000254,
              0,
              null
            ],
            [
              95.353202730000078,
              5.5562921820000497,
              0,
              null
            ],
            [
              95.353188447000036,
              5.556393890000038,
              0,
              null
            ],
            [
              95.353174135000074,
              5.5564928240000313,
              0,
              null
            ],
            [
              95.35316729300007,
              5.5565442920000692,
              0,
              null
            ],
            [
              95.353145491000078,
              5.5567083000000252,
              0,
              null
            ],
            [
              95.353137785000058,
              5.5567779150000547,
              0,
              null
            ],
            [
              95.353134522000062,
              5.5568073930000423,
              0,
              null
            ],
            [
              95.353120026000056,
              5.5569383430000698,
              0,
              null
            ],
            [
              95.353116503000081,
              5.5569748920000279,
              0,
              null
            ],
            [
              95.353107680000051,
              5.5570664550000402,
              0,
              null
            ],
            [
              95.353102269000033,
              5.5571555370000283,
              0,
              null
            ],
            [
              95.353092913000069,
              5.5572935230000553,
              0,
              null
            ],
            [
              95.353089102000069,
              5.5573497370000382,
              0,
              null
            ],
            [
              95.353087004000031,
              5.557378275000076,
              0,
              null
            ],
            [
              95.353079156000035,
              5.5574850080000715,
              0,
              null
            ],
            [
              95.353065563000087,
              5.5576625140000715,
              0,
              null
            ],
            [
              95.353056846000072,
              5.5577847920000636,
              0,
              null
            ],
            [
              95.353053954000075,
              5.5578083410000545,
              0,
              null
            ],
            [
              95.353047582000045,
              5.5578602180000303,
              0,
              null
            ],
            [
              95.35304504000004,
              5.5578809130000764,
              0,
              null
            ],
            [
              95.35303046000007,
              5.5579764820000719,
              0,
              null
            ],
            [
              95.353016518000061,
              5.5580678710000484,
              0,
              null
            ],
            [
              95.35301144400006,
              5.558110255000031,
              0,
              null
            ],
            [
              95.353003900000033,
              5.5581732700000543,
              0,
              null
            ],
            [
              95.353000349000069,
              5.558192770000062,
              0,
              null
            ],
            [
              95.352993262000041,
              5.5582316780000269,
              0,
              null
            ],
            [
              95.352992475000065,
              5.5582316070000388,
              0,
              null
            ],
            [
              95.352874007000082,
              5.5582209640000428,
              0,
              null
            ],
            [
              95.352359799000055,
              5.5581442510000443,
              0,
              null
            ],
            [
              95.352117701000054,
              5.5581279970000423,
              0,
              null
            ],
            [
              95.351566931000036,
              5.5581089280000242,
              0,
              null
            ],
            [
              95.351491672000066,
              5.5581016150000551,
              0,
              null
            ],
            [
              95.351488336000045,
              5.5581036890000632,
              0,
              null
            ],
            [
              95.350979848000065,
              5.5580606930000727,
              0,
              null
            ],
            [
              95.349992021000048,
              5.5579976150000334,
              0,
              null
            ],
            [
              95.349638681000044,
              5.5579681690000484,
              0,
              null
            ],
            [
              95.349553617000083,
              5.5579455490000669,
              0,
              null
            ],
            [
              95.349260110000046,
              5.557846272000063,
              0,
              null
            ],
            [
              95.349164569000038,
              5.5578126110000312,
              0,
              null
            ],
            [
              95.349159499000052,
              5.5578056890000767,
              0,
              null
            ],
            [
              95.349145761000045,
              5.5577993810000521,
              0,
              null
            ],
            [
              95.349114196000073,
              5.5577925260000711,
              0,
              null
            ],
            [
              95.349074638000047,
              5.5577839360000212,
              0,
              null
            ],
            [
              95.349035226000069,
              5.5577731560000529,
              0,
              null
            ],
            [
              95.349011221000069,
              5.5577641940000717,
              0,
              null
            ],
            [
              95.349006459000066,
              5.5577614210000661,
              0,
              null
            ],
            [
              95.348985694000078,
              5.5577493270000673,
              0,
              null
            ],
            [
              95.348968872000057,
              5.5577345820000232,
              0,
              null
            ],
            [
              95.348962392000033,
              5.5577289020000649,
              0,
              null
            ],
            [
              95.348947258000067,
              5.5577071420000266,
              0,
              null
            ],
            [
              95.348941416000059,
              5.5576943660000211,
              0,
              null
            ],
            [
              95.34892874500008,
              5.5576817980000328,
              0,
              null
            ],
            [
              95.348910114000034,
              5.5576722280000581,
              0,
              null
            ],
            [
              95.348900575000073,
              5.5576689110000643,
              0,
              null
            ],
            [
              95.348878938000041,
              5.5576613880000423,
              0,
              null
            ],
            [
              95.348876319000055,
              5.5576606670000501,
              0,
              null
            ],
            [
              95.348752925000042,
              5.5576267100000223,
              0,
              null
            ],
            [
              95.348695023000062,
              5.5576106130000653,
              0,
              null
            ],
            [
              95.348657581000055,
              5.557600204000039,
              0,
              null
            ],
            [
              95.348634451000066,
              5.5575937730000646,
              0,
              null
            ],
            [
              95.348619162000034,
              5.5575884450000217,
              0,
              null
            ],
            [
              95.348572650000051,
              5.557572235000066,
              0,
              null
            ],
            [
              95.348485502000074,
              5.5575378450000699,
              0,
              null
            ],
            [
              95.348461196000073,
              5.5575283910000621,
              0,
              null
            ],
            [
              95.348401998000043,
              5.5575053660000435,
              0,
              null
            ],
            [
              95.348356207000052,
              5.5574831050000739,
              0,
              null
            ],
            [
              95.348295101000076,
              5.5574478790000512,
              0,
              null
            ],
            [
              95.348285931000078,
              5.5574417970000241,
              0,
              null
            ],
            [
              95.348268589000043,
              5.5574302950000742,
              0,
              null
            ],
            [
              95.34823579600004,
              5.5574119320000364,
              0,
              null
            ],
            [
              95.348199367000063,
              5.5573913870000524,
              0,
              null
            ],
            [
              95.348181671000077,
              5.5573827050000659,
              0,
              null
            ],
            [
              95.348148396000056,
              5.5573663800000759,
              0,
              null
            ],
            [
              95.348107277000054,
              5.557350490000033,
              0,
              null
            ],
            [
              95.34809862700007,
              5.5573474780000538,
              0,
              null
            ],
            [
              95.348093641000048,
              5.5573457410000628,
              0,
              null
            ],
            [
              95.348007308000035,
              5.5573156720000725,
              0,
              null
            ],
            [
              95.347906563000038,
              5.5572780490000468,
              0,
              null
            ],
            [
              95.347884091000083,
              5.557269657000063,
              0,
              null
            ],
            [
              95.347864213000037,
              5.557261785000037,
              0,
              null
            ],
            [
              95.347819090000087,
              5.5572439120000467,
              0,
              null
            ],
            [
              95.347772157000065,
              5.5572253230000683,
              0,
              null
            ],
            [
              95.347766032000038,
              5.5572228980000205,
              0,
              null
            ],
            [
              95.34771291900006,
              5.5572058720000541,
              0,
              null
            ],
            [
              95.347626980000086,
              5.5571805430000722,
              0,
              null
            ],
            [
              95.347556814000086,
              5.5571583880000617,
              0,
              null
            ],
            [
              95.347501942000065,
              5.5571461320000708,
              0,
              null
            ],
            [
              95.347485995000056,
              5.5571425810000505,
              0,
              null
            ],
            [
              95.347426538000036,
              5.5571293400000741,
              0,
              null
            ],
            [
              95.34738817200008,
              5.5571218830000362,
              0,
              null
            ],
            [
              95.347337346000074,
              5.5571120050000218,
              0,
              null
            ],
            [
              95.347276975000057,
              5.5571011470000258,
              0,
              null
            ],
            [
              95.347264771000084,
              5.5570989520000467,
              0,
              null
            ],
            [
              95.347170884000036,
              5.5570843210000476,
              0,
              null
            ],
            [
              95.347103748000052,
              5.5570738590000701,
              0,
              null
            ],
            [
              95.347082948000036,
              5.5570706060000248,
              0,
              null
            ],
            [
              95.347033955000086,
              5.5570629440000516,
              0,
              null
            ],
            [
              95.346988924000073,
              5.5570559030000481,
              0,
              null
            ],
            [
              95.346932582000079,
              5.5570482370000605,
              0,
              null
            ],
            [
              95.346904565000045,
              5.5570444240000256,
              0,
              null
            ],
            [
              95.346876748000057,
              5.5570415570000478,
              0,
              null
            ],
            [
              95.346861678000039,
              5.5570400030000542,
              0,
              null
            ],
            [
              95.34681265100005,
              5.5570389420000765,
              0,
              null
            ],
            [
              95.346708655000043,
              5.5570423700000333,
              0,
              null
            ],
            [
              95.346700578000082,
              5.5570426360000624,
              0,
              null
            ],
            [
              95.346618069000044,
              5.5570436290000202,
              0,
              null
            ],
            [
              95.346616529000073,
              5.5570436700000414,
              0,
              null
            ],
            [
              95.346575636000068,
              5.5570447380000587,
              0,
              null
            ],
            [
              95.346526749000077,
              5.5570447240000362,
              0,
              null
            ],
            [
              95.346476101000064,
              5.5570397280000634,
              0,
              null
            ],
            [
              95.346435770000085,
              5.5570309210000346,
              0,
              null
            ],
            [
              95.346425802000056,
              5.5570287450000251,
              0,
              null
            ],
            [
              95.346381791000056,
              5.5570191330000398,
              0,
              null
            ],
            [
              95.346321820000071,
              5.5570036630000459,
              0,
              null
            ],
            [
              95.34629745400008,
              5.5569973770000729,
              0,
              null
            ],
            [
              95.346291588000042,
              5.5569959000000608,
              0,
              null
            ],
            [
              95.34625027900006,
              5.5569854980000741,
              0,
              null
            ],
            [
              95.346175079000034,
              5.5569703670000763,
              0,
              null
            ],
            [
              95.346109650000074,
              5.5569597350000208,
              0,
              null
            ],
            [
              95.346091874000081,
              5.5569577310000682,
              0,
              null
            ],
            [
              95.346049784000058,
              5.5569529860000557,
              0,
              null
            ],
            [
              95.346025636000036,
              5.5569516080000767,
              0,
              null
            ],
            [
              95.345981675000075,
              5.5569490990000645,
              0,
              null
            ],
            [
              95.345877679000068,
              5.5569453270000508,
              0,
              null
            ],
            [
              95.345836940000083,
              5.5569449780000468,
              0,
              null
            ],
            [
              95.345822872000042,
              5.5569448580000653,
              0,
              null
            ],
            [
              95.345757448000086,
              5.5569469980000576,
              0,
              null
            ],
            [
              95.34572010100004,
              5.5569492940000487,
              0,
              null
            ],
            [
              95.345648839000035,
              5.5569536760000346,
              0,
              null
            ],
            [
              95.345568839000066,
              5.5569581980000748,
              0,
              null
            ],
            [
              95.345519997000054,
              5.5569609580000474,
              0,
              null
            ],
            [
              95.345419919000051,
              5.5569671500000482,
              0,
              null
            ],
            [
              95.345407482000041,
              5.5569672310000442,
              0,
              null
            ],
            [
              95.345389584000031,
              5.5569673480000574,
              0,
              null
            ],
            [
              95.34535605800005,
              5.5569675660000257,
              0,
              null
            ],
            [
              95.345286746000056,
              5.5569628970000622,
              0,
              null
            ],
            [
              95.345270808000066,
              5.5569608020000487,
              0,
              null
            ],
            [
              95.345245036000051,
              5.5569574140000668,
              0,
              null
            ],
            [
              95.345228739000049,
              5.5569535590000214,
              0,
              null
            ],
            [
              95.345209856000054,
              5.5569490930000711,
              0,
              null
            ],
            [
              95.345187820000035,
              5.5569425150000598,
              0,
              null
            ],
            [
              95.345161359000031,
              5.556934616000035,
              0,
              null
            ],
            [
              95.345136163000063,
              5.5569270960000381,
              0,
              null
            ],
            [
              95.345128503000069,
              5.5569244150000259,
              0,
              null
            ],
            [
              95.345075880000081,
              5.5569060030000514,
              0,
              null
            ],
            [
              95.345036723000078,
              5.5568936490000738,
              0,
              null
            ],
            [
              95.344988777000083,
              5.5568829650000566,
              0,
              null
            ],
            [
              95.34498287100007,
              5.5568818800000486,
              0,
              null
            ],
            [
              95.344950850000032,
              5.5568759930000624,
              0,
              null
            ],
            [
              95.344937778000087,
              5.5568737310000529,
              0,
              null
            ],
            [
              95.344827488000078,
              5.556854645000044,
              0,
              null
            ],
            [
              95.34481465500005,
              5.5568532070000742,
              0,
              null
            ],
            [
              95.344721177000054,
              5.5568427290000386,
              0,
              null
            ],
            [
              95.344708809000053,
              5.5568409740000675,
              0,
              null
            ],
            [
              95.344590880000055,
              5.5568242290000285,
              0,
              null
            ],
            [
              95.344538731000057,
              5.5568186680000622,
              0,
              null
            ],
            [
              95.344471810000073,
              5.5568115320000402,
              0,
              null
            ],
            [
              95.344434179000075,
              5.5568070670000225,
              0,
              null
            ],
            [
              95.344419840000057,
              5.5568053660000487,
              0,
              null
            ],
            [
              95.344393184000069,
              5.5568016440000747,
              0,
              null
            ],
            [
              95.34437508700006,
              5.5567991170000255,
              0,
              null
            ],
            [
              95.344351696000047,
              5.5567963990000635,
              0,
              null
            ],
            [
              95.344315804000075,
              5.5567927030000419,
              0,
              null
            ],
            [
              95.344273570000041,
              5.5567870830000743,
              0,
              null
            ],
            [
              95.344280502000061,
              5.5567253130000722,
              0,
              null
            ],
            [
              95.344344281000076,
              5.5561296340000581,
              0,
              null
            ],
            [
              95.344365834000087,
              5.5559426420000477,
              0,
              null
            ],
            [
              95.34442286400008,
              5.5554769730000544,
              0,
              null
            ],
            [
              95.344459060000077,
              5.5551621380000711,
              0,
              null
            ],
            [
              95.344501735000051,
              5.5551681980000467,
              0,
              null
            ],
            [
              95.344537591000062,
              5.555172270000071,
              0,
              null
            ],
            [
              95.344578335000051,
              5.555185639000058,
              0,
              null
            ],
            [
              95.344662842000048,
              5.5552118500000347,
              0,
              null
            ],
            [
              95.34480581300005,
              5.5552482700000496,
              0,
              null
            ],
            [
              95.344945560000042,
              5.5552745600000435,
              0,
              null
            ],
            [
              95.34498658800004,
              5.5552788180000334,
              0,
              null
            ],
            [
              95.345048313000063,
              5.5552836430000525,
              0,
              null
            ],
            [
              95.345096324000053,
              5.5552892850000717,
              0,
              null
            ],
            [
              95.345098406000034,
              5.5552758780000318,
              0,
              null
            ],
            [
              95.345114801000079,
              5.5551995280000597,
              0,
              null
            ],
            [
              95.345168361000049,
              5.5549304600000369,
              0,
              null
            ],
            [
              95.34519214900007,
              5.5548183000000222,
              0,
              null
            ],
            [
              95.345227647000058,
              5.5546652830000767,
              0,
              null
            ],
            [
              95.345239492000076,
              5.5546148240000548,
              0,
              null
            ],
            [
              95.345269167000083,
              5.5544884150000371,
              0,
              null
            ],
            [
              95.34527350500008,
              5.5544770220000714,
              0,
              null
            ],
            [
              95.345293024000057,
              5.5544257530000323,
              0,
              null
            ],
            [
              95.34532303900005,
              5.5543756480000752,
              0,
              null
            ],
            [
              95.345335587000079,
              5.5543610260000378,
              0,
              null
            ],
            [
              95.345363745000043,
              5.5543282120000299,
              0,
              null
            ],
            [
              95.34540856700005,
              5.5542903870000373,
              0,
              null
            ],
            [
              95.345442788000071,
              5.5542636860000698,
              0,
              null
            ],
            [
              95.345517470000061,
              5.5542106710000212,
              0,
              null
            ],
            [
              95.345645632000071,
              5.5541196930000751,
              0,
              null
            ],
            [
              95.345748334000064,
              5.5540427070000646,
              0,
              null
            ],
            [
              95.345796251000081,
              5.554002836000052,
              0,
              null
            ],
            [
              95.345820399000047,
              5.5539771420000648,
              0,
              null
            ],
            [
              95.345845692000069,
              5.5539514340000551,
              0,
              null
            ],
            [
              95.345861524000043,
              5.5539352230000532,
              0,
              null
            ],
            [
              95.345873626000071,
              5.5539228320000689,
              0,
              null
            ],
            [
              95.345920392000039,
              5.5538724620000721,
              0,
              null
            ],
            [
              95.34596397100006,
              5.5538307380000447,
              0,
              null
            ],
            [
              95.346001638000075,
              5.5537946750000629,
              0,
              null
            ],
            [
              95.346045442000047,
              5.5537561230000279,
              0,
              null
            ],
            [
              95.346046723000086,
              5.5537549950000766,
              0,
              null
            ],
            [
              95.346129758000075,
              5.5536827150000363,
              0,
              null
            ],
            [
              95.346192672000086,
              5.5536299580000446,
              0,
              null
            ],
            [
              95.346252618000051,
              5.5535828700000707,
              0,
              null
            ],
            [
              95.346298533000038,
              5.5535468040000637,
              0,
              null
            ],
            [
              95.346328908000032,
              5.5535235930000226,
              0,
              null
            ],
            [
              95.346419577000063,
              5.5534543060000487,
              0,
              null
            ],
            [
              95.346516220000069,
              5.5533806790000426,
              0,
              null
            ],
            [
              95.346557403000077,
              5.5533452930000635,
              0,
              null
            ],
            [
              95.346579102000078,
              5.553326648000052,
              0,
              null
            ],
            [
              95.346616458000085,
              5.5532920700000545,
              0,
              null
            ],
            [
              95.346664118000035,
              5.55324438100007,
              0,
              null
            ],
            [
              95.34675126500008,
              5.5531534190000684,
              0,
              null
            ],
            [
              95.346766136000042,
              5.5531378510000309,
              0,
              null
            ],
            [
              95.346829885000034,
              5.5530711140000335,
              0,
              null
            ],
            [
              95.346861857000079,
              5.5530354090000742,
              0,
              null
            ],
            [
              95.346913720000032,
              5.5529774900000461,
              0,
              null
            ],
            [
              95.34701321700004,
              5.5528591630000506,
              0,
              null
            ],
            [
              95.347051423000039,
              5.5528069030000324,
              0,
              null
            ],
            [
              95.347062962000052,
              5.5527911190000623,
              0,
              null
            ],
            [
              95.347072261000051,
              5.5527793990000305,
              0,
              null
            ],
            [
              95.347085933000074,
              5.5527621660000364,
              0,
              null
            ],
            [
              95.347100345000058,
              5.5527462350000292,
              0,
              null
            ],
            [
              95.347132532000046,
              5.5527106570000342,
              0,
              null
            ],
            [
              95.347187794000035,
              5.5526504820000468,
              0,
              null
            ],
            [
              95.347212224000032,
              5.5526236250000238,
              0,
              null
            ],
            [
              95.347315890000061,
              5.5525096610000446,
              0,
              null
            ],
            [
              95.347338752000041,
              5.5524737490000575,
              0,
              null
            ],
            [
              95.347346193000078,
              5.552455200000054,
              0,
              null
            ],
            [
              95.347362523000072,
              5.5524144950000505,
              0,
              null
            ],
            [
              95.347383310000055,
              5.5523555780000606,
              0,
              null
            ],
            [
              95.347403211000085,
              5.5522759100000485,
              0,
              null
            ],
            [
              95.34741131800007,
              5.5522225930000673,
              0,
              null
            ],
            [
              95.347411742000077,
              5.5522013910000396,
              0,
              null
            ],
            [
              95.347412291000069,
              5.5521740210000416,
              0,
              null
            ],
            [
              95.347411274000081,
              5.5521387200000731,
              0,
              null
            ],
            [
              95.347429692000048,
              5.5521370730000399,
              0,
              null
            ],
            [
              95.347477428000047,
              5.5521328060000315,
              0,
              null
            ],
            [
              95.347505665000085,
              5.5521302810000748,
              0,
              null
            ],
            [
              95.347532939000075,
              5.5521277420000388,
              0,
              null
            ],
            [
              95.347673229000065,
              5.5521146830000703,
              0,
              null
            ],
            [
              95.347691263000058,
              5.5521132360000252,
              0,
              null
            ],
            [
              95.347843354000076,
              5.5521010270000488,
              0,
              null
            ],
            [
              95.34806455100005,
              5.5520801150000239,
              0,
              null
            ],
            [
              95.348117220000063,
              5.5520751350000523,
              0,
              null
            ],
            [
              95.348234846000082,
              5.5520647280000617,
              0,
              null
            ],
            [
              95.348349745000064,
              5.5520545600000446,
              0,
              null
            ],
            [
              95.348444405000066,
              5.5520447800000738,
              0,
              null
            ],
            [
              95.348585271000047,
              5.5520302250000668,
              0,
              null
            ],
            [
              95.348679764000053,
              5.5520211820000327,
              0,
              null
            ],
            [
              95.348744362000048,
              5.5520150000000399,
              0,
              null
            ],
            [
              95.348799235000058,
              5.5520097480000459,
              0,
              null
            ],
            [
              95.348904732000051,
              5.5520016100000475,
              0,
              null
            ],
            [
              95.349123552000037,
              5.5519847310000614,
              0,
              null
            ],
            [
              95.349194456000077,
              5.5519766690000552,
              0,
              null
            ],
            [
              95.349413863000052,
              5.5519517230000588,
              0,
              null
            ],
            [
              95.349443546000032,
              5.5519489780000413,
              0,
              null
            ],
            [
              95.34944562000004,
              5.5519841870000732,
              0,
              null
            ],
            [
              95.349444948000041,
              5.5520072630000641,
              0,
              null
            ],
            [
              95.349443349000069,
              5.55206208900006,
              0,
              null
            ],
            [
              95.349438926000062,
              5.552143539000042,
              0,
              null
            ],
            [
              95.349428046000071,
              5.5522527990000299,
              0,
              null
            ],
            [
              95.349423228000035,
              5.5523436420000394,
              0,
              null
            ],
            [
              95.349423794000074,
              5.5523771290000354,
              0,
              null
            ],
            [
              95.349428597000042,
              5.5523939950000454,
              0,
              null
            ],
            [
              95.349450792000084,
              5.5524197310000432,
              0,
              null
            ],
            [
              95.349475677000044,
              5.5524362510000742,
              0,
              null
            ],
            [
              95.349482721000072,
              5.5524409270000206,
              0,
              null
            ],
            [
              95.349542663000079,
              5.5524600320000559,
              0,
              null
            ],
            [
              95.349645354000074,
              5.5524854020000589,
              0,
              null
            ],
            [
              95.349753275000069,
              5.5525147740000307,
              0,
              null
            ],
            [
              95.349762740000074,
              5.5525059060000217,
              0,
              null
            ],
            [
              95.349891574000083,
              5.5524675740000475,
              0,
              null
            ],
            [
              95.349897060000046,
              5.5524653650000459,
              0,
              null
            ],
            [
              95.35000141200004,
              5.5524568330000648,
              0,
              null
            ],
            [
              95.350079255000082,
              5.5524458070000264,
              0,
              null
            ],
            [
              95.350144752000062,
              5.5524365300000227,
              0,
              null
            ],
            [
              95.35018918600008,
              5.552426085000036,
              0,
              null
            ],
            [
              95.350194479000038,
              5.5524277360000269,
              0,
              null
            ],
            [
              95.350197485000081,
              5.5524329130000751,
              0,
              null
            ],
            [
              95.350197764000086,
              5.5524393560000362,
              0,
              null
            ],
            [
              95.350204430000076,
              5.5525530760000379,
              0,
              null
            ],
            [
              95.35023030800005,
              5.5525860380000722,
              0,
              null
            ],
            [
              95.350225700000067,
              5.5526003650000462,
              0,
              null
            ],
            [
              95.350229210000066,
              5.5527928140000427,
              0,
              null
            ],
            [
              95.350231170000086,
              5.5529002680000303,
              0,
              null
            ],
            [
              95.350231058000077,
              5.5529115790000674,
              0,
              null
            ],
            [
              95.350308170000062,
              5.552915993000056,
              0,
              null
            ],
            [
              95.350348531000066,
              5.5529181620000259,
              0,
              null
            ],
            [
              95.350388811000073,
              5.552920327000038,
              0,
              null
            ],
            [
              95.350445799000056,
              5.55292720500006,
              0,
              null
            ],
            [
              95.350452541000038,
              5.5529281190000574,
              0,
              null
            ],
            [
              95.350452653000048,
              5.5529395520000548,
              0,
              null
            ],
            [
              95.350452937000057,
              5.5529663690000461,
              0,
              null
            ],
            [
              95.350453208000033,
              5.5529711310000494,
              0,
              null
            ],
            [
              95.350455370000077,
              5.5530089960000737,
              0,
              null
            ],
            [
              95.350457654000081,
              5.5530319710000526,
              0,
              null
            ],
            [
              95.350461882000047,
              5.5530745120000233,
              0,
              null
            ],
            [
              95.350475489000075,
              5.5531640970000353,
              0,
              null
            ],
            [
              95.350476816000082,
              5.5531709710000428,
              0,
              null
            ],
            [
              95.350489735000053,
              5.5532379510000283,
              0,
              null
            ],
            [
              95.350501537000071,
              5.5532991340000422,
              0,
              null
            ],
            [
              95.35051505000007,
              5.5533678830000213,
              0,
              null
            ],
            [
              95.350520233000054,
              5.5533942530000218,
              0,
              null
            ],
            [
              95.350521452000066,
              5.553400454000041,
              0,
              null
            ],
            [
              95.35053388700004,
              5.5534628820000762,
              0,
              null
            ],
            [
              95.350532141000087,
              5.5534775680000621,
              0,
              null
            ],
            [
              95.350545321000084,
              5.5535393440000576,
              0,
              null
            ],
            [
              95.350551287000087,
              5.5535393210000734,
              0,
              null
            ],
            [
              95.350571487000082,
              5.5535421430000724,
              0,
              null
            ],
            [
              95.350589762000084,
              5.5536127250000504,
              0,
              null
            ],
            [
              95.350614593000046,
              5.5537086310000632,
              0,
              null
            ],
            [
              95.350648744000068,
              5.5538305030000288,
              0,
              null
            ],
            [
              95.350653211000065,
              5.5538378160000548,
              0,
              null
            ],
            [
              95.350660369000082,
              5.5538433370000462,
              0,
              null
            ],
            [
              95.350671133000048,
              5.5538514380000379,
              0,
              null
            ],
            [
              95.350683261000086,
              5.55385820500004,
              0,
              null
            ],
            [
              95.350765075000083,
              5.5538192650000724,
              0,
              null
            ],
            [
              95.350849794000055,
              5.5537828080000509,
              0,
              null
            ],
            [
              95.350884883000049,
              5.5537705200000573,
              0,
              null
            ],
            [
              95.350944279000032,
              5.5537567620000345,
              0,
              null
            ],
            [
              95.351001591000056,
              5.5537496550000469,
              0,
              null
            ],
            [
              95.351037104000056,
              5.5537486010000521,
              0,
              null
            ],
            [
              95.351120180000066,
              5.5537483600000428,
              0,
              null
            ],
            [
              95.351199928000085,
              5.5537526980000393,
              0,
              null
            ],
            [
              95.351272624000046,
              5.5537555810000754,
              0,
              null
            ],
            [
              95.351440438000054,
              5.5537688240000307,
              0,
              null
            ],
            [
              95.351602018000051,
              5.5537822810000534,
              0,
              null
            ],
            [
              95.351726196000072,
              5.5537944260000245,
              0,
              null
            ],
            [
              95.351737360000072,
              5.5537960900000485,
              0,
              null
            ],
            [
              95.351743294000073,
              5.5537647670000752,
              0,
              null
            ],
            [
              95.351749023000082,
              5.5536989320000316,
              0,
              null
            ],
            [
              95.35174396900004,
              5.5536233950000451,
              0,
              null
            ],
            [
              95.351738607000073,
              5.5536108570000238,
              0,
              null
            ],
            [
              95.351748605000068,
              5.5536055480000641,
              0,
              null
            ],
            [
              95.351776589000053,
              5.5535979830000315,
              0,
              null
            ],
            [
              95.351803483000083,
              5.5535983820000752,
              0,
              null
            ],
            [
              95.351955231000034,
              5.553598303000058,
              0,
              null
            ],
            [
              95.352063399000087,
              5.5535991010000316,
              0,
              null
            ],
            [
              95.352135600000054,
              5.5535977550000553,
              0,
              null
            ],
            [
              95.352189229000032,
              5.5535967560000472,
              0,
              null
            ],
            [
              95.35225130300006,
              5.5535985330000699,
              0,
              null
            ],
            [
              95.35231721100007,
              5.5536027270000545,
              0,
              null
            ],
            [
              95.352351188000057,
              5.5536040290000415,
              0,
              null
            ],
            [
              95.352498423000043,
              5.5536096700000712,
              0,
              null
            ],
            [
              95.352525917000037,
              5.5536096950000342,
              0,
              null
            ],
            [
              95.352714133000063,
              5.5536098680000237,
              0,
              null
            ],
            [
              95.352719058000048,
              5.5536098990000369,
              0,
              null
            ],
            [
              95.352730362000045,
              5.5536099710000713,
              0,
              null
            ],
            [
              95.352732508000031,
              5.5536436910000475,
              0,
              null
            ],
            [
              95.352742085000045,
              5.5536564520000411,
              0,
              null
            ],
            [
              95.352757071000042,
              5.553663732000075,
              0,
              null
            ],
            [
              95.35276897600005,
              5.5536651670000765,
              0,
              null
            ],
            [
              95.352818291000062,
              5.553663904000075,
              0,
              null
            ],
            [
              95.352862219000087,
              5.5536634020000406,
              0,
              null
            ],
            [
              95.352911675000087,
              5.5536628360000577,
              0,
              null
            ],
            [
              95.352950399000065,
              5.5536638840000592,
              0,
              null
            ],
            [
              95.352973011000074,
              5.5536671920000344,
              0,
              null
            ],
            [
              95.352988878000076,
              5.5536759690000395,
              0,
              null
            ],
            [
              95.352999338000075,
              5.5536908330000756,
              0,
              null
            ],
            [
              95.353202189000058,
              5.5536938060000693,
              0,
              null
            ],
            [
              95.353253671000061,
              5.5534840520000444,
              0,
              null
            ],
            [
              95.353374713000051,
              5.5534907440000438,
              0,
              null
            ],
            [
              95.353615889000082,
              5.5535173140000325,
              0,
              null
            ],
            [
              95.353629127000033,
              5.5535296540000445,
              0,
              null
            ],
            [
              95.35365203300006,
              5.5535390080000298,
              0,
              null
            ],
            [
              95.353783531000033,
              5.5535535520000394,
              0,
              null
            ],
            [
              95.353878286000054,
              5.553561372000047,
              0,
              null
            ],
            [
              95.353974989000051,
              5.5535663230000409,
              0,
              null
            ],
            [
              95.353974595000068,
              5.5536401870000418,
              0,
              null
            ],
            [
              95.353978431000087,
              5.5536815700000375,
              0,
              null
            ],
            [
              95.354166628000087,
              5.5538480640000216,
              0,
              null
            ],
            [
              95.354211710000072,
              5.5538879450000422,
              0,
              null
            ]
          ]
        ]
      },
      "properties" : {
        "FID" : 0,
        "OBJECTID" : 4795,
        "KDPPUM" : "11",
        "NAMOBJ" : "Doy",
        "REMARK" : " ",
        "KDPBPS" : " ",
        "FCODE" : "BA03070040",
        "LUASWH" : 0,
        "UUPP" : "RBI",
        "SRS_ID" : "SRGI 2013",
        "METADATA" : "TASWIL1000020200326DATA_BATAS_DESA_KELURAHAN",
        "KDEBPS" : " ",
        "KDEPUM" : "11.71.09.2007",
        "KDCBPS" : " ",
        "KDCPUM" : "11.71.09",
        "KDBBPS" : " ",
        "WADMKD" : "Doy",
        "WIADKD" : "0",
        "WADMKC" : "Ulee Kareng",
        "WIADKC" : " ",
        "WADMKK" : "Kota Banda Aceh",
        "WIADKK" : " ",
        "WADMPR" : "Aceh",
        "WIADPR" : " ",
        "TIPADM" : 9,
        "KDPKAB" : "11.71",
        "SHAPE_Leng" : 0.029059782328769001,
        "SHAPE_Area" : 3.9097449930999998e-05
      }
    }
  ]
}