{
  "hasZ" : true,
  "hasM" : true,
  "type" : "FeatureCollection",
  "features" : [
    {
      "type" : "Feature",
      "id" : 0,
      "geometry" : {
        "type" : "Polygon",
        "coordinates" : [
          [
            [
              95.318792802000075,
              5.5231461320000221,
              0,
              null
            ],
            [
              95.318780527000058,
              5.5231862500000375,
              0,
              null
            ],
            [
              95.318771734000052,
              5.5231984600000601,
              0,
              null
            ],
            [
              95.318684902000086,
              5.523183523000057,
              0,
              null
            ],
            [
              95.318676727000081,
              5.5231852640000625,
              0,
              null
            ],
            [
              95.318669830000033,
              5.523188689000051,
              0,
              null
            ],
            [
              95.318468585000062,
              5.5231369490000475,
              0,
              null
            ],
            [
              95.318319679000069,
              5.5231057480000345,
              0,
              null
            ],
            [
              95.318230957000083,
              5.5230802250000579,
              0,
              null
            ],
            [
              95.318228240000053,
              5.5230728870000689,
              0,
              null
            ],
            [
              95.317878505000067,
              5.5230228640000405,
              0,
              null
            ],
            [
              95.317875103000063,
              5.5230990690000681,
              0,
              null
            ],
            [
              95.31787182100004,
              5.5231436080000549,
              0,
              null
            ],
            [
              95.317857371000059,
              5.5232368310000766,
              0,
              null
            ],
            [
              95.317852699000071,
              5.5232606260000239,
              0,
              null
            ],
            [
              95.317596712000068,
              5.5232226190000233,
              0,
              null
            ],
            [
              95.317592852000075,
              5.5232251920000408,
              0,
              null
            ],
            [
              95.317474187000073,
              5.5232079920000388,
              0,
              null
            ],
            [
              95.317442626000059,
              5.5234062260000201,
              0,
              null
            ],
            [
              95.317241958000068,
              5.5233596090000674,
              0,
              null
            ],
            [
              95.317239217000065,
              5.5233531660000494,
              0,
              null
            ],
            [
              95.317245756000034,
              5.5233303440000441,
              0,
              null
            ],
            [
              95.317222897000079,
              5.5233250000000567,
              0,
              null
            ],
            [
              95.316939348000062,
              5.5232651270000588,
              0,
              null
            ],
            [
              95.316935784000066,
              5.5232944540000517,
              0,
              null
            ],
            [
              95.316933362000043,
              5.5233350500000711,
              0,
              null
            ],
            [
              95.316933322000068,
              5.5233735110000453,
              0,
              null
            ],
            [
              95.316937362000033,
              5.5234266850000608,
              0,
              null
            ],
            [
              95.316938218000075,
              5.5234379420000437,
              0,
              null
            ],
            [
              95.316942904000086,
              5.5234946080000213,
              0,
              null
            ],
            [
              95.31694609300007,
              5.5235469770000236,
              0,
              null
            ],
            [
              95.316947706000064,
              5.5235837330000663,
              0,
              null
            ],
            [
              95.31695192400008,
              5.5237112910000405,
              0,
              null
            ],
            [
              95.316951394000057,
              5.5238580680000382,
              0,
              null
            ],
            [
              95.316951961000086,
              5.5240540720000695,
              0,
              null
            ],
            [
              95.316952059000073,
              5.5241951350000704,
              0,
              null
            ],
            [
              95.316948191000051,
              5.5242445310000221,
              0,
              null
            ],
            [
              95.316940953000085,
              5.5242740080000203,
              0,
              null
            ],
            [
              95.316931047000082,
              5.5243014810000659,
              0,
              null
            ],
            [
              95.316916132000074,
              5.5243263700000398,
              0,
              null
            ],
            [
              95.316883337000036,
              5.5243740350000508,
              0,
              null
            ],
            [
              95.316855150000038,
              5.524416891000044,
              0,
              null
            ],
            [
              95.316781702000071,
              5.5245636930000614,
              0,
              null
            ],
            [
              95.316768516000081,
              5.5245974410000258,
              0,
              null
            ],
            [
              95.316762035000067,
              5.524619585000039,
              0,
              null
            ],
            [
              95.316757299000074,
              5.5246753480000734,
              0,
              null
            ],
            [
              95.316755800000067,
              5.5247166000000334,
              0,
              null
            ],
            [
              95.316752016000066,
              5.5247505020000744,
              0,
              null
            ],
            [
              95.316748763000078,
              5.5247722810000255,
              0,
              null
            ],
            [
              95.316727903000071,
              5.5248653540000419,
              0,
              null
            ],
            [
              95.316135494000036,
              5.5246891440000354,
              0,
              null
            ],
            [
              95.315910509000048,
              5.5246206450000273,
              0,
              null
            ],
            [
              95.315758686000038,
              5.5245744190000323,
              0,
              null
            ],
            [
              95.315573434000044,
              5.5245190960000627,
              0,
              null
            ],
            [
              95.315548800000045,
              5.5246473620000529,
              0,
              null
            ],
            [
              95.315527986000063,
              5.5247534990000418,
              0,
              null
            ],
            [
              95.315417314000058,
              5.5248893430000408,
              0,
              null
            ],
            [
              95.315348864000043,
              5.5249642290000338,
              0,
              null
            ],
            [
              95.315310890000035,
              5.5250198630000682,
              0,
              null
            ],
            [
              95.315296495000041,
              5.5250777560000301,
              0,
              null
            ],
            [
              95.315288044000056,
              5.5251141420000636,
              0,
              null
            ],
            [
              95.315289136000047,
              5.5251495330000466,
              0,
              null
            ],
            [
              95.31529140300006,
              5.5251968820000457,
              0,
              null
            ],
            [
              95.315318150000053,
              5.5252450850000514,
              0,
              null
            ],
            [
              95.315324001000079,
              5.5252766320000433,
              0,
              null
            ],
            [
              95.315320335000081,
              5.5253158680000638,
              0,
              null
            ],
            [
              95.315305391000038,
              5.5253484760000333,
              0,
              null
            ],
            [
              95.315300719000049,
              5.525362542000039,
              0,
              null
            ],
            [
              95.315278059000036,
              5.5253837270000759,
              0,
              null
            ],
            [
              95.315188987000056,
              5.5253912520000767,
              0,
              null
            ],
            [
              95.315185048000046,
              5.5254014540000753,
              0,
              null
            ],
            [
              95.315184980000083,
              5.5254118500000686,
              0,
              null
            ],
            [
              95.315233410000076,
              5.5254849780000654,
              0,
              null
            ],
            [
              95.315243577000047,
              5.5255174880000482,
              0,
              null
            ],
            [
              95.315244148000033,
              5.5256181550000747,
              0,
              null
            ],
            [
              95.315233457000033,
              5.5257108030000381,
              0,
              null
            ],
            [
              95.315238285000078,
              5.5258222550000369,
              0,
              null
            ],
            [
              95.31524309100007,
              5.5258521020000444,
              0,
              null
            ],
            [
              95.315267489000064,
              5.5258579460000306,
              0,
              null
            ],
            [
              95.315284229000042,
              5.5258688270000675,
              0,
              null
            ],
            [
              95.315290054000059,
              5.5259058340000706,
              0,
              null
            ],
            [
              95.315293072000031,
              5.5259167500000217,
              0,
              null
            ],
            [
              95.315160656000046,
              5.5259381780000467,
              0,
              null
            ],
            [
              95.314899693000086,
              5.5260056790000363,
              0,
              null
            ],
            [
              95.314889612000059,
              5.5260324110000738,
              0,
              null
            ],
            [
              95.314907699000059,
              5.5261436850000223,
              0,
              null
            ],
            [
              95.314900299000044,
              5.52617788200007,
              0,
              null
            ],
            [
              95.314827895000064,
              5.5262166700000535,
              0,
              null
            ],
            [
              95.314811404000068,
              5.526207108000051,
              0,
              null
            ],
            [
              95.314585726000075,
              5.5261649610000632,
              0,
              null
            ],
            [
              95.314503608000052,
              5.5261506920000443,
              0,
              null
            ],
            [
              95.314437527000052,
              5.5261550720000514,
              0,
              null
            ],
            [
              95.314369894000038,
              5.526168569000049,
              0,
              null
            ],
            [
              95.314238180000075,
              5.5261510860000271,
              0,
              null
            ],
            [
              95.314220678000083,
              5.5261484960000757,
              0,
              null
            ],
            [
              95.314193623000051,
              5.5261460530000477,
              0,
              null
            ],
            [
              95.314134096000032,
              5.5261400120000417,
              0,
              null
            ],
            [
              95.314119505000065,
              5.5261319700000513,
              0,
              null
            ],
            [
              95.314112358000045,
              5.5261196590000736,
              0,
              null
            ],
            [
              95.314111124000078,
              5.5260853960000418,
              0,
              null
            ],
            [
              95.314108062000059,
              5.5260658290000606,
              0,
              null
            ],
            [
              95.314097618000062,
              5.5260479810000334,
              0,
              null
            ],
            [
              95.314054105000082,
              5.5260121660000436,
              0,
              null
            ],
            [
              95.314026752000075,
              5.5259799220000332,
              0,
              null
            ],
            [
              95.314012658000081,
              5.5259641820000525,
              0,
              null
            ],
            [
              95.314002601000084,
              5.5259759050000525,
              0,
              null
            ],
            [
              95.313723714000048,
              5.5263403130000484,
              0,
              null
            ],
            [
              95.313690652000048,
              5.5263771450000263,
              0,
              null
            ],
            [
              95.313524634000032,
              5.5265606060000323,
              0,
              null
            ],
            [
              95.313431284000046,
              5.5266700550000678,
              0,
              null
            ],
            [
              95.313424618000056,
              5.5266637220000234,
              0,
              null
            ],
            [
              95.31342225700007,
              5.526661481000076,
              0,
              null
            ],
            [
              95.313413639000032,
              5.5266532940000275,
              0,
              null
            ],
            [
              95.313408231000039,
              5.5266481570000678,
              0,
              null
            ],
            [
              95.313404181000067,
              5.5266443090000621,
              0,
              null
            ],
            [
              95.313380276000032,
              5.5266216020000343,
              0,
              null
            ],
            [
              95.313375677000067,
              5.5266172340000708,
              0,
              null
            ],
            [
              95.31336946600004,
              5.5266113340000516,
              0,
              null
            ],
            [
              95.313358183000048,
              5.5266006160000529,
              0,
              null
            ],
            [
              95.313347610000051,
              5.5265905730000213,
              0,
              null
            ],
            [
              95.31332922200005,
              5.5265731050000682,
              0,
              null
            ],
            [
              95.313293782000073,
              5.5265394400000218,
              0,
              null
            ],
            [
              95.313284657000054,
              5.5265307730000472,
              0,
              null
            ],
            [
              95.313283796000064,
              5.5265299550000577,
              0,
              null
            ],
            [
              95.313279006000073,
              5.52652540400004,
              0,
              null
            ],
            [
              95.313275898000086,
              5.5265224520000515,
              0,
              null
            ],
            [
              95.313211768000087,
              5.5264615340000205,
              0,
              null
            ],
            [
              95.313191777000043,
              5.5264438950000567,
              0,
              null
            ],
            [
              95.31318970500007,
              5.5264420670000618,
              0,
              null
            ],
            [
              95.313162048000038,
              5.5264176640000642,
              0,
              null
            ],
            [
              95.313150225000072,
              5.5264072330000431,
              0,
              null
            ],
            [
              95.313116423000054,
              5.5263774080000303,
              0,
              null
            ],
            [
              95.31310650000006,
              5.52636865300002,
              0,
              null
            ],
            [
              95.313100329000065,
              5.5263632070000313,
              0,
              null
            ],
            [
              95.313095972000042,
              5.52635936300004,
              0,
              null
            ],
            [
              95.313093651000031,
              5.5263494020000508,
              0,
              null
            ],
            [
              95.313095910000072,
              5.5263409240000669,
              0,
              null
            ],
            [
              95.313104262000081,
              5.5263317910000751,
              0,
              null
            ],
            [
              95.313143754000066,
              5.5262886120000303,
              0,
              null
            ],
            [
              95.313150104000044,
              5.5262816680000242,
              0,
              null
            ],
            [
              95.313154356000041,
              5.5262684370000557,
              0,
              null
            ],
            [
              95.31315399500005,
              5.5262568050000596,
              0,
              null
            ],
            [
              95.313148927000043,
              5.5262459970000464,
              0,
              null
            ],
            [
              95.313140883000074,
              5.5262288480000734,
              0,
              null
            ],
            [
              95.313136492000069,
              5.5262194820000445,
              0,
              null
            ],
            [
              95.313127961000077,
              5.5262012920000529,
              0,
              null
            ],
            [
              95.313116235000052,
              5.5261762890000341,
              0,
              null
            ],
            [
              95.313107458000047,
              5.5261575730000345,
              0,
              null
            ],
            [
              95.313102019000041,
              5.5261457830000609,
              0,
              null
            ],
            [
              95.313093330000072,
              5.5261269440000547,
              0,
              null
            ],
            [
              95.313086682000062,
              5.5261125320000701,
              0,
              null
            ],
            [
              95.313079311000081,
              5.5260965520000696,
              0,
              null
            ],
            [
              95.313073383000074,
              5.526083700000072,
              0,
              null
            ],
            [
              95.313067237000041,
              5.5260703750000744,
              0,
              null
            ],
            [
              95.313063533000047,
              5.5260598950000599,
              0,
              null
            ],
            [
              95.313053057000047,
              5.5260641000000419,
              0,
              null
            ],
            [
              95.313042095000071,
              5.5260682760000464,
              0,
              null
            ],
            [
              95.313030745000049,
              5.5260724970000297,
              0,
              null
            ],
            [
              95.313023013000077,
              5.5260746330000643,
              0,
              null
            ],
            [
              95.313016198000071,
              5.5260758800000644,
              0,
              null
            ],
            [
              95.313009984000075,
              5.5260763560000328,
              0,
              null
            ],
            [
              95.312936285000035,
              5.5260777720000647,
              0,
              null
            ],
            [
              95.312864303000083,
              5.5260791560000371,
              0,
              null
            ],
            [
              95.312845483000046,
              5.5260795170000279,
              0,
              null
            ],
            [
              95.312834615000043,
              5.5260797260000345,
              0,
              null
            ],
            [
              95.312827077000065,
              5.5260798710000358,
              0,
              null
            ],
            [
              95.312753919000045,
              5.5260819530000731,
              0,
              null
            ],
            [
              95.312705138000069,
              5.52608334100006,
              0,
              null
            ],
            [
              95.312672805000034,
              5.5260842620000403,
              0,
              null
            ],
            [
              95.312603083000056,
              5.5260862450000445,
              0,
              null
            ],
            [
              95.31259181300004,
              5.5260867540000618,
              0,
              null
            ],
            [
              95.312585829000056,
              5.5257141360000332,
              0,
              null
            ],
            [
              95.31258394300005,
              5.5256908950000252,
              0,
              null
            ],
            [
              95.31253587100008,
              5.5253819910000743,
              0,
              null
            ],
            [
              95.312533041000052,
              5.5253641370000537,
              0,
              null
            ],
            [
              95.31253061700005,
              5.5253416210000523,
              0,
              null
            ],
            [
              95.312532315000055,
              5.5253280460000269,
              0,
              null
            ],
            [
              95.312536966000039,
              5.5253177410000376,
              0,
              null
            ],
            [
              95.312547983000059,
              5.5253092290000723,
              0,
              null
            ],
            [
              95.312558277000051,
              5.5253048050000757,
              0,
              null
            ],
            [
              95.312682368000083,
              5.525287373000026,
              0,
              null
            ],
            [
              95.312725500000056,
              5.5252831280000692,
              0,
              null
            ],
            [
              95.31274198300008,
              5.5252835520000758,
              0,
              null
            ],
            [
              95.312764960000038,
              5.5252859390000708,
              0,
              null
            ],
            [
              95.312797380000063,
              5.5252877470000499,
              0,
              null
            ],
            [
              95.312837045000038,
              5.5252827290000255,
              0,
              null
            ],
            [
              95.312849618000087,
              5.5252776640000434,
              0,
              null
            ],
            [
              95.312881504000075,
              5.5252594890000637,
              0,
              null
            ],
            [
              95.312891510000043,
              5.5252542190000327,
              0,
              null
            ],
            [
              95.312884777000079,
              5.5252388750000705,
              0,
              null
            ],
            [
              95.312877197000034,
              5.5252058930000203,
              0,
              null
            ],
            [
              95.312876122000034,
              5.5251914530000477,
              0,
              null
            ],
            [
              95.312877627000034,
              5.5251606080000215,
              0,
              null
            ],
            [
              95.312879089000035,
              5.5251517500000205,
              0,
              null
            ],
            [
              95.312887653000075,
              5.5251293720000376,
              0,
              null
            ],
            [
              95.312902148000035,
              5.5251077030000602,
              0,
              null
            ],
            [
              95.312932266000075,
              5.5250765810000644,
              0,
              null
            ],
            [
              95.312991520000082,
              5.525033206000046,
              0,
              null
            ],
            [
              95.313003930000036,
              5.5250210090000564,
              0,
              null
            ],
            [
              95.313012685000047,
              5.5250058620000573,
              0,
              null
            ],
            [
              95.313016085000072,
              5.5249917200000596,
              0,
              null
            ],
            [
              95.313015599000039,
              5.5249708600000531,
              0,
              null
            ],
            [
              95.313009519000047,
              5.5249500750000493,
              0,
              null
            ],
            [
              95.312990090000085,
              5.5249136140000701,
              0,
              null
            ],
            [
              95.312952278000068,
              5.5248665900000447,
              0,
              null
            ],
            [
              95.312874424000086,
              5.5247748890000707,
              0,
              null
            ],
            [
              95.312815416000035,
              5.5246979420000457,
              0,
              null
            ],
            [
              95.312787262000086,
              5.5246518070000548,
              0,
              null
            ],
            [
              95.31277564700008,
              5.5246273650000717,
              0,
              null
            ],
            [
              95.312757619000081,
              5.5245797450000396,
              0,
              null
            ],
            [
              95.312709764000033,
              5.5243920240000648,
              0,
              null
            ],
            [
              95.31267973100006,
              5.5242265430000543,
              0,
              null
            ],
            [
              95.312673428000039,
              5.5241365740000674,
              0,
              null
            ],
            [
              95.31268151200004,
              5.5240812040000264,
              0,
              null
            ],
            [
              95.312774511000043,
              5.5236802230000421,
              0,
              null
            ],
            [
              95.312914684000077,
              5.5237234290000288,
              0,
              null
            ],
            [
              95.312960065000084,
              5.5236677450000684,
              0,
              null
            ],
            [
              95.312980898000035,
              5.5236236570000301,
              0,
              null
            ],
            [
              95.312989302000062,
              5.5235863530000415,
              0,
              null
            ],
            [
              95.313022365000052,
              5.5231875020000416,
              0,
              null
            ],
            [
              95.313037927000039,
              5.5229465300000697,
              0,
              null
            ],
            [
              95.313072163000072,
              5.5224599750000607,
              0,
              null
            ],
            [
              95.313099243000067,
              5.5220375840000315,
              0,
              null
            ],
            [
              95.313109248000046,
              5.5218831070000647,
              0,
              null
            ],
            [
              95.313125855000067,
              5.5216519530000596,
              0,
              null
            ],
            [
              95.31315741700007,
              5.5212050090000275,
              0,
              null
            ],
            [
              95.313160273000051,
              5.5211649800000373,
              0,
              null
            ],
            [
              95.313185934000046,
              5.5208333450000282,
              0,
              null
            ],
            [
              95.313199323000049,
              5.5206461100000297,
              0,
              null
            ],
            [
              95.313200485000038,
              5.5206293670000264,
              0,
              null
            ],
            [
              95.313206243000081,
              5.520548667000071,
              0,
              null
            ],
            [
              95.313214279000078,
              5.5204932980000763,
              0,
              null
            ],
            [
              95.31321986100005,
              5.5204548330000307,
              0,
              null
            ],
            [
              95.313237044000061,
              5.5203682160000653,
              0,
              null
            ],
            [
              95.313274579000051,
              5.5202184480000369,
              0,
              null
            ],
            [
              95.313307400000042,
              5.5201116150000757,
              0,
              null
            ],
            [
              95.313316288000067,
              5.5200826840000445,
              0,
              null
            ],
            [
              95.313349719000087,
              5.5199681240000587,
              0,
              null
            ],
            [
              95.313389112000038,
              5.5198331350000558,
              0,
              null
            ],
            [
              95.313401302000045,
              5.5197960080000712,
              0,
              null
            ],
            [
              95.31341159200008,
              5.5197646640000357,
              0,
              null
            ],
            [
              95.313460046000046,
              5.5196170860000393,
              0,
              null
            ],
            [
              95.313508050000053,
              5.5194447890000333,
              0,
              null
            ],
            [
              95.313526135000075,
              5.5193798800000309,
              0,
              null
            ],
            [
              95.313571369000044,
              5.5191945640000313,
              0,
              null
            ],
            [
              95.313585055000033,
              5.51913442700004,
              0,
              null
            ],
            [
              95.313596711000059,
              5.5190625640000235,
              0,
              null
            ],
            [
              95.313596640000071,
              5.5190299750000236,
              0,
              null
            ],
            [
              95.313596554000071,
              5.5189905170000202,
              0,
              null
            ],
            [
              95.313596514000039,
              5.518972174000055,
              0,
              null
            ],
            [
              95.313592629000084,
              5.5189078390000645,
              0,
              null
            ],
            [
              95.313585590000059,
              5.5188023250000242,
              0,
              null
            ],
            [
              95.313581573000079,
              5.5187660380000239,
              0,
              null
            ],
            [
              95.313575187000083,
              5.5187083560000474,
              0,
              null
            ],
            [
              95.313570682000034,
              5.5186676700000703,
              0,
              null
            ],
            [
              95.313563649000059,
              5.5186041450000403,
              0,
              null
            ],
            [
              95.313546483000039,
              5.5184997370000701,
              0,
              null
            ],
            [
              95.313541194000038,
              5.5184757780000382,
              0,
              null
            ],
            [
              95.313531975000046,
              5.5184340190000398,
              0,
              null
            ],
            [
              95.313525051000056,
              5.5184022220000202,
              0,
              null
            ],
            [
              95.313517976000071,
              5.5183750350000764,
              0,
              null
            ],
            [
              95.313515815000073,
              5.5183644550000395,
              0,
              null
            ],
            [
              95.313637852000056,
              5.5183292700000379,
              0,
              null
            ],
            [
              95.313846718000036,
              5.5182791900000439,
              0,
              null
            ],
            [
              95.314100645000053,
              5.5182100390000528,
              0,
              null
            ],
            [
              95.314289282000061,
              5.5181584830000361,
              0,
              null
            ],
            [
              95.314461786000038,
              5.5181111740000688,
              0,
              null
            ],
            [
              95.314675309000052,
              5.5180553360000317,
              0,
              null
            ],
            [
              95.314778515000057,
              5.5180287090000206,
              0,
              null
            ],
            [
              95.314854141000069,
              5.5180091980000725,
              0,
              null
            ],
            [
              95.314873898000087,
              5.5180039410000745,
              0,
              null
            ],
            [
              95.315151471000036,
              5.5179300730000591,
              0,
              null
            ],
            [
              95.315490642000043,
              5.5178390660000218,
              0,
              null
            ],
            [
              95.315733848000036,
              5.5177747410000393,
              0,
              null
            ],
            [
              95.316041544000086,
              5.5176917480000611,
              0,
              null
            ],
            [
              95.316296081000075,
              5.5176261830000612,
              0,
              null
            ],
            [
              95.316542867000067,
              5.5175618430000668,
              0,
              null
            ],
            [
              95.316718245000061,
              5.5175173930000483,
              0,
              null
            ],
            [
              95.317039075000082,
              5.517436023000073,
              0,
              null
            ],
            [
              95.317361063000078,
              5.5173457990000543,
              0,
              null
            ],
            [
              95.317679276000035,
              5.5172605180000573,
              0,
              null
            ],
            [
              95.317983279000032,
              5.5171855270000378,
              0,
              null
            ],
            [
              95.318369644000086,
              5.5170780710000713,
              0,
              null
            ],
            [
              95.318752546000042,
              5.5169772950000606,
              0,
              null
            ],
            [
              95.319118696000032,
              5.5168816680000532,
              0,
              null
            ],
            [
              95.319461409000041,
              5.5167933720000519,
              0,
              null
            ],
            [
              95.319739557000048,
              5.5167170940000574,
              0,
              null
            ],
            [
              95.320087026000067,
              5.5166245720000688,
              0,
              null
            ],
            [
              95.320143203000043,
              5.5166185000000496,
              0,
              null
            ],
            [
              95.320296475000077,
              5.5166723780000666,
              0,
              null
            ],
            [
              95.320427862000031,
              5.5168317390000539,
              0,
              null
            ],
            [
              95.320506386000034,
              5.5169959220000351,
              0,
              null
            ],
            [
              95.320597096000085,
              5.5171796710000649,
              0,
              null
            ],
            [
              95.320608259000039,
              5.5172057020000693,
              0,
              null
            ],
            [
              95.32062413500006,
              5.5172333540000409,
              0,
              null
            ],
            [
              95.320642870000086,
              5.5172642360000737,
              0,
              null
            ],
            [
              95.320663435000085,
              5.5172988300000725,
              0,
              null
            ],
            [
              95.32067358200004,
              5.5173145780000254,
              0,
              null
            ],
            [
              95.320712320000041,
              5.5173686390000398,
              0,
              null
            ],
            [
              95.320720812000047,
              5.5173798230000557,
              0,
              null
            ],
            [
              95.320733860000075,
              5.5173934980000467,
              0,
              null
            ],
            [
              95.320768325000074,
              5.517436430000032,
              0,
              null
            ],
            [
              95.320814291000033,
              5.5174863500000697,
              0,
              null
            ],
            [
              95.320851986000037,
              5.5175224730000423,
              0,
              null
            ],
            [
              95.320875379000086,
              5.5175402830000735,
              0,
              null
            ],
            [
              95.320899329000042,
              5.5175598820000573,
              0,
              null
            ],
            [
              95.320922130000042,
              5.5175772340000435,
              0,
              null
            ],
            [
              95.320948944000065,
              5.517595578000055,
              0,
              null
            ],
            [
              95.320996494000042,
              5.5176246750000359,
              0,
              null
            ],
            [
              95.321043873000065,
              5.5176516700000207,
              0,
              null
            ],
            [
              95.32109128500008,
              5.5176811830000361,
              0,
              null
            ],
            [
              95.321156900000062,
              5.517722023000033,
              0,
              null
            ],
            [
              95.321210605000033,
              5.517754056000058,
              0,
              null
            ],
            [
              95.32127229300005,
              5.5177884310000422,
              0,
              null
            ],
            [
              95.321352009000066,
              5.5178365510000731,
              0,
              null
            ],
            [
              95.321422729000062,
              5.5178746350000552,
              0,
              null
            ],
            [
              95.321426214000041,
              5.5178765120000435,
              0,
              null
            ],
            [
              95.321451504000038,
              5.5178915010000651,
              0,
              null
            ],
            [
              95.321523650000074,
              5.5179342610000504,
              0,
              null
            ],
            [
              95.321587863000047,
              5.517970263000052,
              0,
              null
            ],
            [
              95.321591097000066,
              5.517972076000035,
              0,
              null
            ],
            [
              95.321642949000079,
              5.5180032040000242,
              0,
              null
            ],
            [
              95.321725044000061,
              5.5180531400000632,
              0,
              null
            ],
            [
              95.321759187000055,
              5.5180770600000528,
              0,
              null
            ],
            [
              95.321780293000074,
              5.5180892740000331,
              0,
              null
            ],
            [
              95.321793918000083,
              5.5180979650000381,
              0,
              null
            ],
            [
              95.321798348000073,
              5.5181007910000517,
              0,
              null
            ],
            [
              95.321875590000047,
              5.5181434440000316,
              0,
              null
            ],
            [
              95.321979932000033,
              5.5182038260000468,
              0,
              null
            ],
            [
              95.321989849000033,
              5.5182094840000673,
              0,
              null
            ],
            [
              95.322018660000083,
              5.5182259230000454,
              0,
              null
            ],
            [
              95.322046804000081,
              5.5182419810000738,
              0,
              null
            ],
            [
              95.322139674000084,
              5.5183042370000521,
              0,
              null
            ],
            [
              95.322165780000034,
              5.5183189900000684,
              0,
              null
            ],
            [
              95.322180796000055,
              5.5183296020000512,
              0,
              null
            ],
            [
              95.322191514000053,
              5.518339309000055,
              0,
              null
            ],
            [
              95.322219398000072,
              5.5183623180000723,
              0,
              null
            ],
            [
              95.322290723000037,
              5.5184101640000449,
              0,
              null
            ],
            [
              95.322301441000036,
              5.5184196900000302,
              0,
              null
            ],
            [
              95.322312345000057,
              5.5184272440000655,
              0,
              null
            ],
            [
              95.322339707000083,
              5.5184412880000764,
              0,
              null
            ],
            [
              95.322380858000031,
              5.5184664780000503,
              0,
              null
            ],
            [
              95.322477079000066,
              5.5185241110000334,
              0,
              null
            ],
            [
              95.322536937000052,
              5.5185640420000368,
              0,
              null
            ],
            [
              95.322547483000051,
              5.5185712360000707,
              0,
              null
            ],
            [
              95.322604203000083,
              5.5186080290000632,
              0,
              null
            ],
            [
              95.322621721000075,
              5.5186202580000554,
              0,
              null
            ],
            [
              95.322637394000083,
              5.5186298900000565,
              0,
              null
            ],
            [
              95.322645141000066,
              5.5186346520000598,
              0,
              null
            ],
            [
              95.322657651000043,
              5.5186427660000277,
              0,
              null
            ],
            [
              95.322671422000042,
              5.5186497850000364,
              0,
              null
            ],
            [
              95.322680188000049,
              5.5186515950000512,
              0,
              null
            ],
            [
              95.322704663000081,
              5.5186647420000554,
              0,
              null
            ],
            [
              95.322730420000084,
              5.5186742990000539,
              0,
              null
            ],
            [
              95.322747227000036,
              5.5186838380000722,
              0,
              null
            ],
            [
              95.322805395000046,
              5.5187097020000238,
              0,
              null
            ],
            [
              95.32283007400008,
              5.5187228430000346,
              0,
              null
            ],
            [
              95.322845814000061,
              5.5187293310000314,
              0,
              null
            ],
            [
              95.322859589000075,
              5.5187327610000239,
              0,
              null
            ],
            [
              95.322909791000086,
              5.5187513530000274,
              0,
              null
            ],
            [
              95.322926968000047,
              5.5187540790000753,
              0,
              null
            ],
            [
              95.322959719000039,
              5.5187564730000531,
              0,
              null
            ],
            [
              95.322981077000065,
              5.5187638330000368,
              0,
              null
            ],
            [
              95.323000269000033,
              5.5187704470000654,
              0,
              null
            ],
            [
              95.323021206000078,
              5.518773895000038,
              0,
              null
            ],
            [
              95.32302659000004,
              5.5187754220000329,
              0,
              null
            ],
            [
              95.32303177700004,
              5.5187773790000278,
              0,
              null
            ],
            [
              95.323042315000066,
              5.5187803680000229,
              0,
              null
            ],
            [
              95.323055167000064,
              5.5187852160000261,
              0,
              null
            ],
            [
              95.323057794000079,
              5.5187862200000382,
              0,
              null
            ],
            [
              95.323049759000071,
              5.5188080890000606,
              0,
              null
            ],
            [
              95.323011519000033,
              5.5189121580000347,
              0,
              null
            ],
            [
              95.323001149000049,
              5.5189403830000288,
              0,
              null
            ],
            [
              95.322956132000058,
              5.5190535120000277,
              0,
              null
            ],
            [
              95.322863842000061,
              5.5192721400000551,
              0,
              null
            ],
            [
              95.322850147000054,
              5.5193089130000317,
              0,
              null
            ],
            [
              95.322775159000059,
              5.5194171210000604,
              0,
              null
            ],
            [
              95.322714912000038,
              5.5195639250000568,
              0,
              null
            ],
            [
              95.322592978000046,
              5.5198788980000586,
              0,
              null
            ],
            [
              95.322493485000052,
              5.5201323040000716,
              0,
              null
            ],
            [
              95.322444758000074,
              5.5202640140000767,
              0,
              null
            ],
            [
              95.322388329000034,
              5.5202425300000755,
              0,
              null
            ],
            [
              95.322351303000062,
              5.5202317640000729,
              0,
              null
            ],
            [
              95.322312709000073,
              5.520220542000061,
              0,
              null
            ],
            [
              95.32214736800006,
              5.5201724650000301,
              0,
              null
            ],
            [
              95.321697477000043,
              5.5201919770000245,
              0,
              null
            ],
            [
              95.321699705000071,
              5.5202568420000375,
              0,
              null
            ],
            [
              95.321692992000067,
              5.5202820430000656,
              0,
              null
            ],
            [
              95.321686462000059,
              5.5202870040000676,
              0,
              null
            ],
            [
              95.321677753000074,
              5.5202862130000767,
              0,
              null
            ],
            [
              95.321568247000073,
              5.5202490130000683,
              0,
              null
            ],
            [
              95.321559725000043,
              5.5202381090000472,
              0,
              null
            ],
            [
              95.321556349000048,
              5.520219068000074,
              0,
              null
            ],
            [
              95.321553757000061,
              5.5201926930000695,
              0,
              null
            ],
            [
              95.321547997000039,
              5.5201799970000707,
              0,
              null
            ],
            [
              95.321542261000047,
              5.5201756440000622,
              0,
              null
            ],
            [
              95.321521670000038,
              5.5201720910000631,
              0,
              null
            ],
            [
              95.321491974000082,
              5.5201723070000526,
              0,
              null
            ],
            [
              95.321350220000056,
              5.5201589310000259,
              0,
              null
            ],
            [
              95.321332204000043,
              5.5201541840000345,
              0,
              null
            ],
            [
              95.321315365000032,
              5.5201480490000563,
              0,
              null
            ],
            [
              95.321303485000044,
              5.520141117000037,
              0,
              null
            ],
            [
              95.321300112000074,
              5.5201298130000396,
              0,
              null
            ],
            [
              95.321328081000047,
              5.5198745350000422,
              0,
              null
            ],
            [
              95.321332737000034,
              5.5198320450000438,
              0,
              null
            ],
            [
              95.321318814000051,
              5.5198290880000513,
              0,
              null
            ],
            [
              95.321250741000085,
              5.5198261130000219,
              0,
              null
            ],
            [
              95.320923762000064,
              5.5198118210000757,
              0,
              null
            ],
            [
              95.320920387000058,
              5.5198303620000502,
              0,
              null
            ],
            [
              95.320908083000063,
              5.5198979550000331,
              0,
              null
            ],
            [
              95.320899355000051,
              5.5199459010000282,
              0,
              null
            ],
            [
              95.320881685000074,
              5.5200429720000557,
              0,
              null
            ],
            [
              95.320849324000051,
              5.5200378100000762,
              0,
              null
            ],
            [
              95.320820655000034,
              5.5202151660000709,
              0,
              null
            ],
            [
              95.32078845400008,
              5.5204143660000682,
              0,
              null
            ],
            [
              95.32079376300004,
              5.5205686070000297,
              0,
              null
            ],
            [
              95.320779917000038,
              5.5206103320000466,
              0,
              null
            ],
            [
              95.320719813000039,
              5.5206239310000456,
              0,
              null
            ],
            [
              95.320668930000068,
              5.5206354430000601,
              0,
              null
            ],
            [
              95.320675556000083,
              5.5208334200000309,
              0,
              null
            ],
            [
              95.320676142000082,
              5.5208656240000664,
              0,
              null
            ],
            [
              95.320677760000081,
              5.5209545950000347,
              0,
              null
            ],
            [
              95.320691680000039,
              5.5211169020000739,
              0,
              null
            ],
            [
              95.320694257000071,
              5.5211605040000222,
              0,
              null
            ],
            [
              95.320588537000049,
              5.5211574020000285,
              0,
              null
            ],
            [
              95.320526710000081,
              5.5211580690000233,
              0,
              null
            ],
            [
              95.319478901000082,
              5.5210753400000385,
              0,
              null
            ],
            [
              95.319468683000082,
              5.521078535000072,
              0,
              null
            ],
            [
              95.319341497000039,
              5.5213408950000371,
              0,
              null
            ],
            [
              95.319333091000033,
              5.5213740210000424,
              0,
              null
            ],
            [
              95.319326143000069,
              5.5214314460000651,
              0,
              null
            ],
            [
              95.319311455000047,
              5.5215238210000734,
              0,
              null
            ],
            [
              95.319300544000043,
              5.5215713550000487,
              0,
              null
            ],
            [
              95.319196303000069,
              5.5218256540000539,
              0,
              null
            ],
            [
              95.319102414000042,
              5.522058118000075,
              0,
              null
            ],
            [
              95.319060524000065,
              5.5221890330000747,
              0,
              null
            ],
            [
              95.319012006000037,
              5.522348384000054,
              0,
              null
            ],
            [
              95.318929681000043,
              5.5226248790000341,
              0,
              null
            ],
            [
              95.318897213000071,
              5.5227334300000734,
              0,
              null
            ],
            [
              95.318848500000058,
              5.5229077510000479,
              0,
              null
            ],
            [
              95.318783511000049,
              5.5231161130000714,
              0,
              null
            ],
            [
              95.318783604000032,
              5.5231331600000431,
              0,
              null
            ],
            [
              95.318792802000075,
              5.5231461320000221,
              0,
              null
            ]
          ]
        ]
      },
      "properties" : {
        "FID" : 0,
        "OBJECTID" : 12893,
        "KDPPUM" : "11",
        "NAMOBJ" : "Mibo",
        "REMARK" : " ",
        "KDPBPS" : " ",
        "FCODE" : "BA03070040",
        "LUASWH" : 0,
        "UUPP" : "RBI",
        "SRS_ID" : "SRGI 2013",
        "METADATA" : "TASWIL1000020200326DATA_BATAS_DESA_KELURAHAN",
        "KDEBPS" : " ",
        "KDEPUM" : "11.71.07.2007",
        "KDCBPS" : " ",
        "KDCPUM" : "11.71.07",
        "KDBBPS" : " ",
        "WADMKD" : "Mibo",
        "WIADKD" : "0",
        "WADMKC" : "Banda Raya",
        "WIADKC" : " ",
        "WADMKK" : "Kota Banda Aceh",
        "WIADKK" : " ",
        "WADMPR" : "Aceh",
        "WIADPR" : " ",
        "TIPADM" : 9,
        "KDPKAB" : "11.71",
        "SHAPE_Leng" : 0.038223081490872002,
        "SHAPE_Area" : 5.3511233195000002e-05
      }
    }
  ]
}