{
  "hasZ" : true,
  "hasM" : true,
  "type" : "FeatureCollection",
  "features" : [
    {
      "type" : "Feature",
      "id" : 0,
      "geometry" : {
        "type" : "MultiPolygon",
        "coordinates" : [
          [
            [
              [
                95.357387647000053,
                5.6059999400000606,
                0,
                null
              ],
              [
                95.357265035000069,
                5.6060333260000448,
                0,
                null
              ],
              [
                95.357249135000075,
                5.6060347910000701,
                0,
                null
              ],
              [
                95.357232313000054,
                5.6060359530000596,
                0,
                null
              ],
              [
                95.35721241300007,
                5.60603654800002,
                0,
                null
              ],
              [
                95.35715104600007,
                5.6060279370000217,
                0,
                null
              ],
              [
                95.356959532000076,
                5.6059982210000499,
                0,
                null
              ],
              [
                95.356691536000085,
                5.6059524330000272,
                0,
                null
              ],
              [
                95.356531293000046,
                5.6059250130000464,
                0,
                null
              ],
              [
                95.356223304000082,
                5.60586631700005,
                0,
                null
              ],
              [
                95.356024653000077,
                5.6058296500000324,
                0,
                null
              ],
              [
                95.355851175000055,
                5.6057981250000353,
                0,
                null
              ],
              [
                95.355784603000075,
                5.6057895890000395,
                0,
                null
              ],
              [
                95.355575815000066,
                5.6057720810000546,
                0,
                null
              ],
              [
                95.355365900000038,
                5.6057613470000547,
                0,
                null
              ],
              [
                95.355169169000078,
                5.605751337000072,
                0,
                null
              ],
              [
                95.354950903000031,
                5.6057348880000291,
                0,
                null
              ],
              [
                95.354747717000066,
                5.6057237480000595,
                0,
                null
              ],
              [
                95.354578232000051,
                5.6057136460000265,
                0,
                null
              ],
              [
                95.354488750000087,
                5.6057091160000709,
                0,
                null
              ],
              [
                95.354416496000056,
                5.6057101750000697,
                0,
                null
              ],
              [
                95.354230698000038,
                5.6057153430000426,
                0,
                null
              ],
              [
                95.354169417000037,
                5.6057125610000753,
                0,
                null
              ],
              [
                95.354166656000075,
                5.6057122690000369,
                0,
                null
              ],
              [
                95.354166666000083,
                5.604166666000026,
                0,
                null
              ],
              [
                95.344614362000073,
                5.6041667600000551,
                0,
                null
              ],
              [
                95.344611861000033,
                5.6041653060000272,
                0,
                null
              ],
              [
                95.344484388000069,
                5.6040866710000614,
                0,
                null
              ],
              [
                95.344347258000084,
                5.6040046130000292,
                0,
                null
              ],
              [
                95.344166102000031,
                5.6038870190000694,
                0,
                null
              ],
              [
                95.343836577000047,
                5.6037014850000446,
                0,
                null
              ],
              [
                95.343733693000047,
                5.6036349090000499,
                0,
                null
              ],
              [
                95.343622898000035,
                5.6035640170000534,
                0,
                null
              ],
              [
                95.343531302000031,
                5.6034885730000497,
                0,
                null
              ],
              [
                95.343402708000042,
                5.6033819130000211,
                0,
                null
              ],
              [
                95.343207469000049,
                5.6032530490000454,
                0,
                null
              ],
              [
                95.343063414000085,
                5.6031789450000247,
                0,
                null
              ],
              [
                95.34292987200007,
                5.6031073670000637,
                0,
                null
              ],
              [
                95.342718320000074,
                5.6030145610000659,
                0,
                null
              ],
              [
                95.342352370000071,
                5.6028643870000678,
                0,
                null
              ],
              [
                95.342196948000037,
                5.6027903740000511,
                0,
                null
              ],
              [
                95.342096661000085,
                5.6027211390000389,
                0,
                null
              ],
              [
                95.342012125000053,
                5.602653531000044,
                0,
                null
              ],
              [
                95.341926556000033,
                5.6025666470000601,
                0,
                null
              ],
              [
                95.341822531000048,
                5.60246941500003,
                0,
                null
              ],
              [
                95.341710822000039,
                5.6023932740000646,
                0,
                null
              ],
              [
                95.341572018000079,
                5.6023191220000399,
                0,
                null
              ],
              [
                95.341332347000048,
                5.6022107900000719,
                0,
                null
              ],
              [
                95.341048916000034,
                5.6020975710000585,
                0,
                null
              ],
              [
                95.340763686000059,
                5.6019662220000441,
                0,
                null
              ],
              [
                95.340651288000061,
                5.6019026660000577,
                0,
                null
              ],
              [
                95.340542355000082,
                5.6018461200000615,
                0,
                null
              ],
              [
                95.340445677000048,
                5.6017835130000435,
                0,
                null
              ],
              [
                95.340366440000082,
                5.6017279870000607,
                0,
                null
              ],
              [
                95.340123199000061,
                5.6016226700000402,
                0,
                null
              ],
              [
                95.339997678000032,
                5.6015625470000714,
                0,
                null
              ],
              [
                95.33990181300004,
                5.6015139480000471,
                0,
                null
              ],
              [
                95.339799005000032,
                5.6014548090000744,
                0,
                null
              ],
              [
                95.339713679000056,
                5.6013948780000646,
                0,
                null
              ],
              [
                95.339647561000049,
                5.6013350420000734,
                0,
                null
              ],
              [
                95.339565862000086,
                5.6012479980000762,
                0,
                null
              ],
              [
                95.339486681000039,
                5.6011793460000376,
                0,
                null
              ],
              [
                95.339409200000034,
                5.601122963000023,
                0,
                null
              ],
              [
                95.339264653000043,
                5.6010224850000441,
                0,
                null
              ],
              [
                95.339138280000043,
                5.6009588580000695,
                0,
                null
              ],
              [
                95.339058976000047,
                5.6009182190000502,
                0,
                null
              ],
              [
                95.338989281000067,
                5.6008776230000308,
                0,
                null
              ],
              [
                95.338900489000082,
                5.6008106730000691,
                0,
                null
              ],
              [
                95.338827384000069,
                5.6007499240000698,
                0,
                null
              ],
              [
                95.338753317000055,
                5.6007101860000716,
                0,
                null
              ],
              [
                95.338605080000036,
                5.6006525760000727,
                0,
                null
              ],
              [
                95.338498693000076,
                5.6006100570000399,
                0,
                null
              ],
              [
                95.338422041000058,
                5.6005624200000739,
                0,
                null
              ],
              [
                95.338353277000067,
                5.600508704000049,
                0,
                null
              ],
              [
                95.338282002000085,
                5.6004339560000744,
                0,
                null
              ],
              [
                95.338222054000084,
                5.6003645230000529,
                0,
                null
              ],
              [
                95.338154357000064,
                5.6002705430000219,
                0,
                null
              ],
              [
                95.338096207000035,
                5.600190618000056,
                0,
                null
              ],
              [
                95.337984048000067,
                5.600059975000022,
                0,
                null
              ],
              [
                95.337874498000076,
                5.5999708900000655,
                0,
                null
              ],
              [
                95.337723084000061,
                5.5998721920000207,
                0,
                null
              ],
              [
                95.337576539000054,
                5.5997999490000439,
                0,
                null
              ],
              [
                95.337492685000086,
                5.5997470890000614,
                0,
                null
              ],
              [
                95.337352303000046,
                5.5996251980000693,
                0,
                null
              ],
              [
                95.337208911000062,
                5.599497217000021,
                0,
                null
              ],
              [
                95.337083656000061,
                5.5994017140000665,
                0,
                null
              ],
              [
                95.336712713000054,
                5.5991593210000588,
                0,
                null
              ],
              [
                95.336672409000073,
                5.5991360520000626,
                0,
                null
              ],
              [
                95.336626507000062,
                5.5991025020000507,
                0,
                null
              ],
              [
                95.336572358000069,
                5.5990576670000678,
                0,
                null
              ],
              [
                95.336520843000073,
                5.5990148200000363,
                0,
                null
              ],
              [
                95.336456123000062,
                5.5989659960000608,
                0,
                null
              ],
              [
                95.336401954000053,
                5.5989297760000341,
                0,
                null
              ],
              [
                95.336362335000047,
                5.5988972220000619,
                0,
                null
              ],
              [
                95.336326361000033,
                5.5988600430000588,
                0,
                null
              ],
              [
                95.336286434000044,
                5.5988135880000414,
                0,
                null
              ],
              [
                95.336254445000066,
                5.5987668030000464,
                0,
                null
              ],
              [
                95.336229363000086,
                5.5987372640000217,
                0,
                null
              ],
              [
                95.336202624000066,
                5.5987107060000767,
                0,
                null
              ],
              [
                95.336174228000061,
                5.5986894510000411,
                0,
                null
              ],
              [
                95.336143828000047,
                5.5986744770000314,
                0,
                null
              ],
              [
                95.336110775000066,
                5.5986664640000754,
                0,
                null
              ],
              [
                95.336083000000087,
                5.5986630950000631,
                0,
                null
              ],
              [
                95.336049626000033,
                5.5986491180000257,
                0,
                null
              ],
              [
                95.336024859000077,
                5.5986305150000248,
                0,
                null
              ],
              [
                95.335997139000085,
                5.5985999740000238,
                0,
                null
              ],
              [
                95.335929179000061,
                5.5985146910000481,
                0,
                null
              ],
              [
                95.335878015000048,
                5.5984649000000672,
                0,
                null
              ],
              [
                95.335826831000077,
                5.5984213910000449,
                0,
                null
              ],
              [
                95.335777631000042,
                5.598382205000064,
                0,
                null
              ],
              [
                95.335732719000077,
                5.5983503040000642,
                0,
                null
              ],
              [
                95.335678547000043,
                5.5983154120000336,
                0,
                null
              ],
              [
                95.335597289000077,
                5.5982665460000476,
                0,
                null
              ],
              [
                95.335545100000047,
                5.5982356330000584,
                0,
                null
              ],
              [
                95.335505456000078,
                5.5982126960000755,
                0,
                null
              ],
              [
                95.335469131000082,
                5.598185127000022,
                0,
                null
              ],
              [
                95.335424566000086,
                5.59814295700005,
                0,
                null
              ],
              [
                95.335387925000077,
                5.5981061150000642,
                0,
                null
              ],
              [
                95.335355577000087,
                5.5980778890000238,
                0,
                null
              ],
              [
                95.335312965000071,
                5.5980483110000705,
                0,
                null
              ],
              [
                95.335264079000069,
                5.5980177370000206,
                0,
                null
              ],
              [
                95.335214541000084,
                5.5979841740000325,
                0,
                null
              ],
              [
                95.335461912000085,
                5.5958056410000268,
                0,
                null
              ],
              [
                95.335462674000041,
                5.5957584560000555,
                0,
                null
              ],
              [
                95.335463773000072,
                5.5956903420000685,
                0,
                null
              ],
              [
                95.335463950000076,
                5.5956794590000527,
                0,
                null
              ],
              [
                95.335465369000076,
                5.5955914290000237,
                0,
                null
              ],
              [
                95.335467793000078,
                5.5954412420000494,
                0,
                null
              ],
              [
                95.335468538000043,
                5.5953950890000215,
                0,
                null
              ],
              [
                95.335462652000047,
                5.595357836000062,
                0,
                null
              ],
              [
                95.335459611000033,
                5.5952758810000205,
                0,
                null
              ],
              [
                95.335456038000075,
                5.5952508760000228,
                0,
                null
              ],
              [
                95.335451664000061,
                5.5951846510000678,
                0,
                null
              ],
              [
                95.335449981000068,
                5.5951591630000621,
                0,
                null
              ],
              [
                95.335449980000078,
                5.5951591070000291,
                0,
                null
              ],
              [
                95.335446135000041,
                5.5949606180000728,
                0,
                null
              ],
              [
                95.335444886000062,
                5.594922934000067,
                0,
                null
              ],
              [
                95.335441712000033,
                5.5948271880000675,
                0,
                null
              ],
              [
                95.335437013000046,
                5.5946854790000202,
                0,
                null
              ],
              [
                95.335436518000051,
                5.5946776420000219,
                0,
                null
              ],
              [
                95.335425165000061,
                5.5944981720000442,
                0,
                null
              ],
              [
                95.335423739000078,
                5.594475636000027,
                0,
                null
              ],
              [
                95.335417031000077,
                5.5944060810000451,
                0,
                null
              ],
              [
                95.335410467000031,
                5.5943663620000734,
                0,
                null
              ],
              [
                95.335403299000063,
                5.5943296180000743,
                0,
                null
              ],
              [
                95.335388752000085,
                5.5942550610000694,
                0,
                null
              ],
              [
                95.335369291000063,
                5.5941511370000399,
                0,
                null
              ],
              [
                95.335352974000045,
                5.5940640080000321,
                0,
                null
              ],
              [
                95.335348730000078,
                5.5940413390000572,
                0,
                null
              ],
              [
                95.335344178000071,
                5.5940016210000749,
                0,
                null
              ],
              [
                95.335340302000077,
                5.5939808030000222,
                0,
                null
              ],
              [
                95.33531826400008,
                5.5938624370000412,
                0,
                null
              ],
              [
                95.335307259000047,
                5.5938033280000354,
                0,
                null
              ],
              [
                95.335306419000062,
                5.5937988180000389,
                0,
                null
              ],
              [
                95.335301227000059,
                5.5937794860000736,
                0,
                null
              ],
              [
                95.335294873000066,
                5.5937698130000513,
                0,
                null
              ],
              [
                95.335287695000034,
                5.5937639030000241,
                0,
                null
              ],
              [
                95.335276909000072,
                5.5937604480000687,
                0,
                null
              ],
              [
                95.335258386000078,
                5.5937574760000643,
                0,
                null
              ],
              [
                95.335251180000057,
                5.5937563200000682,
                0,
                null
              ],
              [
                95.33520763000007,
                5.5937493340000515,
                0,
                null
              ],
              [
                95.335212290000072,
                5.5937134660000538,
                0,
                null
              ],
              [
                95.33522008500006,
                5.5936585630000764,
                0,
                null
              ],
              [
                95.335236728000041,
                5.5935413330000756,
                0,
                null
              ],
              [
                95.335248665000051,
                5.5934572630000616,
                0,
                null
              ],
              [
                95.335261970000033,
                5.5933511800000701,
                0,
                null
              ],
              [
                95.335275574000036,
                5.5932427100000268,
                0,
                null
              ],
              [
                95.335296208000045,
                5.5930781900000284,
                0,
                null
              ],
              [
                95.335301775000062,
                5.5930338070000403,
                0,
                null
              ],
              [
                95.335308234000081,
                5.592959416000042,
                0,
                null
              ],
              [
                95.335316805000048,
                5.5928607170000646,
                0,
                null
              ],
              [
                95.335325675000036,
                5.5927585820000445,
                0,
                null
              ],
              [
                95.335336688000041,
                5.5926627460000304,
                0,
                null
              ],
              [
                95.33535674400008,
                5.5924882180000282,
                0,
                null
              ],
              [
                95.335369428000035,
                5.5923778500000481,
                0,
                null
              ],
              [
                95.335372213000085,
                5.5923536130000571,
                0,
                null
              ],
              [
                95.335390951000079,
                5.5921905540000694,
                0,
                null
              ],
              [
                95.335396513000035,
                5.5921429570000214,
                0,
                null
              ],
              [
                95.335406231000036,
                5.5920597910000538,
                0,
                null
              ],
              [
                95.335429930000032,
                5.5918569680000587,
                0,
                null
              ],
              [
                95.335437373000048,
                5.5917932750000432,
                0,
                null
              ],
              [
                95.335439118000068,
                5.5917717140000605,
                0,
                null
              ],
              [
                95.335454901000048,
                5.5915767120000623,
                0,
                null
              ],
              [
                95.33545999200004,
                5.5913221010000598,
                0,
                null
              ],
              [
                95.335466129000054,
                5.5912505570000235,
                0,
                null
              ],
              [
                95.335495880000053,
                5.5912367550000681,
                0,
                null
              ],
              [
                95.335497692000047,
                5.5912110430000439,
                0,
                null
              ],
              [
                95.335498629000085,
                5.5912068150000209,
                0,
                null
              ],
              [
                95.335499997000056,
                5.59120064800004,
                0,
                null
              ],
              [
                95.335507506000056,
                5.5911832720000234,
                0,
                null
              ],
              [
                95.335527891000083,
                5.5911478480000483,
                0,
                null
              ],
              [
                95.335539505000042,
                5.5911212900000464,
                0,
                null
              ],
              [
                95.335544708000043,
                5.5910609650000538,
                0,
                null
              ],
              [
                95.335552254000049,
                5.5909734880000315,
                0,
                null
              ],
              [
                95.335552686000085,
                5.5909687320000216,
                0,
                null
              ],
              [
                95.335569665000037,
                5.5907820800000536,
                0,
                null
              ],
              [
                95.335574798000039,
                5.5907327350000742,
                0,
                null
              ],
              [
                95.335585492000064,
                5.5906299540000646,
                0,
                null
              ],
              [
                95.335604793000073,
                5.5904444410000451,
                0,
                null
              ],
              [
                95.335613711000065,
                5.5903685070000506,
                0,
                null
              ],
              [
                95.335623583000086,
                5.5902844580000419,
                0,
                null
              ],
              [
                95.335633802000075,
                5.5901974430000223,
                0,
                null
              ],
              [
                95.335668080000062,
                5.5900099170000317,
                0,
                null
              ],
              [
                95.335670466000067,
                5.589996865000046,
                0,
                null
              ],
              [
                95.335689758000058,
                5.5898910180000598,
                0,
                null
              ],
              [
                95.335713653000084,
                5.5897599070000297,
                0,
                null
              ],
              [
                95.335740767000061,
                5.5896204820000435,
                0,
                null
              ],
              [
                95.335741602000041,
                5.5896161930000403,
                0,
                null
              ],
              [
                95.335747002000062,
                5.5895742930000551,
                0,
                null
              ],
              [
                95.335758278000071,
                5.5895116740000503,
                0,
                null
              ],
              [
                95.335776924000072,
                5.5893942140000377,
                0,
                null
              ],
              [
                95.335798560000057,
                5.5893237760000716,
                0,
                null
              ],
              [
                95.335884019000048,
                5.5893013210000504,
                0,
                null
              ],
              [
                95.33593174400005,
                5.5893033350000678,
                0,
                null
              ],
              [
                95.335947996000073,
                5.5893040220000216,
                0,
                null
              ],
              [
                95.336037409000085,
                5.5893282160000695,
                0,
                null
              ],
              [
                95.336058909000087,
                5.5893363070000532,
                0,
                null
              ],
              [
                95.336163651000049,
                5.5893757270000606,
                0,
                null
              ],
              [
                95.336251910000044,
                5.5894204980000382,
                0,
                null
              ],
              [
                95.33628335700007,
                5.5894349910000756,
                0,
                null
              ],
              [
                95.336390442000038,
                5.5894971250000367,
                0,
                null
              ],
              [
                95.336499664000087,
                5.5895529590000592,
                0,
                null
              ],
              [
                95.336610600000085,
                5.5896096690000263,
                0,
                null
              ],
              [
                95.336686772000064,
                5.589657164000073,
                0,
                null
              ],
              [
                95.336694890000047,
                5.5896630830000618,
                0,
                null
              ],
              [
                95.336809085000084,
                5.5897463440000479,
                0,
                null
              ],
              [
                95.336916300000041,
                5.5898254780000229,
                0,
                null
              ],
              [
                95.337080004000086,
                5.5899247990000731,
                0,
                null
              ],
              [
                95.33712636000007,
                5.5899529230000553,
                0,
                null
              ],
              [
                95.337264983000068,
                5.5900349430000347,
                0,
                null
              ],
              [
                95.337284984000064,
                5.5900474020000388,
                0,
                null
              ],
              [
                95.337453395000068,
                5.5901523140000222,
                0,
                null
              ],
              [
                95.337495793000073,
                5.5901715520000721,
                0,
                null
              ],
              [
                95.337556082000049,
                5.5901861270000381,
                0,
                null
              ],
              [
                95.337616449000052,
                5.5901864280000382,
                0,
                null
              ],
              [
                95.337686787000052,
                5.5901802190000467,
                0,
                null
              ],
              [
                95.337727903000086,
                5.5901776450000398,
                0,
                null
              ],
              [
                95.337757114000055,
                5.5901758170000448,
                0,
                null
              ],
              [
                95.337853737000046,
                5.5901835570000458,
                0,
                null
              ],
              [
                95.338004566000052,
                5.5901956380000684,
                0,
                null
              ],
              [
                95.338495722000062,
                5.5902238760000387,
                0,
                null
              ],
              [
                95.338513610000064,
                5.5902249050000705,
                0,
                null
              ],
              [
                95.338524986000039,
                5.5902250820000745,
                0,
                null
              ],
              [
                95.338531813000031,
                5.5902251880000335,
                0,
                null
              ],
              [
                95.338537062000057,
                5.5902252690000296,
                0,
                null
              ],
              [
                95.338570643000082,
                5.5902271230000338,
                0,
                null
              ],
              [
                95.33885289400007,
                5.5902080280000632,
                0,
                null
              ],
              [
                95.338865488000067,
                5.5903129970000691,
                0,
                null
              ],
              [
                95.338897831000054,
                5.5905825480000431,
                0,
                null
              ],
              [
                95.338949033000063,
                5.5908353370000441,
                0,
                null
              ],
              [
                95.338980030000073,
                5.5911050000000273,
                0,
                null
              ],
              [
                95.339065275000053,
                5.5914866820000384,
                0,
                null
              ],
              [
                95.339113889000032,
                5.591637368000022,
                0,
                null
              ],
              [
                95.339149064000082,
                5.5917323540000439,
                0,
                null
              ],
              [
                95.339218824000056,
                5.591825884000059,
                0,
                null
              ],
              [
                95.339228214000059,
                5.591838474000042,
                0,
                null
              ],
              [
                95.339267495000058,
                5.5918911400000297,
                0,
                null
              ],
              [
                95.339356358000032,
                5.5919833000000381,
                0,
                null
              ],
              [
                95.339461364000044,
                5.5920716440000433,
                0,
                null
              ],
              [
                95.339549841000064,
                5.5921278480000751,
                0,
                null
              ],
              [
                95.339665020000041,
                5.5921858530000463,
                0,
                null
              ],
              [
                95.339872498000034,
                5.5922604920000367,
                0,
                null
              ],
              [
                95.340041982000059,
                5.5923095750000584,
                0,
                null
              ],
              [
                95.340228737000075,
                5.5923548390000519,
                0,
                null
              ],
              [
                95.340445812000041,
                5.5924016530000245,
                0,
                null
              ],
              [
                95.340602854000053,
                5.5924347780000403,
                0,
                null
              ],
              [
                95.340725770000063,
                5.5924541360000717,
                0,
                null
              ],
              [
                95.340745482000045,
                5.5924572400000443,
                0,
                null
              ],
              [
                95.340866447000053,
                5.5924703970000564,
                0,
                null
              ],
              [
                95.340904343000034,
                5.5924750860000358,
                0,
                null
              ],
              [
                95.341103644000043,
                5.5924997400000507,
                0,
                null
              ],
              [
                95.341148420000081,
                5.5925077420000662,
                0,
                null
              ],
              [
                95.341170628000043,
                5.5925117100000534,
                0,
                null
              ],
              [
                95.341192837000051,
                5.5925156790000301,
                0,
                null
              ],
              [
                95.341246537000075,
                5.5925252750000709,
                0,
                null
              ],
              [
                95.341344064000054,
                5.5925522460000252,
                0,
                null
              ],
              [
                95.341419550000069,
                5.5925927740000247,
                0,
                null
              ],
              [
                95.341498202000082,
                5.5926650880000466,
                0,
                null
              ],
              [
                95.341561505000072,
                5.5927479220000578,
                0,
                null
              ],
              [
                95.341656826000076,
                5.5928281330000686,
                0,
                null
              ],
              [
                95.341758406000054,
                5.592878264000035,
                0,
                null
              ],
              [
                95.341980655000043,
                5.593003435000071,
                0,
                null
              ],
              [
                95.342085361000045,
                5.5930308390000505,
                0,
                null
              ],
              [
                95.342195128000071,
                5.5930821400000355,
                0,
                null
              ],
              [
                95.342295453000077,
                5.5931231110000681,
                0,
                null
              ],
              [
                95.342389870000034,
                5.5931575790000352,
                0,
                null
              ],
              [
                95.342478368000059,
                5.5931805370000234,
                0,
                null
              ],
              [
                95.342585455000062,
                5.5932043610000619,
                0,
                null
              ],
              [
                95.342674832000057,
                5.5932146160000684,
                0,
                null
              ],
              [
                95.342790224000055,
                5.5932220530000336,
                0,
                null
              ],
              [
                95.342990728000075,
                5.5932349750000299,
                0,
                null
              ],
              [
                95.343344101000071,
                5.5932733160000225,
                0,
                null
              ],
              [
                95.343534660000046,
                5.5933020760000431,
                0,
                null
              ],
              [
                95.343688936000035,
                5.5933246720000511,
                0,
                null
              ],
              [
                95.343844975000081,
                5.5933481460000394,
                0,
                null
              ],
              [
                95.34406354500004,
                5.5933671220000747,
                0,
                null
              ],
              [
                95.344101812000076,
                5.5933704990000592,
                0,
                null
              ],
              [
                95.344258804000049,
                5.5933843560000582,
                0,
                null
              ],
              [
                95.344441682000081,
                5.5934007180000549,
                0,
                null
              ],
              [
                95.344572360000086,
                5.5934197820000691,
                0,
                null
              ],
              [
                95.344730775000073,
                5.5934577360000617,
                0,
                null
              ],
              [
                95.344999245000054,
                5.5935263080000368,
                0,
                null
              ],
              [
                95.345148821000066,
                5.5935760930000242,
                0,
                null
              ],
              [
                95.345262716000036,
                5.5936217730000521,
                0,
                null
              ],
              [
                95.345409961000087,
                5.5936889940000469,
                0,
                null
              ],
              [
                95.345560746000046,
                5.5937871660000269,
                0,
                null
              ],
              [
                95.345881094000049,
                5.5939957360000676,
                0,
                null
              ],
              [
                95.346047100000078,
                5.5941297340000347,
                0,
                null
              ],
              [
                95.346221559000071,
                5.5942477170000302,
                0,
                null
              ],
              [
                95.346379068000033,
                5.594338887000049,
                0,
                null
              ],
              [
                95.346707103000085,
                5.594484891000036,
                0,
                null
              ],
              [
                95.348674730000084,
                5.5948630660000731,
                0,
                null
              ],
              [
                95.350155750000056,
                5.5952239330000566,
                0,
                null
              ],
              [
                95.350438276000034,
                5.5942173230000662,
                0,
                null
              ],
              [
                95.350718596000036,
                5.5934476060000407,
                0,
                null
              ],
              [
                95.35111947300004,
                5.5923468610000668,
                0,
                null
              ],
              [
                95.351701793000075,
                5.5907478940000601,
                0,
                null
              ],
              [
                95.352119624000068,
                5.5897393310000325,
                0,
                null
              ],
              [
                95.352138077000063,
                5.5896947890000206,
                0,
                null
              ],
              [
                95.352239080000061,
                5.5894509840000524,
                0,
                null
              ],
              [
                95.352432604000057,
                5.5889838550000377,
                0,
                null
              ],
              [
                95.352749660000086,
                5.5882185390000245,
                0,
                null
              ],
              [
                95.35288068400007,
                5.5879022730000543,
                0,
                null
              ],
              [
                95.352963504000058,
                5.5877023610000265,
                0,
                null
              ],
              [
                95.353345513000079,
                5.5866597210000464,
                0,
                null
              ],
              [
                95.353478651000046,
                5.5862963400000467,
                0,
                null
              ],
              [
                95.353805686000044,
                5.5854037440000752,
                0,
                null
              ],
              [
                95.353809796000064,
                5.5853925250000316,
                0,
                null
              ],
              [
                95.353882394000038,
                5.5851943810000648,
                0,
                null
              ],
              [
                95.353930973000047,
                5.5850617910000437,
                0,
                null
              ],
              [
                95.353931098000032,
                5.5850614510000582,
                0,
                null
              ],
              [
                95.353940677000082,
                5.58503530400003,
                0,
                null
              ],
              [
                95.354077287000052,
                5.5850903670000207,
                0,
                null
              ],
              [
                95.352945525000052,
                5.5881622940000284,
                0,
                null
              ],
              [
                95.352017536000062,
                5.5905417520000356,
                0,
                null
              ],
              [
                95.351137134000055,
                5.5927784470000574,
                0,
                null
              ],
              [
                95.350435194000056,
                5.5949556550000352,
                0,
                null
              ],
              [
                95.350244837000048,
                5.5956409380000309,
                0,
                null
              ],
              [
                95.350147279000055,
                5.5960989840000366,
                0,
                null
              ],
              [
                95.350123483000061,
                5.596253650000051,
                0,
                null
              ],
              [
                95.350165125000046,
                5.5964083140000298,
                0,
                null
              ],
              [
                95.350272201000053,
                5.5965451340000527,
                0,
                null
              ],
              [
                95.350492301000031,
                5.5966879010000525,
                0,
                null
              ],
              [
                95.350682658000039,
                5.596759286000065,
                0,
                null
              ],
              [
                95.350938450000058,
                5.596836617000065,
                0,
                null
              ],
              [
                95.351331061000053,
                5.5970031800000584,
                0,
                null
              ],
              [
                95.351795056000071,
                5.5971400000000244,
                0,
                null
              ],
              [
                95.352473201000066,
                5.5972649210000327,
                0,
                null
              ],
              [
                95.352883658000053,
                5.5973541510000473,
                0,
                null
              ],
              [
                95.353323859000056,
                5.5974374320000493,
                0,
                null
              ],
              [
                95.35363318800006,
                5.5974969190000365,
                0,
                null
              ],
              [
                95.355556548000038,
                5.5979206300000328,
                0,
                null
              ],
              [
                95.356951622000054,
                5.5999003930000413,
                0,
                null
              ],
              [
                95.357613532000073,
                5.601151350000066,
                0,
                null
              ],
              [
                95.357678863000046,
                5.6018406190000292,
                0,
                null
              ],
              [
                95.357181491000063,
                5.6026261290000434,
                0,
                null
              ],
              [
                95.356745802000034,
                5.6031919740000262,
                0,
                null
              ],
              [
                95.356342183000038,
                5.6039457530000618,
                0,
                null
              ],
              [
                95.355687853000063,
                5.6046065530000533,
                0,
                null
              ],
              [
                95.355221549000078,
                5.6053293190000204,
                0,
                null
              ],
              [
                95.354929527000081,
                5.6055420750000735,
                0,
                null
              ],
              [
                95.354735900000037,
                5.6056831420000321,
                0,
                null
              ],
              [
                95.355155393000075,
                5.6057011940000621,
                0,
                null
              ],
              [
                95.355545396000082,
                5.6057362860000239,
                0,
                null
              ],
              [
                95.355793205000055,
                5.6057606690000625,
                0,
                null
              ],
              [
                95.356011537000086,
                5.6058049120000533,
                0,
                null
              ],
              [
                95.357080532000055,
                5.6059895560000541,
                0,
                null
              ],
              [
                95.357219890000067,
                5.6059946340000693,
                0,
                null
              ],
              [
                95.357373254000038,
                5.605982736000044,
                0,
                null
              ],
              [
                95.357448660000045,
                5.6059761350000485,
                0,
                null
              ],
              [
                95.357387647000053,
                5.6059999400000606,
                0,
                null
              ]
            ]
          ],
          [
            [
              [
                95.360342876000061,
                5.6063105890000315,
                0,
                null
              ],
              [
                95.360593612000059,
                5.6063631600000576,
                0,
                null
              ],
              [
                95.360840302000042,
                5.6064594600000532,
                0,
                null
              ],
              [
                95.36104769800005,
                5.6065578540000729,
                0,
                null
              ],
              [
                95.361044753000044,
                5.6065569020000225,
                0,
                null
              ],
              [
                95.360732768000048,
                5.6064551230000461,
                0,
                null
              ],
              [
                95.360415911000075,
                5.6063633950000735,
                0,
                null
              ],
              [
                95.360244673000068,
                5.60630263500002,
                0,
                null
              ],
              [
                95.360342876000061,
                5.6063105890000315,
                0,
                null
              ]
            ]
          ]
        ]
      },
      "properties" : {
        "FID" : 0,
        "OBJECTID" : 689,
        "KDPPUM" : "11",
        "NAMOBJ" : "Alue Naga",
        "REMARK" : " ",
        "KDPBPS" : " ",
        "FCODE" : "BA03070040",
        "LUASWH" : 0,
        "UUPP" : "RBI",
        "SRS_ID" : "SRGI 2013",
        "METADATA" : "TASWIL1000020200326DATA_BATAS_DESA_KELURAHAN",
        "KDEBPS" : " ",
        "KDEPUM" : "11.71.04.2004",
        "KDCBPS" : " ",
        "KDCPUM" : "11.71.04",
        "KDBBPS" : " ",
        "WADMKD" : "Alue Naga",
        "WIADKD" : "0",
        "WADMKC" : "Syiah Kuala",
        "WIADKC" : " ",
        "WADMKK" : "Kota Banda Aceh",
        "WIADKK" : " ",
        "WADMPR" : "Aceh",
        "WIADPR" : " ",
        "TIPADM" : 9,
        "KDPKAB" : "11.71",
        "SHAPE_Leng" : 0.093790536193446003,
        "SHAPE_Area" : 0.000192076247811
      }
    }
  ]
}