{
  "hasZ" : true,
  "hasM" : true,
  "type" : "FeatureCollection",
  "features" : [
    {
      "type" : "Feature",
      "id" : 0,
      "geometry" : {
        "type" : "Polygon",
        "coordinates" : [
          [
            [
              95.315006862000075,
              5.5828353680000724,
              0,
              null
            ],
            [
              95.315004990000006,
              5.5828340280000504,
              0,
              null
            ],
            [
              95.31451347700002,
              5.5824816400000259,
              0,
              null
            ],
            [
              95.314495170000015,
              5.5824788900000648,
              0,
              null
            ],
            [
              95.313816590999991,
              5.5835053050000809,
              0,
              null
            ],
            [
              95.3128216960001,
              5.5849255870000007,
              0,
              null
            ],
            [
              95.312778866000116,
              5.5848756180000407,
              0,
              null
            ],
            [
              95.313542673000072,
              5.5837263380000728,
              0,
              null
            ],
            [
              95.313619265000099,
              5.583432756000029,
              0,
              null
            ],
            [
              95.313020500000036,
              5.5825608450000068,
              0,
              null
            ],
            [
              95.312491799000071,
              5.5819692690000871,
              0,
              null
            ],
            [
              95.311827582000006,
              5.5812234450000169,
              0,
              null
            ],
            [
              95.310595017000068,
              5.5800227880000612,
              0,
              null
            ],
            [
              95.310533059000093,
              5.5799638329999794,
              0,
              null
            ],
            [
              95.30938337500001,
              5.5788698580000577,
              0,
              null
            ],
            [
              95.306956325000016,
              5.5765498840000376,
              0,
              null
            ],
            [
              95.304767221000077,
              5.5744202660000468,
              0,
              null
            ],
            [
              95.300793521000088,
              5.5716243989999974,
              0,
              null
            ],
            [
              95.299020823000049,
              5.5705417450000354,
              0,
              null
            ],
            [
              95.298580622000046,
              5.570268107000043,
              0,
              null
            ],
            [
              95.29864010900009,
              5.5700063660000581,
              0,
              null
            ],
            [
              95.298794774000001,
              5.5699825710000432,
              0,
              null
            ],
            [
              95.299151693000042,
              5.5702800040000504,
              0,
              null
            ],
            [
              95.299472920000071,
              5.5705417450000354,
              0,
              null
            ],
            [
              95.301174235000062,
              5.5717076810000492,
              0,
              null
            ],
            [
              95.30342282600013,
              5.5732900220000552,
              0,
              null
            ],
            [
              95.30499327000004,
              5.5743607800000987,
              0,
              null
            ],
            [
              95.305611930000069,
              5.5750389260000759,
              0,
              null
            ],
            [
              95.310180495000054,
              5.5794052370000351,
              0,
              null
            ],
            [
              95.310567787000039,
              5.579778231000077,
              0,
              null
            ],
            [
              95.310655599000114,
              5.5796444270000194,
              0,
              null
            ],
            [
              95.310752103000098,
              5.5794889350000325,
              0,
              null
            ],
            [
              95.310820606999997,
              5.5793716270000964,
              0,
              null
            ],
            [
              95.310948052000057,
              5.579210372999988,
              0,
              null
            ],
            [
              95.311074387000033,
              5.5791252690000519,
              0,
              null
            ],
            [
              95.311161149000014,
              5.5789980180000924,
              0,
              null
            ],
            [
              95.311171691000098,
              5.5788146620001093,
              0,
              null
            ],
            [
              95.311080512000004,
              5.5781734190000769,
              0,
              null
            ],
            [
              95.311075186000011,
              5.5778914170000142,
              0,
              null
            ],
            [
              95.311098107000049,
              5.5776346870000886,
              0,
              null
            ],
            [
              95.311195742000038,
              5.5774086850000408,
              0,
              null
            ],
            [
              95.311343734000033,
              5.5771035190000156,
              0,
              null
            ],
            [
              95.311513052000095,
              5.5768532630000038,
              0,
              null
            ],
            [
              95.311681134000054,
              5.5766467260000567,
              0,
              null
            ],
            [
              95.311850497000123,
              5.5764077510000014,
              0,
              null
            ],
            [
              95.311958055000048,
              5.5762000420000462,
              0,
              null
            ],
            [
              95.312030301000078,
              5.5759600390000834,
              0,
              null
            ],
            [
              95.312043127000081,
              5.57564130300009,
              0,
              null
            ],
            [
              95.312041692000051,
              5.5752746780000422,
              0,
              null
            ],
            [
              95.312023081000106,
              5.5751943760000593,
              0,
              null
            ],
            [
              95.311960995000035,
              5.5751537270000711,
              0,
              null
            ],
            [
              95.311250149000017,
              5.5751283180000115,
              0,
              null
            ],
            [
              95.311054366000064,
              5.5750896040000057,
              0,
              null
            ],
            [
              95.310941394000039,
              5.5749927500000744,
              0,
              null
            ],
            [
              95.310908450000071,
              5.5748462270000303,
              0,
              null
            ],
            [
              95.310893405000073,
              5.5745981060000176,
              0,
              null
            ],
            [
              95.310864291000058,
              5.5743514510000374,
              0,
              null
            ],
            [
              95.310871732000052,
              5.5740947810000279,
              0,
              null
            ],
            [
              95.310915798000053,
              5.573846427999996,
              0,
              null
            ],
            [
              95.310969450000059,
              5.573530352000045,
              0,
              null
            ],
            [
              95.310969545000063,
              5.5731947440000766,
              0,
              null
            ],
            [
              95.310981158000047,
              5.5729253670000816,
              0,
              null
            ],
            [
              95.311063405000098,
              5.5727233980000683,
              0,
              null
            ],
            [
              95.311190888000084,
              5.5725720150000662,
              0,
              null
            ],
            [
              95.311349526000058,
              5.5724698640000518,
              0,
              null
            ],
            [
              95.311557522000044,
              5.5723929010000788,
              0,
              null
            ],
            [
              95.311564344000075,
              5.572337880000056,
              0,
              null
            ],
            [
              95.3115442040001,
              5.5722265600000824,
              0,
              null
            ],
            [
              95.311539651000075,
              5.5721419710001001,
              0,
              null
            ],
            [
              95.311622428000078,
              5.5720753710000075,
              0,
              null
            ],
            [
              95.311724875000039,
              5.5720002330000078,
              0,
              null
            ],
            [
              95.31176391200006,
              5.5719056020000828,
              0,
              null
            ],
            [
              95.311780248999995,
              5.5717645260000452,
              0,
              null
            ],
            [
              95.311806433000029,
              5.5716220020000655,
              0,
              null
            ],
            [
              95.311806267000108,
              5.5715796990000293,
              0,
              null
            ],
            [
              95.311761126000107,
              5.5715530840000476,
              0,
              null
            ],
            [
              95.311471149000084,
              5.5715401220000409,
              0,
              null
            ],
            [
              95.311405007000033,
              5.5715417920000903,
              0,
              null
            ],
            [
              95.311396386000027,
              5.5714967020000898,
              0,
              null
            ],
            [
              95.311470091000089,
              5.5709098060000244,
              0,
              null
            ],
            [
              95.311508736000093,
              5.5707150580000757,
              0,
              null
            ],
            [
              95.311527734000066,
              5.5705344890000568,
              0,
              null
            ],
            [
              95.311528325000026,
              5.5703257900000196,
              0,
              null
            ],
            [
              95.311526052000019,
              5.5701044110000879,
              0,
              null
            ],
            [
              95.311498529000048,
              5.5699042830000494,
              0,
              null
            ],
            [
              95.311450121000036,
              5.5697620520000051,
              0,
              null
            ],
            [
              95.311427018000074,
              5.5696126710000797,
              0,
              null
            ],
            [
              95.311415097000065,
              5.5694435040000272,
              0,
              null
            ],
            [
              95.311414822000046,
              5.5693729990000556,
              0,
              null
            ],
            [
              95.311441490000036,
              5.5693545630000401,
              0,
              null
            ],
            [
              95.311548330000079,
              5.5693231210000143,
              0,
              null
            ],
            [
              95.311659453000033,
              5.5693071740001159,
              0,
              null
            ],
            [
              95.311680426000081,
              5.5692718390000344,
              0,
              null
            ],
            [
              95.311670133000035,
              5.5691590700000297,
              0,
              null
            ],
            [
              95.311630445000034,
              5.5690873100000431,
              0,
              null
            ],
            [
              95.311462917000114,
              5.5690752760000244,
              0,
              null
            ],
            [
              95.311414752000047,
              5.568995089000051,
              0,
              null
            ],
            [
              95.311373182000068,
              5.5688020670000675,
              0,
              null
            ],
            [
              95.311338418000034,
              5.5685497930000665,
              0,
              null
            ],
            [
              95.311268343000094,
              5.5682652250000579,
              0,
              null
            ],
            [
              95.311109870000038,
              5.5676891100000852,
              0,
              null
            ],
            [
              95.311068598000091,
              5.567572233000007,
              0,
              null
            ],
            [
              95.310968360000061,
              5.5674922490000505,
              0,
              null
            ],
            [
              95.310809244000041,
              5.5674717220000396,
              0,
              null
            ],
            [
              95.310703437000072,
              5.567407272000036,
              0,
              null
            ],
            [
              95.310633742000078,
              5.5672199999999954,
              0,
              null
            ],
            [
              95.310559226000038,
              5.5668790440001175,
              0,
              null
            ],
            [
              95.310479311000094,
              5.566597335000079,
              0,
              null
            ],
            [
              95.310447566000036,
              5.5663972230000418,
              0,
              null
            ],
            [
              95.31046105100009,
              5.5662462880000767,
              0,
              null
            ],
            [
              95.310539621000018,
              5.566183935000069,
              0,
              null
            ],
            [
              95.310744812000038,
              5.5661098040000638,
              0,
              null
            ],
            [
              95.310969651000079,
              5.5660214960000403,
              0,
              null
            ],
            [
              95.311083406000066,
              5.5659590050000212,
              0,
              null
            ],
            [
              95.311135242000006,
              5.5658981660000499,
              0,
              null
            ],
            [
              95.311162668000051,
              5.5657133340000335,
              0,
              null
            ],
            [
              95.311176970000091,
              5.5654115130001074,
              0,
              null
            ],
            [
              95.311232766000089,
              5.5649233950000436,
              0,
              null
            ],
            [
              95.311147821000077,
              5.5637138510000632,
              0,
              null
            ],
            [
              95.311130706000071,
              5.5636561029999925,
              0,
              null
            ],
            [
              95.311046027000003,
              5.5635958000000656,
              0,
              null
            ],
            [
              95.310234633000007,
              5.5634072050000043,
              0,
              null
            ],
            [
              95.310140152000002,
              5.5633596310000648,
              0,
              null
            ],
            [
              95.309957774000011,
              5.5627878390000944,
              0,
              null
            ],
            [
              95.309932538000055,
              5.5620913410000199,
              0,
              null
            ],
            [
              95.309926699000115,
              5.5620377800000291,
              0,
              null
            ],
            [
              95.309913708000096,
              5.5619546340000774,
              0,
              null
            ],
            [
              95.309875665000064,
              5.5619435020000445,
              0,
              null
            ],
            [
              95.308521359000096,
              5.5618416370000539,
              0,
              null
            ],
            [
              95.308481944000036,
              5.5618346160000947,
              0,
              null
            ],
            [
              95.308394978000123,
              5.5618198660000289,
              0,
              null
            ],
            [
              95.308384751000077,
              5.5618181980000685,
              0,
              null
            ],
            [
              95.308311685000064,
              5.5618113250000327,
              0,
              null
            ],
            [
              95.308297455000044,
              5.5616860340000578,
              0,
              null
            ],
            [
              95.308298745000059,
              5.5615494200000342,
              0,
              null
            ],
            [
              95.308305669000006,
              5.5613353530000857,
              0,
              null
            ],
            [
              95.308313272000106,
              5.56120073900005,
              0,
              null
            ],
            [
              95.308323619000078,
              5.5610454050000762,
              0,
              null
            ],
            [
              95.308335304000067,
              5.56088609700004,
              0,
              null
            ],
            [
              95.308346894000053,
              5.5607395800000852,
              0,
              null
            ],
            [
              95.308362435000092,
              5.5605583920001038,
              0,
              null
            ],
            [
              95.308378137000062,
              5.5603810530000857,
              0,
              null
            ],
            [
              95.308391911000044,
              5.5602186910000633,
              0,
              null
            ],
            [
              95.308403732000045,
              5.5600572320001156,
              0,
              null
            ],
            [
              95.308413696000073,
              5.5598824650000438,
              0,
              null
            ],
            [
              95.308419925000052,
              5.5597053450000438,
              0,
              null
            ],
            [
              95.308421613000107,
              5.5595619130000777,
              0,
              null
            ],
            [
              95.308421521000099,
              5.5593996050000598,
              0,
              null
            ],
            [
              95.308420318000088,
              5.5592274580000272,
              0,
              null
            ],
            [
              95.308418679000042,
              5.5590545170000176,
              0,
              null
            ],
            [
              95.308417308000102,
              5.558908883000047,
              0,
              null
            ],
            [
              95.308415755000055,
              5.5587510280000423,
              0,
              null
            ],
            [
              95.30841393900009,
              5.5585906980000104,
              0,
              null
            ],
            [
              95.308411782000093,
              5.55843767300005,
              0,
              null
            ],
            [
              95.308409213000047,
              5.5583016970000791,
              0,
              null
            ],
            [
              95.30840316700008,
              5.5580997300000661,
              0,
              null
            ],
            [
              95.3083947410001,
              5.5579169360000407,
              0,
              null
            ],
            [
              95.308384476000043,
              5.5577670160000707,
              0,
              null
            ],
            [
              95.308362703000029,
              5.5575713840000489,
              0,
              null
            ],
            [
              95.308331548000112,
              5.5573461850000676,
              0,
              null
            ],
            [
              95.308315739000051,
              5.557231775000016,
              0,
              null
            ],
            [
              95.308297665000055,
              5.5570989150000365,
              0,
              null
            ],
            [
              95.308279108000121,
              5.5569601090000091,
              0,
              null
            ],
            [
              95.308261830000021,
              5.5568278610000803,
              0,
              null
            ],
            [
              95.30824761400001,
              5.5567146910000424,
              0,
              null
            ],
            [
              95.308224391000039,
              5.5565037519999976,
              0,
              null
            ],
            [
              95.308213228000085,
              5.5563733060000402,
              0,
              null
            ],
            [
              95.308222521000062,
              5.5562552810000447,
              0,
              null
            ],
            [
              95.30831330700002,
              5.5561143390000183,
              0,
              null
            ],
            [
              95.308394072000041,
              5.5559945790000569,
              0,
              null
            ],
            [
              95.308475228000091,
              5.5558688700000474,
              0,
              null
            ],
            [
              95.30853373000005,
              5.5557661269999841,
              0,
              null
            ],
            [
              95.30857419000003,
              5.5556752150001003,
              0,
              null
            ],
            [
              95.308601339000049,
              5.5555788960000356,
              0,
              null
            ],
            [
              95.308628929000022,
              5.5554518500000931,
              0,
              null
            ],
            [
              95.308644328000057,
              5.555380252000031,
              0,
              null
            ],
            [
              95.309595981000101,
              5.5554460610000582,
              0,
              null
            ],
            [
              95.309656289000031,
              5.5554641210000426,
              0,
              null
            ],
            [
              95.309736085000054,
              5.5554755870000143,
              0,
              null
            ],
            [
              95.309868132000062,
              5.5554820030001011,
              0,
              null
            ],
            [
              95.310073414000087,
              5.5554875090000237,
              0,
              null
            ],
            [
              95.310414603000069,
              5.5554922660000621,
              0,
              null
            ],
            [
              95.310512297000074,
              5.5554918930000312,
              0,
              null
            ],
            [
              95.310725889000068,
              5.5555001690000054,
              0,
              null
            ],
            [
              95.310905485000006,
              5.5555101230000297,
              0,
              null
            ],
            [
              95.311261308000041,
              5.5555289140000745,
              0,
              null
            ],
            [
              95.31136461400007,
              5.5555379740000248,
              0,
              null
            ],
            [
              95.31152205100004,
              5.5555555960000618,
              0,
              null
            ],
            [
              95.311611848000013,
              5.5555648560000286,
              0,
              null
            ],
            [
              95.311723641000114,
              5.5555781030000588,
              0,
              null
            ],
            [
              95.311832430000052,
              5.5555842130000315,
              0,
              null
            ],
            [
              95.312142093000006,
              5.5556433090000361,
              0,
              null
            ],
            [
              95.312279192000062,
              5.5556565120000627,
              0,
              null
            ],
            [
              95.312436032000079,
              5.5556426550000708,
              0,
              null
            ],
            [
              95.312483389000093,
              5.5556432110001168,
              0,
              null
            ],
            [
              95.312517620000079,
              5.5556509500000466,
              0,
              null
            ],
            [
              95.312534133000028,
              5.5556470620000802,
              0,
              null
            ],
            [
              95.312555761000041,
              5.555645684000055,
              0,
              null
            ],
            [
              95.31279950800004,
              5.5556550700000322,
              0,
              null
            ],
            [
              95.31282618900012,
              5.5556677560000161,
              0,
              null
            ],
            [
              95.312849347000082,
              5.5556837550000964,
              0,
              null
            ],
            [
              95.312865613,
              5.5557047440000566,
              0,
              null
            ],
            [
              95.312879710000104,
              5.5557152280000359,
              0,
              null
            ],
            [
              95.312893038000055,
              5.5557206180000378,
              0,
              null
            ],
            [
              95.312927941000098,
              5.5557226050000246,
              0,
              null
            ],
            [
              95.313217692000094,
              5.5557558190001082,
              0,
              null
            ],
            [
              95.313399952000069,
              5.5557734630000581,
              0,
              null
            ],
            [
              95.313429983000077,
              5.5557777290000558,
              0,
              null
            ],
            [
              95.31346714700004,
              5.5557832150000657,
              0,
              null
            ],
            [
              95.313477782000035,
              5.555662726000044,
              0,
              null
            ],
            [
              95.31348413900011,
              5.5555555960000618,
              0,
              null
            ],
            [
              95.313521093000062,
              5.5551307640000829,
              0,
              null
            ],
            [
              95.313556687000073,
              5.5547849030000656,
              0,
              null
            ],
            [
              95.313553001000031,
              5.5543790490000582,
              0,
              null
            ],
            [
              95.313548255000086,
              5.5540091660000961,
              0,
              null
            ],
            [
              95.313448650000012,
              5.5540051370000292,
              0,
              null
            ],
            [
              95.313355656000056,
              5.5540029790001171,
              0,
              null
            ],
            [
              95.313293523000056,
              5.5540002850000718,
              0,
              null
            ],
            [
              95.313150731000064,
              5.5539821240000791,
              0,
              null
            ],
            [
              95.312983769000098,
              5.5539546030000224,
              0,
              null
            ],
            [
              95.312859411000019,
              5.5539279540000379,
              0,
              null
            ],
            [
              95.312797001000007,
              5.5539073810000232,
              0,
              null
            ],
            [
              95.312749713000102,
              5.5538922180000121,
              0,
              null
            ],
            [
              95.312710861000085,
              5.5538860610000356,
              0,
              null
            ],
            [
              95.312592311000046,
              5.5537728090000797,
              0,
              null
            ],
            [
              95.31255300800008,
              5.5537408810001025,
              0,
              null
            ],
            [
              95.312527965000044,
              5.5537124620000604,
              0,
              null
            ],
            [
              95.312488426000058,
              5.5536199360000431,
              0,
              null
            ],
            [
              95.312430858000099,
              5.55347044700002,
              0,
              null
            ],
            [
              95.312358834000079,
              5.5532675460000185,
              0,
              null
            ],
            [
              95.312283244000042,
              5.5530665260000838,
              0,
              null
            ],
            [
              95.312254362000061,
              5.5529668290000949,
              0,
              null
            ],
            [
              95.312254056000114,
              5.55288840800009,
              0,
              null
            ],
            [
              95.312275203000098,
              5.5528312920000715,
              0,
              null
            ],
            [
              95.312289297000106,
              5.5527920260000201,
              0,
              null
            ],
            [
              95.312331869000076,
              5.5527490830000197,
              0,
              null
            ],
            [
              95.312378072000072,
              5.5527239490000717,
              0,
              null
            ],
            [
              95.31247412300003,
              5.5526950570000793,
              0,
              null
            ],
            [
              95.312684044000079,
              5.5526283730000685,
              0,
              null
            ],
            [
              95.312836303000068,
              5.5525914600000341,
              0,
              null
            ],
            [
              95.313018743000057,
              5.5525151360000251,
              0,
              null
            ],
            [
              95.313105335000031,
              5.5524641270000679,
              0,
              null
            ],
            [
              95.313148602000055,
              5.5524313830000231,
              0,
              null
            ],
            [
              95.313156845000037,
              5.5523951360000439,
              0,
              null
            ],
            [
              95.313195273000105,
              5.5524150710000058,
              0,
              null
            ],
            [
              95.313218679000087,
              5.5524252020000446,
              0,
              null
            ],
            [
              95.313243202000066,
              5.552428306000035,
              0,
              null
            ],
            [
              95.313272042000065,
              5.5524300550000909,
              0,
              null
            ],
            [
              95.313300928000046,
              5.5524297880000688,
              0,
              null
            ],
            [
              95.313329725000031,
              5.5524275060000576,
              0,
              null
            ],
            [
              95.313363962000025,
              5.5524253560000574,
              0,
              null
            ],
            [
              95.313406344000072,
              5.5524204000000914,
              0,
              null
            ],
            [
              95.313448504000092,
              5.5524139700000035,
              0,
              null
            ],
            [
              95.313490442000017,
              5.5524060600000595,
              0,
              null
            ],
            [
              95.313636644000027,
              5.552387201000009,
              0,
              null
            ],
            [
              95.313783163000068,
              5.5523710250000917,
              0,
              null
            ],
            [
              95.313810317000005,
              5.5523733050001027,
              0,
              null
            ],
            [
              95.313879332000042,
              5.5523639870000423,
              0,
              null
            ],
            [
              95.314094179000051,
              5.5529923440000744,
              0,
              null
            ],
            [
              95.314280875000037,
              5.553550378000061,
              0,
              null
            ],
            [
              95.314364096000091,
              5.5537923110000946,
              0,
              null
            ],
            [
              95.314478770000079,
              5.5541367419999936,
              0,
              null
            ],
            [
              95.314573093000064,
              5.5544261500000474,
              0,
              null
            ],
            [
              95.314607882000104,
              5.5545260950000568,
              0,
              null
            ],
            [
              95.31465080000001,
              5.5546538040000542,
              0,
              null
            ],
            [
              95.314708552000084,
              5.5548234960000613,
              0,
              null
            ],
            [
              95.314804454000111,
              5.5550897670000658,
              0,
              null
            ],
            [
              95.314873615000053,
              5.5552888720000198,
              0,
              null
            ],
            [
              95.31484435400003,
              5.5553109430000696,
              0,
              null
            ],
            [
              95.314941360000063,
              5.5555555920000614,
              0,
              null
            ],
            [
              95.314987603000077,
              5.5556746780000559,
              0,
              null
            ],
            [
              95.315144007000043,
              5.5560686520000573,
              0,
              null
            ],
            [
              95.315173504000086,
              5.5561207820000185,
              0,
              null
            ],
            [
              95.315199178000086,
              5.5561806110000838,
              0,
              null
            ],
            [
              95.315244587000024,
              5.5561859290000797,
              0,
              null
            ],
            [
              95.315381345000063,
              5.5566428920000526,
              0,
              null
            ],
            [
              95.315460241000011,
              5.5569736960000675,
              0,
              null
            ],
            [
              95.315530727000066,
              5.5572807869999856,
              0,
              null
            ],
            [
              95.315627871000032,
              5.557702960000011,
              0,
              null
            ],
            [
              95.315658060000032,
              5.5578258820000563,
              0,
              null
            ],
            [
              95.315706045000098,
              5.5580403650000392,
              0,
              null
            ],
            [
              95.315808625000059,
              5.5585281950000791,
              0,
              null
            ],
            [
              95.315867714000063,
              5.5587652230000622,
              0,
              null
            ],
            [
              95.315971653000048,
              5.5592728250000505,
              0,
              null
            ],
            [
              95.316140484000073,
              5.5600802900000694,
              0,
              null
            ],
            [
              95.316109909000033,
              5.5600870900000103,
              0,
              null
            ],
            [
              95.316153185000061,
              5.5602342950000221,
              0,
              null
            ],
            [
              95.316239446000097,
              5.5602357370000526,
              0,
              null
            ],
            [
              95.316337410000116,
              5.560235235000011,
              0,
              null
            ],
            [
              95.316370810000123,
              5.5602379240000559,
              0,
              null
            ],
            [
              95.316478001000021,
              5.5602507090000479,
              0,
              null
            ],
            [
              95.316577099000057,
              5.5602609770000093,
              0,
              null
            ],
            [
              95.316752976000032,
              5.5602769629999997,
              0,
              null
            ],
            [
              95.316946309000045,
              5.5602996240000095,
              0,
              null
            ],
            [
              95.317223826000003,
              5.5603348720000838,
              0,
              null
            ],
            [
              95.317337676000093,
              5.5603592190000555,
              0,
              null
            ],
            [
              95.317430547000058,
              5.5603852210000753,
              0,
              null
            ],
            [
              95.31742211100007,
              5.5605255330000496,
              0,
              null
            ],
            [
              95.317482693000017,
              5.5605307180000345,
              0,
              null
            ],
            [
              95.31769616200009,
              5.5605372920000455,
              0,
              null
            ],
            [
              95.317820319000063,
              5.5605420370000829,
              0,
              null
            ],
            [
              95.318232710000075,
              5.5605680590000155,
              0,
              null
            ],
            [
              95.318229288000069,
              5.5607103570000653,
              0,
              null
            ],
            [
              95.318224983000064,
              5.5608642750000108,
              0,
              null
            ],
            [
              95.318219988000095,
              5.5610262309999996,
              0,
              null
            ],
            [
              95.318214505000086,
              5.5611926630000035,
              0,
              null
            ],
            [
              95.318208718000051,
              5.5613599999999934,
              0,
              null
            ],
            [
              95.318202850000006,
              5.56152468000003,
              0,
              null
            ],
            [
              95.318197074000068,
              5.5616831410000849,
              0,
              null
            ],
            [
              95.318191602000056,
              5.5618318110000402,
              0,
              null
            ],
            [
              95.318186629000081,
              5.5619671200000447,
              0,
              null
            ],
            [
              95.318178418000031,
              5.5621926160000505,
              0,
              null
            ],
            [
              95.318170059000053,
              5.5624125260000383,
              0,
              null
            ],
            [
              95.318160826000081,
              5.5626302340000215,
              0,
              null
            ],
            [
              95.31814999100007,
              5.5628490870000995,
              0,
              null
            ],
            [
              95.318136819000046,
              5.56307247800002,
              0,
              null
            ],
            [
              95.318127834000023,
              5.5632061930000702,
              0,
              null
            ],
            [
              95.318117260000037,
              5.563353410000083,
              0,
              null
            ],
            [
              95.318105338000109,
              5.5635112079999942,
              0,
              null
            ],
            [
              95.318092318000097,
              5.5636766490000937,
              0,
              null
            ],
            [
              95.318078441000111,
              5.5638468200000517,
              0,
              null
            ],
            [
              95.318063976000062,
              5.5640187740000684,
              0,
              null
            ],
            [
              95.318049155000082,
              5.5641895910000798,
              0,
              null
            ],
            [
              95.318034237000091,
              5.5643563410000212,
              0,
              null
            ],
            [
              95.318019463000027,
              5.5645161030000949,
              0,
              null
            ],
            [
              95.318004305000017,
              5.5646745820000625,
              0,
              null
            ],
            [
              95.317988335000024,
              5.5648376120000513,
              0,
              null
            ],
            [
              95.317971965000083,
              5.565002388000007,
              0,
              null
            ],
            [
              95.31795561000007,
              5.5651661240000543,
              0,
              null
            ],
            [
              95.317939681000084,
              5.5653260350000515,
              0,
              null
            ],
            [
              95.317924593000072,
              5.5654793260000339,
              0,
              null
            ],
            [
              95.317910757999996,
              5.5656232020000367,
              0,
              null
            ],
            [
              95.317894608000088,
              5.5658009860000917,
              0,
              null
            ],
            [
              95.317888509000028,
              5.5658715860000711,
              0,
              null
            ],
            [
              95.317872395000023,
              5.566101469999996,
              0,
              null
            ],
            [
              95.317864621000084,
              5.5663071050000461,
              0,
              null
            ],
            [
              95.317865874000105,
              5.5664933330000004,
              0,
              null
            ],
            [
              95.317876886000036,
              5.5666649890000812,
              0,
              null
            ],
            [
              95.317894231000054,
              5.5668067720000884,
              0,
              null
            ],
            [
              95.317919766000031,
              5.5669618820000437,
              0,
              null
            ],
            [
              95.317952399000063,
              5.5671233110000777,
              0,
              null
            ],
            [
              95.317991038000073,
              5.5672840370000536,
              0,
              null
            ],
            [
              95.318034590000124,
              5.567437052000102,
              0,
              null
            ],
            [
              95.318086198000032,
              5.5675899820000545,
              0,
              null
            ],
            [
              95.318147597000049,
              5.5677501670000744,
              0,
              null
            ],
            [
              95.318215599000084,
              5.5679102080000824,
              0,
              null
            ],
            [
              95.318287036000044,
              5.5680627430000023,
              0,
              null
            ],
            [
              95.318358739000118,
              5.5682003530001083,
              0,
              null
            ],
            [
              95.318434413000077,
              5.5683291340001055,
              0,
              null
            ],
            [
              95.318517080000078,
              5.5684579690001073,
              0,
              null
            ],
            [
              95.318602477000027,
              5.5685837020000299,
              0,
              null
            ],
            [
              95.318686333000045,
              5.5687031490000543,
              0,
              null
            ],
            [
              95.318764415000018,
              5.5688131380000954,
              0,
              null
            ],
            [
              95.318860108000123,
              5.5689484740000132,
              0,
              null
            ],
            [
              95.318961890000111,
              5.5690885600000577,
              0,
              null
            ],
            [
              95.319068496000043,
              5.5692253090000037,
              0,
              null
            ],
            [
              95.319178647000101,
              5.569350619000069,
              0,
              null
            ],
            [
              95.31927616100009,
              5.5694464020000005,
              0,
              null
            ],
            [
              95.319385000000025,
              5.5695432800000226,
              0,
              null
            ],
            [
              95.319497172000069,
              5.5696361670000698,
              0,
              null
            ],
            [
              95.319604725000005,
              5.5697199520000744,
              0,
              null
            ],
            [
              95.319699663000037,
              5.5697895230000576,
              0,
              null
            ],
            [
              95.319841320000037,
              5.5698828720000542,
              0,
              null
            ],
            [
              95.319991940000065,
              5.5699683950000249,
              0,
              null
            ],
            [
              95.320169922000048,
              5.5700581480000793,
              0,
              null
            ],
            [
              95.320281524000052,
              5.5701114820000512,
              0,
              null
            ],
            [
              95.320413555000044,
              5.5701729979999897,
              0,
              null
            ],
            [
              95.320558532000049,
              5.5702388100000171,
              0,
              null
            ],
            [
              95.32070897800007,
              5.5703050340000786,
              0,
              null
            ],
            [
              95.320857407000091,
              5.5703677770000297,
              0,
              null
            ],
            [
              95.320996326000042,
              5.5704231539999931,
              0,
              null
            ],
            [
              95.321156873000092,
              5.5704816920000404,
              0,
              null
            ],
            [
              95.321318299000026,
              5.5705367540000665,
              0,
              null
            ],
            [
              95.321474365000071,
              5.5705889640000343,
              0,
              null
            ],
            [
              95.321618801000028,
              5.5706389590000853,
              0,
              null
            ],
            [
              95.321745369000013,
              5.5706873620000934,
              0,
              null
            ],
            [
              95.321888598000058,
              5.5707538130000849,
              0,
              null
            ],
            [
              95.322027874000028,
              5.5708335670000224,
              0,
              null
            ],
            [
              95.322160841000112,
              5.5709264890000725,
              0,
              null
            ],
            [
              95.322285172000093,
              5.5710324610000477,
              0,
              null
            ],
            [
              95.322385325000127,
              5.5711340730000174,
              0,
              null
            ],
            [
              95.322490085000084,
              5.5712531110000079,
              0,
              null
            ],
            [
              95.322592036000088,
              5.5713807479999993,
              0,
              null
            ],
            [
              95.322683756000032,
              5.5715081630000611,
              0,
              null
            ],
            [
              95.32275781200012,
              5.5716265279999959,
              0,
              null
            ],
            [
              95.322826918000061,
              5.571768467000016,
              0,
              null
            ],
            [
              95.322879205000035,
              5.5719169180000421,
              0,
              null
            ],
            [
              95.322917425000099,
              5.5720716350000536,
              0,
              null
            ],
            [
              95.322944338000099,
              5.5722324250000348,
              0,
              null
            ],
            [
              95.322961074000062,
              5.5723772100001128,
              0,
              null
            ],
            [
              95.322975555000113,
              5.5725447930000342,
              0,
              null
            ],
            [
              95.322987417000022,
              5.5727280410000972,
              0,
              null
            ],
            [
              95.322996327000055,
              5.5729198250000671,
              0,
              null
            ],
            [
              95.323001940000069,
              5.5731130050000637,
              0,
              null
            ],
            [
              95.323003906000054,
              5.5732573790000188,
              0,
              null
            ],
            [
              95.323004116000078,
              5.5734140620000154,
              0,
              null
            ],
            [
              95.323002283000008,
              5.5735787620000536,
              0,
              null
            ],
            [
              95.322998119000019,
              5.573747177000044,
              0,
              null
            ],
            [
              95.322991345000077,
              5.5739150150000754,
              0,
              null
            ],
            [
              95.322981656000081,
              5.5740779740000583,
              0,
              null
            ],
            [
              95.322968773000085,
              5.5742317620000819,
              0,
              null
            ],
            [
              95.32294804200005,
              5.5744087939999858,
              0,
              null
            ],
            [
              95.322920068000045,
              5.5745929220000328,
              0,
              null
            ],
            [
              95.322885171000095,
              5.574780839000038,
              0,
              null
            ],
            [
              95.32284367100003,
              5.5749692420000834,
              0,
              null
            ],
            [
              95.322795909000078,
              5.5751548320000737,
              0,
              null
            ],
            [
              95.32274218600007,
              5.5753342990000903,
              0,
              null
            ],
            [
              95.322695719000052,
              5.5754707920000151,
              0,
              null
            ],
            [
              95.322641993000047,
              5.5756150240000473,
              0,
              null
            ],
            [
              95.322582203000067,
              5.5757636199999965,
              0,
              null
            ],
            [
              95.322517554000044,
              5.5759131830000257,
              0,
              null
            ],
            [
              95.32244925100008,
              5.5760603200000318,
              0,
              null
            ],
            [
              95.322378507000096,
              5.5762016370000893,
              0,
              null
            ],
            [
              95.322306509000086,
              5.5763337480000068,
              0,
              null
            ],
            [
              95.322234479000073,
              5.5764532670000371,
              0,
              null
            ],
            [
              95.322132139000047,
              5.5766010090000933,
              0,
              null
            ],
            [
              95.322016704000092,
              5.5767454760000561,
              0,
              null
            ],
            [
              95.321888924000078,
              5.5768869180000351,
              0,
              null
            ],
            [
              95.321749567000012,
              5.5770255770000503,
              0,
              null
            ],
            [
              95.32159938300002,
              5.5771616930000327,
              0,
              null
            ],
            [
              95.321439139000077,
              5.5772955170000031,
              0,
              null
            ],
            [
              95.321333864000081,
              5.5773785230000321,
              0,
              null
            ],
            [
              95.321217542000042,
              5.5774671770000843,
              0,
              null
            ],
            [
              95.321092367000077,
              5.5775599340000319,
              0,
              null
            ],
            [
              95.32096056200001,
              5.5776552110000104,
              0,
              null
            ],
            [
              95.320824312000099,
              5.5777514460000681,
              0,
              null
            ],
            [
              95.320685823000105,
              5.577847066000075,
              0,
              null
            ],
            [
              95.320547316000017,
              5.5779405080000792,
              0,
              null
            ],
            [
              95.320410969000093,
              5.5780302080000403,
              0,
              null
            ],
            [
              95.320279004000014,
              5.5781145940000947,
              0,
              null
            ],
            [
              95.320153624000028,
              5.5781920930000233,
              0,
              null
            ],
            [
              95.319999545000073,
              5.5782830740000904,
              0,
              null
            ],
            [
              95.319841649000068,
              5.5783717920000591,
              0,
              null
            ],
            [
              95.319681369000037,
              5.5784577090000624,
              0,
              null
            ],
            [
              95.319520138000115,
              5.5785402580000536,
              0,
              null
            ],
            [
              95.319359370000129,
              5.578618891000076,
              0,
              null
            ],
            [
              95.31920049700004,
              5.5786930690000851,
              0,
              null
            ],
            [
              95.319044942000048,
              5.5787622350000348,
              0,
              null
            ],
            [
              95.31889413800009,
              5.5788258420000574,
              0,
              null
            ],
            [
              95.318740681000094,
              5.5788872079999834,
              0,
              null
            ],
            [
              95.318578858000123,
              5.5789499820000259,
              0,
              null
            ],
            [
              95.318412619000043,
              5.5790141280000043,
              0,
              null
            ],
            [
              95.318245916000109,
              5.5790795960000032,
              0,
              null
            ],
            [
              95.318082710000013,
              5.5791463250001065,
              0,
              null
            ],
            [
              95.317926951000089,
              5.5792142720000442,
              0,
              null
            ],
            [
              95.317782583000053,
              5.5792833850000783,
              0,
              null
            ],
            [
              95.317653575000037,
              5.579353603000115,
              0,
              null
            ],
            [
              95.317497365000079,
              5.5794561529999847,
              0,
              null
            ],
            [
              95.317348771000042,
              5.579572585000026,
              0,
              null
            ],
            [
              95.317207750000094,
              5.5796991830000202,
              0,
              null
            ],
            [
              95.317074251000065,
              5.5798322050001019,
              0,
              null
            ],
            [
              95.316948242000123,
              5.579967918000051,
              0,
              null
            ],
            [
              95.316829681000073,
              5.5801026080000931,
              0,
              null
            ],
            [
              95.316727347000054,
              5.5802225090000661,
              0,
              null
            ],
            [
              95.31661886300013,
              5.5803526479999981,
              0,
              null
            ],
            [
              95.316506702000083,
              5.5804904850000341,
              0,
              null
            ],
            [
              95.31639334300003,
              5.5806334980000543,
              0,
              null
            ],
            [
              95.316281266000004,
              5.5807791260000243,
              0,
              null
            ],
            [
              95.316172925000004,
              5.5809248580000919,
              0,
              null
            ],
            [
              95.316070818000085,
              5.5810681420000456,
              0,
              null
            ],
            [
              95.315983170000024,
              5.5811969250000431,
              0,
              null
            ],
            [
              95.315893253000041,
              5.5813338250000903,
              0,
              null
            ],
            [
              95.315802857000023,
              5.5814752999999833,
              0,
              null
            ],
            [
              95.315713783000035,
              5.5816178280000521,
              0,
              null
            ],
            [
              95.315627849000023,
              5.5817578940000061,
              0,
              null
            ],
            [
              95.315546843000078,
              5.5818919569999963,
              0,
              null
            ],
            [
              95.315472585000052,
              5.5820165010000871,
              0,
              null
            ],
            [
              95.315406855000035,
              5.5821280050000759,
              0,
              null
            ],
            [
              95.315290572000009,
              5.5823282740000373,
              0,
              null
            ],
            [
              95.31518499200007,
              5.582513279000068,
              0,
              null
            ],
            [
              95.315089886000095,
              5.5826821620000082,
              0,
              null
            ],
            [
              95.315006862000075,
              5.5828353680000724,
              0,
              null
            ]
          ]
        ]
      },
      "properties" : {
        "FID" : 0,
        "KDPPUM" : " ",
        "NAMOBJ" : "Kuta Raja",
        "REMARK" : "Wilayah Administrasi Kecamatan",
        "KDPBPS" : " ",
        "FCODE" : " ",
        "LUASWH" : 0,
        "UUPP" : " ",
        "SRS_ID" : " ",
        "LCODE" : "BA0080",
        "METADATA" : " ",
        "KDEBPS" : " ",
        "KDEPUM" : " ",
        "KDCBPS" : " ",
        "KDCPUM" : " ",
        "KDBBPS" : " ",
        "KDBPUM" : " ",
        "WADMKD" : " ",
        "WIADKD" : " ",
        "WADMKC" : " ",
        "WIADKC" : " ",
        "WADMKK" : "BANDA ACEH",
        "WIADKK" : " ",
        "WADMPR" : "ACEH",
        "WIADPR" : " ",
        "TIPADM" : 0,
        "Shape_Leng" : 0.120703934864,
        "Shape_Area" : 0.000231301111913
      }
    }
  ]
}