{
  "hasZ" : true,
  "hasM" : true,
  "type" : "FeatureCollection",
  "features" : [
    {
      "type" : "Feature",
      "id" : 0,
      "geometry" : {
        "type" : "Polygon",
        "coordinates" : [
          [
            [
              95.314492338000036,
              5.54257319900006,
              0,
              null
            ],
            [
              95.314234721000048,
              5.5427301410000496,
              0,
              null
            ],
            [
              95.313987101000066,
              5.5428889560000698,
              0,
              null
            ],
            [
              95.313923462000048,
              5.5427899530000673,
              0,
              null
            ],
            [
              95.313491267000074,
              5.5430547210000327,
              0,
              null
            ],
            [
              95.313331705000053,
              5.5428412950000734,
              0,
              null
            ],
            [
              95.313151910000045,
              5.5429484250000201,
              0,
              null
            ],
            [
              95.312757938000061,
              5.5432214140000724,
              0,
              null
            ],
            [
              95.312499991000038,
              5.5429551530000367,
              0,
              null
            ],
            [
              95.312087137000049,
              5.542525309000041,
              0,
              null
            ],
            [
              95.312044311000079,
              5.5425530370000615,
              0,
              null
            ],
            [
              95.312031839000042,
              5.5425608660000307,
              0,
              null
            ],
            [
              95.312015768000037,
              5.5425709530000518,
              0,
              null
            ],
            [
              95.311875977000057,
              5.5426812350000318,
              0,
              null
            ],
            [
              95.311721573000057,
              5.542804856000032,
              0,
              null
            ],
            [
              95.311708724000084,
              5.542817608000064,
              0,
              null
            ],
            [
              95.31169488200004,
              5.5428015470000673,
              0,
              null
            ],
            [
              95.311691545000087,
              5.5427976750000312,
              0,
              null
            ],
            [
              95.311662037000076,
              5.542769986000053,
              0,
              null
            ],
            [
              95.311634308000066,
              5.5427404820000561,
              0,
              null
            ],
            [
              95.311628835000079,
              5.542733791000046,
              0,
              null
            ],
            [
              95.311608936000084,
              5.5427094590000365,
              0,
              null
            ],
            [
              95.311590257000034,
              5.5426855810000575,
              0,
              null
            ],
            [
              95.311527319000049,
              5.5426051220000545,
              0,
              null
            ],
            [
              95.311491340000032,
              5.5425599080000438,
              0,
              null
            ],
            [
              95.311421259000042,
              5.54247183800004,
              0,
              null
            ],
            [
              95.311395008000034,
              5.5424420120000377,
              0,
              null
            ],
            [
              95.311380298000074,
              5.5424314480000589,
              0,
              null
            ],
            [
              95.31134794500008,
              5.5424148250000371,
              0,
              null
            ],
            [
              95.311314793000065,
              5.5424059690000718,
              0,
              null
            ],
            [
              95.311293317000036,
              5.5424023470000634,
              0,
              null
            ],
            [
              95.311276513000053,
              5.5424020840000594,
              0,
              null
            ],
            [
              95.311260559000061,
              5.5424018330000422,
              0,
              null
            ],
            [
              95.311226969000074,
              5.5424058150000519,
              0,
              null
            ],
            [
              95.311114493000048,
              5.5424366710000754,
              0,
              null
            ],
            [
              95.311104188000058,
              5.5424390180000387,
              0,
              null
            ],
            [
              95.310989011000061,
              5.5424652530000458,
              0,
              null
            ],
            [
              95.310904570000048,
              5.5424844860000348,
              0,
              null
            ],
            [
              95.310835682000061,
              5.5425005100000249,
              0,
              null
            ],
            [
              95.310813317000054,
              5.5425060890000282,
              0,
              null
            ],
            [
              95.310803029000056,
              5.5425086560000523,
              0,
              null
            ],
            [
              95.310800844000084,
              5.5425091660000589,
              0,
              null
            ],
            [
              95.310759981000047,
              5.542518704000031,
              0,
              null
            ],
            [
              95.310710472000039,
              5.5425294620000614,
              0,
              null
            ],
            [
              95.310514689000058,
              5.5425720070000466,
              0,
              null
            ],
            [
              95.31037729600007,
              5.5426042240000584,
              0,
              null
            ],
            [
              95.310234711000078,
              5.5426376590000359,
              0,
              null
            ],
            [
              95.310218656000075,
              5.542641255000035,
              0,
              null
            ],
            [
              95.310177697000086,
              5.542650429000048,
              0,
              null
            ],
            [
              95.310171463000074,
              5.5426518260000535,
              0,
              null
            ],
            [
              95.310160826000072,
              5.5426538530000471,
              0,
              null
            ],
            [
              95.310149774000081,
              5.5426559600000473,
              0,
              null
            ],
            [
              95.310138622000068,
              5.5426578240000595,
              0,
              null
            ],
            [
              95.31012867700008,
              5.5426594860000478,
              0,
              null
            ],
            [
              95.310072503000072,
              5.5426670090000698,
              0,
              null
            ],
            [
              95.310011273000043,
              5.5426757810000709,
              0,
              null
            ],
            [
              95.309975035000036,
              5.5426830730000347,
              0,
              null
            ],
            [
              95.30991595200004,
              5.5426966000000562,
              0,
              null
            ],
            [
              95.309871147000081,
              5.5427093580000246,
              0,
              null
            ],
            [
              95.30982208000006,
              5.5427226060000407,
              0,
              null
            ],
            [
              95.309818021000069,
              5.5427237020000462,
              0,
              null
            ],
            [
              95.309698413000035,
              5.5427555440000447,
              0,
              null
            ],
            [
              95.309620596000059,
              5.5427733520000402,
              0,
              null
            ],
            [
              95.309593044000053,
              5.5427796570000396,
              0,
              null
            ],
            [
              95.309543405000056,
              5.542789884000058,
              0,
              null
            ],
            [
              95.309487288000071,
              5.5428030740000622,
              0,
              null
            ],
            [
              95.309465868000075,
              5.542809463000026,
              0,
              null
            ],
            [
              95.30942587800007,
              5.5428213920000644,
              0,
              null
            ],
            [
              95.309386798000048,
              5.5428400570000349,
              0,
              null
            ],
            [
              95.309370024000032,
              5.5428523990000258,
              0,
              null
            ],
            [
              95.309349313000041,
              5.5428676370000289,
              0,
              null
            ],
            [
              95.309309961000054,
              5.5429140450000318,
              0,
              null
            ],
            [
              95.309287779000044,
              5.5429515900000297,
              0,
              null
            ],
            [
              95.309266426000079,
              5.5430097140000498,
              0,
              null
            ],
            [
              95.309259929000063,
              5.5430396230000269,
              0,
              null
            ],
            [
              95.309252013000048,
              5.5430755120000299,
              0,
              null
            ],
            [
              95.309234225000068,
              5.5430723830000375,
              0,
              null
            ],
            [
              95.309192516000053,
              5.5430614350000269,
              0,
              null
            ],
            [
              95.30908855000007,
              5.5430333580000593,
              0,
              null
            ],
            [
              95.308978527000079,
              5.5430036440000663,
              0,
              null
            ],
            [
              95.308952171000044,
              5.5429961620000654,
              0,
              null
            ],
            [
              95.308890820000045,
              5.5429780150000738,
              0,
              null
            ],
            [
              95.308892005000075,
              5.5429561600000739,
              0,
              null
            ],
            [
              95.308891116000041,
              5.5429446430000553,
              0,
              null
            ],
            [
              95.308890556000051,
              5.5429373980000491,
              0,
              null
            ],
            [
              95.30888675500006,
              5.5428881910000314,
              0,
              null
            ],
            [
              95.308878277000076,
              5.5427943250000453,
              0,
              null
            ],
            [
              95.30887165300004,
              5.5427373450000346,
              0,
              null
            ],
            [
              95.308865537000031,
              5.5426847220000468,
              0,
              null
            ],
            [
              95.30885022800004,
              5.5425211250000643,
              0,
              null
            ],
            [
              95.308820572000059,
              5.542243979000034,
              0,
              null
            ],
            [
              95.308798208000042,
              5.5420242100000223,
              0,
              null
            ],
            [
              95.308786871000052,
              5.5419127980000553,
              0,
              null
            ],
            [
              95.308780489000071,
              5.541841603000023,
              0,
              null
            ],
            [
              95.308769321000057,
              5.5417170100000703,
              0,
              null
            ],
            [
              95.30876429500006,
              5.5416687870000487,
              0,
              null
            ],
            [
              95.308764079000071,
              5.5416667210000696,
              0,
              null
            ],
            [
              95.308723625000084,
              5.5413475100000369,
              0,
              null
            ],
            [
              95.30870664300005,
              5.5411892040000339,
              0,
              null
            ],
            [
              95.308699464000085,
              5.5411222930000577,
              0,
              null
            ],
            [
              95.308698708000065,
              5.5411152450000714,
              0,
              null
            ],
            [
              95.308677773000056,
              5.5409118360000207,
              0,
              null
            ],
            [
              95.308656476000067,
              5.5407036650000236,
              0,
              null
            ],
            [
              95.308646359000079,
              5.5406181440000637,
              0,
              null
            ],
            [
              95.30863768100005,
              5.5405448010000669,
              0,
              null
            ],
            [
              95.308628069000065,
              5.5404725260000305,
              0,
              null
            ],
            [
              95.308616698000037,
              5.5403870310000229,
              0,
              null
            ],
            [
              95.308589931000085,
              5.5401803280000763,
              0,
              null
            ],
            [
              95.308575775000065,
              5.5400547110000389,
              0,
              null
            ],
            [
              95.308572992000052,
              5.5400300080000306,
              0,
              null
            ],
            [
              95.30855861100008,
              5.5398873260000414,
              0,
              null
            ],
            [
              95.308546813000078,
              5.5397702690000301,
              0,
              null
            ],
            [
              95.308524663000071,
              5.5395395480000502,
              0,
              null
            ],
            [
              95.308512854000071,
              5.5393908140000576,
              0,
              null
            ],
            [
              95.30850789200008,
              5.539328322000074,
              0,
              null
            ],
            [
              95.308507003000045,
              5.5393049270000461,
              0,
              null
            ],
            [
              95.308503301000087,
              5.5392075580000437,
              0,
              null
            ],
            [
              95.308503985000073,
              5.5391469470000629,
              0,
              null
            ],
            [
              95.308506694000073,
              5.5391150370000446,
              0,
              null
            ],
            [
              95.308513723000033,
              5.5390850270000556,
              0,
              null
            ],
            [
              95.308526070000084,
              5.5390377670000248,
              0,
              null
            ],
            [
              95.308536665000076,
              5.5389946180000607,
              0,
              null
            ],
            [
              95.308537427000033,
              5.5389782230000719,
              0,
              null
            ],
            [
              95.308539874000076,
              5.538925627000026,
              0,
              null
            ],
            [
              95.30853994000006,
              5.5389242130000298,
              0,
              null
            ],
            [
              95.308540570000048,
              5.5389106730000321,
              0,
              null
            ],
            [
              95.308540402000062,
              5.5388969830000292,
              0,
              null
            ],
            [
              95.308540066000035,
              5.5388696390000405,
              0,
              null
            ],
            [
              95.308539864000068,
              5.5388531260000491,
              0,
              null
            ],
            [
              95.308539652000036,
              5.5388359240000682,
              0,
              null
            ],
            [
              95.308539014000075,
              5.5387839460000237,
              0,
              null
            ],
            [
              95.308538369000075,
              5.5387313870000412,
              0,
              null
            ],
            [
              95.308537959000034,
              5.5386980280000557,
              0,
              null
            ],
            [
              95.308537235000074,
              5.5386389780000513,
              0,
              null
            ],
            [
              95.308536769000057,
              5.5386010230000693,
              0,
              null
            ],
            [
              95.30853301500008,
              5.5384450030000494,
              0,
              null
            ],
            [
              95.30852980700007,
              5.53834845800003,
              0,
              null
            ],
            [
              95.308523796000031,
              5.5383012070000746,
              0,
              null
            ],
            [
              95.308514039000045,
              5.5382627740000316,
              0,
              null
            ],
            [
              95.308497705000036,
              5.5382126450000442,
              0,
              null
            ],
            [
              95.308490100000085,
              5.5381893060000493,
              0,
              null
            ],
            [
              95.30846043400004,
              5.5380954410000527,
              0,
              null
            ],
            [
              95.308444805000079,
              5.5380466930000694,
              0,
              null
            ],
            [
              95.308427394000034,
              5.5379923870000312,
              0,
              null
            ],
            [
              95.308388648000061,
              5.5378600860000233,
              0,
              null
            ],
            [
              95.30834146400008,
              5.5377015960000335,
              0,
              null
            ],
            [
              95.308301644000039,
              5.5375581980000561,
              0,
              null
            ],
            [
              95.308298024000067,
              5.5375451610000255,
              0,
              null
            ],
            [
              95.308258886000033,
              5.5374145930000509,
              0,
              null
            ],
            [
              95.308253970000067,
              5.5373981920000688,
              0,
              null
            ],
            [
              95.308168686000045,
              5.5371257770000284,
              0,
              null
            ],
            [
              95.308167182000034,
              5.5371209720000252,
              0,
              null
            ],
            [
              95.308162677000041,
              5.5371053530000722,
              0,
              null
            ],
            [
              95.308156884000084,
              5.5370852630000513,
              0,
              null
            ],
            [
              95.308127393000063,
              5.5369830030000458,
              0,
              null
            ],
            [
              95.308098535000056,
              5.5368829390000656,
              0,
              null
            ],
            [
              95.308083424000074,
              5.5368291930000737,
              0,
              null
            ],
            [
              95.308060581000063,
              5.5367479500000627,
              0,
              null
            ],
            [
              95.308059422000042,
              5.5367438000000675,
              0,
              null
            ],
            [
              95.307998518000034,
              5.5365257190000534,
              0,
              null
            ],
            [
              95.307987451000031,
              5.5364844260000723,
              0,
              null
            ],
            [
              95.307970224000087,
              5.5364388270000404,
              0,
              null
            ],
            [
              95.307946878000052,
              5.5363833630000272,
              0,
              null
            ],
            [
              95.307931042000064,
              5.5363362990000269,
              0,
              null
            ],
            [
              95.307926702000032,
              5.5363234030000399,
              0,
              null
            ],
            [
              95.307924919000072,
              5.5363181040000313,
              0,
              null
            ],
            [
              95.307923025000036,
              5.5363103510000542,
              0,
              null
            ],
            [
              95.307914514000061,
              5.5362755060000381,
              0,
              null
            ],
            [
              95.307900720000077,
              5.5362019960000453,
              0,
              null
            ],
            [
              95.307898596000086,
              5.5361906810000505,
              0,
              null
            ],
            [
              95.307878187000085,
              5.5360969880000539,
              0,
              null
            ],
            [
              95.307859443000041,
              5.5360394630000656,
              0,
              null
            ],
            [
              95.30784281800004,
              5.5360011590000227,
              0,
              null
            ],
            [
              95.307837506000055,
              5.5359889200000225,
              0,
              null
            ],
            [
              95.307837244000041,
              5.5359883520000608,
              0,
              null
            ],
            [
              95.307831323000073,
              5.5359755460000315,
              0,
              null
            ],
            [
              95.307810668000059,
              5.5359308660000579,
              0,
              null
            ],
            [
              95.307799644000056,
              5.5358961800000657,
              0,
              null
            ],
            [
              95.307795467000062,
              5.5358682020000742,
              0,
              null
            ],
            [
              95.307793834000051,
              5.535833326000045,
              0,
              null
            ],
            [
              95.307795809000083,
              5.5357959860000392,
              0,
              null
            ],
            [
              95.30780283100006,
              5.5357504010000298,
              0,
              null
            ],
            [
              95.307815033000054,
              5.5357120460000715,
              0,
              null
            ],
            [
              95.307830515000035,
              5.5356775910000238,
              0,
              null
            ],
            [
              95.307848804000059,
              5.535649731000035,
              0,
              null
            ],
            [
              95.307850380000048,
              5.5356473320000532,
              0,
              null
            ],
            [
              95.307873254000071,
              5.5356206850000262,
              0,
              null
            ],
            [
              95.307895239000061,
              5.5355998460000251,
              0,
              null
            ],
            [
              95.307930809000084,
              5.5355738730000326,
              0,
              null
            ],
            [
              95.307978859000059,
              5.5355419130000314,
              0,
              null
            ],
            [
              95.308019681000076,
              5.5355143200000612,
              0,
              null
            ],
            [
              95.308059157000059,
              5.5354836680000403,
              0,
              null
            ],
            [
              95.308149903000071,
              5.5354070960000286,
              0,
              null
            ],
            [
              95.308191483000087,
              5.5353657580000686,
              0,
              null
            ],
            [
              95.308212163000064,
              5.5353869940000209,
              0,
              null
            ],
            [
              95.30827804900008,
              5.5354484300000308,
              0,
              null
            ],
            [
              95.308343727000079,
              5.5355110330000343,
              0,
              null
            ],
            [
              95.308347618000084,
              5.5355147420000321,
              0,
              null
            ],
            [
              95.308390704000033,
              5.5355589660000533,
              0,
              null
            ],
            [
              95.308437920000074,
              5.5356074300000273,
              0,
              null
            ],
            [
              95.308529798000052,
              5.5356947530000298,
              0,
              null
            ],
            [
              95.308585790000052,
              5.5357518250000339,
              0,
              null
            ],
            [
              95.308630390000076,
              5.5357969120000234,
              0,
              null
            ],
            [
              95.308646770000053,
              5.5358134700000505,
              0,
              null
            ],
            [
              95.308691324000051,
              5.5358571190000703,
              0,
              null
            ],
            [
              95.308717971000078,
              5.5358819990000256,
              0,
              null
            ],
            [
              95.308744170000068,
              5.5359010870000702,
              0,
              null
            ],
            [
              95.308767941000042,
              5.5359100970000554,
              0,
              null
            ],
            [
              95.308786464000036,
              5.5359155390000296,
              0,
              null
            ],
            [
              95.308803466000086,
              5.5359239870000465,
              0,
              null
            ],
            [
              95.308825938000041,
              5.5359377660000746,
              0,
              null
            ],
            [
              95.30884565100007,
              5.535952016000067,
              0,
              null
            ],
            [
              95.308875557000079,
              5.5359776800000304,
              0,
              null
            ],
            [
              95.308917905000044,
              5.5360152710000534,
              0,
              null
            ],
            [
              95.308925266000074,
              5.536022216000049,
              0,
              null
            ],
            [
              95.308971444000065,
              5.536065782000037,
              0,
              null
            ],
            [
              95.308992446000047,
              5.5360853760000737,
              0,
              null
            ],
            [
              95.309024238000063,
              5.5361150390000375,
              0,
              null
            ],
            [
              95.309058440000058,
              5.5361474760000533,
              0,
              null
            ],
            [
              95.309063581000032,
              5.5361523530000341,
              0,
              null
            ],
            [
              95.309086377000085,
              5.5361752680000222,
              0,
              null
            ],
            [
              95.309100424000064,
              5.5361893870000358,
              0,
              null
            ],
            [
              95.309105532000046,
              5.5361945750000245,
              0,
              null
            ],
            [
              95.309166622000077,
              5.5362566160000597,
              0,
              null
            ],
            [
              95.309179913000037,
              5.5362707690000548,
              0,
              null
            ],
            [
              95.309233530000085,
              5.5363278640000431,
              0,
              null
            ],
            [
              95.309250624000072,
              5.5363459600000624,
              0,
              null
            ],
            [
              95.309252912000034,
              5.5363483830000746,
              0,
              null
            ],
            [
              95.309311153000067,
              5.5364100360000634,
              0,
              null
            ],
            [
              95.309340660000032,
              5.5364404750000631,
              0,
              null
            ],
            [
              95.309410054000068,
              5.5365120600000637,
              0,
              null
            ],
            [
              95.309426339000083,
              5.5365288590000432,
              0,
              null
            ],
            [
              95.309559197000056,
              5.5366569780000532,
              0,
              null
            ],
            [
              95.309657363000042,
              5.5367555930000663,
              0,
              null
            ],
            [
              95.309665214000063,
              5.5367635140000289,
              0,
              null
            ],
            [
              95.309729296000057,
              5.5368281720000709,
              0,
              null
            ],
            [
              95.309769559000074,
              5.5368687960000216,
              0,
              null
            ],
            [
              95.309856614000068,
              5.5369536970000581,
              0,
              null
            ],
            [
              95.309908699000061,
              5.537004492000051,
              0,
              null
            ],
            [
              95.309930064000071,
              5.5370257990000482,
              0,
              null
            ],
            [
              95.310027773000058,
              5.5371232460000215,
              0,
              null
            ],
            [
              95.310056071000076,
              5.5371509720000631,
              0,
              null
            ],
            [
              95.310160323000048,
              5.5372531100000515,
              0,
              null
            ],
            [
              95.310294605000081,
              5.5373829860000683,
              0,
              null
            ],
            [
              95.310306179000065,
              5.5373938390000603,
              0,
              null
            ],
            [
              95.310338872000045,
              5.5374244940000494,
              0,
              null
            ],
            [
              95.310405439000078,
              5.5374869110000304,
              0,
              null
            ],
            [
              95.310517400000037,
              5.5375928750000298,
              0,
              null
            ],
            [
              95.310600990000069,
              5.5376760350000609,
              0,
              null
            ],
            [
              95.310678483000061,
              5.5377527220000502,
              0,
              null
            ],
            [
              95.310689152000066,
              5.537763281000025,
              0,
              null
            ],
            [
              95.310703571000033,
              5.5377768360000346,
              0,
              null
            ],
            [
              95.310775359000047,
              5.5378443240000479,
              0,
              null
            ],
            [
              95.310797215000036,
              5.5378645860000688,
              0,
              null
            ],
            [
              95.310820722000074,
              5.5378892800000585,
              0,
              null
            ],
            [
              95.310821971000053,
              5.5378907530000561,
              0,
              null
            ],
            [
              95.310835467000061,
              5.5379066730000659,
              0,
              null
            ],
            [
              95.310848898000074,
              5.5379225160000374,
              0,
              null
            ],
            [
              95.310874088000048,
              5.5379451670000321,
              0,
              null
            ],
            [
              95.310888243000079,
              5.5379578950000337,
              0,
              null
            ],
            [
              95.310918551000043,
              5.5379802760000416,
              0,
              null
            ],
            [
              95.310948564000057,
              5.5379985810000676,
              0,
              null
            ],
            [
              95.310975515000052,
              5.5380182080000395,
              0,
              null
            ],
            [
              95.311016589000076,
              5.5380505440000434,
              0,
              null
            ],
            [
              95.311018086000047,
              5.538051868000025,
              0,
              null
            ],
            [
              95.311066703000051,
              5.5380948660000513,
              0,
              null
            ],
            [
              95.311077828000066,
              5.5381046230000379,
              0,
              null
            ],
            [
              95.311161896000044,
              5.5381783600000745,
              0,
              null
            ],
            [
              95.31128400700004,
              5.5382845370000382,
              0,
              null
            ],
            [
              95.311330828000052,
              5.538325445000055,
              0,
              null
            ],
            [
              95.311388622000038,
              5.5383759400000372,
              0,
              null
            ],
            [
              95.311439478000068,
              5.5384213030000637,
              0,
              null
            ],
            [
              95.311529203000077,
              5.5385013340000455,
              0,
              null
            ],
            [
              95.311652332000051,
              5.5386071820000211,
              0,
              null
            ],
            [
              95.311667884000087,
              5.5386197780000543,
              0,
              null
            ],
            [
              95.311757386000068,
              5.538692271000059,
              0,
              null
            ],
            [
              95.311762731000044,
              5.5386966000000371,
              0,
              null
            ],
            [
              95.31185522800007,
              5.5387780260000454,
              0,
              null
            ],
            [
              95.311921461000054,
              5.538840174000029,
              0,
              null
            ],
            [
              95.311995444000047,
              5.5389071540000714,
              0,
              null
            ],
            [
              95.312006604000032,
              5.5389183210000397,
              0,
              null
            ],
            [
              95.312045500000067,
              5.5389572440000734,
              0,
              null
            ],
            [
              95.312074084000074,
              5.5389864420000663,
              0,
              null
            ],
            [
              95.312083794000046,
              5.538996361000045,
              0,
              null
            ],
            [
              95.31213680500008,
              5.5390570150000258,
              0,
              null
            ],
            [
              95.312190804000068,
              5.5391210810000757,
              0,
              null
            ],
            [
              95.31224012000007,
              5.5391807270000299,
              0,
              null
            ],
            [
              95.312291070000072,
              5.539242348000073,
              0,
              null
            ],
            [
              95.312329714000043,
              5.5392910140000708,
              0,
              null
            ],
            [
              95.31239630500005,
              5.539374877000057,
              0,
              null
            ],
            [
              95.312499986000034,
              5.5394944290000581,
              0,
              null
            ],
            [
              95.312532633000046,
              5.5395359020000683,
              0,
              null
            ],
            [
              95.312542127000086,
              5.539547963000075,
              0,
              null
            ],
            [
              95.312582221000071,
              5.5395988950000401,
              0,
              null
            ],
            [
              95.312593201000084,
              5.5396128430000431,
              0,
              null
            ],
            [
              95.312595593000083,
              5.5396158810000315,
              0,
              null
            ],
            [
              95.312596297000084,
              5.53961677500007,
              0,
              null
            ],
            [
              95.312650896000036,
              5.539686133000032,
              0,
              null
            ],
            [
              95.312721055000054,
              5.5397811230000684,
              0,
              null
            ],
            [
              95.312742321000087,
              5.539804906000029,
              0,
              null
            ],
            [
              95.312779532000036,
              5.5398463490000722,
              0,
              null
            ],
            [
              95.31279642700008,
              5.5398641160000466,
              0,
              null
            ],
            [
              95.312813321000078,
              5.5398818830000209,
              0,
              null
            ],
            [
              95.312833068000032,
              5.539902651000034,
              0,
              null
            ],
            [
              95.312839841000084,
              5.539911122000035,
              0,
              null
            ],
            [
              95.312863990000039,
              5.5399413260000756,
              0,
              null
            ],
            [
              95.312942185000054,
              5.540061124000033,
              0,
              null
            ],
            [
              95.313040357000034,
              5.5402030450000552,
              0,
              null
            ],
            [
              95.313205334000031,
              5.5404610740000635,
              0,
              null
            ],
            [
              95.313491594000084,
              5.5409046450000687,
              0,
              null
            ],
            [
              95.313583974000039,
              5.5410286490000544,
              0,
              null
            ],
            [
              95.313701494000043,
              5.5411728830000584,
              0,
              null
            ],
            [
              95.314067207000051,
              5.5416115120000313,
              0,
              null
            ],
            [
              95.314115520000087,
              5.5416666930000247,
              0,
              null
            ],
            [
              95.314140399000053,
              5.5417066410000757,
              0,
              null
            ],
            [
              95.314181484000073,
              5.5417785020000565,
              0,
              null
            ],
            [
              95.314184524000041,
              5.5417838190000452,
              0,
              null
            ],
            [
              95.314218278000055,
              5.5418589260000317,
              0,
              null
            ],
            [
              95.314263637000067,
              5.5419598540000266,
              0,
              null
            ],
            [
              95.314279561000035,
              5.5419952890000559,
              0,
              null
            ],
            [
              95.314327625000033,
              5.5421416810000323,
              0,
              null
            ],
            [
              95.314352417000066,
              5.5422238710000329,
              0,
              null
            ],
            [
              95.314354430000037,
              5.5422305440000628,
              0,
              null
            ],
            [
              95.314417292000087,
              5.5423867360000258,
              0,
              null
            ],
            [
              95.314446183000086,
              5.5424585220000608,
              0,
              null
            ],
            [
              95.314492338000036,
              5.54257319900006,
              0,
              null
            ]
          ]
        ]
      },
      "properties" : {
        "FID" : 0,
        "OBJECTID" : 18188,
        "KDPPUM" : "11",
        "NAMOBJ" : "Seutui",
        "REMARK" : " ",
        "KDPBPS" : " ",
        "FCODE" : "BA03070040",
        "LUASWH" : 0,
        "UUPP" : "RBI",
        "SRS_ID" : "SRGI 2013",
        "METADATA" : "TASWIL1000020200326DATA_BATAS_DESA_KELURAHAN",
        "KDEBPS" : " ",
        "KDEPUM" : "11.71.01.2004",
        "KDCBPS" : " ",
        "KDCPUM" : "11.71.01",
        "KDBBPS" : " ",
        "WADMKD" : "Seutui",
        "WIADKD" : "0",
        "WADMKC" : "Baiturrahman",
        "WIADKC" : " ",
        "WADMKK" : "Kota Banda Aceh",
        "WIADKK" : " ",
        "WADMPR" : "Aceh",
        "WIADPR" : " ",
        "TIPADM" : 9,
        "KDPKAB" : "11.71",
        "SHAPE_Leng" : 0.02443397934835,
        "SHAPE_Area" : 2.5022260899000001e-05
      }
    }
  ]
}