{
  "hasZ" : true,
  "hasM" : true,
  "type" : "FeatureCollection",
  "features" : [
    {
      "type" : "Feature",
      "id" : 0,
      "geometry" : {
        "type" : "Polygon",
        "coordinates" : [
          [
            [
              95.312536599000055,
              5.5283654400000728,
              0,
              null
            ],
            [
              95.312527442000032,
              5.5283652570000754,
              0,
              null
            ],
            [
              95.31252356300007,
              5.5283651810000265,
              0,
              null
            ],
            [
              95.312505392000048,
              5.5283648240000502,
              0,
              null
            ],
            [
              95.312499965000086,
              5.5283650580000767,
              0,
              null
            ],
            [
              95.312493662000065,
              5.5283651920000239,
              0,
              null
            ],
            [
              95.312481534000085,
              5.5283654500000239,
              0,
              null
            ],
            [
              95.312467008000056,
              5.5283674230000202,
              0,
              null
            ],
            [
              95.312453852000033,
              5.5283703910000668,
              0,
              null
            ],
            [
              95.312444583000058,
              5.5283724820000657,
              0,
              null
            ],
            [
              95.312444427000059,
              5.5283725330000379,
              0,
              null
            ],
            [
              95.312379793000048,
              5.528393602000051,
              0,
              null
            ],
            [
              95.312361450000083,
              5.5283995800000412,
              0,
              null
            ],
            [
              95.312329181000052,
              5.5284117620000757,
              0,
              null
            ],
            [
              95.312304979000032,
              5.5284208980000358,
              0,
              null
            ],
            [
              95.312277922000078,
              5.5284344090000559,
              0,
              null
            ],
            [
              95.312198529000057,
              5.5284929940000325,
              0,
              null
            ],
            [
              95.31218804100007,
              5.5284962710000514,
              0,
              null
            ],
            [
              95.312154046000046,
              5.5285001810000267,
              0,
              null
            ],
            [
              95.312144681000063,
              5.5284999650000373,
              0,
              null
            ],
            [
              95.312138442000048,
              5.5284986510000635,
              0,
              null
            ],
            [
              95.312134958000058,
              5.528495691000046,
              0,
              null
            ],
            [
              95.312112711000054,
              5.5284968070000673,
              0,
              null
            ],
            [
              95.312076933000071,
              5.5284986020000702,
              0,
              null
            ],
            [
              95.312040915000068,
              5.528500354000073,
              0,
              null
            ],
            [
              95.312040259000071,
              5.5285003860000757,
              0,
              null
            ],
            [
              95.311989707000066,
              5.5285028450000482,
              0,
              null
            ],
            [
              95.312013366000087,
              5.5282236960000546,
              0,
              null
            ],
            [
              95.31204791600004,
              5.5275319030000674,
              0,
              null
            ],
            [
              95.31204198100005,
              5.5274788310000531,
              0,
              null
            ],
            [
              95.312027504000071,
              5.5274387090000232,
              0,
              null
            ],
            [
              95.311984554000048,
              5.5273061970000299,
              0,
              null
            ],
            [
              95.311968789000048,
              5.5273004100000662,
              0,
              null
            ],
            [
              95.311960531000068,
              5.5272965710000221,
              0,
              null
            ],
            [
              95.311955691000037,
              5.5272943210000562,
              0,
              null
            ],
            [
              95.311955079000086,
              5.5272940360000575,
              0,
              null
            ],
            [
              95.311938858000076,
              5.5272843830000511,
              0,
              null
            ],
            [
              95.311856053000042,
              5.5272357220000572,
              0,
              null
            ],
            [
              95.311835361000078,
              5.5272234430000253,
              0,
              null
            ],
            [
              95.311822947000053,
              5.5272160780000377,
              0,
              null
            ],
            [
              95.311729926000055,
              5.527160881000043,
              0,
              null
            ],
            [
              95.311694270000032,
              5.5271386370000641,
              0,
              null
            ],
            [
              95.31164455000004,
              5.527107620000038,
              0,
              null
            ],
            [
              95.311607185000071,
              5.5270869210000342,
              0,
              null
            ],
            [
              95.311561010000048,
              5.5270647920000329,
              0,
              null
            ],
            [
              95.311536404000037,
              5.5270550420000291,
              0,
              null
            ],
            [
              95.311515627000063,
              5.5270468090000691,
              0,
              null
            ],
            [
              95.311394524000036,
              5.5270134110000413,
              0,
              null
            ],
            [
              95.311368252000079,
              5.5270060840000497,
              0,
              null
            ],
            [
              95.311265263000053,
              5.5269773600000462,
              0,
              null
            ],
            [
              95.31124357200008,
              5.5269720360000747,
              0,
              null
            ],
            [
              95.311103016000061,
              5.5269375420000415,
              0,
              null
            ],
            [
              95.311087313000087,
              5.5269339130000503,
              0,
              null
            ],
            [
              95.31100168100005,
              5.5269141270000546,
              0,
              null
            ],
            [
              95.310943985000051,
              5.5269010470000239,
              0,
              null
            ],
            [
              95.310862686000064,
              5.5268826150000336,
              0,
              null
            ],
            [
              95.31085078600006,
              5.5268800490000558,
              0,
              null
            ],
            [
              95.310841483000047,
              5.5268769310000607,
              0,
              null
            ],
            [
              95.310835093000037,
              5.5268739550000419,
              0,
              null
            ],
            [
              95.310830512000052,
              5.5268714150000733,
              0,
              null
            ],
            [
              95.310820427000067,
              5.5268651990000421,
              0,
              null
            ],
            [
              95.310820276000072,
              5.5268659670000488,
              0,
              null
            ],
            [
              95.310814770000036,
              5.526888361000033,
              0,
              null
            ],
            [
              95.310807121000039,
              5.5269090950000646,
              0,
              null
            ],
            [
              95.31080266500004,
              5.5269211750000409,
              0,
              null
            ],
            [
              95.310798758000033,
              5.5269351200000756,
              0,
              null
            ],
            [
              95.310787462000064,
              5.5269319740000356,
              0,
              null
            ],
            [
              95.310752172000036,
              5.5269232430000557,
              0,
              null
            ],
            [
              95.310730326000055,
              5.5269195590000209,
              0,
              null
            ],
            [
              95.310700914000051,
              5.5269164640000668,
              0,
              null
            ],
            [
              95.310645703000034,
              5.5269104620000462,
              0,
              null
            ],
            [
              95.310633407000068,
              5.5269091250000315,
              0,
              null
            ],
            [
              95.31060244400004,
              5.5269059740000444,
              0,
              null
            ],
            [
              95.310581791000061,
              5.5269038720000481,
              0,
              null
            ],
            [
              95.310515445000078,
              5.5268971190000684,
              0,
              null
            ],
            [
              95.310489514000039,
              5.526896109000063,
              0,
              null
            ],
            [
              95.310469252000075,
              5.5268960970000762,
              0,
              null
            ],
            [
              95.310456332000058,
              5.5268968240000618,
              0,
              null
            ],
            [
              95.310446317000071,
              5.5268973890000552,
              0,
              null
            ],
            [
              95.310410556000079,
              5.5269119950000345,
              0,
              null
            ],
            [
              95.31039923700007,
              5.5269166180000298,
              0,
              null
            ],
            [
              95.310391375000052,
              5.5269268530000204,
              0,
              null
            ],
            [
              95.310382354000069,
              5.5269224410000675,
              0,
              null
            ],
            [
              95.310371872000076,
              5.5269203220000236,
              0,
              null
            ],
            [
              95.310353172000077,
              5.5269204400000262,
              0,
              null
            ],
            [
              95.310325545000069,
              5.5269215870000608,
              0,
              null
            ],
            [
              95.310295738000036,
              5.5269238890000452,
              0,
              null
            ],
            [
              95.310273968000047,
              5.5269255720000388,
              0,
              null
            ],
            [
              95.310247387000061,
              5.5269276260000311,
              0,
              null
            ],
            [
              95.310205923000069,
              5.5269308300000262,
              0,
              null
            ],
            [
              95.310205128000064,
              5.5269309010000711,
              0,
              null
            ],
            [
              95.310181268000065,
              5.5269330160000436,
              0,
              null
            ],
            [
              95.310177679000049,
              5.5269333350000238,
              0,
              null
            ],
            [
              95.310151678000068,
              5.5269351900000743,
              0,
              null
            ],
            [
              95.310144115000071,
              5.5269357240000545,
              0,
              null
            ],
            [
              95.310072627000068,
              5.5269407670000419,
              0,
              null
            ],
            [
              95.310045039000045,
              5.5269427140000289,
              0,
              null
            ],
            [
              95.310035345000074,
              5.5269433980000713,
              0,
              null
            ],
            [
              95.31001881800006,
              5.5269448960000318,
              0,
              null
            ],
            [
              95.310004500000048,
              5.526946194000061,
              0,
              null
            ],
            [
              95.309979894000037,
              5.5269484240000679,
              0,
              null
            ],
            [
              95.309959802000037,
              5.5269504270000311,
              0,
              null
            ],
            [
              95.309942909000085,
              5.5269498750000707,
              0,
              null
            ],
            [
              95.309939800000052,
              5.5269497730000694,
              0,
              null
            ],
            [
              95.30988308700006,
              5.5269488140000362,
              0,
              null
            ],
            [
              95.309865459000036,
              5.5269485160000613,
              0,
              null
            ],
            [
              95.309822126000086,
              5.5269477840000718,
              0,
              null
            ],
            [
              95.309821984000052,
              5.5269477810000467,
              0,
              null
            ],
            [
              95.30981038200008,
              5.526947582000048,
              0,
              null
            ],
            [
              95.30976531500005,
              5.5269468100000267,
              0,
              null
            ],
            [
              95.309703374000037,
              5.5269457470000702,
              0,
              null
            ],
            [
              95.309700579000037,
              5.5269456990000663,
              0,
              null
            ],
            [
              95.309665176000067,
              5.5269450920000622,
              0,
              null
            ],
            [
              95.309598926000035,
              5.5269439830000238,
              0,
              null
            ],
            [
              95.309563851000064,
              5.5269433950000462,
              0,
              null
            ],
            [
              95.30952241500006,
              5.5269427010000527,
              0,
              null
            ],
            [
              95.309484831000077,
              5.5269434180000303,
              0,
              null
            ],
            [
              95.309455967000076,
              5.5269439680000687,
              0,
              null
            ],
            [
              95.309447922000061,
              5.5269441210000423,
              0,
              null
            ],
            [
              95.309442175000072,
              5.5269439430000489,
              0,
              null
            ],
            [
              95.309418961000063,
              5.5269445270000688,
              0,
              null
            ],
            [
              95.309320994000075,
              5.5269453480000266,
              0,
              null
            ],
            [
              95.309309705000032,
              5.5269454440000345,
              0,
              null
            ],
            [
              95.309287109000081,
              5.5269456330000253,
              0,
              null
            ],
            [
              95.30922619200004,
              5.5269471180000664,
              0,
              null
            ],
            [
              95.309195337000062,
              5.5269478710000612,
              0,
              null
            ],
            [
              95.309155222000072,
              5.526948849000064,
              0,
              null
            ],
            [
              95.309116213000038,
              5.5269499840000549,
              0,
              null
            ],
            [
              95.30909471700005,
              5.5269506100000285,
              0,
              null
            ],
            [
              95.309022097000081,
              5.5269527230000222,
              0,
              null
            ],
            [
              95.309020416000067,
              5.5269527720000724,
              0,
              null
            ],
            [
              95.308983789000081,
              5.5269542380000303,
              0,
              null
            ],
            [
              95.30895313700006,
              5.5269554660000608,
              0,
              null
            ],
            [
              95.308919048000064,
              5.526956144000053,
              0,
              null
            ],
            [
              95.308914643000037,
              5.5269562320000318,
              0,
              null
            ],
            [
              95.308897228000035,
              5.5269565780000676,
              0,
              null
            ],
            [
              95.308894189000057,
              5.5269565640000451,
              0,
              null
            ],
            [
              95.30888161200005,
              5.5269565570000623,
              0,
              null
            ],
            [
              95.308881643000063,
              5.5269411360000618,
              0,
              null
            ],
            [
              95.308868987000039,
              5.5269437170000515,
              0,
              null
            ],
            [
              95.308859621000067,
              5.5269455340000491,
              0,
              null
            ],
            [
              95.308851444000084,
              5.5269469670000717,
              0,
              null
            ],
            [
              95.308841940000036,
              5.5269479170000295,
              0,
              null
            ],
            [
              95.308768541000063,
              5.526952116000075,
              0,
              null
            ],
            [
              95.308722549000038,
              5.5269549740000343,
              0,
              null
            ],
            [
              95.308709882000073,
              5.5269557610000675,
              0,
              null
            ],
            [
              95.308636383000078,
              5.5269620490000761,
              0,
              null
            ],
            [
              95.308628852000083,
              5.5269627150000247,
              0,
              null
            ],
            [
              95.308591553000042,
              5.5269660140000383,
              0,
              null
            ],
            [
              95.308581770000046,
              5.5269668790000424,
              0,
              null
            ],
            [
              95.308536997000033,
              5.5269708380000679,
              0,
              null
            ],
            [
              95.308531809000044,
              5.5269712960000561,
              0,
              null
            ],
            [
              95.308495389000086,
              5.5269729720000669,
              0,
              null
            ],
            [
              95.308493122000073,
              5.5269730760000471,
              0,
              null
            ],
            [
              95.308447449000084,
              5.5269751770000539,
              0,
              null
            ],
            [
              95.308414265000067,
              5.5269742400000723,
              0,
              null
            ],
            [
              95.308358698000063,
              5.5269679660000293,
              0,
              null
            ],
            [
              95.308262801000069,
              5.526955919000045,
              0,
              null
            ],
            [
              95.308233828000084,
              5.5269541170000593,
              0,
              null
            ],
            [
              95.308211097000083,
              5.5269527030000631,
              0,
              null
            ],
            [
              95.308162038000034,
              5.5269500370000628,
              0,
              null
            ],
            [
              95.308149918000083,
              5.526949380000076,
              0,
              null
            ],
            [
              95.308053761000053,
              5.5269441580000489,
              0,
              null
            ],
            [
              95.307998868000084,
              5.5269397080000431,
              0,
              null
            ],
            [
              95.307979169000077,
              5.5269360150000466,
              0,
              null
            ],
            [
              95.30796207700007,
              5.5269298990000379,
              0,
              null
            ],
            [
              95.307945861000064,
              5.5269215280000594,
              0,
              null
            ],
            [
              95.307941551000056,
              5.5269185220000736,
              0,
              null
            ],
            [
              95.30790588800005,
              5.5268936440000402,
              0,
              null
            ],
            [
              95.307903952000061,
              5.5268922950000388,
              0,
              null
            ],
            [
              95.307895494000036,
              5.5268886310000767,
              0,
              null
            ],
            [
              95.307879592000063,
              5.52688684900005,
              0,
              null
            ],
            [
              95.307839379000086,
              5.5268856560000472,
              0,
              null
            ],
            [
              95.307782061000069,
              5.5268839560000629,
              0,
              null
            ],
            [
              95.307749435000062,
              5.5268824740000468,
              0,
              null
            ],
            [
              95.307704295000065,
              5.5268804130000717,
              0,
              null
            ],
            [
              95.307669735000047,
              5.5268761490000315,
              0,
              null
            ],
            [
              95.307641211000032,
              5.5268718310000509,
              0,
              null
            ],
            [
              95.307574748000036,
              5.5268567590000544,
              0,
              null
            ],
            [
              95.307447912000043,
              5.5268279960000655,
              0,
              null
            ],
            [
              95.307439533000036,
              5.5267652120000434,
              0,
              null
            ],
            [
              95.307430785000065,
              5.5267024050000373,
              0,
              null
            ],
            [
              95.307415968000043,
              5.5266244000000597,
              0,
              null
            ],
            [
              95.307402141000068,
              5.5265620740000259,
              0,
              null
            ],
            [
              95.307397961000049,
              5.5265515450000748,
              0,
              null
            ],
            [
              95.307385241000077,
              5.5265195010000525,
              0,
              null
            ],
            [
              95.307367442000043,
              5.5264913950000505,
              0,
              null
            ],
            [
              95.307326892000049,
              5.5264426780000235,
              0,
              null
            ],
            [
              95.307296336000036,
              5.5264092020000248,
              0,
              null
            ],
            [
              95.307290083000055,
              5.5264023520000478,
              0,
              null
            ],
            [
              95.307263349000038,
              5.5263664080000581,
              0,
              null
            ],
            [
              95.307236646000035,
              5.526324389000024,
              0,
              null
            ],
            [
              95.307205948000046,
              5.526266440000029,
              0,
              null
            ],
            [
              95.307184715000062,
              5.5262180230000695,
              0,
              null
            ],
            [
              95.30717241800005,
              5.5261899810000727,
              0,
              null
            ],
            [
              95.307101562000071,
              5.5260260230000426,
              0,
              null
            ],
            [
              95.30704686100006,
              5.5258971240000392,
              0,
              null
            ],
            [
              95.307042275000072,
              5.5258863170000723,
              0,
              null
            ],
            [
              95.307025819000046,
              5.5258530730000643,
              0,
              null
            ],
            [
              95.306997759000069,
              5.5257963870000708,
              0,
              null
            ],
            [
              95.306917524000085,
              5.5256539520000274,
              0,
              null
            ],
            [
              95.30689688700005,
              5.5256164500000295,
              0,
              null
            ],
            [
              95.306877942000085,
              5.5255820230000268,
              0,
              null
            ],
            [
              95.30685887900006,
              5.525547381000024,
              0,
              null
            ],
            [
              95.30684169400007,
              5.5255078470000285,
              0,
              null
            ],
            [
              95.306832008000072,
              5.5254758770000763,
              0,
              null
            ],
            [
              95.306826350000051,
              5.5254403930000535,
              0,
              null
            ],
            [
              95.306824169000038,
              5.5254152450000333,
              0,
              null
            ],
            [
              95.306823873000042,
              5.5253621230000363,
              0,
              null
            ],
            [
              95.306822193000073,
              5.5253225700000712,
              0,
              null
            ],
            [
              95.306821163000052,
              5.5252982980000525,
              0,
              null
            ],
            [
              95.306814442000075,
              5.5252621430000204,
              0,
              null
            ],
            [
              95.30681329500004,
              5.5252559710000355,
              0,
              null
            ],
            [
              95.30679744300005,
              5.5252066960000548,
              0,
              null
            ],
            [
              95.306754267000031,
              5.5250945070000625,
              0,
              null
            ],
            [
              95.306738442000039,
              5.5250516840000614,
              0,
              null
            ],
            [
              95.306726052000045,
              5.5250181570000336,
              0,
              null
            ],
            [
              95.306711902000075,
              5.5249798640000449,
              0,
              null
            ],
            [
              95.306689829000049,
              5.5249337140000421,
              0,
              null
            ],
            [
              95.306669295000063,
              5.5249053660000413,
              0,
              null
            ],
            [
              95.306644252000069,
              5.524882160000061,
              0,
              null
            ],
            [
              95.306618000000071,
              5.5248610740000572,
              0,
              null
            ],
            [
              95.306564825000066,
              5.5248241970000436,
              0,
              null
            ],
            [
              95.306552855000064,
              5.5248158960000637,
              0,
              null
            ],
            [
              95.306526305000034,
              5.5247948110000493,
              0,
              null
            ],
            [
              95.306506073000037,
              5.5247697880000715,
              0,
              null
            ],
            [
              95.306495977000054,
              5.5247470820000331,
              0,
              null
            ],
            [
              95.30648702600007,
              5.5247269520000373,
              0,
              null
            ],
            [
              95.306458262000035,
              5.5246418600000311,
              0,
              null
            ],
            [
              95.306419525000081,
              5.5245368670000516,
              0,
              null
            ],
            [
              95.306400606000068,
              5.524493355000061,
              0,
              null
            ],
            [
              95.306399136000039,
              5.5244899750000513,
              0,
              null
            ],
            [
              95.306397752000066,
              5.5244867920000615,
              0,
              null
            ],
            [
              95.306372954000039,
              5.5244333950000737,
              0,
              null
            ],
            [
              95.306353305000073,
              5.5243959940000309,
              0,
              null
            ],
            [
              95.306346648000044,
              5.524375176000035,
              0,
              null
            ],
            [
              95.306340266000063,
              5.5243415110000456,
              0,
              null
            ],
            [
              95.306331604000036,
              5.5242803040000581,
              0,
              null
            ],
            [
              95.306325094000044,
              5.5242475490000515,
              0,
              null
            ],
            [
              95.306319827000038,
              5.5242210530000762,
              0,
              null
            ],
            [
              95.306297917000052,
              5.5241469980000488,
              0,
              null
            ],
            [
              95.306279164000046,
              5.5240960290000203,
              0,
              null
            ],
            [
              95.306276410000066,
              5.5240885430000617,
              0,
              null
            ],
            [
              95.306249866000087,
              5.5240386690000491,
              0,
              null
            ],
            [
              95.306230336000056,
              5.5240125800000328,
              0,
              null
            ],
            [
              95.306221003000076,
              5.5240001110000208,
              0,
              null
            ],
            [
              95.306180464000079,
              5.5239565090000724,
              0,
              null
            ],
            [
              95.30617824400008,
              5.5239541330000748,
              0,
              null
            ],
            [
              95.306142644000033,
              5.5239160160000438,
              0,
              null
            ],
            [
              95.306116115000066,
              5.5238747280000666,
              0,
              null
            ],
            [
              95.306098134000081,
              5.52382757700002,
              0,
              null
            ],
            [
              95.306080135000059,
              5.5237663790000511,
              0,
              null
            ],
            [
              95.306070683000087,
              5.5237369660000581,
              0,
              null
            ],
            [
              95.306057872000054,
              5.5236971030000745,
              0,
              null
            ],
            [
              95.306045318000031,
              5.5236580350000395,
              0,
              null
            ],
            [
              95.305987966000032,
              5.5235005350000392,
              0,
              null
            ],
            [
              95.305981346000067,
              5.5234823530000767,
              0,
              null
            ],
            [
              95.305943685000045,
              5.5233851720000757,
              0,
              null
            ],
            [
              95.305933132000064,
              5.5233579400000394,
              0,
              null
            ],
            [
              95.305927027000052,
              5.5233421870000257,
              0,
              null
            ],
            [
              95.305883591000054,
              5.5232301040000493,
              0,
              null
            ],
            [
              95.305868272000055,
              5.523187814000039,
              0,
              null
            ],
            [
              95.305860773000063,
              5.5231546150000668,
              0,
              null
            ],
            [
              95.305858023000042,
              5.5231245430000513,
              0,
              null
            ],
            [
              95.305857888000048,
              5.5230966220000255,
              0,
              null
            ],
            [
              95.305858642000032,
              5.5230827210000371,
              0,
              null
            ],
            [
              95.305859429000066,
              5.5230682330000604,
              0,
              null
            ],
            [
              95.305861463000042,
              5.5230319680000548,
              0,
              null
            ],
            [
              95.305863520000059,
              5.5229621050000333,
              0,
              null
            ],
            [
              95.305859773000066,
              5.5229262700000277,
              0,
              null
            ],
            [
              95.305849027000079,
              5.5228908060000208,
              0,
              null
            ],
            [
              95.305830125000057,
              5.522852968000052,
              0,
              null
            ],
            [
              95.305799970000066,
              5.5228115860000457,
              0,
              null
            ],
            [
              95.305755874000056,
              5.522760035000033,
              0,
              null
            ],
            [
              95.305752980000079,
              5.5227567830000339,
              0,
              null
            ],
            [
              95.30571137700008,
              5.5227100400000495,
              0,
              null
            ],
            [
              95.305683807000037,
              5.5226806010000473,
              0,
              null
            ],
            [
              95.305624298000055,
              5.5226170570000477,
              0,
              null
            ],
            [
              95.305527550000079,
              5.5225131380000221,
              0,
              null
            ],
            [
              95.305451011000059,
              5.5224284160000252,
              0,
              null
            ],
            [
              95.305433716000039,
              5.5224092710000718,
              0,
              null
            ],
            [
              95.305273283000076,
              5.5222340350000536,
              0,
              null
            ],
            [
              95.305181228000038,
              5.5221235260000299,
              0,
              null
            ],
            [
              95.305133672000068,
              5.5220755230000691,
              0,
              null
            ],
            [
              95.305085248000069,
              5.5220339220000483,
              0,
              null
            ],
            [
              95.305023013000039,
              5.5219846160000543,
              0,
              null
            ],
            [
              95.304999358000032,
              5.5219658760000243,
              0,
              null
            ],
            [
              95.304968826000049,
              5.5219416860000479,
              0,
              null
            ],
            [
              95.304797635000057,
              5.5218025950000538,
              0,
              null
            ],
            [
              95.304730737000057,
              5.5217458080000483,
              0,
              null
            ],
            [
              95.304707362000045,
              5.5217259670000658,
              0,
              null
            ],
            [
              95.304663657000049,
              5.5216917240000498,
              0,
              null
            ],
            [
              95.304631354000037,
              5.5216711570000712,
              0,
              null
            ],
            [
              95.304623496000033,
              5.5216661540000587,
              0,
              null
            ],
            [
              95.304602284000055,
              5.5216608310000765,
              0,
              null
            ],
            [
              95.30457388800005,
              5.5216612760000316,
              0,
              null
            ],
            [
              95.304550174000042,
              5.5216598040000235,
              0,
              null
            ],
            [
              95.304519345000074,
              5.5216469790000247,
              0,
              null
            ],
            [
              95.304439577000039,
              5.5215925290000314,
              0,
              null
            ],
            [
              95.304407436000076,
              5.5215710470000658,
              0,
              null
            ],
            [
              95.304381239000065,
              5.5215433490000692,
              0,
              null
            ],
            [
              95.304362602000083,
              5.5215148640000393,
              0,
              null
            ],
            [
              95.304337263000036,
              5.5214795560000312,
              0,
              null
            ],
            [
              95.304313517000082,
              5.5214448110000376,
              0,
              null
            ],
            [
              95.304297786000063,
              5.5214139150000392,
              0,
              null
            ],
            [
              95.304284818000042,
              5.521392004000063,
              0,
              null
            ],
            [
              95.304266540000071,
              5.5213518130000239,
              0,
              null
            ],
            [
              95.304261994000058,
              5.5213030110000432,
              0,
              null
            ],
            [
              95.304261555000039,
              5.5212528950000319,
              0,
              null
            ],
            [
              95.304265783000062,
              5.5212041280000221,
              0,
              null
            ],
            [
              95.304269831000056,
              5.5211633820000543,
              0,
              null
            ],
            [
              95.304272663000063,
              5.5211463850000655,
              0,
              null
            ],
            [
              95.304279278000081,
              5.5211066800000594,
              0,
              null
            ],
            [
              95.304280664000032,
              5.5211009500000614,
              0,
              null
            ],
            [
              95.304293506000079,
              5.5210478890000445,
              0,
              null
            ],
            [
              95.304302088000043,
              5.5210080650000464,
              0,
              null
            ],
            [
              95.304302332000077,
              5.5209721970000487,
              0,
              null
            ],
            [
              95.304297582000061,
              5.5209399940000594,
              0,
              null
            ],
            [
              95.304290300000048,
              5.5209215930000255,
              0,
              null
            ],
            [
              95.304274621000047,
              5.5208974310000372,
              0,
              null
            ],
            [
              95.304221920000032,
              5.5208503550000501,
              0,
              null
            ],
            [
              95.304199240000059,
              5.5208353340000258,
              0,
              null
            ],
            [
              95.304196351000087,
              5.5208334210000203,
              0,
              null
            ],
            [
              95.304143700000054,
              5.5207984940000756,
              0,
              null
            ],
            [
              95.304117485000063,
              5.5207840000000488,
              0,
              null
            ],
            [
              95.304089462000036,
              5.5207729520000726,
              0,
              null
            ],
            [
              95.304062400000078,
              5.5207640060000358,
              0,
              null
            ],
            [
              95.304041709000046,
              5.5207560190000322,
              0,
              null
            ],
            [
              95.304024946000084,
              5.5207437010000717,
              0,
              null
            ],
            [
              95.304013151000049,
              5.5207302920000529,
              0,
              null
            ],
            [
              95.304006205000064,
              5.5207188490000476,
              0,
              null
            ],
            [
              95.303965813000048,
              5.520674323000037,
              0,
              null
            ],
            [
              95.303934626000057,
              5.5206523700000503,
              0,
              null
            ],
            [
              95.303900137000085,
              5.5206216510000559,
              0,
              null
            ],
            [
              95.303878498000074,
              5.5205808380000576,
              0,
              null
            ],
            [
              95.30386893900004,
              5.520550040000046,
              0,
              null
            ],
            [
              95.303905567000072,
              5.5205416530000662,
              0,
              null
            ],
            [
              95.306289074000063,
              5.520007043000021,
              0,
              null
            ],
            [
              95.308179979000045,
              5.5195355560000507,
              0,
              null
            ],
            [
              95.308274300000051,
              5.5195123350000586,
              0,
              null
            ],
            [
              95.308354700000052,
              5.5194966750000276,
              0,
              null
            ],
            [
              95.308685688000082,
              5.519421985000065,
              0,
              null
            ],
            [
              95.309072768000078,
              5.5193474190000416,
              0,
              null
            ],
            [
              95.309699695000063,
              5.5192401910000513,
              0,
              null
            ],
            [
              95.309700661000079,
              5.5192455520000294,
              0,
              null
            ],
            [
              95.309703787000046,
              5.5192729650000274,
              0,
              null
            ],
            [
              95.309711648000075,
              5.519319719000066,
              0,
              null
            ],
            [
              95.309721373000059,
              5.5193629330000249,
              0,
              null
            ],
            [
              95.309744855000076,
              5.5194778840000254,
              0,
              null
            ],
            [
              95.309768340000062,
              5.5195928530000629,
              0,
              null
            ],
            [
              95.309792772000037,
              5.5196952080000301,
              0,
              null
            ],
            [
              95.309813308000059,
              5.5197541460000252,
              0,
              null
            ],
            [
              95.309851288000061,
              5.5198540570000318,
              0,
              null
            ],
            [
              95.309882086000073,
              5.5199344170000586,
              0,
              null
            ],
            [
              95.30983933400006,
              5.5199573280000322,
              0,
              null
            ],
            [
              95.309788387000083,
              5.5199846320000461,
              0,
              null
            ],
            [
              95.309741270000075,
              5.5200126420000402,
              0,
              null
            ],
            [
              95.309735009000065,
              5.5200165050000578,
              0,
              null
            ],
            [
              95.309724774000074,
              5.5200268850000498,
              0,
              null
            ],
            [
              95.309717538000086,
              5.5200381570000445,
              0,
              null
            ],
            [
              95.309715385000061,
              5.5200415110000449,
              0,
              null
            ],
            [
              95.309712859000058,
              5.5200497180000525,
              0,
              null
            ],
            [
              95.309711517000039,
              5.5200540750000755,
              0,
              null
            ],
            [
              95.309710325000083,
              5.5200579460000654,
              0,
              null
            ],
            [
              95.309709876000056,
              5.5200618000000645,
              0,
              null
            ],
            [
              95.309709435000059,
              5.5200655890000689,
              0,
              null
            ],
            [
              95.309708945000068,
              5.5200697930000615,
              0,
              null
            ],
            [
              95.30970826500004,
              5.5200756260000503,
              0,
              null
            ],
            [
              95.309708852000085,
              5.5200863990000357,
              0,
              null
            ],
            [
              95.30970953700006,
              5.520098924000024,
              0,
              null
            ],
            [
              95.309710900000084,
              5.5201042380000445,
              0,
              null
            ],
            [
              95.309714081000038,
              5.5201166430000512,
              0,
              null
            ],
            [
              95.309715673000085,
              5.5201228450000599,
              0,
              null
            ],
            [
              95.309716885000057,
              5.520126054000059,
              0,
              null
            ],
            [
              95.309718021000037,
              5.5201290650000487,
              0,
              null
            ],
            [
              95.309740921000071,
              5.5201897180000401,
              0,
              null
            ],
            [
              95.309742000000085,
              5.5201924330000338,
              0,
              null
            ],
            [
              95.309779407000065,
              5.5202864970000292,
              0,
              null
            ],
            [
              95.309804916000076,
              5.5203500470000222,
              0,
              null
            ],
            [
              95.30980504200005,
              5.5203503630000341,
              0,
              null
            ],
            [
              95.30981508900004,
              5.5203753480000728,
              0,
              null
            ],
            [
              95.30981980100006,
              5.5203819180000551,
              0,
              null
            ],
            [
              95.309828078000066,
              5.5203934580000578,
              0,
              null
            ],
            [
              95.309838482000032,
              5.5204013270000587,
              0,
              null
            ],
            [
              95.309841892000065,
              5.5204180830000382,
              0,
              null
            ],
            [
              95.309888134000062,
              5.5206453450000481,
              0,
              null
            ],
            [
              95.309902643000044,
              5.5207235060000244,
              0,
              null
            ],
            [
              95.309906736000073,
              5.5207578300000364,
              0,
              null
            ],
            [
              95.309907484000064,
              5.5207738440000753,
              0,
              null
            ],
            [
              95.309907048000071,
              5.5208333730000732,
              0,
              null
            ],
            [
              95.309907034000048,
              5.5208352860000218,
              0,
              null
            ],
            [
              95.309906835000049,
              5.5208624310000687,
              0,
              null
            ],
            [
              95.309905186000037,
              5.5209002210000335,
              0,
              null
            ],
            [
              95.309896871000035,
              5.5209477830000537,
              0,
              null
            ],
            [
              95.309894816000053,
              5.5209595320000631,
              0,
              null
            ],
            [
              95.309891856000036,
              5.5209722850000276,
              0,
              null
            ],
            [
              95.309883840000055,
              5.5210068130000423,
              0,
              null
            ],
            [
              95.30987491500008,
              5.5210452550000468,
              0,
              null
            ],
            [
              95.309862384000041,
              5.5211171080000554,
              0,
              null
            ],
            [
              95.309855717000062,
              5.5211474990000511,
              0,
              null
            ],
            [
              95.309852464000073,
              5.5211623250000343,
              0,
              null
            ],
            [
              95.309836534000056,
              5.5212068780000436,
              0,
              null
            ],
            [
              95.309834974000069,
              5.5212102910000453,
              0,
              null
            ],
            [
              95.309818858000085,
              5.5212455440000667,
              0,
              null
            ],
            [
              95.309804560000032,
              5.5212711620000618,
              0,
              null
            ],
            [
              95.309798945000068,
              5.5212772410000639,
              0,
              null
            ],
            [
              95.309815203000085,
              5.5212754600000267,
              0,
              null
            ],
            [
              95.309822083000086,
              5.5212745830000358,
              0,
              null
            ],
            [
              95.309828674000073,
              5.521273835000045,
              0,
              null
            ],
            [
              95.309836214000086,
              5.5212733440000648,
              0,
              null
            ],
            [
              95.309840661000067,
              5.5212731100000383,
              0,
              null
            ],
            [
              95.30984593900007,
              5.5212734780000687,
              0,
              null
            ],
            [
              95.309895336000068,
              5.5212796590000721,
              0,
              null
            ],
            [
              95.309975572000042,
              5.5212920020000524,
              0,
              null
            ],
            [
              95.310000163000041,
              5.5212958560000516,
              0,
              null
            ],
            [
              95.310050582000031,
              5.5213037600000234,
              0,
              null
            ],
            [
              95.310081355000079,
              5.5213085840000531,
              0,
              null
            ],
            [
              95.310140046000072,
              5.5213177840000753,
              0,
              null
            ],
            [
              95.310226587000045,
              5.5213306670000293,
              0,
              null
            ],
            [
              95.310308865000081,
              5.5213429160000373,
              0,
              null
            ],
            [
              95.310319973000048,
              5.5213440390000414,
              0,
              null
            ],
            [
              95.310354521000079,
              5.5213475290000247,
              0,
              null
            ],
            [
              95.310373955000045,
              5.52134819500003,
              0,
              null
            ],
            [
              95.310428648000084,
              5.521350061000021,
              0,
              null
            ],
            [
              95.310451309000086,
              5.5213513510000212,
              0,
              null
            ],
            [
              95.310507997000059,
              5.5213545790000467,
              0,
              null
            ],
            [
              95.31057542800005,
              5.5213603150000381,
              0,
              null
            ],
            [
              95.310610420000046,
              5.5213632920000464,
              0,
              null
            ],
            [
              95.310645295000086,
              5.5213654440000255,
              0,
              null
            ],
            [
              95.310670609000056,
              5.521364118000065,
              0,
              null
            ],
            [
              95.310680001000037,
              5.5213636270000279,
              0,
              null
            ],
            [
              95.31078657900008,
              5.5213549150000745,
              0,
              null
            ],
            [
              95.310794040000076,
              5.5213543610000215,
              0,
              null
            ],
            [
              95.310874245000036,
              5.5213484130000552,
              0,
              null
            ],
            [
              95.310929874000067,
              5.5213442870000335,
              0,
              null
            ],
            [
              95.310937459000058,
              5.5213436620000493,
              0,
              null
            ],
            [
              95.310966683000061,
              5.52134124600002,
              0,
              null
            ],
            [
              95.311001145000034,
              5.5213383970000223,
              0,
              null
            ],
            [
              95.311016425000048,
              5.5213368270000274,
              0,
              null
            ],
            [
              95.311036908000062,
              5.5213347230000522,
              0,
              null
            ],
            [
              95.311058753000054,
              5.5213288260000581,
              0,
              null
            ],
            [
              95.311118653000051,
              5.5213103790000559,
              0,
              null
            ],
            [
              95.311158778000049,
              5.5212968860000728,
              0,
              null
            ],
            [
              95.311195302000044,
              5.5212846040000727,
              0,
              null
            ],
            [
              95.311226180000062,
              5.5212742200000662,
              0,
              null
            ],
            [
              95.311235284000077,
              5.5212716000000341,
              0,
              null
            ],
            [
              95.311266117000059,
              5.5212627290000569,
              0,
              null
            ],
            [
              95.311298097000076,
              5.5212558890000309,
              0,
              null
            ],
            [
              95.311324030000037,
              5.5212520270000596,
              0,
              null
            ],
            [
              95.311329581000052,
              5.521251201000041,
              0,
              null
            ],
            [
              95.311353876000055,
              5.5212492810000526,
              0,
              null
            ],
            [
              95.311373418000073,
              5.521251980000045,
              0,
              null
            ],
            [
              95.311420975000033,
              5.521270328000071,
              0,
              null
            ],
            [
              95.311428483000043,
              5.5212732250000727,
              0,
              null
            ],
            [
              95.311438793000036,
              5.5212769080000612,
              0,
              null
            ],
            [
              95.311461772000087,
              5.5212851170000476,
              0,
              null
            ],
            [
              95.311478099000055,
              5.5212870510000585,
              0,
              null
            ],
            [
              95.311524317000078,
              5.5212853890000702,
              0,
              null
            ],
            [
              95.311544626000057,
              5.521283555000025,
              0,
              null
            ],
            [
              95.311617751000085,
              5.5212769530000401,
              0,
              null
            ],
            [
              95.311627697000063,
              5.5212759730000585,
              0,
              null
            ],
            [
              95.31163254900008,
              5.5212754950000544,
              0,
              null
            ],
            [
              95.311687927000037,
              5.5212700360000326,
              0,
              null
            ],
            [
              95.311722946000032,
              5.5212675950000403,
              0,
              null
            ],
            [
              95.311751065000067,
              5.5212629660000516,
              0,
              null
            ],
            [
              95.311769773000037,
              5.5212532030000716,
              0,
              null
            ],
            [
              95.311788847000059,
              5.5212330980000388,
              0,
              null
            ],
            [
              95.311807157000032,
              5.5212044720000222,
              0,
              null
            ],
            [
              95.311817608000069,
              5.5211893990000362,
              0,
              null
            ],
            [
              95.311826831000076,
              5.5211809120000339,
              0,
              null
            ],
            [
              95.31184307500007,
              5.5211747800000239,
              0,
              null
            ],
            [
              95.311847540000031,
              5.5211730940000621,
              0,
              null
            ],
            [
              95.311875313000087,
              5.521167652000031,
              0,
              null
            ],
            [
              95.311880277000057,
              5.5211668290000375,
              0,
              null
            ],
            [
              95.31195124900006,
              5.5211550580000335,
              0,
              null
            ],
            [
              95.311965673000032,
              5.5211526660000345,
              0,
              null
            ],
            [
              95.312005743000043,
              5.5211453750000601,
              0,
              null
            ],
            [
              95.312026334000052,
              5.5211416280000662,
              0,
              null
            ],
            [
              95.312044873000048,
              5.5211394950000567,
              0,
              null
            ],
            [
              95.312079273000052,
              5.5211355470000285,
              0,
              null
            ],
            [
              95.312100861000033,
              5.521133763000023,
              0,
              null
            ],
            [
              95.312117735000072,
              5.5211323690000427,
              0,
              null
            ],
            [
              95.312134448000052,
              5.521131490000073,
              0,
              null
            ],
            [
              95.312145826000062,
              5.5211321330000374,
              0,
              null
            ],
            [
              95.312154692000036,
              5.5211340960000257,
              0,
              null
            ],
            [
              95.312165991000086,
              5.5211399280000251,
              0,
              null
            ],
            [
              95.312178002000053,
              5.5211478440000405,
              0,
              null
            ],
            [
              95.312182429000075,
              5.5211494810000659,
              0,
              null
            ],
            [
              95.312187876000053,
              5.5211515030000555,
              0,
              null
            ],
            [
              95.312199691000046,
              5.5211531650000438,
              0,
              null
            ],
            [
              95.31220307600006,
              5.5211535410000465,
              0,
              null
            ],
            [
              95.312215096000045,
              5.5211547050000718,
              0,
              null
            ],
            [
              95.312243037000087,
              5.5211564270000508,
              0,
              null
            ],
            [
              95.312274830000035,
              5.5211583870000709,
              0,
              null
            ],
            [
              95.312322131000087,
              5.5211589940000749,
              0,
              null
            ],
            [
              95.312347806000048,
              5.5211593230000631,
              0,
              null
            ],
            [
              95.312435436000044,
              5.521161649000021,
              0,
              null
            ],
            [
              95.312436293000076,
              5.521161672000062,
              0,
              null
            ],
            [
              95.312499998000078,
              5.5211640190000253,
              0,
              null
            ],
            [
              95.312502619000043,
              5.5211641780000491,
              0,
              null
            ],
            [
              95.312504083000078,
              5.521164266000028,
              0,
              null
            ],
            [
              95.312504619000038,
              5.52116429900002,
              0,
              null
            ],
            [
              95.31250661100006,
              5.5211644190000584,
              0,
              null
            ],
            [
              95.312508621000063,
              5.5211645410000756,
              0,
              null
            ],
            [
              95.312514289000035,
              5.5211648840000294,
              0,
              null
            ],
            [
              95.312515610000048,
              5.521164964000036,
              0,
              null
            ],
            [
              95.312519878000046,
              5.5211652230000254,
              0,
              null
            ],
            [
              95.312529239000071,
              5.5211657880000757,
              0,
              null
            ],
            [
              95.312532766000061,
              5.5211660020000295,
              0,
              null
            ],
            [
              95.312533462000033,
              5.5211660450000295,
              0,
              null
            ],
            [
              95.312537559000077,
              5.5211662920000322,
              0,
              null
            ],
            [
              95.312538978000077,
              5.5211663780000322,
              0,
              null
            ],
            [
              95.312542181000083,
              5.5211664640000322,
              0,
              null
            ],
            [
              95.312555111000052,
              5.5211668110000574,
              0,
              null
            ],
            [
              95.312562976000038,
              5.5211670220000428,
              0,
              null
            ],
            [
              95.312577844000032,
              5.5211674210000297,
              0,
              null
            ],
            [
              95.312578368000061,
              5.5211674360000416,
              0,
              null
            ],
            [
              95.312592371000051,
              5.5211666980000587,
              0,
              null
            ],
            [
              95.312597487000062,
              5.5211664280000718,
              0,
              null
            ],
            [
              95.312603000000081,
              5.5211661380000692,
              0,
              null
            ],
            [
              95.312625326000045,
              5.5211635650000517,
              0,
              null
            ],
            [
              95.312662704000047,
              5.5211551850000546,
              0,
              null
            ],
            [
              95.312704506000046,
              5.5211407310000595,
              0,
              null
            ],
            [
              95.312727263000056,
              5.5211306360000663,
              0,
              null
            ],
            [
              95.312749974000042,
              5.5211225750000494,
              0,
              null
            ],
            [
              95.312770327000067,
              5.5211183290000463,
              0,
              null
            ],
            [
              95.312788313000055,
              5.5211177700000462,
              0,
              null
            ],
            [
              95.312865311000053,
              5.521123120000027,
              0,
              null
            ],
            [
              95.313136098000086,
              5.5211618520000343,
              0,
              null
            ],
            [
              95.313142349000032,
              5.5211627460000727,
              0,
              null
            ],
            [
              95.313160273000051,
              5.5211649800000373,
              0,
              null
            ],
            [
              95.31315741700007,
              5.5212050090000275,
              0,
              null
            ],
            [
              95.313125855000067,
              5.5216519530000596,
              0,
              null
            ],
            [
              95.313109248000046,
              5.5218831070000647,
              0,
              null
            ],
            [
              95.313099243000067,
              5.5220375840000315,
              0,
              null
            ],
            [
              95.313072163000072,
              5.5224599750000607,
              0,
              null
            ],
            [
              95.313037927000039,
              5.5229465300000697,
              0,
              null
            ],
            [
              95.313022365000052,
              5.5231875020000416,
              0,
              null
            ],
            [
              95.312989302000062,
              5.5235863530000415,
              0,
              null
            ],
            [
              95.312980898000035,
              5.5236236570000301,
              0,
              null
            ],
            [
              95.312960065000084,
              5.5236677450000684,
              0,
              null
            ],
            [
              95.312914684000077,
              5.5237234290000288,
              0,
              null
            ],
            [
              95.312774511000043,
              5.5236802230000421,
              0,
              null
            ],
            [
              95.31268151200004,
              5.5240812040000264,
              0,
              null
            ],
            [
              95.312673428000039,
              5.5241365740000674,
              0,
              null
            ],
            [
              95.31267973100006,
              5.5242265430000543,
              0,
              null
            ],
            [
              95.312709764000033,
              5.5243920240000648,
              0,
              null
            ],
            [
              95.312757619000081,
              5.5245797450000396,
              0,
              null
            ],
            [
              95.31277564700008,
              5.5246273650000717,
              0,
              null
            ],
            [
              95.312787262000086,
              5.5246518070000548,
              0,
              null
            ],
            [
              95.312815416000035,
              5.5246979420000457,
              0,
              null
            ],
            [
              95.312874424000086,
              5.5247748890000707,
              0,
              null
            ],
            [
              95.312952278000068,
              5.5248665900000447,
              0,
              null
            ],
            [
              95.312990090000085,
              5.5249136140000701,
              0,
              null
            ],
            [
              95.313009519000047,
              5.5249500750000493,
              0,
              null
            ],
            [
              95.313015599000039,
              5.5249708600000531,
              0,
              null
            ],
            [
              95.313016085000072,
              5.5249917200000596,
              0,
              null
            ],
            [
              95.313012685000047,
              5.5250058620000573,
              0,
              null
            ],
            [
              95.313003930000036,
              5.5250210090000564,
              0,
              null
            ],
            [
              95.312991520000082,
              5.525033206000046,
              0,
              null
            ],
            [
              95.312932266000075,
              5.5250765810000644,
              0,
              null
            ],
            [
              95.312902148000035,
              5.5251077030000602,
              0,
              null
            ],
            [
              95.312887653000075,
              5.5251293720000376,
              0,
              null
            ],
            [
              95.312879089000035,
              5.5251517500000205,
              0,
              null
            ],
            [
              95.312877627000034,
              5.5251606080000215,
              0,
              null
            ],
            [
              95.312876122000034,
              5.5251914530000477,
              0,
              null
            ],
            [
              95.312877197000034,
              5.5252058930000203,
              0,
              null
            ],
            [
              95.312884777000079,
              5.5252388750000705,
              0,
              null
            ],
            [
              95.312891510000043,
              5.5252542190000327,
              0,
              null
            ],
            [
              95.312881504000075,
              5.5252594890000637,
              0,
              null
            ],
            [
              95.312849618000087,
              5.5252776640000434,
              0,
              null
            ],
            [
              95.312837045000038,
              5.5252827290000255,
              0,
              null
            ],
            [
              95.312797380000063,
              5.5252877470000499,
              0,
              null
            ],
            [
              95.312764960000038,
              5.5252859390000708,
              0,
              null
            ],
            [
              95.31274198300008,
              5.5252835520000758,
              0,
              null
            ],
            [
              95.312725500000056,
              5.5252831280000692,
              0,
              null
            ],
            [
              95.312682368000083,
              5.525287373000026,
              0,
              null
            ],
            [
              95.312558277000051,
              5.5253048050000757,
              0,
              null
            ],
            [
              95.312547983000059,
              5.5253092290000723,
              0,
              null
            ],
            [
              95.312536966000039,
              5.5253177410000376,
              0,
              null
            ],
            [
              95.312532315000055,
              5.5253280460000269,
              0,
              null
            ],
            [
              95.31253061700005,
              5.5253416210000523,
              0,
              null
            ],
            [
              95.312533041000052,
              5.5253641370000537,
              0,
              null
            ],
            [
              95.31253587100008,
              5.5253819910000743,
              0,
              null
            ],
            [
              95.31258394300005,
              5.5256908950000252,
              0,
              null
            ],
            [
              95.312585829000056,
              5.5257141360000332,
              0,
              null
            ],
            [
              95.31259181300004,
              5.5260867540000618,
              0,
              null
            ],
            [
              95.312603083000056,
              5.5260862450000445,
              0,
              null
            ],
            [
              95.312672805000034,
              5.5260842620000403,
              0,
              null
            ],
            [
              95.312705138000069,
              5.52608334100006,
              0,
              null
            ],
            [
              95.312753919000045,
              5.5260819530000731,
              0,
              null
            ],
            [
              95.312827077000065,
              5.5260798710000358,
              0,
              null
            ],
            [
              95.312834615000043,
              5.5260797260000345,
              0,
              null
            ],
            [
              95.312845483000046,
              5.5260795170000279,
              0,
              null
            ],
            [
              95.312864303000083,
              5.5260791560000371,
              0,
              null
            ],
            [
              95.312936285000035,
              5.5260777720000647,
              0,
              null
            ],
            [
              95.313009984000075,
              5.5260763560000328,
              0,
              null
            ],
            [
              95.313016198000071,
              5.5260758800000644,
              0,
              null
            ],
            [
              95.313023013000077,
              5.5260746330000643,
              0,
              null
            ],
            [
              95.313030745000049,
              5.5260724970000297,
              0,
              null
            ],
            [
              95.313042095000071,
              5.5260682760000464,
              0,
              null
            ],
            [
              95.313053057000047,
              5.5260641000000419,
              0,
              null
            ],
            [
              95.313063533000047,
              5.5260598950000599,
              0,
              null
            ],
            [
              95.313067237000041,
              5.5260703750000744,
              0,
              null
            ],
            [
              95.313073383000074,
              5.526083700000072,
              0,
              null
            ],
            [
              95.313079311000081,
              5.5260965520000696,
              0,
              null
            ],
            [
              95.313086682000062,
              5.5261125320000701,
              0,
              null
            ],
            [
              95.313093330000072,
              5.5261269440000547,
              0,
              null
            ],
            [
              95.313102019000041,
              5.5261457830000609,
              0,
              null
            ],
            [
              95.313107458000047,
              5.5261575730000345,
              0,
              null
            ],
            [
              95.313116235000052,
              5.5261762890000341,
              0,
              null
            ],
            [
              95.313127961000077,
              5.5262012920000529,
              0,
              null
            ],
            [
              95.313136492000069,
              5.5262194820000445,
              0,
              null
            ],
            [
              95.313140883000074,
              5.5262288480000734,
              0,
              null
            ],
            [
              95.313148927000043,
              5.5262459970000464,
              0,
              null
            ],
            [
              95.31315399500005,
              5.5262568050000596,
              0,
              null
            ],
            [
              95.313154356000041,
              5.5262684370000557,
              0,
              null
            ],
            [
              95.313150104000044,
              5.5262816680000242,
              0,
              null
            ],
            [
              95.313143754000066,
              5.5262886120000303,
              0,
              null
            ],
            [
              95.313104262000081,
              5.5263317910000751,
              0,
              null
            ],
            [
              95.313095910000072,
              5.5263409240000669,
              0,
              null
            ],
            [
              95.313093651000031,
              5.5263494020000508,
              0,
              null
            ],
            [
              95.313095972000042,
              5.52635936300004,
              0,
              null
            ],
            [
              95.313100329000065,
              5.5263632070000313,
              0,
              null
            ],
            [
              95.31310650000006,
              5.52636865300002,
              0,
              null
            ],
            [
              95.313116423000054,
              5.5263774080000303,
              0,
              null
            ],
            [
              95.313150225000072,
              5.5264072330000431,
              0,
              null
            ],
            [
              95.313162048000038,
              5.5264176640000642,
              0,
              null
            ],
            [
              95.31318970500007,
              5.5264420670000618,
              0,
              null
            ],
            [
              95.313191777000043,
              5.5264438950000567,
              0,
              null
            ],
            [
              95.313211768000087,
              5.5264615340000205,
              0,
              null
            ],
            [
              95.313275898000086,
              5.5265224520000515,
              0,
              null
            ],
            [
              95.313279006000073,
              5.52652540400004,
              0,
              null
            ],
            [
              95.313283796000064,
              5.5265299550000577,
              0,
              null
            ],
            [
              95.313284657000054,
              5.5265307730000472,
              0,
              null
            ],
            [
              95.313293782000073,
              5.5265394400000218,
              0,
              null
            ],
            [
              95.31332922200005,
              5.5265731050000682,
              0,
              null
            ],
            [
              95.313347610000051,
              5.5265905730000213,
              0,
              null
            ],
            [
              95.313358183000048,
              5.5266006160000529,
              0,
              null
            ],
            [
              95.31336946600004,
              5.5266113340000516,
              0,
              null
            ],
            [
              95.313375677000067,
              5.5266172340000708,
              0,
              null
            ],
            [
              95.313380276000032,
              5.5266216020000343,
              0,
              null
            ],
            [
              95.313404181000067,
              5.5266443090000621,
              0,
              null
            ],
            [
              95.313408231000039,
              5.5266481570000678,
              0,
              null
            ],
            [
              95.313413639000032,
              5.5266532940000275,
              0,
              null
            ],
            [
              95.31342225700007,
              5.526661481000076,
              0,
              null
            ],
            [
              95.313424618000056,
              5.5266637220000234,
              0,
              null
            ],
            [
              95.313431284000046,
              5.5266700550000678,
              0,
              null
            ],
            [
              95.31324890500008,
              5.5268866390000539,
              0,
              null
            ],
            [
              95.313096342000051,
              5.5270551610000211,
              0,
              null
            ],
            [
              95.31306737400007,
              5.5270871580000289,
              0,
              null
            ],
            [
              95.313047673000085,
              5.5271106380000674,
              0,
              null
            ],
            [
              95.313020409000046,
              5.5271543130000396,
              0,
              null
            ],
            [
              95.312989513000048,
              5.5272197500000289,
              0,
              null
            ],
            [
              95.312943511000071,
              5.5273281200000497,
              0,
              null
            ],
            [
              95.312917559000084,
              5.5273772890000714,
              0,
              null
            ],
            [
              95.312890478000043,
              5.5274124630000756,
              0,
              null
            ],
            [
              95.312817695000035,
              5.5274759740000263,
              0,
              null
            ],
            [
              95.312795645000051,
              5.5274951270000656,
              0,
              null
            ],
            [
              95.312782976000051,
              5.5275061310000524,
              0,
              null
            ],
            [
              95.312767031000078,
              5.5275213730000701,
              0,
              null
            ],
            [
              95.312752769000042,
              5.5275364960000388,
              0,
              null
            ],
            [
              95.312739971000042,
              5.5275602230000231,
              0,
              null
            ],
            [
              95.312665243000083,
              5.5276781820000451,
              0,
              null
            ],
            [
              95.312642587000084,
              5.5277149590000363,
              0,
              null
            ],
            [
              95.312631444000033,
              5.5277376640000284,
              0,
              null
            ],
            [
              95.312587888000053,
              5.5278571380000585,
              0,
              null
            ],
            [
              95.312561258000073,
              5.5279330040000332,
              0,
              null
            ],
            [
              95.312536188000081,
              5.5280044250000628,
              0,
              null
            ],
            [
              95.312522847000082,
              5.528044416000057,
              0,
              null
            ],
            [
              95.312517494000076,
              5.5280738500000552,
              0,
              null
            ],
            [
              95.312519833000067,
              5.5281385520000299,
              0,
              null
            ],
            [
              95.312522197000078,
              5.5282039540000483,
              0,
              null
            ],
            [
              95.312525101000062,
              5.5282842880000658,
              0,
              null
            ],
            [
              95.312528493000059,
              5.5283298700000501,
              0,
              null
            ],
            [
              95.312534046000053,
              5.5283577690000243,
              0,
              null
            ],
            [
              95.312534988000039,
              5.5283625030000394,
              0,
              null
            ],
            [
              95.312536599000055,
              5.5283654400000728,
              0,
              null
            ]
          ]
        ]
      },
      "properties" : {
        "FID" : 0,
        "OBJECTID" : 10214,
        "KDPPUM" : "11",
        "NAMOBJ" : "Lam Ara",
        "REMARK" : " ",
        "KDPBPS" : " ",
        "FCODE" : "BA03070040",
        "LUASWH" : 0,
        "UUPP" : "RBI",
        "SRS_ID" : "SRGI 2013",
        "METADATA" : "TASWIL1000020200326DATA_BATAS_DESA_KELURAHAN",
        "KDEBPS" : " ",
        "KDEPUM" : "11.71.07.2005",
        "KDCBPS" : " ",
        "KDCPUM" : "11.71.07",
        "KDBBPS" : " ",
        "WADMKD" : "Lam Ara",
        "WIADKD" : "0",
        "WADMKC" : "Banda Raya",
        "WIADKC" : " ",
        "WADMKK" : "Kota Banda Aceh",
        "WIADKK" : " ",
        "WADMPR" : "Aceh",
        "WIADPR" : " ",
        "TIPADM" : 9,
        "KDPKAB" : "11.71",
        "SHAPE_Leng" : 0.034633419961961003,
        "SHAPE_Area" : 4.7786040531999997e-05
      }
    }
  ]
}