{
  "hasZ" : true,
  "hasM" : true,
  "type" : "FeatureCollection",
  "features" : [
    {
      "type" : "Feature",
      "id" : 0,
      "geometry" : {
        "type" : "Polygon",
        "coordinates" : [
          [
            [
              95.320548658000064,
              5.5420341830000552,
              0,
              null
            ],
            [
              95.320522189000087,
              5.5420348160000685,
              0,
              null
            ],
            [
              95.320514015000072,
              5.5420350110000527,
              0,
              null
            ],
            [
              95.320317241000055,
              5.5420397260000414,
              0,
              null
            ],
            [
              95.319781099000068,
              5.5420342700000447,
              0,
              null
            ],
            [
              95.319122606000064,
              5.5420266870000319,
              0,
              null
            ],
            [
              95.318897974000038,
              5.5420235360000447,
              0,
              null
            ],
            [
              95.31875006000007,
              5.5420217470000352,
              0,
              null
            ],
            [
              95.318722574000049,
              5.5420214140000326,
              0,
              null
            ],
            [
              95.318525114000067,
              5.5420190250000587,
              0,
              null
            ],
            [
              95.318226054000036,
              5.5420154070000649,
              0,
              null
            ],
            [
              95.317999769000039,
              5.5420128260000752,
              0,
              null
            ],
            [
              95.317942577000053,
              5.5420121740000354,
              0,
              null
            ],
            [
              95.317719110000041,
              5.5420119350000618,
              0,
              null
            ],
            [
              95.31740128000007,
              5.5420072510000296,
              0,
              null
            ],
            [
              95.317099046000067,
              5.542002797000066,
              0,
              null
            ],
            [
              95.316773425000065,
              5.5419994400000405,
              0,
              null
            ],
            [
              95.316647558000057,
              5.5419981430000576,
              0,
              null
            ],
            [
              95.316534040000079,
              5.5419997910000234,
              0,
              null
            ],
            [
              95.316517842000053,
              5.5420019760000514,
              0,
              null
            ],
            [
              95.316466576000039,
              5.5420088900000337,
              0,
              null
            ],
            [
              95.316450594000059,
              5.5419769230000497,
              0,
              null
            ],
            [
              95.316444642000079,
              5.5419623180000599,
              0,
              null
            ],
            [
              95.316320570000073,
              5.5416667220000591,
              0,
              null
            ],
            [
              95.316282063000074,
              5.5415748550000217,
              0,
              null
            ],
            [
              95.316160532000083,
              5.5413098470000364,
              0,
              null
            ],
            [
              95.316102655000066,
              5.5411693440000249,
              0,
              null
            ],
            [
              95.316081929000063,
              5.5410807880000448,
              0,
              null
            ],
            [
              95.315917748000061,
              5.541110174000039,
              0,
              null
            ],
            [
              95.315793098000086,
              5.5411375260000568,
              0,
              null
            ],
            [
              95.31562873200005,
              5.5411801740000328,
              0,
              null
            ],
            [
              95.315235269000084,
              5.5412714540000252,
              0,
              null
            ],
            [
              95.314937050000083,
              5.5413458650000393,
              0,
              null
            ],
            [
              95.314709229000073,
              5.5414003770000591,
              0,
              null
            ],
            [
              95.314693185000067,
              5.54140723200004,
              0,
              null
            ],
            [
              95.31470426900006,
              5.5414470190000316,
              0,
              null
            ],
            [
              95.314566838000076,
              5.541485696000052,
              0,
              null
            ],
            [
              95.314273188000072,
              5.541568891000054,
              0,
              null
            ],
            [
              95.314269329000069,
              5.5415835680000214,
              0,
              null
            ],
            [
              95.314259820000075,
              5.5416087880000759,
              0,
              null
            ],
            [
              95.314247050000063,
              5.5416330900000617,
              0,
              null
            ],
            [
              95.314239673000031,
              5.5416405490000216,
              0,
              null
            ],
            [
              95.314213694000046,
              5.5416561820000538,
              0,
              null
            ],
            [
              95.314199100000053,
              5.5416666940000709,
              0,
              null
            ],
            [
              95.314179338000031,
              5.5416809300000409,
              0,
              null
            ],
            [
              95.314140399000053,
              5.5417066410000757,
              0,
              null
            ],
            [
              95.314115520000087,
              5.5416666930000247,
              0,
              null
            ],
            [
              95.314067207000051,
              5.5416115120000313,
              0,
              null
            ],
            [
              95.313701494000043,
              5.5411728830000584,
              0,
              null
            ],
            [
              95.313583974000039,
              5.5410286490000544,
              0,
              null
            ],
            [
              95.313491594000084,
              5.5409046450000687,
              0,
              null
            ],
            [
              95.313205334000031,
              5.5404610740000635,
              0,
              null
            ],
            [
              95.313040357000034,
              5.5402030450000552,
              0,
              null
            ],
            [
              95.312942185000054,
              5.540061124000033,
              0,
              null
            ],
            [
              95.312863990000039,
              5.5399413260000756,
              0,
              null
            ],
            [
              95.312839841000084,
              5.539911122000035,
              0,
              null
            ],
            [
              95.312833068000032,
              5.539902651000034,
              0,
              null
            ],
            [
              95.312813321000078,
              5.5398818830000209,
              0,
              null
            ],
            [
              95.31279642700008,
              5.5398641160000466,
              0,
              null
            ],
            [
              95.312866794000058,
              5.539781228000038,
              0,
              null
            ],
            [
              95.312900713000033,
              5.5397431680000295,
              0,
              null
            ],
            [
              95.312913660000049,
              5.539728718000049,
              0,
              null
            ],
            [
              95.313018566000039,
              5.5395913640000458,
              0,
              null
            ],
            [
              95.313140583000063,
              5.5394410900000253,
              0,
              null
            ],
            [
              95.313339574000054,
              5.5392158060000725,
              0,
              null
            ],
            [
              95.313364499000045,
              5.5391875880000612,
              0,
              null
            ],
            [
              95.313684012000067,
              5.5388173960000699,
              0,
              null
            ],
            [
              95.313970722000079,
              5.5384732680000752,
              0,
              null
            ],
            [
              95.314201048000086,
              5.5382014940000204,
              0,
              null
            ],
            [
              95.314381442000069,
              5.5379905320000375,
              0,
              null
            ],
            [
              95.314491975000067,
              5.5378622300000302,
              0,
              null
            ],
            [
              95.314496379000047,
              5.5378571170000441,
              0,
              null
            ],
            [
              95.314739328000087,
              5.5375917450000429,
              0,
              null
            ],
            [
              95.314898127000049,
              5.5374123560000612,
              0,
              null
            ],
            [
              95.314975207000032,
              5.5373131940000349,
              0,
              null
            ],
            [
              95.315075927000066,
              5.5372091620000674,
              0,
              null
            ],
            [
              95.315114615000084,
              5.5371775990000742,
              0,
              null
            ],
            [
              95.315172294000035,
              5.5370941170000378,
              0,
              null
            ],
            [
              95.315299892000041,
              5.5368429050000714,
              0,
              null
            ],
            [
              95.315351542000087,
              5.5367339810000544,
              0,
              null
            ],
            [
              95.315468942000052,
              5.53650662900003,
              0,
              null
            ],
            [
              95.315567631000079,
              5.5362930410000217,
              0,
              null
            ],
            [
              95.315576156000077,
              5.5362745920000407,
              0,
              null
            ],
            [
              95.315669788000037,
              5.5360241590000214,
              0,
              null
            ],
            [
              95.315791227000034,
              5.535702001000061,
              0,
              null
            ],
            [
              95.315794550000078,
              5.5356931540000573,
              0,
              null
            ],
            [
              95.315841320000061,
              5.5357046050000349,
              0,
              null
            ],
            [
              95.315914683000074,
              5.5357130070000267,
              0,
              null
            ],
            [
              95.31618605400007,
              5.5357575940000743,
              0,
              null
            ],
            [
              95.316431612000031,
              5.535804120000023,
              0,
              null
            ],
            [
              95.316576161000057,
              5.5358337470000265,
              0,
              null
            ],
            [
              95.316698666000036,
              5.5352640310000538,
              0,
              null
            ],
            [
              95.316739277000067,
              5.5350650810000275,
              0,
              null
            ],
            [
              95.316757765000034,
              5.5350036340000202,
              0,
              null
            ],
            [
              95.316794743000059,
              5.5349374810000427,
              0,
              null
            ],
            [
              95.316840470000045,
              5.534911472000033,
              0,
              null
            ],
            [
              95.316917841000077,
              5.5349207360000605,
              0,
              null
            ],
            [
              95.31701256100007,
              5.5349720240000693,
              0,
              null
            ],
            [
              95.317082477000042,
              5.5350281930000733,
              0,
              null
            ],
            [
              95.317177316000084,
              5.5351100940000606,
              0,
              null
            ],
            [
              95.317209166000055,
              5.5351367550000532,
              0,
              null
            ],
            [
              95.317304718000059,
              5.5351564710000503,
              0,
              null
            ],
            [
              95.317433622000067,
              5.5351597940000374,
              0,
              null
            ],
            [
              95.317545603000042,
              5.5352300280000577,
              0,
              null
            ],
            [
              95.317724086000055,
              5.5352100850000738,
              0,
              null
            ],
            [
              95.318024824000076,
              5.535208578000038,
              0,
              null
            ],
            [
              95.318036102000065,
              5.5352085370000736,
              0,
              null
            ],
            [
              95.318047379000063,
              5.5352084750000472,
              0,
              null
            ],
            [
              95.318142281000064,
              5.535225869000044,
              0,
              null
            ],
            [
              95.318439131000048,
              5.5352641090000247,
              0,
              null
            ],
            [
              95.318485469000052,
              5.5353937300000666,
              0,
              null
            ],
            [
              95.318523801000083,
              5.5354100130000461,
              0,
              null
            ],
            [
              95.318688015000077,
              5.5354586880000625,
              0,
              null
            ],
            [
              95.318698719000054,
              5.5354390760000456,
              0,
              null
            ],
            [
              95.318716021000057,
              5.5354433020000329,
              0,
              null
            ],
            [
              95.318727333000083,
              5.535443267000062,
              0,
              null
            ],
            [
              95.318732988000079,
              5.5354405780000207,
              0,
              null
            ],
            [
              95.318740675000072,
              5.5354062170000589,
              0,
              null
            ],
            [
              95.318790500000034,
              5.5352471560000254,
              0,
              null
            ],
            [
              95.31879327200005,
              5.5352380100000573,
              0,
              null
            ],
            [
              95.318801761000032,
              5.5352148090000242,
              0,
              null
            ],
            [
              95.318811371000038,
              5.5351946140000337,
              0,
              null
            ],
            [
              95.318819800000085,
              5.5351862380000512,
              0,
              null
            ],
            [
              95.318837590000044,
              5.5351861780000604,
              0,
              null
            ],
            [
              95.318861163000065,
              5.5351885530000686,
              0,
              null
            ],
            [
              95.318890320000037,
              5.5351957070000708,
              0,
              null
            ],
            [
              95.318914906000032,
              5.5352010880000648,
              0,
              null
            ],
            [
              95.318943503000071,
              5.5352079090000643,
              0,
              null
            ],
            [
              95.31896875800004,
              5.5352136220000716,
              0,
              null
            ],
            [
              95.318992234000063,
              5.5352190080000696,
              0,
              null
            ],
            [
              95.319020805000036,
              5.5352218240000752,
              0,
              null
            ],
            [
              95.31903473400007,
              5.5352182340000695,
              0,
              null
            ],
            [
              95.319044160000033,
              5.5352101540000263,
              0,
              null
            ],
            [
              95.319052069000065,
              5.5351981630000751,
              0,
              null
            ],
            [
              95.319058494000046,
              5.535185585000022,
              0,
              null
            ],
            [
              95.31906043500004,
              5.5351798910000412,
              0,
              null
            ],
            [
              95.319070745000033,
              5.5351878480000209,
              0,
              null
            ],
            [
              95.319088458000067,
              5.5351946750000707,
              0,
              null
            ],
            [
              95.319128006000085,
              5.5352062810000575,
              0,
              null
            ],
            [
              95.319168353000066,
              5.5352175240000747,
              0,
              null
            ],
            [
              95.319215891000056,
              5.5352301040000498,
              0,
              null
            ],
            [
              95.319276196000033,
              5.5352473530000452,
              0,
              null
            ],
            [
              95.319313848000036,
              5.5352575670000306,
              0,
              null
            ],
            [
              95.319342327000072,
              5.5352641490000565,
              0,
              null
            ],
            [
              95.31939254100007,
              5.535282048000056,
              0,
              null
            ],
            [
              95.319411992000084,
              5.5352913780000677,
              0,
              null
            ],
            [
              95.319450475000053,
              5.5353035890000228,
              0,
              null
            ],
            [
              95.319461373000081,
              5.535303893000048,
              0,
              null
            ],
            [
              95.319444799000053,
              5.5353866850000486,
              0,
              null
            ],
            [
              95.319437443000083,
              5.5354386080000495,
              0,
              null
            ],
            [
              95.319435578000082,
              5.5354517660000511,
              0,
              null
            ],
            [
              95.31964442900005,
              5.5354797880000319,
              0,
              null
            ],
            [
              95.319993966000084,
              5.5355225620000397,
              0,
              null
            ],
            [
              95.319992376000073,
              5.5355337510000595,
              0,
              null
            ],
            [
              95.319926614000053,
              5.5358223800000701,
              0,
              null
            ],
            [
              95.319932409000046,
              5.535839577000047,
              0,
              null
            ],
            [
              95.320269619000044,
              5.5359054340000284,
              0,
              null
            ],
            [
              95.320354718000033,
              5.5359376270000666,
              0,
              null
            ],
            [
              95.320275274000039,
              5.536096159000067,
              0,
              null
            ],
            [
              95.320416741000031,
              5.536152272000038,
              0,
              null
            ],
            [
              95.320516099000031,
              5.5361978830000567,
              0,
              null
            ],
            [
              95.320532254000057,
              5.5362180500000591,
              0,
              null
            ],
            [
              95.320537740000077,
              5.5362437810000529,
              0,
              null
            ],
            [
              95.320528201000059,
              5.5363054110000576,
              0,
              null
            ],
            [
              95.320505188000084,
              5.5363955940000551,
              0,
              null
            ],
            [
              95.320443960000034,
              5.5365689240000506,
              0,
              null
            ],
            [
              95.320428453000034,
              5.5366037860000574,
              0,
              null
            ],
            [
              95.320408098000087,
              5.5366278010000656,
              0,
              null
            ],
            [
              95.320398828000066,
              5.5366364810000732,
              0,
              null
            ],
            [
              95.320407342000067,
              5.5366475740000283,
              0,
              null
            ],
            [
              95.32041276700005,
              5.5366598190000218,
              0,
              null
            ],
            [
              95.320414477000043,
              5.536670488000027,
              0,
              null
            ],
            [
              95.320413790000032,
              5.5366787030000637,
              0,
              null
            ],
            [
              95.320413546000054,
              5.5366816280000535,
              0,
              null
            ],
            [
              95.320400868000036,
              5.5367177340000353,
              0,
              null
            ],
            [
              95.320350226000073,
              5.5368411000000606,
              0,
              null
            ],
            [
              95.320346566000069,
              5.5368465410000454,
              0,
              null
            ],
            [
              95.32033838600006,
              5.5368587010000283,
              0,
              null
            ],
            [
              95.320168645000081,
              5.5370517990000394,
              0,
              null
            ],
            [
              95.320160258000044,
              5.5370613060000551,
              0,
              null
            ],
            [
              95.320037981000041,
              5.5371993960000623,
              0,
              null
            ],
            [
              95.320000108000045,
              5.5372375940000325,
              0,
              null
            ],
            [
              95.319965914000079,
              5.5372720820000723,
              0,
              null
            ],
            [
              95.319929547000072,
              5.5373039160000417,
              0,
              null
            ],
            [
              95.319879524000044,
              5.537343288000045,
              0,
              null
            ],
            [
              95.319860041000084,
              5.5373555760000386,
              0,
              null
            ],
            [
              95.319828926000071,
              5.5373717060000445,
              0,
              null
            ],
            [
              95.319767588000047,
              5.537398946000053,
              0,
              null
            ],
            [
              95.319710344000043,
              5.5374256550000496,
              0,
              null
            ],
            [
              95.319671976000052,
              5.537443865000057,
              0,
              null
            ],
            [
              95.319640975000084,
              5.5374636830000554,
              0,
              null
            ],
            [
              95.319620710000038,
              5.5374815060000628,
              0,
              null
            ],
            [
              95.319604431000073,
              5.5374986990000252,
              0,
              null
            ],
            [
              95.31958441200004,
              5.5375262570000245,
              0,
              null
            ],
            [
              95.319559043000083,
              5.5375699250000707,
              0,
              null
            ],
            [
              95.319541938000043,
              5.5376067900000407,
              0,
              null
            ],
            [
              95.319527599000082,
              5.5376473330000522,
              0,
              null
            ],
            [
              95.31951394400005,
              5.5377015030000507,
              0,
              null
            ],
            [
              95.319510285000035,
              5.5377278580000393,
              0,
              null
            ],
            [
              95.319519135000064,
              5.5377601920000643,
              0,
              null
            ],
            [
              95.319532696000067,
              5.5377744750000488,
              0,
              null
            ],
            [
              95.319550120000031,
              5.5377823890000286,
              0,
              null
            ],
            [
              95.319658442000048,
              5.5378087290000622,
              0,
              null
            ],
            [
              95.319776024000078,
              5.5378246750000244,
              0,
              null
            ],
            [
              95.31989042400005,
              5.5378386890000684,
              0,
              null
            ],
            [
              95.319907111000077,
              5.5378426010000226,
              0,
              null
            ],
            [
              95.319920036000042,
              5.537851255000021,
              0,
              null
            ],
            [
              95.319926014000032,
              5.5378597290000471,
              0,
              null
            ],
            [
              95.319927920000055,
              5.53787417500007,
              0,
              null
            ],
            [
              95.319927108000059,
              5.5378972280000767,
              0,
              null
            ],
            [
              95.319887551000079,
              5.5380989740000359,
              0,
              null
            ],
            [
              95.319865932000084,
              5.5382643660000213,
              0,
              null
            ],
            [
              95.319861519000085,
              5.5382847760000686,
              0,
              null
            ],
            [
              95.319858055000054,
              5.5383449540000242,
              0,
              null
            ],
            [
              95.319868919000044,
              5.5384819090000406,
              0,
              null
            ],
            [
              95.319863597000051,
              5.5385559960000705,
              0,
              null
            ],
            [
              95.31983215200006,
              5.5386973780000517,
              0,
              null
            ],
            [
              95.319805299000052,
              5.5388073230000714,
              0,
              null
            ],
            [
              95.31978636100007,
              5.5388692340000603,
              0,
              null
            ],
            [
              95.319774811000059,
              5.5388961250000648,
              0,
              null
            ],
            [
              95.319760810000048,
              5.5389199810000491,
              0,
              null
            ],
            [
              95.319728962000056,
              5.5389556020000441,
              0,
              null
            ],
            [
              95.319711731000041,
              5.5389787370000363,
              0,
              null
            ],
            [
              95.319700044000058,
              5.5390006210000706,
              0,
              null
            ],
            [
              95.319651204000081,
              5.5391582290000656,
              0,
              null
            ],
            [
              95.319623484000033,
              5.5392768140000612,
              0,
              null
            ],
            [
              95.319622793000065,
              5.5392915420000577,
              0,
              null
            ],
            [
              95.319624043000033,
              5.5393066860000317,
              0,
              null
            ],
            [
              95.31964010300004,
              5.5393891620000204,
              0,
              null
            ],
            [
              95.319658233000041,
              5.5394822640000712,
              0,
              null
            ],
            [
              95.319661084000074,
              5.5395122990000232,
              0,
              null
            ],
            [
              95.319661196000084,
              5.5395364240000617,
              0,
              null
            ],
            [
              95.319659384000033,
              5.5395645340000215,
              0,
              null
            ],
            [
              95.319657961000075,
              5.5395858720000319,
              0,
              null
            ],
            [
              95.319659104000038,
              5.5396129580000206,
              0,
              null
            ],
            [
              95.319675521000079,
              5.5397948790000555,
              0,
              null
            ],
            [
              95.319674789000032,
              5.5398094530000321,
              0,
              null
            ],
            [
              95.31980105100007,
              5.5398411690000557,
              0,
              null
            ],
            [
              95.319969731000072,
              5.5398853380000332,
              0,
              null
            ],
            [
              95.320126188000074,
              5.5399332010000535,
              0,
              null
            ],
            [
              95.320109563000074,
              5.5399728130000767,
              0,
              null
            ],
            [
              95.320024000000046,
              5.5402137110000353,
              0,
              null
            ],
            [
              95.31998714100007,
              5.5403232790000629,
              0,
              null
            ],
            [
              95.319971025000086,
              5.5403848620000531,
              0,
              null
            ],
            [
              95.319962969000073,
              5.5404240330000221,
              0,
              null
            ],
            [
              95.319957085000055,
              5.5404674440000576,
              0,
              null
            ],
            [
              95.319955053000058,
              5.5404946420000556,
              0,
              null
            ],
            [
              95.319953673000043,
              5.5405247210000539,
              0,
              null
            ],
            [
              95.319953970000086,
              5.5405547110000271,
              0,
              null
            ],
            [
              95.319956246000061,
              5.5405783580000616,
              0,
              null
            ],
            [
              95.319961258000035,
              5.5406072270000664,
              0,
              null
            ],
            [
              95.319962826000051,
              5.5406163420000212,
              0,
              null
            ],
            [
              95.319970045000048,
              5.5406375550000462,
              0,
              null
            ],
            [
              95.319983877000084,
              5.540668207000067,
              0,
              null
            ],
            [
              95.320099428000049,
              5.5408112330000563,
              0,
              null
            ],
            [
              95.320178115000033,
              5.5408985230000667,
              0,
              null
            ],
            [
              95.320202963000042,
              5.5409282550000398,
              0,
              null
            ],
            [
              95.320229188000042,
              5.5409676710000326,
              0,
              null
            ],
            [
              95.320250175000069,
              5.5410054720000517,
              0,
              null
            ],
            [
              95.320263485000055,
              5.541043357000035,
              0,
              null
            ],
            [
              95.320269501000041,
              5.5410684990000618,
              0,
              null
            ],
            [
              95.320275336000066,
              5.5411025090000408,
              0,
              null
            ],
            [
              95.320279589000052,
              5.541142996000076,
              0,
              null
            ],
            [
              95.32028127500007,
              5.5411658580000562,
              0,
              null
            ],
            [
              95.320276457000034,
              5.5413204460000429,
              0,
              null
            ],
            [
              95.320268971000075,
              5.5414433090000443,
              0,
              null
            ],
            [
              95.320262149000087,
              5.5415443210000603,
              0,
              null
            ],
            [
              95.320260036000036,
              5.5415924620000396,
              0,
              null
            ],
            [
              95.320260922000045,
              5.5416161320000583,
              0,
              null
            ],
            [
              95.320263803000046,
              5.5416307640000468,
              0,
              null
            ],
            [
              95.320271117000061,
              5.5416484710000304,
              0,
              null
            ],
            [
              95.32027905700005,
              5.5416604610000491,
              0,
              null
            ],
            [
              95.320286157000055,
              5.5416667550000511,
              0,
              null
            ],
            [
              95.320298049000087,
              5.5416724120000254,
              0,
              null
            ],
            [
              95.320368010000038,
              5.5417009210000288,
              0,
              null
            ],
            [
              95.320381392000058,
              5.5417063730000677,
              0,
              null
            ],
            [
              95.320412248000082,
              5.5417222670000683,
              0,
              null
            ],
            [
              95.320433252000043,
              5.5417393680000373,
              0,
              null
            ],
            [
              95.32045187600005,
              5.54176164200004,
              0,
              null
            ],
            [
              95.320475229000067,
              5.5418113340000446,
              0,
              null
            ],
            [
              95.320548658000064,
              5.5420341830000552,
              0,
              null
            ]
          ]
        ]
      },
      "properties" : {
        "FID" : 0,
        "OBJECTID" : 13494,
        "KDPPUM" : "11",
        "NAMOBJ" : "Neusu Aceh",
        "REMARK" : " ",
        "KDPBPS" : " ",
        "FCODE" : "BA03070040",
        "LUASWH" : 0,
        "UUPP" : "RBI",
        "SRS_ID" : "SRGI 2013",
        "METADATA" : "TASWIL1000020200326DATA_BATAS_DESA_KELURAHAN",
        "KDEBPS" : " ",
        "KDEPUM" : "11.71.01.2006",
        "KDCBPS" : " ",
        "KDCPUM" : "11.71.01",
        "KDBBPS" : " ",
        "WADMKD" : "Neusu Aceh",
        "WIADKD" : "0",
        "WADMKC" : "Baiturrahman",
        "WIADKC" : " ",
        "WADMKK" : "Kota Banda Aceh",
        "WIADKK" : " ",
        "WADMPR" : "Aceh",
        "WIADPR" : " ",
        "TIPADM" : 9,
        "KDPKAB" : "11.71",
        "SHAPE_Leng" : 0.028671653604252001,
        "SHAPE_Area" : 3.7021074725000002e-05
      }
    }
  ]
}