{
  "hasZ" : true,
  "hasM" : true,
  "type" : "FeatureCollection",
  "features" : [
    {
      "type" : "Feature",
      "id" : 0,
      "geometry" : {
        "type" : "Polygon",
        "coordinates" : [
          [
            [
              95.32127525900006,
              5.5433775410000408,
              0,
              null
            ],
            [
              95.321266450000053,
              5.5433778210000355,
              0,
              null
            ],
            [
              95.321234979000053,
              5.543378821000033,
              0,
              null
            ],
            [
              95.321097160000079,
              5.5433832050000547,
              0,
              null
            ],
            [
              95.320865037000033,
              5.5433905850000542,
              0,
              null
            ],
            [
              95.320409989000041,
              5.5434050560000401,
              0,
              null
            ],
            [
              95.320370078000053,
              5.5434063250000349,
              0,
              null
            ],
            [
              95.320051288000059,
              5.5434164620000388,
              0,
              null
            ],
            [
              95.320053212000062,
              5.5434507340000323,
              0,
              null
            ],
            [
              95.320054699000082,
              5.5434771920000685,
              0,
              null
            ],
            [
              95.320062264000057,
              5.54361186400007,
              0,
              null
            ],
            [
              95.320064239000033,
              5.5436470220000729,
              0,
              null
            ],
            [
              95.320068271000082,
              5.5437380900000335,
              0,
              null
            ],
            [
              95.320073289000049,
              5.543851433000043,
              0,
              null
            ],
            [
              95.320078874000046,
              5.5439775580000514,
              0,
              null
            ],
            [
              95.320093553000049,
              5.5443091070000605,
              0,
              null
            ],
            [
              95.32009806700006,
              5.5444110620000515,
              0,
              null
            ],
            [
              95.320102492000046,
              5.5445110070000396,
              0,
              null
            ],
            [
              95.320112105000078,
              5.5446811300000718,
              0,
              null
            ],
            [
              95.320113864000064,
              5.544712253000057,
              0,
              null
            ],
            [
              95.320128000000068,
              5.5449624090000498,
              0,
              null
            ],
            [
              95.320141428000056,
              5.5452000340000609,
              0,
              null
            ],
            [
              95.320153508000033,
              5.5454138100000705,
              0,
              null
            ],
            [
              95.32015436100005,
              5.5454841790000273,
              0,
              null
            ],
            [
              95.320157561000087,
              5.5457481270000244,
              0,
              null
            ],
            [
              95.320157927000082,
              5.5457782810000253,
              0,
              null
            ],
            [
              95.320158864000064,
              5.5458432600000265,
              0,
              null
            ],
            [
              95.320159535000073,
              5.5458897280000201,
              0,
              null
            ],
            [
              95.320120820000056,
              5.545892368000068,
              0,
              null
            ],
            [
              95.319602648000057,
              5.5459277120000365,
              0,
              null
            ],
            [
              95.319581044000074,
              5.5459291850000341,
              0,
              null
            ],
            [
              95.319559595000044,
              5.5459306480000237,
              0,
              null
            ],
            [
              95.319468836000055,
              5.5459336130000452,
              0,
              null
            ],
            [
              95.319069078000041,
              5.5459511780000526,
              0,
              null
            ],
            [
              95.318629901000065,
              5.5459657660000516,
              0,
              null
            ],
            [
              95.318369761000042,
              5.545974559000058,
              0,
              null
            ],
            [
              95.317955706000077,
              5.5459941190000563,
              0,
              null
            ],
            [
              95.317506331000061,
              5.5460169100000485,
              0,
              null
            ],
            [
              95.317488469000068,
              5.5460205080000264,
              0,
              null
            ],
            [
              95.317330106000043,
              5.5461268790000418,
              0,
              null
            ],
            [
              95.317287258000079,
              5.5461671630000637,
              0,
              null
            ],
            [
              95.316949677000082,
              5.5464060400000221,
              0,
              null
            ],
            [
              95.316937089000078,
              5.5463860350000687,
              0,
              null
            ],
            [
              95.316928644000086,
              5.5463725510000472,
              0,
              null
            ],
            [
              95.31692778200005,
              5.5463711750000471,
              0,
              null
            ],
            [
              95.316927758000077,
              5.546371137000051,
              0,
              null
            ],
            [
              95.316920198000048,
              5.5463590670000258,
              0,
              null
            ],
            [
              95.31690431700008,
              5.5463454640000691,
              0,
              null
            ],
            [
              95.316838485000062,
              5.5462890740000717,
              0,
              null
            ],
            [
              95.316789451000034,
              5.546247074000064,
              0,
              null
            ],
            [
              95.316730078000035,
              5.5461962160000553,
              0,
              null
            ],
            [
              95.316670187000057,
              5.5461248010000759,
              0,
              null
            ],
            [
              95.316615416000047,
              5.5460594900000615,
              0,
              null
            ],
            [
              95.31651383600007,
              5.5458699990000468,
              0,
              null
            ],
            [
              95.316508344000056,
              5.545855475000053,
              0,
              null
            ],
            [
              95.316403617000049,
              5.5455784680000306,
              0,
              null
            ],
            [
              95.316396141000041,
              5.5455586930000322,
              0,
              null
            ],
            [
              95.316374091000057,
              5.5455109150000226,
              0,
              null
            ],
            [
              95.316352407000068,
              5.545470913000031,
              0,
              null
            ],
            [
              95.316236641000046,
              5.5453088590000448,
              0,
              null
            ],
            [
              95.316138297000066,
              5.5451711940000337,
              0,
              null
            ],
            [
              95.315948746000061,
              5.5449251020000361,
              0,
              null
            ],
            [
              95.315875830000039,
              5.5448199370000566,
              0,
              null
            ],
            [
              95.315770368000074,
              5.5446678270000689,
              0,
              null
            ],
            [
              95.31567337000007,
              5.544488579000074,
              0,
              null
            ],
            [
              95.315649173000054,
              5.5444406110000273,
              0,
              null
            ],
            [
              95.315500783000061,
              5.5441464440000345,
              0,
              null
            ],
            [
              95.315425579000078,
              5.5440240020000715,
              0,
              null
            ],
            [
              95.315319252000052,
              5.5438615950000667,
              0,
              null
            ],
            [
              95.315254570000036,
              5.5437635760000603,
              0,
              null
            ],
            [
              95.315199033000056,
              5.5436794160000318,
              0,
              null
            ],
            [
              95.31514080900007,
              5.5435911840000358,
              0,
              null
            ],
            [
              95.315107649000083,
              5.5435409340000206,
              0,
              null
            ],
            [
              95.315087261000087,
              5.5435100790000433,
              0,
              null
            ],
            [
              95.315016182000079,
              5.5434025040000279,
              0,
              null
            ],
            [
              95.314921770000069,
              5.5432596140000214,
              0,
              null
            ],
            [
              95.314916842000059,
              5.5432521560000509,
              0,
              null
            ],
            [
              95.31483916500008,
              5.5431580840000265,
              0,
              null
            ],
            [
              95.314769857000044,
              5.5430605000000241,
              0,
              null
            ],
            [
              95.314728051000031,
              5.5430016400000568,
              0,
              null
            ],
            [
              95.31464249000004,
              5.5428648600000656,
              0,
              null
            ],
            [
              95.314630773000033,
              5.5428461290000541,
              0,
              null
            ],
            [
              95.314567200000056,
              5.5427425890000563,
              0,
              null
            ],
            [
              95.314492338000036,
              5.54257319900006,
              0,
              null
            ],
            [
              95.314446183000086,
              5.5424585220000608,
              0,
              null
            ],
            [
              95.314417292000087,
              5.5423867360000258,
              0,
              null
            ],
            [
              95.314354430000037,
              5.5422305440000628,
              0,
              null
            ],
            [
              95.314352417000066,
              5.5422238710000329,
              0,
              null
            ],
            [
              95.314327625000033,
              5.5421416810000323,
              0,
              null
            ],
            [
              95.314279561000035,
              5.5419952890000559,
              0,
              null
            ],
            [
              95.314263637000067,
              5.5419598540000266,
              0,
              null
            ],
            [
              95.314218278000055,
              5.5418589260000317,
              0,
              null
            ],
            [
              95.314184524000041,
              5.5417838190000452,
              0,
              null
            ],
            [
              95.314181484000073,
              5.5417785020000565,
              0,
              null
            ],
            [
              95.314140399000053,
              5.5417066410000757,
              0,
              null
            ],
            [
              95.314179338000031,
              5.5416809300000409,
              0,
              null
            ],
            [
              95.314199100000053,
              5.5416666940000709,
              0,
              null
            ],
            [
              95.314213694000046,
              5.5416561820000538,
              0,
              null
            ],
            [
              95.314239673000031,
              5.5416405490000216,
              0,
              null
            ],
            [
              95.314247050000063,
              5.5416330900000617,
              0,
              null
            ],
            [
              95.314259820000075,
              5.5416087880000759,
              0,
              null
            ],
            [
              95.314269329000069,
              5.5415835680000214,
              0,
              null
            ],
            [
              95.314273188000072,
              5.541568891000054,
              0,
              null
            ],
            [
              95.314566838000076,
              5.541485696000052,
              0,
              null
            ],
            [
              95.31470426900006,
              5.5414470190000316,
              0,
              null
            ],
            [
              95.314693185000067,
              5.54140723200004,
              0,
              null
            ],
            [
              95.314709229000073,
              5.5414003770000591,
              0,
              null
            ],
            [
              95.314937050000083,
              5.5413458650000393,
              0,
              null
            ],
            [
              95.315235269000084,
              5.5412714540000252,
              0,
              null
            ],
            [
              95.31562873200005,
              5.5411801740000328,
              0,
              null
            ],
            [
              95.315793098000086,
              5.5411375260000568,
              0,
              null
            ],
            [
              95.315917748000061,
              5.541110174000039,
              0,
              null
            ],
            [
              95.316081929000063,
              5.5410807880000448,
              0,
              null
            ],
            [
              95.316102655000066,
              5.5411693440000249,
              0,
              null
            ],
            [
              95.316160532000083,
              5.5413098470000364,
              0,
              null
            ],
            [
              95.316282063000074,
              5.5415748550000217,
              0,
              null
            ],
            [
              95.316320570000073,
              5.5416667220000591,
              0,
              null
            ],
            [
              95.316444642000079,
              5.5419623180000599,
              0,
              null
            ],
            [
              95.316450594000059,
              5.5419769230000497,
              0,
              null
            ],
            [
              95.316466576000039,
              5.5420088900000337,
              0,
              null
            ],
            [
              95.316517842000053,
              5.5420019760000514,
              0,
              null
            ],
            [
              95.316534040000079,
              5.5419997910000234,
              0,
              null
            ],
            [
              95.316647558000057,
              5.5419981430000576,
              0,
              null
            ],
            [
              95.316773425000065,
              5.5419994400000405,
              0,
              null
            ],
            [
              95.317099046000067,
              5.542002797000066,
              0,
              null
            ],
            [
              95.31740128000007,
              5.5420072510000296,
              0,
              null
            ],
            [
              95.317719110000041,
              5.5420119350000618,
              0,
              null
            ],
            [
              95.317942577000053,
              5.5420121740000354,
              0,
              null
            ],
            [
              95.317999769000039,
              5.5420128260000752,
              0,
              null
            ],
            [
              95.318226054000036,
              5.5420154070000649,
              0,
              null
            ],
            [
              95.318525114000067,
              5.5420190250000587,
              0,
              null
            ],
            [
              95.318722574000049,
              5.5420214140000326,
              0,
              null
            ],
            [
              95.31875006000007,
              5.5420217470000352,
              0,
              null
            ],
            [
              95.318897974000038,
              5.5420235360000447,
              0,
              null
            ],
            [
              95.319122606000064,
              5.5420266870000319,
              0,
              null
            ],
            [
              95.319781099000068,
              5.5420342700000447,
              0,
              null
            ],
            [
              95.320317241000055,
              5.5420397260000414,
              0,
              null
            ],
            [
              95.320514015000072,
              5.5420350110000527,
              0,
              null
            ],
            [
              95.320522189000087,
              5.5420348160000685,
              0,
              null
            ],
            [
              95.320548658000064,
              5.5420341830000552,
              0,
              null
            ],
            [
              95.320551940000087,
              5.5420401440000546,
              0,
              null
            ],
            [
              95.320739485000047,
              5.5423807510000529,
              0,
              null
            ],
            [
              95.32087580600006,
              5.5426240910000502,
              0,
              null
            ],
            [
              95.320928984000034,
              5.5427175690000468,
              0,
              null
            ],
            [
              95.321081093000032,
              5.5429849510000508,
              0,
              null
            ],
            [
              95.321237887000052,
              5.5433019790000344,
              0,
              null
            ],
            [
              95.321256410000046,
              5.5433394310000494,
              0,
              null
            ],
            [
              95.32127525900006,
              5.5433775410000408,
              0,
              null
            ]
          ]
        ]
      },
      "properties" : {
        "FID" : 0,
        "OBJECTID" : 13495,
        "KDPPUM" : "11",
        "NAMOBJ" : "Neusu Jaya",
        "REMARK" : " ",
        "KDPBPS" : " ",
        "FCODE" : "BA03070040",
        "LUASWH" : 0,
        "UUPP" : "RBI",
        "SRS_ID" : "SRGI 2013",
        "METADATA" : "TASWIL1000020200326DATA_BATAS_DESA_KELURAHAN",
        "KDEBPS" : " ",
        "KDEPUM" : "11.71.01.2002",
        "KDCBPS" : " ",
        "KDCPUM" : "11.71.01",
        "KDBBPS" : " ",
        "WADMKD" : "Neusu Jaya",
        "WIADKD" : "0",
        "WADMKC" : "Baiturrahman",
        "WIADKC" : " ",
        "WADMKK" : "Kota Banda Aceh",
        "WIADKK" : " ",
        "WADMPR" : "Aceh",
        "WIADPR" : " ",
        "TIPADM" : 9,
        "KDPKAB" : "11.71",
        "SHAPE_Leng" : 0.021289445445654,
        "SHAPE_Area" : 2.1457691244999999e-05
      }
    }
  ]
}